file,row,field,actual,reference,pass,absolute_error,relative_error,allowed_error,criterion,required_for_scientific_match
exact_landau_projection_summary.json,0,patches,48.0,48.0,True,0.0,0.0,0.0,exact_discrete_parameter,
exact_landau_projection_summary.json,0,U1_projection_residual,1.1368683772161603e-13,1.1368683772161603e-13,True,0.0,0.0,1e-10,gauge_covariance_absolute,
exact_landau_projection_summary.json,0,U1_eigenvalue_residual,8.881784197001252e-16,6.661338147750939e-16,True,2.220446049250313e-16,0.3333333333333333,1e-10,gauge_covariance_absolute,
exact_landau_projection_summary.json,0,relative_two_mode_leakage,0.05557401532732848,0.05557401532732849,True,6.938893903907228e-18,1.248586027667328e-16,5.567401532732849e-10,direct_spectrum_or_response,
exact_landau_projection_summary.json,0,two_mode_matrix_re[0][0],0.7851201819505977,0.7851201819505974,True,3.3306690738754696e-16,4.2422410612354473e-16,7.852201819505974e-09,direct_spectrum_or_response,
exact_landau_projection_summary.json,0,two_mode_matrix_re[0][1],2.46838094318196e-05,2.468380943171102e-05,True,1.0857945944263425e-16,4.3988129037790824e-12,1.2468380943171101e-12,direct_spectrum_or_response,
exact_landau_projection_summary.json,0,two_mode_matrix_re[1][0],2.46838094318472e-05,2.468380943183515e-05,True,1.2048196641745168e-17,4.881011853140623e-13,1.2468380943183515e-12,direct_spectrum_or_response,
exact_landau_projection_summary.json,0,two_mode_matrix_re[1][1],0.4306021529288811,0.43060215292888115,True,5.551115123125783e-17,1.289151734464879e-16,4.307021529288812e-09,direct_spectrum_or_response,
exact_landau_projection_summary.json,0,leading_eigenvalues[0],0.787984949521058,0.7879849495210572,True,7.771561172376096e-16,9.862575645765448e-16,7.880849495210573e-09,direct_spectrum_or_response,
exact_landau_projection_summary.json,0,leading_eigenvalues[1],0.43173923896355826,0.43173923896355804,True,2.220446049250313e-16,5.143025810164396e-16,4.318392389635581e-09,direct_spectrum_or_response,
exact_landau_projection_summary.json,0,leading_eigenvalues[2],0.12546135968415628,0.12546135968415628,True,0.0,0.0,1.255613596841563e-09,direct_spectrum_or_response,
exact_landau_projection_summary.json,0,leading_eigenvalues[3],0.12389358124895446,0.12389358124895433,True,1.249000902703301e-16,1.008123980364675e-15,1.2399358124895435e-09,direct_spectrum_or_response,
exact_landau_projection_summary.json,0,leading_eigenvalues[4],0.08482075080095573,0.08482075080095586,True,1.249000902703301e-16,1.4725180936375606e-15,8.492075080095586e-10,direct_spectrum_or_response,
exact_landau_projection_summary.json,0,leading_eigenvalues[5],0.04059953327368005,0.040599533273680044,True,6.938893903907228e-18,1.7091068158671643e-16,4.0699533273680044e-10,direct_spectrum_or_response,
exact_landau_projection_summary.json,0,leading_eigenvalues[6],0.00020189423608106267,0.0002018942360810154,True,4.7271214720367993e-17,2.341385055757568e-13,3.0189423608101542e-12,direct_spectrum_or_response,
exact_landau_projection_summary.json,0,leading_eigenvalues[7],0.0001460601372386713,0.00014606013723862944,True,4.185020385794047e-17,2.865272116619105e-13,2.4606013723862945e-12,direct_spectrum_or_response,
exact_landau_projection_summary.json,0,leading_charge_overlap[0],0.9960385805135012,0.9960385805135017,True,4.440892098500626e-16,4.458554302395747e-16,9.961385805135016e-09,direct_spectrum_or_response,
exact_landau_projection_summary.json,0,leading_charge_overlap[1],7.179418942908136e-08,7.179418942911977e-08,True,3.840765020206218e-20,5.349687837896811e-13,1.0007179418942912e-12,direct_spectrum_or_response,
exact_landau_projection_summary.json,0,leading_charge_overlap[2],0.0006130016709405707,0.0006130016709405687,True,2.0599841277224584e-18,3.360486969899592e-15,7.130016709405687e-12,direct_spectrum_or_response,
exact_landau_projection_summary.json,0,leading_charge_overlap[3],0.0005341686065090611,0.0005341686065090678,True,6.7220534694101275e-18,1.2584141762542941e-14,6.341686065090678e-12,direct_spectrum_or_response,
exact_landau_projection_summary.json,0,leading_charge_overlap[4],1.522819659707337e-06,1.5228196597081762e-06,True,8.391978924921981e-19,5.510815986267322e-13,1.0152281965970818e-12,direct_spectrum_or_response,
exact_landau_projection_summary.json,0,leading_charge_overlap[5],0.0027961463136304612,0.0027961463136304656,True,4.336808689942018e-18,1.5509949063828439e-15,2.8961463136304657e-11,direct_spectrum_or_response,
exact_landau_projection_summary.json,0,leading_charge_overlap[6],3.2094758130828057e-06,3.2094758130825745e-06,True,2.31239994600424e-19,7.204914698463707e-14,1.0320947581308258e-12,direct_spectrum_or_response,
exact_landau_projection_summary.json,0,leading_charge_overlap[7],1.5919186946649444e-06,1.5919186946646994e-06,True,2.4500427999330637e-19,1.5390502091245987e-13,1.015919186946647e-12,direct_spectrum_or_response,
exact_landau_projection_summary.json,0,leading_axial_overlap[0],2.5949437543614767e-08,2.5949437543466348e-08,True,1.4841936294916465e-19,5.719559921117992e-12,1.0002594943754347e-12,direct_spectrum_or_response,
exact_landau_projection_summary.json,0,leading_axial_overlap[1],0.9968649326187506,0.996864932618752,True,1.3322676295501878e-15,1.336457513908466e-15,9.969649326187519e-09,direct_spectrum_or_response,
exact_landau_projection_summary.json,0,leading_axial_overlap[2],1.6761998383630237e-07,1.676199838362143e-07,True,8.806495673484554e-20,5.25384591498923e-13,1.0016761998383622e-12,direct_spectrum_or_response,
exact_landau_projection_summary.json,0,leading_axial_overlap[3],4.4216898270767425e-05,4.4216898270767635e-05,True,2.1006417091906648e-19,4.750766768684511e-15,1.4421689827076763e-12,direct_spectrum_or_response,
exact_landau_projection_summary.json,0,leading_axial_overlap[4],0.0024866305848676804,0.0024866305848677372,True,5.681219383824043e-17,2.284705825785628e-14,2.5866305848677372e-11,direct_spectrum_or_response,
exact_landau_projection_summary.json,0,leading_axial_overlap[5],1.963770389046255e-07,1.9637703890466239e-07,True,3.689887276476546e-20,1.8789810137976066e-13,1.0019637703890465e-12,direct_spectrum_or_response,
exact_landau_projection_summary.json,0,leading_axial_overlap[6],1.520130260232871e-07,1.5201302602456402e-07,True,1.2769286377654595e-18,8.400126431001502e-12,1.0015201302602457e-12,direct_spectrum_or_response,
exact_landau_projection_summary.json,0,leading_axial_overlap[7],1.8106689936496066e-07,1.810668993633857e-07,True,1.5749518863009647e-18,8.698176706169643e-12,1.001810668993634e-12,direct_spectrum_or_response,
exact_landau_projection_summary.json,0,nonabelian_covariance_residual,1.790180836524724e-15,2.222006751886933e-15,True,4.3182591536220914e-16,0.19434050548923923,1e-10,gauge_covariance_absolute,
exact_landau_projection_summary.json,0,nonabelian_energy_residual,6.556898606395034e-15,4.249413978253322e-15,True,2.307484628141712e-15,0.5430124341733774,1e-10,gauge_covariance_absolute,
exact_landau_spectrum.csv,subspace:8:48,charge_overlap,1.170688706160302e-05,1.1706887061603421e-05,True,4.0149361699853836e-19,3.429550613120447e-14,1.1170688706160342e-12,degenerate_subspace_projector_weight,True
exact_landau_spectrum.csv,subspace:8:48,axial_overlap,0.0006034968717235793,0.0006034968717235569,True,2.2442984970449942e-17,3.718823745739377e-14,7.0349687172355685e-12,degenerate_subspace_projector_weight,True
exact_landau_spectrum.csv,0,mode,0.0,0.0,True,0.0,0.0,0.0,exact_discrete_parameter,True
exact_landau_spectrum.csv,0,eigenvalue,0.787984949521058,0.7879849495210572,True,7.771561172376096e-16,9.862575645765448e-16,7.880849495210573e-09,direct_spectrum_or_response,True
exact_landau_spectrum.csv,0,charge_overlap,0.9960385805135012,0.9960385805135016,True,3.3306690738754696e-16,3.3439157267968113e-16,9.961385805135016e-09,direct_spectrum_or_response,True
exact_landau_spectrum.csv,0,axial_overlap,2.5949437543614767e-08,2.5949437543466348e-08,True,1.4841936294916465e-19,5.719559921117992e-12,1.0002594943754347e-12,direct_spectrum_or_response,True
exact_landau_spectrum.csv,1,mode,1.0,1.0,True,0.0,0.0,0.0,exact_discrete_parameter,True
exact_landau_spectrum.csv,1,eigenvalue,0.4317392389635582,0.431739238963558,True,2.220446049250313e-16,5.143025810164397e-16,4.31839238963558e-09,direct_spectrum_or_response,True
exact_landau_spectrum.csv,1,charge_overlap,7.179418942908137e-08,7.179418942911978e-08,True,3.840765020206218e-20,5.34968783789681e-13,1.0007179418942912e-12,direct_spectrum_or_response,True
exact_landau_spectrum.csv,1,axial_overlap,0.9968649326187506,0.996864932618752,True,1.3322676295501878e-15,1.336457513908466e-15,9.969649326187519e-09,direct_spectrum_or_response,True
exact_landau_spectrum.csv,2,mode,2.0,2.0,True,0.0,0.0,0.0,exact_discrete_parameter,True
exact_landau_spectrum.csv,2,eigenvalue,0.1254613596841562,0.1254613596841562,True,0.0,0.0,1.255613596841562e-09,direct_spectrum_or_response,True
exact_landau_spectrum.csv,2,charge_overlap,0.0006130016709405,0.0006130016709405,True,0.0,0.0,7.1300167094050004e-12,direct_spectrum_or_response,True
exact_landau_spectrum.csv,2,axial_overlap,1.6761998383630237e-07,1.676199838362143e-07,True,8.806495673484554e-20,5.25384591498923e-13,1.0016761998383622e-12,direct_spectrum_or_response,True
exact_landau_spectrum.csv,3,mode,3.0,3.0,True,0.0,0.0,0.0,exact_discrete_parameter,True
exact_landau_spectrum.csv,3,eigenvalue,0.1238935812489544,0.1238935812489543,True,9.71445146547012e-17,7.840964291725253e-16,1.2399358124895433e-09,direct_spectrum_or_response,True
exact_landau_spectrum.csv,3,charge_overlap,0.000534168606509,0.000534168606509,True,0.0,0.0,6.341686065090001e-12,direct_spectrum_or_response,True
exact_landau_spectrum.csv,3,axial_overlap,4.421689827076743e-05,4.421689827076764e-05,True,2.1006417091906648e-19,4.75076676868451e-15,1.4421689827076763e-12,direct_spectrum_or_response,True
exact_landau_spectrum.csv,4,mode,4.0,4.0,True,0.0,0.0,0.0,exact_discrete_parameter,True
exact_landau_spectrum.csv,4,eigenvalue,0.0848207508009557,0.0848207508009558,True,9.71445146547012e-17,1.1452918506069924e-15,8.492075080095581e-10,direct_spectrum_or_response,True
exact_landau_spectrum.csv,4,charge_overlap,1.522819659707337e-06,1.5228196597081762e-06,True,8.391978924921981e-19,5.510815986267322e-13,1.0152281965970818e-12,direct_spectrum_or_response,True
exact_landau_spectrum.csv,4,axial_overlap,0.0024866305848676,0.0024866305848677,True,9.974659986866641e-17,4.011315571990094e-14,2.5866305848677e-11,direct_spectrum_or_response,True
exact_landau_spectrum.csv,5,mode,5.0,5.0,True,0.0,0.0,0.0,exact_discrete_parameter,True
exact_landau_spectrum.csv,5,eigenvalue,0.04059953327368,0.04059953327368,True,0.0,0.0,4.069953327368e-10,direct_spectrum_or_response,True
exact_landau_spectrum.csv,5,charge_overlap,0.0027961463136304,0.0027961463136304,True,0.0,0.0,2.8961463136304e-11,direct_spectrum_or_response,True
exact_landau_spectrum.csv,5,axial_overlap,1.963770389046255e-07,1.963770389046624e-07,True,3.6925342544367155e-20,1.8803289198333294e-13,1.0019637703890465e-12,direct_spectrum_or_response,True
exact_landau_spectrum.csv,6,mode,6.0,6.0,True,0.0,0.0,0.0,exact_discrete_parameter,True
exact_landau_spectrum.csv,6,eigenvalue,0.000201894236081,0.000201894236081,True,0.0,0.0,3.01894236081e-12,direct_spectrum_or_response,True
exact_landau_spectrum.csv,6,charge_overlap,3.2094758130828057e-06,3.2094758130825745e-06,True,2.31239994600424e-19,7.204914698463707e-14,1.0320947581308258e-12,direct_spectrum_or_response,True
exact_landau_spectrum.csv,6,axial_overlap,1.520130260232871e-07,1.5201302602456402e-07,True,1.2769286377654595e-18,8.400126431001502e-12,1.0015201302602457e-12,direct_spectrum_or_response,True
exact_landau_spectrum.csv,7,mode,7.0,7.0,True,0.0,0.0,0.0,exact_discrete_parameter,True
exact_landau_spectrum.csv,7,eigenvalue,0.0001460601372386,0.0001460601372386,True,0.0,0.0,2.460601372386e-12,direct_spectrum_or_response,True
exact_landau_spectrum.csv,7,charge_overlap,1.5919186946649444e-06,1.5919186946646994e-06,True,2.4500427999330637e-19,1.5390502091245987e-13,1.015919186946647e-12,direct_spectrum_or_response,True
exact_landau_spectrum.csv,7,axial_overlap,1.8106689936496066e-07,1.810668993633857e-07,True,1.5749518863009647e-18,8.698176706169643e-12,1.001810668993634e-12,direct_spectrum_or_response,True
exact_landau_spectrum.csv,8,mode,8.0,8.0,True,0.0,0.0,0.0,exact_discrete_parameter,True
exact_landau_spectrum.csv,8,eigenvalue,2.232568817436929e-16,2.2503328914930924e-16,True,1.7764074056163497e-18,0.007893976097188475,1.0000000000022503e-12,direct_spectrum_or_response,True
exact_landau_spectrum.csv,8,charge_overlap,2.111232909091874e-07,3.760871206263249e-08,False,1.735145788465549e-07,4.613680430151094,1.0003760871206264e-12,direct_spectrum_or_response,False
exact_landau_spectrum.csv,8,axial_overlap,6.936786283990993e-06,5.767583226431145e-07,False,6.360027961347878e-06,11.02719754818922,1.005767583226431e-12,direct_spectrum_or_response,False
exact_landau_spectrum.csv,9,mode,9.0,9.0,True,0.0,0.0,0.0,exact_discrete_parameter,True
exact_landau_spectrum.csv,9,eigenvalue,2.0344918714904678e-16,1.907650290639166e-16,True,1.2684158085130188e-17,0.06649100281834314,1.0000000000019076e-12,direct_spectrum_or_response,True
exact_landau_spectrum.csv,9,charge_overlap,2.2802148706768833e-08,2.900963156319599e-09,False,1.9901185550449235e-08,6.860199346929148,1.0000290096315632e-12,direct_spectrum_or_response,False
exact_landau_spectrum.csv,9,axial_overlap,4.834020317036644e-06,1.3474012673624287e-06,False,3.486619049674215e-06,2.5876619935940526,1.0134740126736243e-12,direct_spectrum_or_response,False
exact_landau_spectrum.csv,10,mode,10.0,10.0,True,0.0,0.0,0.0,exact_discrete_parameter,True
exact_landau_spectrum.csv,10,eigenvalue,1.7647910733600326e-16,1.3574504750645302e-16,True,4.073405982955024e-17,0.3000776866471967,1.0000000000013575e-12,direct_spectrum_or_response,True
exact_landau_spectrum.csv,10,charge_overlap,6.643572087687699e-07,1.2214459425777555e-06,False,5.570887338089856e-07,0.4560895528731286,1.0122144594257775e-12,direct_spectrum_or_response,False
exact_landau_spectrum.csv,10,axial_overlap,3.93397056501375e-06,3.523845865403356e-05,False,3.130448808901981e-05,0.8883614461223476,1.3523845865403355e-12,direct_spectrum_or_response,False
exact_landau_spectrum.csv,11,mode,11.0,11.0,True,0.0,0.0,0.0,exact_discrete_parameter,True
exact_landau_spectrum.csv,11,eigenvalue,1.2971064398466622e-16,1.1742080707435434e-16,True,1.2289836910311883e-17,0.10466489897765388,1.0000000000011741e-12,direct_spectrum_or_response,True
exact_landau_spectrum.csv,11,charge_overlap,1.9340155499908658e-07,2.020079233698863e-07,False,8.606368370799713e-09,0.042604112884428974,1.0020200792336988e-12,direct_spectrum_or_response,False
exact_landau_spectrum.csv,11,axial_overlap,1.2551117096127744e-05,1.5893938313957818e-08,False,1.2535223157813786e-05,788.6794896394899,1.0001589393831395e-12,direct_spectrum_or_response,False
exact_landau_spectrum.csv,12,mode,12.0,12.0,True,0.0,0.0,0.0,exact_discrete_parameter,True
exact_landau_spectrum.csv,12,eigenvalue,1.0832849950582663e-16,1.0077572573365971e-16,True,7.552773772166918e-18,0.07494635952439731,1.0000000000010077e-12,direct_spectrum_or_response,True
exact_landau_spectrum.csv,12,charge_overlap,6.95138505702528e-08,2.586023297544494e-07,False,1.8908847918419663e-07,0.7311940281579897,1.0025860232975446e-12,direct_spectrum_or_response,False
exact_landau_spectrum.csv,12,axial_overlap,5.828554853205598e-06,1.995632443220556e-06,False,3.832922409985041e-06,1.9206554909477533,1.0199563244322055e-12,direct_spectrum_or_response,False
exact_landau_spectrum.csv,13,mode,13.0,13.0,True,0.0,0.0,0.0,exact_discrete_parameter,True
exact_landau_spectrum.csv,13,eigenvalue,1.0504490188976868e-16,8.635395959481156e-17,True,1.869094229495712e-17,0.21644568914567916,1.0000000000008635e-12,direct_spectrum_or_response,True
exact_landau_spectrum.csv,13,charge_overlap,1.5202585464400988e-07,8.409561021134874e-08,False,6.793024443266115e-08,0.8077739642050178,1.0008409561021135e-12,direct_spectrum_or_response,False
exact_landau_spectrum.csv,13,axial_overlap,8.981002565377985e-06,9.24416101711776e-06,False,2.631584517397753e-07,0.02846753223493997,1.0924416101711777e-12,direct_spectrum_or_response,False
exact_landau_spectrum.csv,14,mode,14.0,14.0,True,0.0,0.0,0.0,exact_discrete_parameter,True
exact_landau_spectrum.csv,14,eigenvalue,9.323982675710144e-17,7.991286957954248e-17,True,1.3326957177558964e-17,0.16676859744466788,1.000000000000799e-12,direct_spectrum_or_response,True
exact_landau_spectrum.csv,14,charge_overlap,3.90843749383367e-07,1.4320529210392585e-07,False,2.4763845727944117e-07,1.7292549293480501,1.0014320529210392e-12,direct_spectrum_or_response,False
exact_landau_spectrum.csv,14,axial_overlap,1.2236500580745782e-06,1.2077472234335964e-05,False,1.0853822176261386e-05,0.8986832646490571,1.1207747223433596e-12,direct_spectrum_or_response,False
exact_landau_spectrum.csv,15,mode,15.0,15.0,True,0.0,0.0,0.0,exact_discrete_parameter,True
exact_landau_spectrum.csv,15,eigenvalue,8.087787420015653e-17,7.221847241651115e-17,True,8.659401783645382e-18,0.1199056348589506,1.0000000000007221e-12,direct_spectrum_or_response,True
exact_landau_spectrum.csv,15,charge_overlap,1.0519567591862386e-06,2.157718662117234e-07,False,8.361848929745152e-07,3.875319371590453,1.0021577186621172e-12,direct_spectrum_or_response,False
exact_landau_spectrum.csv,15,axial_overlap,2.109450282448668e-05,2.427024125128779e-06,False,1.86674786993579e-05,7.691509328679373,1.0242702412512877e-12,direct_spectrum_or_response,False
exact_landau_spectrum.csv,16,mode,16.0,16.0,True,0.0,0.0,0.0,exact_discrete_parameter,True
exact_landau_spectrum.csv,16,eigenvalue,6.699033334863601e-17,6.883090749046204e-17,True,1.8405741418260323e-18,0.02674051830685339,1.0000000000006882e-12,direct_spectrum_or_response,True
exact_landau_spectrum.csv,16,charge_overlap,9.720329876592338e-07,8.53062612876369e-07,False,1.1897037478286474e-07,0.13946265254987403,1.0085306261287636e-12,direct_spectrum_or_response,False
exact_landau_spectrum.csv,16,axial_overlap,1.8432755655945606e-07,6.980768391508988e-06,False,6.796440834949532e-06,0.9735949474009677,1.0698076839150898e-12,direct_spectrum_or_response,False
exact_landau_spectrum.csv,17,mode,17.0,17.0,True,0.0,0.0,0.0,exact_discrete_parameter,True
exact_landau_spectrum.csv,17,eigenvalue,4.879199774766886e-17,5.0339336227799874e-17,True,1.5473384801310173e-18,0.030738158189628658,1.0000000000005034e-12,direct_spectrum_or_response,True
exact_landau_spectrum.csv,17,charge_overlap,1.1914239293517677e-08,1.0175957470264919e-07,False,8.984533540913152e-08,0.8829177566009668,1.0010175957470264e-12,direct_spectrum_or_response,False
exact_landau_spectrum.csv,17,axial_overlap,1.3962308765234524e-05,7.192296048309943e-06,False,6.770012716924581e-06,0.9412867144860381,1.0719229604830994e-12,direct_spectrum_or_response,False
exact_landau_spectrum.csv,18,mode,18.0,18.0,True,0.0,0.0,0.0,exact_discrete_parameter,True
exact_landau_spectrum.csv,18,eigenvalue,4.0189609578161816e-17,4.0950799233339245e-17,True,7.611896551774295e-19,0.018587907181985417,1.0000000000004095e-12,direct_spectrum_or_response,True
exact_landau_spectrum.csv,18,charge_overlap,4.7158659729246586e-07,2.631740155013708e-07,False,2.0841258179109504e-07,0.791919298696909,1.0026317401550136e-12,direct_spectrum_or_response,False
exact_landau_spectrum.csv,18,axial_overlap,3.5346633556690634e-05,9.133610869663212e-06,False,2.6213022687027422e-05,2.8699517705634405,1.091336108696632e-12,direct_spectrum_or_response,False
exact_landau_spectrum.csv,19,mode,19.0,19.0,True,0.0,0.0,0.0,exact_discrete_parameter,True
exact_landau_spectrum.csv,19,eigenvalue,3.904513239276707e-17,3.9016766261885786e-17,True,2.8366130881284255e-20,0.0007270241385687109,1.0000000000003901e-12,direct_spectrum_or_response,True
exact_landau_spectrum.csv,19,charge_overlap,1.673287012364106e-07,1.0492100500138497e-07,False,6.240769623502563e-08,0.594806504514533,1.0010492100500138e-12,direct_spectrum_or_response,False
exact_landau_spectrum.csv,19,axial_overlap,3.021695986812516e-06,1.0424589809197902e-06,False,1.979237005892726e-06,1.8986233915375652,1.010424589809198e-12,direct_spectrum_or_response,False
exact_landau_spectrum.csv,20,mode,20.0,20.0,True,0.0,0.0,0.0,exact_discrete_parameter,True
exact_landau_spectrum.csv,20,eigenvalue,3.831971428163267e-17,3.7832347128941887e-17,True,4.873671526907814e-19,0.012882286976002705,1.0000000000003782e-12,direct_spectrum_or_response,True
exact_landau_spectrum.csv,20,charge_overlap,3.261988657247558e-07,1.3440666286060518e-07,False,1.9179220286415063e-07,1.4269545778624138,1.001344066628606e-12,direct_spectrum_or_response,False
exact_landau_spectrum.csv,20,axial_overlap,6.068646674337739e-05,1.3641255579641296e-05,False,4.7045211163736095e-05,3.448744940601221,1.1364125557964129e-12,direct_spectrum_or_response,False
exact_landau_spectrum.csv,21,mode,21.0,21.0,True,0.0,0.0,0.0,exact_discrete_parameter,True
exact_landau_spectrum.csv,21,eigenvalue,3.176580924214428e-17,2.4639350163406107e-17,True,7.126459078738173e-18,0.289230804849807,1.0000000000002464e-12,direct_spectrum_or_response,True
exact_landau_spectrum.csv,21,charge_overlap,2.659125262881426e-07,1.5765052036202882e-08,False,2.5014747425193973e-07,15.867215260533285,1.000157650520362e-12,direct_spectrum_or_response,False
exact_landau_spectrum.csv,21,axial_overlap,9.8901978519576e-06,8.047730784134303e-05,False,7.058710998938543e-05,0.877105756675464,1.8047730784134302e-12,direct_spectrum_or_response,False
exact_landau_spectrum.csv,22,mode,22.0,22.0,True,0.0,0.0,0.0,exact_discrete_parameter,True
exact_landau_spectrum.csv,22,eigenvalue,2.5464642431747922e-17,2.0284259017231458e-17,True,5.180383414516464e-18,0.25538933466170655,1.0000000000002027e-12,direct_spectrum_or_response,True
exact_landau_spectrum.csv,22,charge_overlap,1.6006658809878812e-08,1.0955894965353288e-07,False,9.355229084365408e-08,0.8538991213360665,1.0010955894965352e-12,direct_spectrum_or_response,False
exact_landau_spectrum.csv,22,axial_overlap,3.199663043553559e-06,6.8428184863229e-05,False,6.522852181967545e-05,0.95324056819644,1.68428184863229e-12,direct_spectrum_or_response,False
exact_landau_spectrum.csv,23,mode,23.0,23.0,True,0.0,0.0,0.0,exact_discrete_parameter,True
exact_landau_spectrum.csv,23,eigenvalue,1.912661717549669e-17,1.5676088693881336e-17,True,3.450528481615354e-18,0.2201141208752001,1.0000000000001567e-12,direct_spectrum_or_response,True
exact_landau_spectrum.csv,23,charge_overlap,2.3658683495623638e-07,4.057007861418288e-07,False,1.6911395118559243e-07,0.41684403127203196,1.0040570078614183e-12,direct_spectrum_or_response,False
exact_landau_spectrum.csv,23,axial_overlap,7.098158105782752e-06,2.0572783211060936e-06,False,5.040879784676658e-06,2.4502663217519514,1.020572783211061e-12,direct_spectrum_or_response,False
exact_landau_spectrum.csv,24,mode,24.0,24.0,True,0.0,0.0,0.0,exact_discrete_parameter,True
exact_landau_spectrum.csv,24,eigenvalue,1.7000845565766466e-17,1.526468584863494e-17,True,1.7361597171315257e-18,0.11373700935265454,1.0000000000001527e-12,direct_spectrum_or_response,True
exact_landau_spectrum.csv,24,charge_overlap,3.71017600551671e-07,1.1462915192467759e-07,False,2.563884486269934e-07,2.2366775320423318,1.0011462915192467e-12,direct_spectrum_or_response,False
exact_landau_spectrum.csv,24,axial_overlap,1.216752014056183e-05,1.4066999871698086e-05,False,1.899479731136255e-06,0.135030905556336,1.1406699987169809e-12,direct_spectrum_or_response,False
exact_landau_spectrum.csv,25,mode,25.0,25.0,True,0.0,0.0,0.0,exact_discrete_parameter,True
exact_landau_spectrum.csv,25,eigenvalue,1.1806675735584249e-17,9.990318639071005e-18,True,1.8163570965132445e-18,0.18181172814745644,1.0000000000001e-12,direct_spectrum_or_response,True
exact_landau_spectrum.csv,25,charge_overlap,6.309714403269751e-07,3.061586929767307e-07,False,3.248127473502444e-07,1.0609293637627708,1.0030615869297673e-12,direct_spectrum_or_response,False
exact_landau_spectrum.csv,25,axial_overlap,4.026608852604662e-05,0.0001372831633488,False,9.701707482275338e-05,0.7066931767609318,2.372831633488e-12,direct_spectrum_or_response,False
exact_landau_spectrum.csv,26,mode,26.0,26.0,True,0.0,0.0,0.0,exact_discrete_parameter,True
exact_landau_spectrum.csv,26,eigenvalue,7.531592916180663e-18,4.1026431909449614e-18,True,3.4289497252357013e-18,0.8357903833323393,1.000000000000041e-12,direct_spectrum_or_response,True
exact_landau_spectrum.csv,26,charge_overlap,6.441528828322157e-07,1.3172711680589552e-07,False,5.124257660263201e-07,3.89005527830232,1.001317271168059e-12,direct_spectrum_or_response,False
exact_landau_spectrum.csv,26,axial_overlap,1.4039697396884285e-05,6.33011668305961e-06,False,7.709580713824673e-06,1.2179207903792242,1.063301166830596e-12,direct_spectrum_or_response,False
exact_landau_spectrum.csv,27,mode,27.0,27.0,True,0.0,0.0,0.0,exact_discrete_parameter,True
exact_landau_spectrum.csv,27,eigenvalue,6.3424875342593415e-18,-9.620165294358884e-19,True,7.30450406369523e-18,7.592909103109151,1.0000000000000097e-12,direct_spectrum_or_response,True
exact_landau_spectrum.csv,27,charge_overlap,2.253025630666144e-08,1.1483875561039693e-07,False,9.230849930373549e-08,0.8038096443408198,1.001148387556104e-12,direct_spectrum_or_response,False
exact_landau_spectrum.csv,27,axial_overlap,1.3873854374973244e-06,1.1575305683597707e-05,False,1.0187920246100384e-05,0.8801426523479843,1.115753056835977e-12,direct_spectrum_or_response,False
exact_landau_spectrum.csv,28,mode,28.0,28.0,True,0.0,0.0,0.0,exact_discrete_parameter,True
exact_landau_spectrum.csv,28,eigenvalue,-1.2309564094718362e-18,-7.014562415709767e-18,True,5.783606006237931e-18,0.8245141554781814,1.00000000000007e-12,direct_spectrum_or_response,True
exact_landau_spectrum.csv,28,charge_overlap,2.8558660236115893e-07,3.650393377735018e-07,False,7.945273541234285e-08,0.21765526942096683,1.003650393377735e-12,direct_spectrum_or_response,False
exact_landau_spectrum.csv,28,axial_overlap,4.8669278116306775e-08,1.7712810487096557e-05,False,1.766414120898025e-05,0.9972523119269096,1.1771281048709655e-12,direct_spectrum_or_response,False
exact_landau_spectrum.csv,29,mode,29.0,29.0,True,0.0,0.0,0.0,exact_discrete_parameter,True
exact_landau_spectrum.csv,29,eigenvalue,-5.66397151341454e-18,-7.876366156060347e-18,True,2.2123946426458073e-18,0.28089027335829414,1.0000000000000787e-12,direct_spectrum_or_response,True
exact_landau_spectrum.csv,29,charge_overlap,4.171534143540535e-10,1.1896589498275421e-07,False,1.1854874156840016e-07,0.9964935041726495,1.0011896589498276e-12,direct_spectrum_or_response,False
exact_landau_spectrum.csv,29,axial_overlap,1.5461907607995612e-05,4.120989966144205e-06,False,1.1340917641851408e-05,2.751988656857253,1.0412098996614421e-12,direct_spectrum_or_response,False
exact_landau_spectrum.csv,30,mode,30.0,30.0,True,0.0,0.0,0.0,exact_discrete_parameter,True
exact_landau_spectrum.csv,30,eigenvalue,-1.1227778248296293e-17,-1.2476826147516343e-17,True,1.24904789922005e-18,0.10010942562253201,1.0000000000001248e-12,direct_spectrum_or_response,True
exact_landau_spectrum.csv,30,charge_overlap,5.376358284767799e-08,3.633380462137113e-07,False,3.095744633660333e-07,0.8520287555681552,1.003633380462137e-12,direct_spectrum_or_response,False
exact_landau_spectrum.csv,30,axial_overlap,1.474277691622145e-07,4.6253658665430695e-06,False,4.477938097380855e-06,0.9681262470005644,1.0462536586654306e-12,direct_spectrum_or_response,False
exact_landau_spectrum.csv,31,mode,31.0,31.0,True,0.0,0.0,0.0,exact_discrete_parameter,True
exact_landau_spectrum.csv,31,eigenvalue,-1.3676517848487013e-17,-1.4548295663219506e-17,True,8.71777814732493e-19,0.05992302018830228,1.0000000000001454e-12,direct_spectrum_or_response,True
exact_landau_spectrum.csv,31,charge_overlap,6.085045779121717e-07,1.833935218655996e-07,False,4.2511105604657214e-07,2.318026567798375,1.0018339352186559e-12,direct_spectrum_or_response,False
exact_landau_spectrum.csv,31,axial_overlap,2.2183794873597e-05,3.0516007136232588e-05,False,8.332212262635587e-06,0.2730439872240853,1.305160071362326e-12,direct_spectrum_or_response,False
exact_landau_spectrum.csv,32,mode,32.0,32.0,True,0.0,0.0,0.0,exact_discrete_parameter,True
exact_landau_spectrum.csv,32,eigenvalue,-1.9565115132691718e-17,-1.713151436370643e-17,True,2.433600768985289e-18,0.1420540366320993,1.0000000000001712e-12,direct_spectrum_or_response,True
exact_landau_spectrum.csv,32,charge_overlap,1.7339377505808756e-07,8.425258649978369e-08,False,8.914118855830387e-08,1.0580231689211432,1.0008425258649977e-12,direct_spectrum_or_response,False
exact_landau_spectrum.csv,32,axial_overlap,8.48710572199612e-06,6.706501874878014e-06,False,1.7806038471181056e-06,0.265504115310561,1.0670650187487802e-12,direct_spectrum_or_response,False
exact_landau_spectrum.csv,33,mode,33.0,33.0,True,0.0,0.0,0.0,exact_discrete_parameter,True
exact_landau_spectrum.csv,33,eigenvalue,-2.7707773786955568e-17,-2.2712039492583545e-17,True,4.995734294372023e-18,0.21995973967918403,1.0000000000002272e-12,direct_spectrum_or_response,True
exact_landau_spectrum.csv,33,charge_overlap,2.647951481588957e-07,5.945284990498238e-07,False,3.2973335089092805e-07,0.5546131958651407,1.0059452849904983e-12,direct_spectrum_or_response,False
exact_landau_spectrum.csv,33,axial_overlap,1.8615378997762512e-05,2.4111231573916977e-05,False,5.495852576154465e-06,0.22793744729737334,1.2411123157391697e-12,direct_spectrum_or_response,False
exact_landau_spectrum.csv,34,mode,34.0,34.0,True,0.0,0.0,0.0,exact_discrete_parameter,True
exact_landau_spectrum.csv,34,eigenvalue,-2.9978351886416965e-17,-2.863506669868914e-17,True,1.343285187727825e-18,0.04691049620601436,1.0000000000002863e-12,direct_spectrum_or_response,True
exact_landau_spectrum.csv,34,charge_overlap,6.285576881701686e-08,4.372147003969213e-07,False,3.7435893157990444e-07,0.8562359207959983,1.0043721470039691e-12,direct_spectrum_or_response,False
exact_landau_spectrum.csv,34,axial_overlap,3.235516783665102e-06,1.442488311453864e-05,False,1.1189366330873538e-05,0.7756989253934357,1.1442488311453863e-12,direct_spectrum_or_response,False
exact_landau_spectrum.csv,35,mode,35.0,35.0,True,0.0,0.0,0.0,exact_discrete_parameter,True
exact_landau_spectrum.csv,35,eigenvalue,-3.3536735459547224e-17,-3.801125937772708e-17,True,4.474523918179858e-18,0.11771575031796319,1.00000000000038e-12,direct_spectrum_or_response,True
exact_landau_spectrum.csv,35,charge_overlap,6.467034886978323e-07,9.897486914684461e-08,False,5.477286195509876e-07,5.534017112347449,1.0009897486914683e-12,direct_spectrum_or_response,False
exact_landau_spectrum.csv,35,axial_overlap,4.085870258093643e-05,2.2945239711910066e-05,False,1.7913462869026364e-05,0.7807049781976397,1.2294523971191007e-12,direct_spectrum_or_response,False
exact_landau_spectrum.csv,36,mode,36.0,36.0,True,0.0,0.0,0.0,exact_discrete_parameter,True
exact_landau_spectrum.csv,36,eigenvalue,-4.2142010273902565e-17,-3.8246089961502115e-17,True,3.89592031240045e-18,0.10186453873643081,1.0000000000003825e-12,direct_spectrum_or_response,True
exact_landau_spectrum.csv,36,charge_overlap,3.155564283264047e-07,7.494139582138997e-07,False,4.3385752988749505e-07,0.5789290753557892,1.007494139582139e-12,direct_spectrum_or_response,False
exact_landau_spectrum.csv,36,axial_overlap,2.532653902696782e-06,1.1410326278930506e-06,False,1.3916212748037316e-06,1.219615671616157,1.0114103262789305e-12,direct_spectrum_or_response,False
exact_landau_spectrum.csv,37,mode,37.0,37.0,True,0.0,0.0,0.0,exact_discrete_parameter,True
exact_landau_spectrum.csv,37,eigenvalue,-4.29408170781633e-17,-4.362276554592485e-17,True,6.819484677615486e-19,0.015632857275947164,1.0000000000004362e-12,direct_spectrum_or_response,True
exact_landau_spectrum.csv,37,charge_overlap,2.698830866268903e-07,9.721483114434113e-08,False,1.7266825548254916e-07,1.7761513696009763,1.0009721483114434e-12,direct_spectrum_or_response,False
exact_landau_spectrum.csv,37,axial_overlap,3.819072569484748e-05,4.26363421604096e-06,False,3.392709147880652e-05,7.95731757456198,1.0426363421604095e-12,direct_spectrum_or_response,False
exact_landau_spectrum.csv,38,mode,38.0,38.0,True,0.0,0.0,0.0,exact_discrete_parameter,True
exact_landau_spectrum.csv,38,eigenvalue,-6.960502505692574e-17,-5.2592117630819074e-17,True,1.7012907426106664e-17,0.32348778091675606,1.0000000000005259e-12,direct_spectrum_or_response,True
exact_landau_spectrum.csv,38,charge_overlap,2.528926499432259e-07,1.236815401078336e-07,False,1.2921110983539228e-07,1.0447081247754324,1.0012368154010784e-12,direct_spectrum_or_response,False
exact_landau_spectrum.csv,38,axial_overlap,7.063781218061816e-05,1.3014739192223396e-05,False,5.762307298839477e-05,4.427524219834222,1.1301473919222339e-12,direct_spectrum_or_response,False
exact_landau_spectrum.csv,39,mode,39.0,39.0,True,0.0,0.0,0.0,exact_discrete_parameter,True
exact_landau_spectrum.csv,39,eigenvalue,-8.028069776964172e-17,-6.08753593403253e-17,True,1.9405338429316424e-17,0.3187716448757266,1.0000000000006087e-12,direct_spectrum_or_response,True
exact_landau_spectrum.csv,39,charge_overlap,8.105427584016712e-07,6.854489047108006e-07,False,1.2509385369087058e-07,0.18249916635821198,1.006854489047108e-12,direct_spectrum_or_response,False
exact_landau_spectrum.csv,39,axial_overlap,1.1057856930714237e-05,1.898315837718461e-07,False,1.0868025346942391e-05,57.250880654319374,1.0018983158377184e-12,direct_spectrum_or_response,False
exact_landau_spectrum.csv,40,mode,40.0,40.0,True,0.0,0.0,0.0,exact_discrete_parameter,True
exact_landau_spectrum.csv,40,eigenvalue,-8.081890017724243e-17,-8.087570936089761e-17,True,5.680918365518324e-20,0.0007024257852463395,1.0000000000008088e-12,direct_spectrum_or_response,True
exact_landau_spectrum.csv,40,charge_overlap,1.1723125931821265e-08,6.815699098351617e-08,False,5.6433865051694905e-08,0.8279981882613258,1.000681569909835e-12,direct_spectrum_or_response,False
exact_landau_spectrum.csv,40,axial_overlap,7.102246854152506e-05,7.2571720406292895e-06,False,6.376529650089577e-05,8.786521270807093,1.0725717204062928e-12,direct_spectrum_or_response,False
exact_landau_spectrum.csv,41,mode,41.0,41.0,True,0.0,0.0,0.0,exact_discrete_parameter,True
exact_landau_spectrum.csv,41,eigenvalue,-9.735792507707276e-17,-8.163020940358521e-17,True,1.5727715673487548e-17,0.19267028454782803,1.0000000000008163e-12,direct_spectrum_or_response,True
exact_landau_spectrum.csv,41,charge_overlap,1.2397500051271932e-09,1.2682453671607834e-08,False,1.1442703666480642e-08,0.9022468335206604,1.0001268245367161e-12,direct_spectrum_or_response,False
exact_landau_spectrum.csv,41,axial_overlap,2.52067551719606e-06,3.939918427698305e-06,False,1.4192429105022451e-06,0.36022139456612173,1.039399184276983e-12,direct_spectrum_or_response,False
exact_landau_spectrum.csv,42,mode,42.0,42.0,True,0.0,0.0,0.0,exact_discrete_parameter,True
exact_landau_spectrum.csv,42,eigenvalue,-1.0963027919320632e-16,-8.836462060673334e-17,True,2.1265658586472984e-17,0.2406580647374222,1.0000000000008837e-12,direct_spectrum_or_response,True
exact_landau_spectrum.csv,42,charge_overlap,4.622544535909084e-08,1.0336168666023767e-06,False,9.873914212432858e-07,0.9552779691850042,1.0103361686660237e-12,direct_spectrum_or_response,False
exact_landau_spectrum.csv,42,axial_overlap,1.9926148305390056e-06,6.619840199068979e-06,False,4.627225368529973e-06,0.6989935148556533,1.0661984019906898e-12,direct_spectrum_or_response,False
exact_landau_spectrum.csv,43,mode,43.0,43.0,True,0.0,0.0,0.0,exact_discrete_parameter,True
exact_landau_spectrum.csv,43,eigenvalue,-1.1293056692515128e-16,-9.68003336667236e-17,True,1.6130233258427685e-17,0.1666340667167831,1.000000000000968e-12,direct_spectrum_or_response,True
exact_landau_spectrum.csv,43,charge_overlap,1.699878186322283e-07,1.9221414311307574e-07,False,2.2226324480847436e-08,0.11563313771230732,1.0019221414311307e-12,direct_spectrum_or_response,False
exact_landau_spectrum.csv,43,axial_overlap,2.4703790680551164e-06,2.526716334702357e-06,False,5.6337266647240396e-08,0.022296632935598935,1.0252671633470236e-12,direct_spectrum_or_response,False
exact_landau_spectrum.csv,44,mode,44.0,44.0,True,0.0,0.0,0.0,exact_discrete_parameter,True
exact_landau_spectrum.csv,44,eigenvalue,-1.3491192967432936e-16,-1.1160593345536215e-16,True,2.3305996218967207e-17,0.20882398898879925,1.000000000001116e-12,direct_spectrum_or_response,True
exact_landau_spectrum.csv,44,charge_overlap,5.114634395312335e-07,1.4432254508796609e-06,False,9.317620113484274e-07,0.6456108508760767,1.0144322545087966e-12,direct_spectrum_or_response,False
exact_landau_spectrum.csv,44,axial_overlap,4.255360768689315e-06,2.8475051906889468e-06,False,1.4078555780003686e-06,0.49441721216309403,1.0284750519068895e-12,direct_spectrum_or_response,False
exact_landau_spectrum.csv,45,mode,45.0,45.0,True,0.0,0.0,0.0,exact_discrete_parameter,True
exact_landau_spectrum.csv,45,eigenvalue,-1.461453754478603e-16,-1.3323592795455436e-16,True,1.2909447493305946e-17,0.09689163945110398,1.0000000000013324e-12,direct_spectrum_or_response,True
exact_landau_spectrum.csv,45,charge_overlap,5.1062470877592065e-09,1.6823184609838374e-10,False,4.9380152416608225e-09,29.3524404337394,1.000001682318461e-12,direct_spectrum_or_response,False
exact_landau_spectrum.csv,45,axial_overlap,7.441705886092192e-06,1.2519575877154052e-05,False,5.07786999106186e-06,0.40559440997742174,1.1251957587715404e-12,direct_spectrum_or_response,False
exact_landau_spectrum.csv,46,mode,46.0,46.0,True,0.0,0.0,0.0,exact_discrete_parameter,True
exact_landau_spectrum.csv,46,eigenvalue,-1.7468685159945122e-16,-1.7085241872994808e-16,True,3.834432869503134e-18,0.02244295338636029,1.0000000000017085e-12,direct_spectrum_or_response,True
exact_landau_spectrum.csv,46,charge_overlap,1.613252393063968e-07,2.2718497818646219e-07,False,6.585973888006539e-08,0.28989477828067917,1.0022718497818646e-12,direct_spectrum_or_response,False
exact_landau_spectrum.csv,46,axial_overlap,1.0421038603718211e-05,2.1617190199782545e-06,False,8.259319583739956e-06,3.820718376166686,1.0216171901997825e-12,direct_spectrum_or_response,False
exact_landau_spectrum.csv,47,mode,47.0,47.0,True,0.0,0.0,0.0,exact_discrete_parameter,True
exact_landau_spectrum.csv,47,eigenvalue,-2.1569875362243164e-16,-1.904046370015655e-16,True,2.5294116620866128e-17,0.13284401587687258,1.000000000001904e-12,direct_spectrum_or_response,True
exact_landau_spectrum.csv,47,charge_overlap,1.6265696673812966e-07,6.830240675123521e-09,False,1.5582672606300614e-07,22.814236492506627,1.0000683024067513e-12,direct_spectrum_or_response,False
exact_landau_spectrum.csv,47,axial_overlap,5.281328511383939e-06,7.206087974144382e-07,False,4.560719713969501e-06,6.3289814533675885,1.0072060879741444e-12,direct_spectrum_or_response,False
magnetic_torus_even_coefficients.csv,0,L,6.0,6.0,True,0.0,0.0,0.0,exact_discrete_parameter,True
magnetic_torus_even_coefficients.csv,0,B,0.1745329251994329,0.1745329251994329,True,0.0,0.0,1.746329251994329e-09,direct_spectrum_or_response,True
magnetic_torus_even_coefficients.csv,0,c2_re,-0.0154380587349728,-0.0154380587349725,True,3.0010716134398763e-16,1.9439436427595778e-14,1.55380587349725e-10,direct_spectrum_or_response,True
magnetic_torus_even_coefficients.csv,0,c2_im,-0.0001843451350405,-0.0001843451350408,True,2.999987411267391e-16,1.6273754176389963e-12,2.843451350408e-12,direct_spectrum_or_response,True
magnetic_torus_even_coefficients.csv,1,L,6.0,6.0,True,0.0,0.0,0.0,exact_discrete_parameter,True
magnetic_torus_even_coefficients.csv,1,B,0.1745329251994329,0.1745329251994329,True,0.0,0.0,1.746329251994329e-09,direct_spectrum_or_response,True
magnetic_torus_even_coefficients.csv,1,c2_re,-0.01282856553514,-0.0128285655351396,True,4.0072112295064244e-16,3.1236627497673055e-14,1.29285655351396e-10,direct_spectrum_or_response,True
magnetic_torus_even_coefficients.csv,1,c2_im,-0.0001591121013462,-0.0001591121013465,True,2.999987411267391e-16,1.8854552142041593e-12,2.591121013465e-12,direct_spectrum_or_response,True
magnetic_torus_even_coefficients.csv,2,L,6.0,6.0,True,0.0,0.0,0.0,exact_discrete_parameter,True
magnetic_torus_even_coefficients.csv,2,B,0.1745329251994329,0.1745329251994329,True,0.0,0.0,1.746329251994329e-09,direct_spectrum_or_response,True
magnetic_torus_even_coefficients.csv,2,c2_re,-0.0026095606840225,-0.0026095606840225,True,0.0,0.0,2.7095606840225e-11,direct_spectrum_or_response,True
magnetic_torus_even_coefficients.csv,2,c2_im,-2.5180870603945275e-05,-2.518087060394012e-05,True,5.1567365828841805e-18,2.047878591646983e-13,1.2518087060394011e-12,direct_spectrum_or_response,True
magnetic_torus_even_coefficients.csv,3,L,6.0,6.0,True,0.0,0.0,0.0,exact_discrete_parameter,True
magnetic_torus_even_coefficients.csv,3,B,0.1745329251994329,0.1745329251994329,True,0.0,0.0,1.746329251994329e-09,direct_spectrum_or_response,True
magnetic_torus_even_coefficients.csv,3,c2_re,6.74841897274623e-08,6.748418972746257e-08,True,2.6469779601696886e-22,3.92236755136219e-15,1.0006748418972745e-12,direct_spectrum_or_response,True
magnetic_torus_even_coefficients.csv,3,c2_im,-5.2163090366554465e-08,-5.216309036655251e-08,True,1.9521462456251453e-21,3.7423899387619117e-14,1.0005216309036656e-12,direct_spectrum_or_response,True
magnetic_torus_even_coefficients.csv,4,L,6.0,6.0,True,0.0,0.0,0.0,exact_discrete_parameter,True
magnetic_torus_even_coefficients.csv,4,B,0.1745329251994329,0.1745329251994329,True,0.0,0.0,1.746329251994329e-09,direct_spectrum_or_response,True
magnetic_torus_even_coefficients.csv,4,c2_re,-0.0090080835621689,-0.0090080835621685,True,4.0072112295064244e-16,4.448461431170134e-14,9.108083562168499e-11,direct_spectrum_or_response,True
magnetic_torus_even_coefficients.csv,4,c2_im,-0.0002341365453486,-0.0002341365453489,True,3.000258461810512e-16,1.2814139959824122e-12,3.341365453489e-12,direct_spectrum_or_response,True
magnetic_torus_even_coefficients.csv,5,L,6.0,6.0,True,0.0,0.0,0.0,exact_discrete_parameter,True
magnetic_torus_even_coefficients.csv,5,B,0.1745329251994329,0.1745329251994329,True,0.0,0.0,1.746329251994329e-09,direct_spectrum_or_response,True
magnetic_torus_even_coefficients.csv,5,c2_re,-0.0005022123726389,-0.0005022123726384,True,5.000340419503146e-16,9.956625308200964e-13,6.0221237263839995e-12,direct_spectrum_or_response,True
magnetic_torus_even_coefficients.csv,5,c2_im,0.0003528816583329,0.0003528816583327,True,1.999810907149513e-16,5.667086571170194e-13,4.528816583327e-12,direct_spectrum_or_response,True
magnetic_torus_even_coefficients.csv,6,L,6.0,6.0,True,0.0,0.0,0.0,exact_discrete_parameter,True
magnetic_torus_even_coefficients.csv,6,B,0.1745329251994329,0.1745329251994329,True,0.0,0.0,1.746329251994329e-09,direct_spectrum_or_response,True
magnetic_torus_even_coefficients.csv,6,c2_re,-0.0085032212543979,-0.0085032212543979,True,0.0,0.0,8.6032212543979e-11,direct_spectrum_or_response,True
magnetic_torus_even_coefficients.csv,6,c2_im,-0.000585929625421,-0.0005859296254211,True,9.996344030316351e-17,1.7060656428034524e-13,6.859296254211e-12,direct_spectrum_or_response,True
magnetic_torus_even_coefficients.csv,7,L,6.0,6.0,True,0.0,0.0,0.0,exact_discrete_parameter,True
magnetic_torus_even_coefficients.csv,7,B,0.1745329251994329,0.1745329251994329,True,0.0,0.0,1.746329251994329e-09,direct_spectrum_or_response,True
magnetic_torus_even_coefficients.csv,7,c2_re,-2.649935132147812e-06,-2.6499351321478134e-06,True,1.2705494208814505e-21,4.794643481901577e-16,1.0264993513214781e-12,direct_spectrum_or_response,True
magnetic_torus_even_coefficients.csv,7,c2_im,-1.0885782605131528e-06,-1.088578260513148e-06,True,4.870439446712227e-21,4.474128892135267e-15,1.0108857826051314e-12,direct_spectrum_or_response,True
magnetic_torus_even_coefficients.csv,8,L,8.0,8.0,True,0.0,0.0,0.0,exact_discrete_parameter,True
magnetic_torus_even_coefficients.csv,8,B,0.098174770424681,0.098174770424681,True,0.0,0.0,9.8274770424681e-10,direct_spectrum_or_response,True
magnetic_torus_even_coefficients.csv,8,c2_re,-0.0338275933514174,-0.0338275933514168,True,5.967448757360216e-16,1.7640772417261786e-14,3.39275933514168e-10,direct_spectrum_or_response,True
magnetic_torus_even_coefficients.csv,8,c2_im,-0.0001430089913508,-0.0001430089913514,True,5.999974822534782e-16,4.1955227890473785e-12,2.430089913514e-12,direct_spectrum_or_response,True
magnetic_torus_even_coefficients.csv,9,L,8.0,8.0,True,0.0,0.0,0.0,exact_discrete_parameter,True
magnetic_torus_even_coefficients.csv,9,B,0.098174770424681,0.098174770424681,True,0.0,0.0,9.8274770424681e-10,direct_spectrum_or_response,True
magnetic_torus_even_coefficients.csv,9,c2_re,-0.0414342044603354,-0.0414342044603346,True,7.979727989493313e-16,1.925879377539972e-14,4.15342044603346e-10,direct_spectrum_or_response,True
magnetic_torus_even_coefficients.csv,9,c2_im,-7.407145201533462e-05,-7.407145201594438e-05,True,6.097688543330038e-16,8.232170934110308e-12,1.7407145201594438e-12,direct_spectrum_or_response,True
magnetic_torus_even_coefficients.csv,10,L,8.0,8.0,True,0.0,0.0,0.0,exact_discrete_parameter,True
magnetic_torus_even_coefficients.csv,10,B,0.098174770424681,0.098174770424681,True,0.0,0.0,9.8274770424681e-10,direct_spectrum_or_response,True
magnetic_torus_even_coefficients.csv,10,c2_re,0.0076064905000719,0.0076064905000718,True,9.974659986866641e-17,1.3113353637623666e-14,7.7064905000718e-11,direct_spectrum_or_response,True
magnetic_torus_even_coefficients.csv,10,c2_im,-6.876250620667089e-05,-6.876250620670892e-05,True,3.802839119992907e-17,5.530396330466903e-13,1.6876250620670892e-12,direct_spectrum_or_response,True
magnetic_torus_even_coefficients.csv,11,L,8.0,8.0,True,0.0,0.0,0.0,exact_discrete_parameter,True
magnetic_torus_even_coefficients.csv,11,B,0.098174770424681,0.098174770424681,True,0.0,0.0,9.8274770424681e-10,direct_spectrum_or_response,True
magnetic_torus_even_coefficients.csv,11,c2_re,1.206088460868507e-07,1.206088460868503e-07,True,3.970466940254533e-22,3.2920196727488827e-15,1.0012060884608685e-12,direct_spectrum_or_response,True
magnetic_torus_even_coefficients.csv,11,c2_im,-1.7503312885053388e-07,-1.750331288505279e-07,True,5.982170189983496e-21,3.4177359619115635e-14,1.0017503312885053e-12,direct_spectrum_or_response,True
magnetic_torus_even_coefficients.csv,12,L,8.0,8.0,True,0.0,0.0,0.0,exact_discrete_parameter,True
magnetic_torus_even_coefficients.csv,12,B,0.098174770424681,0.098174770424681,True,0.0,0.0,9.8274770424681e-10,direct_spectrum_or_response,True
magnetic_torus_even_coefficients.csv,12,c2_re,-0.011222856357243,-0.0112228563572416,True,1.3999218451132833e-15,1.2473846234430125e-13,1.1322856357241601e-10,direct_spectrum_or_response,True
magnetic_torus_even_coefficients.csv,12,c2_im,-0.0002938036009598,-0.0002938036009601,True,2.999987411267391e-16,1.0210859912757856e-12,3.938036009601e-12,direct_spectrum_or_response,True
magnetic_torus_even_coefficients.csv,13,L,8.0,8.0,True,0.0,0.0,0.0,exact_discrete_parameter,True
magnetic_torus_even_coefficients.csv,13,B,0.098174770424681,0.098174770424681,True,0.0,0.0,9.8274770424681e-10,direct_spectrum_or_response,True
magnetic_torus_even_coefficients.csv,13,c2_re,-0.0042664282329855,-0.0042664282329834,True,2.099882767669925e-15,4.921875285363778e-13,4.3664282329834e-11,direct_spectrum_or_response,True
magnetic_torus_even_coefficients.csv,13,c2_im,-0.0002383679110886,-0.000238367911089,True,3.999892864842147e-16,1.678033274935525e-12,3.38367911089e-12,direct_spectrum_or_response,True
magnetic_torus_even_coefficients.csv,14,L,8.0,8.0,True,0.0,0.0,0.0,exact_discrete_parameter,True
magnetic_torus_even_coefficients.csv,14,B,0.098174770424681,0.098174770424681,True,0.0,0.0,9.8274770424681e-10,direct_spectrum_or_response,True
magnetic_torus_even_coefficients.csv,14,c2_re,-0.0069565996464351,-0.0069565996464357,True,6.002143226879753e-16,8.627984262332856e-14,7.0565996464357e-11,direct_spectrum_or_response,True
magnetic_torus_even_coefficients.csv,14,c2_im,-5.528015829759783e-05,-5.528015829767057e-05,True,7.274318951019931e-17,1.315900528332326e-12,1.5528015829767057e-12,direct_spectrum_or_response,True
magnetic_torus_even_coefficients.csv,15,L,8.0,8.0,True,0.0,0.0,0.0,exact_discrete_parameter,True
magnetic_torus_even_coefficients.csv,15,B,0.098174770424681,0.098174770424681,True,0.0,0.0,9.8274770424681e-10,direct_spectrum_or_response,True
magnetic_torus_even_coefficients.csv,15,c2_re,1.715221776823861e-07,1.7152217768238586e-07,True,2.3822801641527197e-22,1.3889050362712153e-15,1.0017152217768239e-12,direct_spectrum_or_response,True
magnetic_torus_even_coefficients.csv,15,c2_im,-1.555315736117726e-07,-1.5553157361176606e-07,True,6.538035561619131e-21,4.2036709394705976e-14,1.0015553157361177e-12,direct_spectrum_or_response,True
magnetic_torus_full_band.csv,0,L,6.0,6.0,True,0.0,0.0,0.0,exact_discrete_parameter,True
magnetic_torus_full_band.csv,0,nphi,-1.0,-1.0,True,0.0,0.0,0.0,exact_discrete_parameter,True
magnetic_torus_full_band.csv,0,B,-0.1745329251994329,-0.1745329251994329,True,0.0,0.0,1.746329251994329e-09,direct_spectrum_or_response,True
magnetic_torus_full_band.csv,0,mu,0.7,0.7,True,0.0,0.0,7.001e-09,direct_spectrum_or_response,True
magnetic_torus_full_band.csv,0,density,1.0105679320831529,1.0105679320831529,True,0.0,0.0,1.0106679320831529e-08,direct_spectrum_or_response,True
magnetic_torus_full_band.csv,0,total_re,-0.0058604506993181,-0.0058604506993181,True,0.0,0.0,5.9604506993181e-11,direct_spectrum_or_response,True
magnetic_torus_full_band.csv,0,total_im,1.815959478374285e-07,1.815959478310399e-07,True,6.38858718598795e-18,3.518022985805831e-11,1.0018159594783104e-12,direct_spectrum_or_response,True
magnetic_torus_full_band.csv,0,conduction_re,-0.0039229208738633,-0.0039229208738633,True,0.0,0.0,4.0229208738633004e-11,direct_spectrum_or_response,True
magnetic_torus_full_band.csv,0,conduction_im,1.0438845539973189e-06,1.043884553989767e-06,True,7.551933999482528e-18,7.234453245446296e-12,1.0104388455398977e-12,direct_spectrum_or_response,True
magnetic_torus_full_band.csv,0,interband_re,-0.0019375261758045,-0.0019375261758045,True,0.0,0.0,2.0375261758045002e-11,direct_spectrum_or_response,True
magnetic_torus_full_band.csv,0,interband_im,-8.609594375742333e-07,-8.609594375746947e-07,True,4.614211980167801e-19,5.359383704725907e-13,1.0086095943757468e-12,direct_spectrum_or_response,True
magnetic_torus_full_band.csv,0,other_re,-3.649650203123718e-09,-3.649650203123721e-09,True,3.308722450212111e-24,9.065861838978948e-16,1.0000364965020312e-12,direct_spectrum_or_response,True
magnetic_torus_full_band.csv,0,other_im,-1.3291685840421764e-09,-1.329168584042178e-09,True,1.6543612251060553e-24,1.2446586873690042e-15,1.0000132916858404e-12,direct_spectrum_or_response,True
magnetic_torus_full_band.csv,1,L,6.0,6.0,True,0.0,0.0,0.0,exact_discrete_parameter,True
magnetic_torus_full_band.csv,1,nphi,-1.0,-1.0,True,0.0,0.0,0.0,exact_discrete_parameter,True
magnetic_torus_full_band.csv,1,B,-0.1745329251994329,-0.1745329251994329,True,0.0,0.0,1.746329251994329e-09,direct_spectrum_or_response,True
magnetic_torus_full_band.csv,1,mu,0.7374615309379402,0.7374615309379385,True,1.6653345369377348e-15,2.258198518937908e-15,7.375615309379386e-09,direct_spectrum_or_response,True
magnetic_torus_full_band.csv,1,density,1.015528325889747,1.0155283258897465,True,4.440892098500626e-16,4.372986932304204e-16,1.0156283258897464e-08,direct_spectrum_or_response,True
magnetic_torus_full_band.csv,1,total_re,-0.0060556275494225,-0.0060556275494225,True,0.0,0.0,6.155627549422499e-11,direct_spectrum_or_response,True
magnetic_torus_full_band.csv,1,total_im,-2.1254944462028303e-06,-2.125494446212089e-06,True,9.258917146436757e-18,4.356123895283456e-12,1.0212549444621209e-12,direct_spectrum_or_response,True
magnetic_torus_full_band.csv,1,conduction_re,-0.0042398767452365,-0.0042398767452365,True,0.0,0.0,4.3398767452365004e-11,direct_spectrum_or_response,True
magnetic_torus_full_band.csv,1,conduction_im,-1.3645577464067008e-06,-1.364557746415376e-06,True,8.67509968754173e-18,6.357444168508645e-12,1.0136455774641538e-12,direct_spectrum_or_response,True
magnetic_torus_full_band.csv,1,interband_re,-0.0018157488494141,-0.0018157488494141,True,0.0,0.0,1.9157488494141e-11,direct_spectrum_or_response,True
magnetic_torus_full_band.csv,1,interband_im,-7.602247894370433e-07,-7.602247894373813e-07,True,3.3796614595446584e-19,4.445608070799481e-13,1.0076022478943737e-12,direct_spectrum_or_response,True
magnetic_torus_full_band.csv,1,other_re,-1.9547718463878313e-09,-1.9547718463878326e-09,True,1.2407709188295415e-24,6.347395073866686e-16,1.0000195477184638e-12,direct_spectrum_or_response,True
magnetic_torus_full_band.csv,1,other_im,-7.119103590934497e-10,-7.119103590934507e-10,True,1.0339757656912846e-24,1.4523960109359178e-15,1.0000071191035909e-12,direct_spectrum_or_response,True
magnetic_torus_full_band.csv,2,L,6.0,6.0,True,0.0,0.0,0.0,exact_discrete_parameter,True
magnetic_torus_full_band.csv,2,nphi,0.0,0.0,True,0.0,0.0,0.0,exact_discrete_parameter,True
magnetic_torus_full_band.csv,2,B,0.0,0.0,True,0.0,0.0,1e-12,direct_spectrum_or_response,True
magnetic_torus_full_band.csv,2,mu,0.7,0.7,True,0.0,0.0,7.001e-09,direct_spectrum_or_response,True
magnetic_torus_full_band.csv,2,density,1.0155283258897478,1.0155283258897478,True,0.0,0.0,1.0156283258897477e-08,direct_spectrum_or_response,True
magnetic_torus_full_band.csv,2,total_re,-0.005021109275616,-0.0050211092756161,True,1.0061396160665481e-16,2.0038193969460915e-14,5.1211092756161005e-11,direct_spectrum_or_response,True
magnetic_torus_full_band.csv,2,total_im,5.149746917994357e-06,5.149746917996279e-06,True,1.9219177573200075e-18,3.7320625419546026e-13,1.0514974691799627e-12,direct_spectrum_or_response,True
magnetic_torus_full_band.csv,2,conduction_re,-0.0029232251232269,-0.002923225123227,True,1.0018028073766061e-16,3.427046379071545e-14,3.0232251232270005e-11,direct_spectrum_or_response,True
magnetic_torus_full_band.csv,2,conduction_im,4.860306096170469e-06,4.860306096171613e-06,True,1.1443415117405598e-18,2.354463873462496e-13,1.048603060961716e-12,direct_spectrum_or_response,True
magnetic_torus_full_band.csv,2,interband_re,-0.0020978802222974,-0.0020978802222974,True,0.0,0.0,2.1978802222974e-11,direct_spectrum_or_response,True
magnetic_torus_full_band.csv,2,interband_im,2.885353307562829e-07,2.885353307561134e-07,True,1.6951246856926686e-19,5.874929358739381e-13,1.0028853533075612e-12,direct_spectrum_or_response,True
magnetic_torus_full_band.csv,2,other_re,-3.930091695727949e-09,-3.9300916957279585e-09,True,9.098986738083304e-24,2.3152097819941394e-15,1.0000393009169572e-12,direct_spectrum_or_response,True
magnetic_torus_full_band.csv,2,other_im,9.054910676830311e-10,9.054910676829711e-10,True,5.997059441009451e-23,6.622991275170845e-14,1.0000090549106768e-12,direct_spectrum_or_response,True
magnetic_torus_full_band.csv,3,L,6.0,6.0,True,0.0,0.0,0.0,exact_discrete_parameter,True
magnetic_torus_full_band.csv,3,nphi,0.0,0.0,True,0.0,0.0,0.0,exact_discrete_parameter,True
magnetic_torus_full_band.csv,3,B,0.0,0.0,True,0.0,0.0,1e-12,direct_spectrum_or_response,True
magnetic_torus_full_band.csv,3,mu,0.7,0.7,True,0.0,0.0,7.001e-09,direct_spectrum_or_response,True
magnetic_torus_full_band.csv,3,density,1.0155283258897478,1.0155283258897478,True,0.0,0.0,1.0156283258897477e-08,direct_spectrum_or_response,True
magnetic_torus_full_band.csv,3,total_re,-0.005021109275616,-0.0050211092756161,True,1.0061396160665481e-16,2.0038193969460915e-14,5.1211092756161005e-11,direct_spectrum_or_response,True
magnetic_torus_full_band.csv,3,total_im,5.149746917994357e-06,5.149746917996279e-06,True,1.9219177573200075e-18,3.7320625419546026e-13,1.0514974691799627e-12,direct_spectrum_or_response,True
magnetic_torus_full_band.csv,3,conduction_re,-0.0029232251232269,-0.002923225123227,True,1.0018028073766061e-16,3.427046379071545e-14,3.0232251232270005e-11,direct_spectrum_or_response,True
magnetic_torus_full_band.csv,3,conduction_im,4.860306096170469e-06,4.860306096171613e-06,True,1.1443415117405598e-18,2.354463873462496e-13,1.048603060961716e-12,direct_spectrum_or_response,True
magnetic_torus_full_band.csv,3,interband_re,-0.0020978802222974,-0.0020978802222974,True,0.0,0.0,2.1978802222974e-11,direct_spectrum_or_response,True
magnetic_torus_full_band.csv,3,interband_im,2.885353307562829e-07,2.885353307561134e-07,True,1.6951246856926686e-19,5.874929358739381e-13,1.0028853533075612e-12,direct_spectrum_or_response,True
magnetic_torus_full_band.csv,3,other_re,-3.930091695727949e-09,-3.9300916957279585e-09,True,9.098986738083304e-24,2.3152097819941394e-15,1.0000393009169572e-12,direct_spectrum_or_response,True
magnetic_torus_full_band.csv,3,other_im,9.054910676830311e-10,9.054910676829711e-10,True,5.997059441009451e-23,6.622991275170845e-14,1.0000090549106768e-12,direct_spectrum_or_response,True
magnetic_torus_full_band.csv,4,L,6.0,6.0,True,0.0,0.0,0.0,exact_discrete_parameter,True
magnetic_torus_full_band.csv,4,nphi,1.0,1.0,True,0.0,0.0,0.0,exact_discrete_parameter,True
magnetic_torus_full_band.csv,4,B,0.1745329251994329,0.1745329251994329,True,0.0,0.0,1.746329251994329e-09,direct_spectrum_or_response,True
magnetic_torus_full_band.csv,4,mu,0.7,0.7,True,0.0,0.0,7.001e-09,direct_spectrum_or_response,True
magnetic_torus_full_band.csv,4,density,1.0246990320700862,1.0246990320700862,True,0.0,0.0,1.0247990320700862e-08,direct_spectrum_or_response,True
magnetic_torus_full_band.csv,4,total_re,-0.0051223081755866,-0.0051223081755866,True,0.0,0.0,5.2223081755866e-11,direct_spectrum_or_response,True
magnetic_torus_full_band.csv,4,total_im,-1.1130499891075206e-06,-1.1130499891147968e-06,True,7.276224775151253e-18,6.537194956479897e-12,1.011130499891148e-12,direct_spectrum_or_response,True
magnetic_torus_full_band.csv,4,conduction_re,-0.0027050902791664,-0.0027050902791664,True,0.0,0.0,2.8050902791664e-11,direct_spectrum_or_response,True
magnetic_torus_full_band.csv,4,conduction_im,-1.0169359154438536e-06,-1.0169359154519928e-06,True,8.139139590166572e-18,8.00359144218936e-12,1.0101693591545199e-12,direct_spectrum_or_response,True
magnetic_torus_full_band.csv,4,interband_re,-0.002417217797259,-0.002417217797259,True,0.0,0.0,2.517217797259e-11,direct_spectrum_or_response,True
magnetic_torus_full_band.csv,4,interband_im,-9.60762671845585e-08,-9.607626718412201e-08,True,4.364866656319816e-19,4.543126813987184e-12,1.0009607626718412e-12,direct_spectrum_or_response,True
magnetic_torus_full_band.csv,4,other_re,-9.916123809692656e-11,-9.91612380969266e-11,True,3.877409121342317e-26,3.9102064433204103e-16,1.0000009916123809e-12,direct_spectrum_or_response,True
magnetic_torus_full_band.csv,4,other_im,-3.7806479703907314e-11,-3.7806479703907256e-11,True,5.816113682013476e-26,1.5383907011613111e-15,1.000000378064797e-12,direct_spectrum_or_response,True
magnetic_torus_full_band.csv,5,L,6.0,6.0,True,0.0,0.0,0.0,exact_discrete_parameter,True
magnetic_torus_full_band.csv,5,nphi,1.0,1.0,True,0.0,0.0,0.0,exact_discrete_parameter,True
magnetic_torus_full_band.csv,5,B,0.1745329251994329,0.1745329251994329,True,0.0,0.0,1.746329251994329e-09,direct_spectrum_or_response,True
magnetic_torus_full_band.csv,5,mu,0.2541285458641144,0.2541285458641158,True,1.4432899320127035e-15,5.679369576940168e-15,2.542285458641158e-09,direct_spectrum_or_response,True
magnetic_torus_full_band.csv,5,density,1.0155283258897478,1.0155283258897478,True,0.0,0.0,1.0156283258897477e-08,direct_spectrum_or_response,True
magnetic_torus_full_band.csv,5,total_re,-0.0045353948361958,-0.0045353948361958,True,0.0,0.0,4.6353948361958e-11,direct_spectrum_or_response,True
magnetic_torus_full_band.csv,5,total_im,-1.839425782184143e-06,-1.8394257821906703e-06,True,6.527447649778452e-18,3.5486333359993283e-12,1.0183942578219066e-12,direct_spectrum_or_response,True
magnetic_torus_full_band.csv,5,conduction_re,-0.0016371700286451,-0.0016371700286451,True,0.0,0.0,1.7371700286451e-11,direct_spectrum_or_response,True
magnetic_torus_full_band.csv,5,conduction_im,3.25839499890344e-05,3.2583949989031704e-05,True,2.6969529040576923e-18,8.276936666565996e-14,1.325839499890317e-12,direct_spectrum_or_response,True
magnetic_torus_full_band.csv,5,interband_re,-0.0028980574588586,-0.0028980574588586,True,0.0,0.0,2.9980574588586e-11,direct_spectrum_or_response,True
magnetic_torus_full_band.csv,5,interband_im,-3.43595786835229e-05,-3.43595786835256e-05,True,2.6969529040576923e-18,7.849202485567151e-14,1.343595786835256e-12,direct_spectrum_or_response,True
magnetic_torus_full_band.csv,5,other_re,-1.673486920564715e-07,-1.673486920564716e-07,True,1.0587911840678754e-22,6.326856643197353e-16,1.0016734869205647e-12,direct_spectrum_or_response,True
magnetic_torus_full_band.csv,5,other_im,-6.37970876962245e-08,-6.379708769622434e-08,True,1.5881867761018131e-22,2.4894346018804332e-15,1.0006379708769622e-12,direct_spectrum_or_response,True
magnetic_torus_full_band.csv,6,L,8.0,8.0,True,0.0,0.0,0.0,exact_discrete_parameter,True
magnetic_torus_full_band.csv,6,nphi,-1.0,-1.0,True,0.0,0.0,0.0,exact_discrete_parameter,True
magnetic_torus_full_band.csv,6,B,-0.098174770424681,-0.098174770424681,True,0.0,0.0,9.8274770424681e-10,direct_spectrum_or_response,True
magnetic_torus_full_band.csv,6,mu,0.7,0.7,True,0.0,0.0,7.001e-09,direct_spectrum_or_response,True
magnetic_torus_full_band.csv,6,density,1.0123553257003997,1.0123553257003994,True,2.220446049250313e-16,2.193346538394604e-16,1.0124553257003993e-08,direct_spectrum_or_response,True
magnetic_torus_full_band.csv,6,total_re,-0.0057254312178908,-0.0057254312178908,True,0.0,0.0,5.8254312178908e-11,direct_spectrum_or_response,True
magnetic_torus_full_band.csv,6,total_im,1.4301237195475202e-06,1.4301237195541106e-06,True,6.590339846112084e-18,4.608230571944394e-12,1.0143012371955411e-12,direct_spectrum_or_response,True
magnetic_torus_full_band.csv,6,conduction_re,-0.0036699680134352,-0.0036699680134352,True,0.0,0.0,3.7699680134352005e-11,direct_spectrum_or_response,True
magnetic_torus_full_band.csv,6,conduction_im,2.0523528795415343e-06,2.052352879547041e-06,True,5.5065611901002065e-18,2.683047951927018e-12,1.0205235287954704e-12,direct_spectrum_or_response,True
magnetic_torus_full_band.csv,6,interband_re,-0.0020554594001928,-0.0020554594001928,True,0.0,0.0,2.1554594001927998e-11,direct_spectrum_or_response,True
magnetic_torus_full_band.csv,6,interband_im,-6.208443940476821e-07,-6.208443940473731e-07,True,3.0895526751100605e-19,4.976372026118858e-13,1.0062084439404738e-12,direct_spectrum_or_response,True
magnetic_torus_full_band.csv,6,other_re,-3.804262684442082e-09,-3.8042626844420875e-09,True,5.790264287871194e-24,1.5220463906320293e-15,1.0000380426268444e-12,direct_spectrum_or_response,True
magnetic_torus_full_band.csv,6,other_im,-1.3847659457792955e-09,-1.3847659457793295e-09,True,3.3914405114674135e-23,2.4491073901725334e-14,1.0000138476594578e-12,direct_spectrum_or_response,True
magnetic_torus_full_band.csv,7,L,8.0,8.0,True,0.0,0.0,0.0,exact_discrete_parameter,True
magnetic_torus_full_band.csv,7,nphi,-1.0,-1.0,True,0.0,0.0,0.0,exact_discrete_parameter,True
magnetic_torus_full_band.csv,7,B,-0.098174770424681,-0.098174770424681,True,0.0,0.0,9.8274770424681e-10,direct_spectrum_or_response,True
magnetic_torus_full_band.csv,7,mu,0.7231746668609993,0.7231746668610001,True,7.771561172376096e-16,1.074645106984901e-15,7.232746668610001e-09,direct_spectrum_or_response,True
magnetic_torus_full_band.csv,7,density,1.014776968137516,1.0147769681375165,True,4.440892098500626e-16,4.376224764591645e-16,1.0148769681375165e-08,direct_spectrum_or_response,True
magnetic_torus_full_band.csv,7,total_re,-0.0058458438034932,-0.0058458438034932,True,0.0,0.0,5.945843803493199e-11,direct_spectrum_or_response,True
magnetic_torus_full_band.csv,7,total_im,7.431264545259424e-07,7.43126454537086e-07,True,1.1143565454077575e-17,1.499551709677623e-11,1.0074312645453709e-12,direct_spectrum_or_response,True
magnetic_torus_full_band.csv,7,conduction_re,-0.0038642715108698,-0.0038642715108698,True,0.0,0.0,3.9642715108698e-11,direct_spectrum_or_response,True
magnetic_torus_full_band.csv,7,conduction_im,1.1554245085590082e-06,1.155424508569489e-06,True,1.0480762172851085e-17,9.070919038948841e-12,1.0115542450856948e-12,direct_spectrum_or_response,True
magnetic_torus_full_band.csv,7,interband_re,-0.0019815697072264,-0.0019815697072264,True,0.0,0.0,2.0815697072264e-11,direct_spectrum_or_response,True
magnetic_torus_full_band.csv,7,interband_im,-4.113569586884123e-07,-4.113569586880161e-07,True,3.96199661078199e-19,9.631529325329517e-13,1.00411356958688e-12,direct_spectrum_or_response,True
magnetic_torus_full_band.csv,7,other_re,-2.585396891817425e-09,-2.5853968918174277e-09,True,2.481541837659083e-24,9.598301311156375e-16,1.0000258539689182e-12,direct_spectrum_or_response,True
magnetic_torus_full_band.csv,7,other_im,-9.41095345233845e-10,-9.410953452338676e-10,True,2.2540671692070004e-23,2.395152819129981e-14,1.0000094109534523e-12,direct_spectrum_or_response,True
magnetic_torus_full_band.csv,8,L,8.0,8.0,True,0.0,0.0,0.0,exact_discrete_parameter,True
magnetic_torus_full_band.csv,8,nphi,0.0,0.0,True,0.0,0.0,0.0,exact_discrete_parameter,True
magnetic_torus_full_band.csv,8,B,0.0,0.0,True,0.0,0.0,1e-12,direct_spectrum_or_response,True
magnetic_torus_full_band.csv,8,mu,0.7,0.7,True,0.0,0.0,7.001e-09,direct_spectrum_or_response,True
magnetic_torus_full_band.csv,8,density,1.0147769681375165,1.0147769681375165,True,0.0,0.0,1.0148769681375165e-08,direct_spectrum_or_response,True
magnetic_torus_full_band.csv,8,total_re,-0.005168692947601,-0.005168692947601,True,0.0,0.0,5.268692947601001e-11,direct_spectrum_or_response,True
magnetic_torus_full_band.csv,8,total_im,2.2570230034015168e-06,2.2570230034068056e-06,True,5.288873722655851e-18,2.343296330906994e-12,1.022570230034068e-12,direct_spectrum_or_response,True
magnetic_torus_full_band.csv,8,conduction_re,-0.0028935368255378,-0.0028935368255378,True,0.0,0.0,2.9935368255378e-11,direct_spectrum_or_response,True
magnetic_torus_full_band.csv,8,conduction_im,1.9588766579623187e-06,1.958876657968038e-06,True,5.719166459861036e-18,2.91961540130535e-12,1.0195887665796804e-12,direct_spectrum_or_response,True
magnetic_torus_full_band.csv,8,interband_re,-0.0022751530373719,-0.0022751530373719,True,0.0,0.0,2.3751530373719002e-11,direct_spectrum_or_response,True
magnetic_torus_full_band.csv,8,interband_im,2.9715744363910805e-07,2.9715744363936856e-07,True,2.6051557083990075e-19,8.766920580864313e-13,1.0029715744363938e-12,direct_spectrum_or_response,True
magnetic_torus_full_band.csv,8,other_re,-3.084691270686221e-09,-3.0846912706862196e-09,True,1.2407709188295415e-24,4.022350407058791e-16,1.000030846912707e-12,direct_spectrum_or_response,True
magnetic_torus_full_band.csv,8,other_im,9.88901800156594e-10,9.889018001565192e-10,True,7.4859845436049e-23,7.569997893036549e-14,1.0000098890180015e-12,direct_spectrum_or_response,True
magnetic_torus_full_band.csv,9,L,8.0,8.0,True,0.0,0.0,0.0,exact_discrete_parameter,True
magnetic_torus_full_band.csv,9,nphi,0.0,0.0,True,0.0,0.0,0.0,exact_discrete_parameter,True
magnetic_torus_full_band.csv,9,B,0.0,0.0,True,0.0,0.0,1e-12,direct_spectrum_or_response,True
magnetic_torus_full_band.csv,9,mu,0.7,0.7,True,0.0,0.0,7.001e-09,direct_spectrum_or_response,True
magnetic_torus_full_band.csv,9,density,1.0147769681375165,1.0147769681375165,True,0.0,0.0,1.0148769681375165e-08,direct_spectrum_or_response,True
magnetic_torus_full_band.csv,9,total_re,-0.005168692947601,-0.005168692947601,True,0.0,0.0,5.268692947601001e-11,direct_spectrum_or_response,True
magnetic_torus_full_band.csv,9,total_im,2.2570230034015168e-06,2.2570230034068056e-06,True,5.288873722655851e-18,2.343296330906994e-12,1.022570230034068e-12,direct_spectrum_or_response,True
magnetic_torus_full_band.csv,9,conduction_re,-0.0028935368255378,-0.0028935368255378,True,0.0,0.0,2.9935368255378e-11,direct_spectrum_or_response,True
magnetic_torus_full_band.csv,9,conduction_im,1.9588766579623187e-06,1.958876657968038e-06,True,5.719166459861036e-18,2.91961540130535e-12,1.0195887665796804e-12,direct_spectrum_or_response,True
magnetic_torus_full_band.csv,9,interband_re,-0.0022751530373719,-0.0022751530373719,True,0.0,0.0,2.3751530373719002e-11,direct_spectrum_or_response,True
magnetic_torus_full_band.csv,9,interband_im,2.9715744363910805e-07,2.9715744363936856e-07,True,2.6051557083990075e-19,8.766920580864313e-13,1.0029715744363938e-12,direct_spectrum_or_response,True
magnetic_torus_full_band.csv,9,other_re,-3.084691270686221e-09,-3.0846912706862196e-09,True,1.2407709188295415e-24,4.022350407058791e-16,1.000030846912707e-12,direct_spectrum_or_response,True
magnetic_torus_full_band.csv,9,other_im,9.88901800156594e-10,9.889018001565192e-10,True,7.4859845436049e-23,7.569997893036549e-14,1.0000098890180015e-12,direct_spectrum_or_response,True
magnetic_torus_full_band.csv,10,L,8.0,8.0,True,0.0,0.0,0.0,exact_discrete_parameter,True
magnetic_torus_full_band.csv,10,nphi,1.0,1.0,True,0.0,0.0,0.0,exact_discrete_parameter,True
magnetic_torus_full_band.csv,10,B,0.098174770424681,0.098174770424681,True,0.0,0.0,9.8274770424681e-10,direct_spectrum_or_response,True
magnetic_torus_full_band.csv,10,mu,0.7,0.7,True,0.0,0.0,7.001e-09,direct_spectrum_or_response,True
magnetic_torus_full_band.csv,10,density,1.0204538608160716,1.0204538608160716,True,0.0,0.0,1.0205538608160715e-08,direct_spectrum_or_response,True
magnetic_torus_full_band.csv,10,total_re,-0.0052640346855523,-0.0052640346855523,True,0.0,0.0,5.3640346855523e-11,direct_spectrum_or_response,True
magnetic_torus_full_band.csv,10,total_im,3.271992981310705e-07,3.271992981241689e-07,True,6.901624454228039e-18,2.1093029519913397e-11,1.0032719929812416e-12,direct_spectrum_or_response,True
magnetic_torus_full_band.csv,10,conduction_re,-0.0029158150257212,-0.0029158150257212,True,0.0,0.0,3.0158150257212e-11,direct_spectrum_or_response,True
magnetic_torus_full_band.csv,10,conduction_im,4.375568254346154e-07,4.375568254287929e-07,True,5.8225044794260605e-18,1.3306853284073849e-11,1.0043755682542879e-12,direct_spectrum_or_response,True
magnetic_torus_full_band.csv,10,interband_re,-0.0023482196196362,-0.0023482196196363,True,1.0018028073766061e-16,4.2662227970472735e-14,2.4482196196363e-11,direct_spectrum_or_response,True
magnetic_torus_full_band.csv,10,interband_im,-1.1034605829772162e-07,-1.1034605829824279e-07,True,5.2116349057781e-19,4.722991456289375e-12,1.0011034605829825e-12,direct_spectrum_or_response,True
magnetic_torus_full_band.csv,10,other_re,-4.019486054541716e-11,-4.0194860545416975e-11,True,1.8740810753154533e-25,4.66248930804945e-15,1.0000004019486055e-12,direct_spectrum_or_response,True
magnetic_torus_full_band.csv,10,other_im,-1.1469006328745738e-11,-1.1469006328745846e-11,True,1.0824433797080636e-25,9.437987465357257e-15,1.0000001146900633e-12,direct_spectrum_or_response,True
magnetic_torus_full_band.csv,11,L,8.0,8.0,True,0.0,0.0,0.0,exact_discrete_parameter,True
magnetic_torus_full_band.csv,11,nphi,1.0,1.0,True,0.0,0.0,0.0,exact_discrete_parameter,True
magnetic_torus_full_band.csv,11,B,0.098174770424681,0.098174770424681,True,0.0,0.0,9.8274770424681e-10,direct_spectrum_or_response,True
magnetic_torus_full_band.csv,11,mu,0.5840478034616637,0.5840478034616587,True,4.9960036108132044e-15,8.554100505475456e-15,5.841478034616588e-09,direct_spectrum_or_response,True
magnetic_torus_full_band.csv,11,density,1.0147769681375165,1.0147769681375165,True,0.0,0.0,1.0148769681375165e-08,direct_spectrum_or_response,True
magnetic_torus_full_band.csv,11,total_re,-0.0047078802801781,-0.0047078802801781,True,0.0,0.0,4.8078802801781e-11,direct_spectrum_or_response,True
magnetic_torus_full_band.csv,11,total_im,-1.8926064498512333e-06,-1.8926064498575515e-06,True,6.31823051180664e-18,3.338375240284205e-12,1.0189260644985755e-12,direct_spectrum_or_response,True
magnetic_torus_full_band.csv,11,conduction_re,-0.0020050442473644,-0.0020050442473644,True,0.0,0.0,2.1050442473643998e-11,direct_spectrum_or_response,True
magnetic_torus_full_band.csv,11,conduction_im,-1.8325871777113696e-06,-1.8325871777170104e-06,True,5.640815912240013e-18,3.078061431853515e-12,1.01832587177717e-12,direct_spectrum_or_response,True
magnetic_torus_full_band.csv,11,interband_re,-0.0027028357551875,-0.0027028357551875,True,0.0,0.0,2.8028357551875e-11,direct_spectrum_or_response,True
magnetic_torus_full_band.csv,11,interband_im,-5.99400556483871e-08,-5.994005564966447e-08,True,1.2773653891288875e-18,2.131071410068065e-11,1.0005994005564967e-12,direct_spectrum_or_response,True
magnetic_torus_full_band.csv,11,other_re,-2.7762619694074217e-10,-2.7762619694074104e-10,True,1.137373342260413e-24,4.09677960795315e-15,1.0000027762619694e-12,direct_spectrum_or_response,True
magnetic_torus_full_band.csv,11,other_im,-7.921649083402932e-11,-7.921649083402989e-11,True,5.686866711302065e-25,7.178892489970152e-15,1.0000007921649083e-12,direct_spectrum_or_response,True
magnetic_torus_summary.json,0,max_vertex,4.6697727500355304e-14,3.590142667735677e-14,True,1.0796300822998532e-14,0.30072066271973025,1e-11,Ward_vertex_absolute,
magnetic_torus_summary.json,0,max_left,4.033363233002315e-17,3.906078145139055e-17,True,1.2728508786325969e-18,0.032586416127301614,1e-12,Ward_response_absolute,
magnetic_torus_summary.json,0,max_right,3.991984696266706e-17,4.163844531097202e-17,True,1.7185983483049578e-18,0.041274315970968666,1e-12,Ward_response_absolute,
magnetic_torus_ward_rpa.csv,0,L,6.0,6.0,True,0.0,0.0,0.0,exact_discrete_parameter,True
magnetic_torus_ward_rpa.csv,0,nphi,-1.0,-1.0,True,0.0,0.0,0.0,exact_discrete_parameter,True
magnetic_torus_ward_rpa.csv,0,B,-0.1745329251994329,-0.1745329251994329,True,0.0,0.0,1.746329251994329e-09,direct_spectrum_or_response,True
magnetic_torus_ward_rpa.csv,0,V,0.0,0.0,True,0.0,0.0,1e-12,direct_spectrum_or_response,True
magnetic_torus_ward_rpa.csv,0,vertex,4.66977275003553e-14,3.531158588870703e-14,True,1.1386141611648266e-14,0.32244775546287935,1e-11,Ward_vertex_absolute,True
magnetic_torus_ward_rpa.csv,0,left,4.795373628609245e-18,1.3672800692140281e-17,True,8.877427063531036e-18,0.6492764184468925,1e-12,Ward_response_absolute,True
magnetic_torus_ward_rpa.csv,0,right,4.804327867908775e-18,1.3661915376675405e-17,True,8.85758750876663e-18,0.6483415585993846,1e-12,Ward_response_absolute,True
magnetic_torus_ward_rpa.csv,1,L,6.0,6.0,True,0.0,0.0,0.0,exact_discrete_parameter,True
magnetic_torus_ward_rpa.csv,1,nphi,-1.0,-1.0,True,0.0,0.0,0.0,exact_discrete_parameter,True
magnetic_torus_ward_rpa.csv,1,B,-0.1745329251994329,-0.1745329251994329,True,0.0,0.0,1.746329251994329e-09,direct_spectrum_or_response,True
magnetic_torus_ward_rpa.csv,1,V,0.8,0.8,True,0.0,0.0,8.001e-09,direct_spectrum_or_response,True
magnetic_torus_ward_rpa.csv,1,vertex,4.66977275003553e-14,3.531158588870703e-14,True,1.1386141611648266e-14,0.32244775546287935,1e-11,Ward_vertex_absolute,True
magnetic_torus_ward_rpa.csv,1,left,4.5797115580074115e-18,1.388945607535331e-17,True,9.309744517345899e-18,0.6702742329748924,1e-12,Ward_response_absolute,True
magnetic_torus_ward_rpa.csv,1,right,4.5890866170677735e-18,1.3878449536528033e-17,True,9.28936291946026e-18,0.6693372263962691,1e-12,Ward_response_absolute,True
magnetic_torus_ward_rpa.csv,2,L,6.0,6.0,True,0.0,0.0,0.0,exact_discrete_parameter,True
magnetic_torus_ward_rpa.csv,2,nphi,1.0,1.0,True,0.0,0.0,0.0,exact_discrete_parameter,True
magnetic_torus_ward_rpa.csv,2,B,0.1745329251994329,0.1745329251994329,True,0.0,0.0,1.746329251994329e-09,direct_spectrum_or_response,True
magnetic_torus_ward_rpa.csv,2,V,0.0,0.0,True,0.0,0.0,1e-12,direct_spectrum_or_response,True
magnetic_torus_ward_rpa.csv,2,vertex,2.067060040584526e-14,2.1094256307735465e-14,True,4.2365590189020324e-16,0.020083945871789022,1e-11,Ward_vertex_absolute,True
magnetic_torus_ward_rpa.csv,2,left,4.033363233002315e-17,3.862743182487993e-17,True,1.7062005051432175e-18,0.04417069488021861,1e-12,Ward_response_absolute,True
magnetic_torus_ward_rpa.csv,2,right,3.9919846962667055e-17,4.1203248854612043e-17,True,1.2834018919449881e-18,0.031148075154790417,1e-12,Ward_response_absolute,True
magnetic_torus_ward_rpa.csv,3,L,6.0,6.0,True,0.0,0.0,0.0,exact_discrete_parameter,True
magnetic_torus_ward_rpa.csv,3,nphi,1.0,1.0,True,0.0,0.0,0.0,exact_discrete_parameter,True
magnetic_torus_ward_rpa.csv,3,B,0.1745329251994329,0.1745329251994329,True,0.0,0.0,1.746329251994329e-09,direct_spectrum_or_response,True
magnetic_torus_ward_rpa.csv,3,V,0.8,0.8,True,0.0,0.0,8.001e-09,direct_spectrum_or_response,True
magnetic_torus_ward_rpa.csv,3,vertex,2.067060040584526e-14,2.1094256307735465e-14,True,4.2365590189020324e-16,0.020083945871789022,1e-11,Ward_vertex_absolute,True
magnetic_torus_ward_rpa.csv,3,left,3.990232252946287e-17,3.9060781451390545e-17,True,8.415410780723248e-19,0.021544399441152662,1e-12,Ward_response_absolute,True
magnetic_torus_ward_rpa.csv,3,right,3.991646048714828e-17,4.163844531097202e-17,True,1.7219848238237373e-18,0.0413556464695857,1e-12,Ward_response_absolute,True
magnetic_torus_ward_rpa.csv,4,L,8.0,8.0,True,0.0,0.0,0.0,exact_discrete_parameter,True
magnetic_torus_ward_rpa.csv,4,nphi,-1.0,-1.0,True,0.0,0.0,0.0,exact_discrete_parameter,True
magnetic_torus_ward_rpa.csv,4,B,-0.098174770424681,-0.098174770424681,True,0.0,0.0,9.8274770424681e-10,direct_spectrum_or_response,True
magnetic_torus_ward_rpa.csv,4,V,0.0,0.0,True,0.0,0.0,1e-12,direct_spectrum_or_response,True
magnetic_torus_ward_rpa.csv,4,vertex,3.2918112721390736e-14,3.590142667735677e-14,True,2.9833139559660367e-15,0.08309736498153232,1e-11,Ward_vertex_absolute,True
magnetic_torus_ward_rpa.csv,4,left,3.3179077657901243e-17,1.803545546893004e-17,True,1.5143622188971203e-17,0.8396584280923405,1e-12,Ward_response_absolute,True
magnetic_torus_ward_rpa.csv,4,right,3.2759965232600736e-17,1.800234782481646e-17,True,1.4757617407784276e-17,0.8197607085138483,1e-12,Ward_response_absolute,True
magnetic_torus_ward_rpa.csv,5,L,8.0,8.0,True,0.0,0.0,0.0,exact_discrete_parameter,True
magnetic_torus_ward_rpa.csv,5,nphi,-1.0,-1.0,True,0.0,0.0,0.0,exact_discrete_parameter,True
magnetic_torus_ward_rpa.csv,5,B,-0.098174770424681,-0.098174770424681,True,0.0,0.0,9.8274770424681e-10,direct_spectrum_or_response,True
magnetic_torus_ward_rpa.csv,5,V,0.8,0.8,True,0.0,0.0,8.001e-09,direct_spectrum_or_response,True
magnetic_torus_ward_rpa.csv,5,vertex,3.2918112721390736e-14,3.590142667735677e-14,True,2.9833139559660367e-15,0.08309736498153232,1e-11,Ward_vertex_absolute,True
magnetic_torus_ward_rpa.csv,5,left,3.296259908368964e-17,1.803545546893004e-17,True,1.49271436147596e-17,0.8276554834156987,1e-12,Ward_response_absolute,True
magnetic_torus_ward_rpa.csv,5,right,3.2760851058462775e-17,1.800234782481646e-17,True,1.4758503233646315e-17,0.8198099146435519,1e-12,Ward_response_absolute,True
magnetic_torus_ward_rpa.csv,6,L,8.0,8.0,True,0.0,0.0,0.0,exact_discrete_parameter,True
magnetic_torus_ward_rpa.csv,6,nphi,1.0,1.0,True,0.0,0.0,0.0,exact_discrete_parameter,True
magnetic_torus_ward_rpa.csv,6,B,0.098174770424681,0.098174770424681,True,0.0,0.0,9.8274770424681e-10,direct_spectrum_or_response,True
magnetic_torus_ward_rpa.csv,6,V,0.0,0.0,True,0.0,0.0,1e-12,direct_spectrum_or_response,True
magnetic_torus_ward_rpa.csv,6,vertex,2.2905423476680316e-14,2.3359077716958335e-14,True,4.536542402780189e-16,0.019420896911039976,1e-11,Ward_vertex_absolute,True
magnetic_torus_ward_rpa.csv,6,left,1.9515940269685426e-17,1.1016262377907173e-17,True,8.499677891778253e-18,0.7715573213673755,1e-12,Ward_response_absolute,True
magnetic_torus_ward_rpa.csv,6,right,1.865111372650008e-17,1.0464657362886004e-17,True,8.186456363614075e-18,0.7822956910799769,1e-12,Ward_response_absolute,True
magnetic_torus_ward_rpa.csv,7,L,8.0,8.0,True,0.0,0.0,0.0,exact_discrete_parameter,True
magnetic_torus_ward_rpa.csv,7,nphi,1.0,1.0,True,0.0,0.0,0.0,exact_discrete_parameter,True
magnetic_torus_ward_rpa.csv,7,B,0.098174770424681,0.098174770424681,True,0.0,0.0,9.8274770424681e-10,direct_spectrum_or_response,True
magnetic_torus_ward_rpa.csv,7,V,0.8,0.8,True,0.0,0.0,8.001e-09,direct_spectrum_or_response,True
magnetic_torus_ward_rpa.csv,7,vertex,2.2905423476680316e-14,2.3359077716958335e-14,True,4.536542402780189e-16,0.019420896911039976,1e-11,Ward_vertex_absolute,True
magnetic_torus_ward_rpa.csv,7,left,1.951563910473908e-17,1.1016262377907173e-17,True,8.499376726831907e-18,0.7715299831526512,1e-12,Ward_response_absolute,True
magnetic_torus_ward_rpa.csv,7,right,1.865331948590913e-17,1.0033410995490056e-17,True,8.619908490419074e-18,0.8591204421201981,1e-12,Ward_response_absolute,True
slab_chain_rule_summary.json,0,Lx,22.0,22.0,True,0.0,0.0,0.0,exact_discrete_parameter,
slab_chain_rule_summary.json,0,Nky,64.0,64.0,True,0.0,0.0,0.0,exact_discrete_parameter,
slab_chain_rule_summary.json,0,Nkz,36.0,36.0,True,0.0,0.0,0.0,exact_discrete_parameter,
slab_chain_rule_summary.json,0,mu0,0.7,0.7,True,0.0,0.0,1.42e-06,B2_subtraction_coefficients,
slab_chain_rule_summary.json,0,T,0.05,0.05,True,0.0,0.0,1.2e-07,B2_subtraction_coefficients,
slab_chain_rule_summary.json,0,q,0.17453292519943295,0.17453292519943295,True,0.0,0.0,3.690658503988659e-07,B2_subtraction_coefficients,
slab_chain_rule_summary.json,0,n0,1.0186105692522918,1.0186105692522918,True,0.0,0.0,2.0572211385045832e-06,B2_subtraction_coefficients,
slab_chain_rule_summary.json,0,n0p,0.07737942706032008,0.07737942706032008,True,0.0,0.0,1.7475885412064016e-07,B2_subtraction_coefficients,
slab_chain_rule_summary.json,0,n2,0.05051069780573876,0.05051069780573873,True,2.7755575615628914e-17,5.494989541101823e-16,1.2102139561147746e-07,B2_subtraction_coefficients,
slab_chain_rule_summary.json,0,mu2_fit,-0.6527665030908956,-0.6527665086423985,True,5.551502924028284e-09,8.504576828817566e-09,1.325533017284797e-06,B2_subtraction_coefficients,
slab_chain_rule_summary.json,0,mu2_chain,-0.652766500407968,-0.6527665004079677,True,3.3306690738754696e-16,5.102389708714923e-16,1.3255330008159353e-06,B2_subtraction_coefficients,
slab_chain_rule_summary.json,0,mu2_relerr,4.11008760359266e-09,1.2614665090282529e-08,True,8.504577486689868e-09,0.6741817896728158,1e-06,chain_rule_relative_residual_absolute,
slab_chain_rule_summary.json,0,K2mu_re,-0.001676425627644303,-0.001676425624967639,True,2.676663795123102e-12,1.5966492967290278e-09,2.335285124993528e-08,B2_subtraction_coefficients,
slab_chain_rule_summary.json,0,K2mu_im,2.6439317574837584e-05,2.643931738478365e-05,True,1.9005393572389846e-13,7.188307207707196e-09,2.0052878634769566e-08,B2_subtraction_coefficients,
slab_chain_rule_summary.json,0,K2n_re,0.003906709040343724,0.003906709090961017,True,5.061729247551883e-11,1.2956504130965996e-08,2.7813418181922034e-08,B2_subtraction_coefficients,
slab_chain_rule_summary.json,0,K2n_im,2.7040268007720402e-05,2.7040268157348816e-05,True,1.496284141781854e-13,5.533540322436501e-09,2.0054080536314698e-08,B2_subtraction_coefficients,
slab_chain_rule_summary.json,0,K2chain_re,0.003906709011109644,0.003906709013786305,True,2.6766609761974536e-12,6.851447002456133e-10,2.781341802757261e-08,B2_subtraction_coefficients,
slab_chain_rule_summary.json,0,K2chain_im,2.7040268773346958e-05,2.704026858178601e-05,True,1.915609462504672e-13,7.08428415461451e-09,2.0054080537163573e-08,B2_subtraction_coefficients,
slab_chain_rule_summary.json,0,K2_relerr,7.485431762398155e-09,1.9754230144913712e-08,True,1.2268798382515557e-08,0.6210719573738746,1e-06,chain_rule_relative_residual_absolute,
slab_chain_rule_summary.json,0,max_vertex,1.1038627990074341e-13,1.0946799831908565e-13,True,9.182815816577637e-16,0.008388584753153946,1e-11,Ward_vertex_absolute,
slab_chain_rule_summary.json,0,max_left,3.383236332131664e-17,3.8598549051163314e-17,True,4.766185729846675e-18,0.1234809558133644,1e-12,Ward_response_absolute,
slab_chain_rule_summary.json,0,max_right,3.426597767462979e-17,3.860140404241587e-17,True,4.335426367786077e-18,0.11231266000123306,1e-12,Ward_response_absolute,
slab_full_band_fits.csv,0,c2_re,-0.0016764256276443,-0.0016764256249676,True,2.676700007475663e-12,1.5966708976590566e-09,2.33528512499352e-08,B2_subtraction_coefficients,True
slab_full_band_fits.csv,0,c2_im,2.6439317574837584e-05,2.643931738478365e-05,True,1.9005393572389846e-13,7.188307207707196e-09,2.0052878634769566e-08,B2_subtraction_coefficients,True
slab_full_band_fits.csv,1,c2_re,-0.015544229603696,-0.0155442296050468,True,1.350799680444048e-12,8.690039421480747e-11,5.1088459210093603e-08,B2_subtraction_coefficients,True
slab_full_band_fits.csv,1,c2_im,-1.143608829114965e-05,-1.143608818166102e-05,True,1.0948863072689913e-13,9.573958244085225e-09,2.0022872176363323e-08,B2_subtraction_coefficients,True
slab_full_band_fits.csv,2,c2_re,0.0138685789733496,0.0138685789726347,True,7.149003611317539e-13,5.1548205662770934e-11,4.77371579452694e-08,B2_subtraction_coefficients,True
slab_full_band_fits.csv,2,c2_im,3.76184430981165e-05,3.761844312372132e-05,True,2.5604823437278684e-14,6.806454842660109e-10,2.0075236886247445e-08,B2_subtraction_coefficients,True
slab_full_band_fits.csv,3,c2_re,-7.750153458994294e-07,-7.750153458993957e-07,True,3.366955965335844e-20,4.3443732864780026e-14,2.00015500306918e-08,B2_subtraction_coefficients,True
slab_full_band_fits.csv,3,c2_im,2.56962950093359e-07,2.569629500937895e-07,True,4.3050449544199815e-19,1.6753562927451887e-12,2.0000513925900187e-08,B2_subtraction_coefficients,True
slab_full_band_fits.csv,4,c2_re,0.0039067090403437,0.003906709090961,True,5.061730028177447e-11,1.2956506129132656e-08,2.7813418181922e-08,B2_subtraction_coefficients,True
slab_full_band_fits.csv,4,c2_im,2.70402680077204e-05,2.7040268157348816e-05,True,1.496284175663172e-13,5.53354044773599e-09,2.0054080536314698e-08,B2_subtraction_coefficients,True
slab_full_band_fits.csv,5,c2_re,-0.0094195612525988,-0.0094195611982506,True,5.434819955185688e-11,5.76971669996161e-09,3.88391223965012e-08,B2_subtraction_coefficients,True
slab_full_band_fits.csv,5,c2_im,-1.0846584344925269e-05,-1.0846584903383867e-05,True,5.584585985790374e-13,5.148704440646678e-08,2.002169316980677e-08,B2_subtraction_coefficients,True
slab_full_band_fits.csv,6,c2_re,0.0133270458444923,0.0133270458385937,True,5.898599317322173e-12,4.4260366391480846e-10,4.66540916771874e-08,B2_subtraction_coefficients,True
slab_full_band_fits.csv,6,c2_im,3.762987474392588e-05,3.762987476998423e-05,True,2.605834520602937e-14,6.924908829836186e-10,2.007525974953997e-08,B2_subtraction_coefficients,True
slab_full_band_fits.csv,7,c2_re,-7.755682007779596e-07,-7.755682007779499e-07,True,9.740878893424454e-21,1.2559667716718738e-14,2.0001551136401555e-08,B2_subtraction_coefficients,True
slab_full_band_fits.csv,7,c2_im,2.569786673210192e-07,2.5697866732143656e-07,True,4.173754847595565e-19,1.6241639397930677e-12,2.0000513957334645e-08,B2_subtraction_coefficients,True
slab_full_band_raw.csv,0,B,0.0008,0.0008,True,0.0,0.0,2.16e-08,B2_subtraction_coefficients,True
slab_full_band_raw.csv,0,q2,0.050485179231563,0.050485179231563,True,0.0,0.0,1.20970358463126e-07,B2_subtraction_coefficients,True
slab_full_band_raw.csv,0,mu2q,-0.6524367971230682,-0.6524368005925152,True,3.469446951953614e-09,5.317675135435051e-09,1.3248736011850304e-06,B2_subtraction_coefficients,True
slab_full_band_raw.csv,0,q2_imag,,,True,0.0,,0.0,matching_missing_value,True
slab_full_band_raw.csv,1,B,0.0008,0.0008,True,0.0,0.0,2.16e-08,B2_subtraction_coefficients,True
slab_full_band_raw.csv,1,q2,-0.0016744326669019,-0.0016744326655467,True,1.3552000233812977e-12,8.09348773029835e-10,2.33488653310934e-08,B2_subtraction_coefficients,True
slab_full_band_raw.csv,1,mu2q,-0.6524367971230682,-0.6524368005925152,True,3.469446951953614e-09,5.317675135435051e-09,1.3248736011850304e-06,B2_subtraction_coefficients,True
slab_full_band_raw.csv,1,q2_imag,2.630577940103418e-05,2.6305779499327143e-05,True,9.829296258217005e-14,3.7365538848481645e-09,2.0052611558998655e-08,B2_subtraction_coefficients,True
slab_full_band_raw.csv,2,B,0.0008,0.0008,True,0.0,0.0,2.16e-08,B2_subtraction_coefficients,True
slab_full_band_raw.csv,2,q2,-0.0200541281727994,-0.020054128173477,True,6.776003369513006e-13,3.378857116548576e-11,6.0108256346954e-08,B2_subtraction_coefficients,True
slab_full_band_raw.csv,2,mu2q,-0.6524367971230682,-0.6524368005925152,True,3.469446951953614e-09,5.317675135435051e-09,1.3248736011850304e-06,B2_subtraction_coefficients,True
slab_full_band_raw.csv,2,q2_imag,2.5283047923610716e-05,2.5283048113215372e-05,True,1.8960465589614763e-13,7.49927995418566e-09,2.005056609622643e-08,B2_subtraction_coefficients,True
slab_full_band_raw.csv,3,B,0.0008,0.0008,True,0.0,0.0,2.16e-08,B2_subtraction_coefficients,True
slab_full_band_raw.csv,3,q2,0.0183798790936819,0.0183798790931737,True,5.082011200752135e-13,2.7649861976728657e-11,5.6759758186347396e-08,B2_subtraction_coefficients,True
slab_full_band_raw.csv,3,mu2q,-0.6524367971230682,-0.6524368005925152,True,3.469446951953614e-09,5.317675135435051e-09,1.3248736011850304e-06,B2_subtraction_coefficients,True
slab_full_band_raw.csv,3,q2_imag,1.175847821672988e-06,1.1758478368946209e-06,True,1.5221632895445953e-14,1.2945240377059188e-08,2.000235169567379e-08,B2_subtraction_coefficients,True
slab_full_band_raw.csv,4,B,0.0008,0.0008,True,0.0,0.0,2.16e-08,B2_subtraction_coefficients,True
slab_full_band_raw.csv,4,q2,-1.835999999968227e-07,-1.835999999967924e-07,True,3.0307897643942934e-20,1.6507569523133132e-13,2.0000367199999995e-08,B2_subtraction_coefficients,True
slab_full_band_raw.csv,4,mu2q,-0.6524367971230682,-0.6524368005925152,True,3.469446951953614e-09,5.317675135435051e-09,1.3248736011850304e-06,B2_subtraction_coefficients,True
slab_full_band_raw.csv,4,q2_imag,-1.5311614212746177e-07,-1.5311614212713352e-07,True,3.282517368406431e-19,2.1438088256435635e-12,2.0000306232284256e-08,B2_subtraction_coefficients,True
slab_full_band_raw.csv,5,B,0.0008,0.0008,True,0.0,0.0,2.16e-08,B2_subtraction_coefficients,True
slab_full_band_raw.csv,5,q2,0.0039058622506552,0.003905862281826,True,3.117079988221305e-11,7.980516882853491e-09,2.7811724563652002e-08,B2_subtraction_coefficients,True
slab_full_band_raw.csv,5,mu2q,-0.6524367971230682,-0.6524368005925152,True,3.469446951953614e-09,5.317675135435051e-09,1.3248736011850304e-06,B2_subtraction_coefficients,True
slab_full_band_raw.csv,5,q2_imag,2.690642020645706e-05,2.690642049695061e-05,True,2.9049355084495403e-13,1.0796439863781828e-08,2.0053812840993902e-08,B2_subtraction_coefficients,True
slab_full_band_raw.csv,6,B,0.0008,0.0008,True,0.0,0.0,2.16e-08,B2_subtraction_coefficients,True
slab_full_band_raw.csv,6,q2,-0.0139326291335225,-0.0139326290996412,True,3.3881300542937254e-11,2.431795198209201e-09,4.78652581992824e-08,B2_subtraction_coefficients,True
slab_full_band_raw.csv,6,mu2q,-0.6524367971230682,-0.6524368005925152,True,3.469446951953614e-09,5.317675135435051e-09,1.3248736011850304e-06,B2_subtraction_coefficients,True
slab_full_band_raw.csv,6,q2_imag,2.5875564752304477e-05,2.5875564501452255e-05,True,2.5085222256620437e-13,9.694560385421751e-09,2.0051751129002906e-08,B2_subtraction_coefficients,True
slab_full_band_raw.csv,7,B,0.0008,0.0008,True,0.0,0.0,2.16e-08,B2_subtraction_coefficients,True
slab_full_band_raw.csv,7,q2,0.0178386755120304,0.0178386755083034,True,3.726997876984939e-12,2.0892794844830977e-10,5.56773510166068e-08,B2_subtraction_coefficients,True
slab_full_band_raw.csv,7,mu2q,-0.6524367971230682,-0.6524368005925152,True,3.469446951953614e-09,5.317675135435051e-09,1.3248736011850304e-06,B2_subtraction_coefficients,True
slab_full_band_raw.csv,7,q2_imag,1.1839693481051598e-06,1.1839693635057995e-06,True,1.5400639756320994e-14,1.3007633669437897e-08,2.000236793872701e-08,B2_subtraction_coefficients,True
slab_full_band_raw.csv,8,B,0.0008,0.0008,True,0.0,0.0,2.16e-08,B2_subtraction_coefficients,True
slab_full_band_raw.csv,8,q2,-1.841401157999564e-07,-1.841401157999463e-07,True,1.0084986028246513e-20,5.476800090211225e-14,2.00003682802316e-08,B2_subtraction_coefficients,True
slab_full_band_raw.csv,8,mu2q,-0.6524367971230682,-0.6524368005925152,True,3.469446951953614e-09,5.317675135435051e-09,1.3248736011850304e-06,B2_subtraction_coefficients,True
slab_full_band_raw.csv,8,q2_imag,-1.5311318211978677e-07,-1.5311318211946518e-07,True,3.2158135238101546e-19,2.100285213392695e-12,2.000030622636424e-08,B2_subtraction_coefficients,True
slab_full_band_raw.csv,9,B,0.0012,0.0012,True,0.0,0.0,2.24e-08,B2_subtraction_coefficients,True
slab_full_band_raw.csv,9,q2,0.0504538756452967,0.0504538756452967,True,0.0,0.0,1.209077512905934e-07,B2_subtraction_coefficients,True
slab_full_band_raw.csv,9,mu2q,-0.6520323480215438,-0.652032350026113,True,2.004569288338587e-09,3.0743402352019903e-09,1.324064700052226e-06,B2_subtraction_coefficients,True
slab_full_band_raw.csv,9,q2_imag,,,True,0.0,,0.0,matching_missing_value,True
slab_full_band_raw.csv,10,B,0.0012,0.0012,True,0.0,0.0,2.24e-08,B2_subtraction_coefficients,True
slab_full_band_raw.csv,10,q2,-0.0016719779146741,-0.0016719779170835,True,2.409399936509349e-12,1.4410477027783744e-09,2.3343955834167e-08,B2_subtraction_coefficients,True
slab_full_band_raw.csv,10,mu2q,-0.6520323480215438,-0.652032350026113,True,2.004569288338587e-09,3.0743402352019903e-09,1.324064700052226e-06,B2_subtraction_coefficients,True
slab_full_band_raw.csv,10,q2_imag,2.6139250527856213e-05,2.6139250837714625e-05,True,3.0985841130881826e-13,1.1854142769147145e-08,2.005227850167543e-08,B2_subtraction_coefficients,True
slab_full_band_raw.csv,11,B,0.0012,0.0012,True,0.0,0.0,2.24e-08,B2_subtraction_coefficients,True
slab_full_band_raw.csv,11,q2,-0.029771487100018,-0.0297714871009215,True,9.034994974399524e-13,3.0347812132366974e-11,7.9542974201843e-08,B2_subtraction_coefficients,True
slab_full_band_raw.csv,11,mu2q,-0.6520323480215438,-0.652032350026113,True,2.004569288338587e-09,3.0743402352019903e-09,1.324064700052226e-06,B2_subtraction_coefficients,True
slab_full_band_raw.csv,11,q2_imag,0.0001135050216517,0.0001135050219094,True,2.5770000283004135e-13,2.2703841512469655e-09,2.02270100438188e-08,B2_subtraction_coefficients,True
slab_full_band_raw.csv,12,B,0.0012,0.0012,True,0.0,0.0,2.24e-08,B2_subtraction_coefficients,True
slab_full_band_raw.csv,12,q2,0.0280987830352166,0.0280987830348402,True,3.764002998174476e-13,1.339560860521048e-11,7.619756606968039e-08,B2_subtraction_coefficients,True
slab_full_band_raw.csv,12,mu2q,-0.6520323480215438,-0.652032350026113,True,2.004569288338587e-09,3.0743402352019903e-09,1.324064700052226e-06,B2_subtraction_coefficients,True
slab_full_band_raw.csv,12,q2_imag,-8.617383285631292e-05,-8.617383285666431e-05,True,3.51389924102552e-16,4.077687071051256e-12,2.0172347665713327e-08,B2_subtraction_coefficients,True
slab_full_band_raw.csv,13,B,0.0012,0.0012,True,0.0,0.0,2.24e-08,B2_subtraction_coefficients,True
slab_full_band_raw.csv,13,q2,7.261481637215043e-07,7.261481637215492e-07,True,4.489274620447792e-20,6.182312157122333e-14,2.0001452296327442e-08,B2_subtraction_coefficients,True
slab_full_band_raw.csv,13,mu2q,-0.6520323480215438,-0.652032350026113,True,2.004569288338587e-09,3.0743402352019903e-09,1.324064700052226e-06,B2_subtraction_coefficients,True
slab_full_band_raw.csv,13,q2_imag,-1.1919380768129285e-06,-1.1919380768124537e-06,True,4.747619669360353e-19,3.9831093256595164e-13,2.0002383876153625e-08,B2_subtraction_coefficients,True
slab_full_band_raw.csv,14,B,0.0012,0.0012,True,0.0,0.0,2.24e-08,B2_subtraction_coefficients,True
slab_full_band_raw.csv,14,q2,0.0039048330830367,0.0039048330999021,True,1.6865400135485098e-11,4.319109089683741e-09,2.78096661998042e-08,B2_subtraction_coefficients,True
slab_full_band_raw.csv,14,mu2q,-0.6520323480215438,-0.652032350026113,True,2.004569288338587e-09,3.0743402352019903e-09,1.324064700052226e-06,B2_subtraction_coefficients,True
slab_full_band_raw.csv,14,q2_imag,2.673951861671877e-05,2.673951894591511e-05,True,3.291963395130916e-13,1.2311228940914871e-08,2.0053479037891832e-08,B2_subtraction_coefficients,True
slab_full_band_raw.csv,15,B,0.0012,0.0012,True,0.0,0.0,2.24e-08,B2_subtraction_coefficients,True
slab_full_band_raw.csv,15,q2,-0.0236538752108854,-0.0236538751946224,True,1.626300136226e-11,6.87540676884831e-10,6.73077503892448e-08,B2_subtraction_coefficients,True
slab_full_band_raw.csv,15,mu2q,-0.6520323480215438,-0.652032350026113,True,2.004569288338587e-09,3.0743402352019903e-09,1.324064700052226e-06,B2_subtraction_coefficients,True
slab_full_band_raw.csv,15,q2_imag,0.0001141027192746,0.0001141027193099,True,3.5299996432869296e-14,3.0937033443519806e-10,2.02282054386198e-08,B2_subtraction_coefficients,True
slab_full_band_raw.csv,16,B,0.0012,0.0012,True,0.0,0.0,2.24e-08,B2_subtraction_coefficients,True
slab_full_band_raw.csv,16,q2,0.0275579826712142,0.0275579826694072,True,1.8069989948799048e-12,6.557080090212477e-11,7.51159653388144e-08,B2_subtraction_coefficients,True
slab_full_band_raw.csv,16,mu2q,-0.6520323480215438,-0.652032350026113,True,2.004569288338587e-09,3.0743402352019903e-09,1.324064700052226e-06,B2_subtraction_coefficients,True
slab_full_band_raw.csv,16,q2_imag,-8.617124416266436e-05,-8.617124416239602e-05,True,2.6834003769016235e-16,3.1140323004325657e-12,2.017234248832479e-08,B2_subtraction_coefficients,True
slab_full_band_raw.csv,17,B,0.0012,0.0012,True,0.0,0.0,2.24e-08,B2_subtraction_coefficients,True
slab_full_band_raw.csv,17,q2,7.256235576387543e-07,7.256235576388081e-07,True,5.378659215064807e-20,7.412464987447568e-14,2.0001451247115278e-08,B2_subtraction_coefficients,True
slab_full_band_raw.csv,17,mu2q,-0.6520323480215438,-0.652032350026113,True,2.004569288338587e-09,3.0743402352019903e-09,1.324064700052226e-06,B2_subtraction_coefficients,True
slab_full_band_raw.csv,17,q2_imag,-1.1919562405959036e-06,-1.1919562405954316e-06,True,4.720091098574589e-19,3.959953342093085e-13,2.000238391248119e-08,B2_subtraction_coefficients,True
slab_full_band_raw.csv,18,B,0.0016,0.0016,True,0.0,0.0,2.32e-08,B2_subtraction_coefficients,True
slab_full_band_raw.csv,18,q2,0.0504111953569808,0.0504111953569808,True,0.0,0.0,1.208223907139616e-07,B2_subtraction_coefficients,True
slab_full_band_raw.csv,18,mu2q,-0.65148091110169,-0.65148091110169,True,0.0,0.0,1.32296182220338e-06,B2_subtraction_coefficients,True
slab_full_band_raw.csv,18,q2_imag,,,True,0.0,,0.0,matching_missing_value,True
slab_full_band_raw.csv,19,B,0.0016,0.0016,True,0.0,0.0,2.32e-08,B2_subtraction_coefficients,True
slab_full_band_raw.csv,19,q2,-0.0016686108586836,-0.0016686108590224,True,3.387999516352158e-13,2.030431180543262e-10,2.33372217180448e-08,B2_subtraction_coefficients,True
slab_full_band_raw.csv,19,mu2q,-0.65148091110169,-0.65148091110169,True,0.0,0.0,1.32296182220338e-06,B2_subtraction_coefficients,True
slab_full_band_raw.csv,19,q2_imag,2.5906816672517453e-05,2.590681699264782e-05,True,3.20130366307644e-13,1.2356993388979235e-08,2.0051813633985294e-08,B2_subtraction_coefficients,True
slab_full_band_raw.csv,20,B,0.0016,0.0016,True,0.0,0.0,2.32e-08,B2_subtraction_coefficients,True
slab_full_band_raw.csv,20,q2,-0.0250826175161275,-0.0250826175161275,True,0.0,0.0,7.0165235032255e-08,B2_subtraction_coefficients,True
slab_full_band_raw.csv,20,mu2q,-0.65148091110169,-0.65148091110169,True,0.0,0.0,1.32296182220338e-06,B2_subtraction_coefficients,True
slab_full_band_raw.csv,20,q2_imag,7.505113194375555e-05,7.50511320815039e-05,True,1.3774834680020664e-13,1.8353933242554548e-09,2.015010226416301e-08,B2_subtraction_coefficients,True
slab_full_band_raw.csv,21,B,0.0016,0.0016,True,0.0,0.0,2.32e-08,B2_subtraction_coefficients,True
slab_full_band_raw.csv,21,q2,0.0234132452290768,0.0234132452289497,True,1.270997196378687e-13,5.4285392048392386e-12,6.682649045789939e-08,B2_subtraction_coefficients,True
slab_full_band_raw.csv,21,mu2q,-0.65148091110169,-0.65148091110169,True,0.0,0.0,1.32296182220338e-06,B2_subtraction_coefficients,True
slab_full_band_raw.csv,21,q2_imag,-4.84584870321044e-05,-4.845848703284951e-05,True,7.451111667770849e-16,1.5376277973185205e-11,2.00969169740657e-08,B2_subtraction_coefficients,True
slab_full_band_raw.csv,22,B,0.0016,0.0016,True,0.0,0.0,2.32e-08,B2_subtraction_coefficients,True
slab_full_band_raw.csv,22,q2,7.614261997398609e-07,7.614261997398837e-07,True,2.2764010457459322e-20,2.9896542127439137e-14,2.000152285239948e-08,B2_subtraction_coefficients,True
slab_full_band_raw.csv,22,mu2q,-0.65148091110169,-0.65148091110169,True,0.0,0.0,1.32296182220338e-06,B2_subtraction_coefficients,True
slab_full_band_raw.csv,22,q2_imag,-6.858280591118037e-07,-6.858280591116983e-07,True,1.053497228147536e-19,1.53609525616676e-13,2.0001371656118223e-08,B2_subtraction_coefficients,True
slab_full_band_raw.csv,23,B,0.0016,0.0016,True,0.0,0.0,2.32e-08,B2_subtraction_coefficients,True
slab_full_band_raw.csv,23,q2,0.0039034492628362,0.0039034492618197,True,1.0165002520268196e-12,2.604107761741343e-10,2.78068985236394e-08,B2_subtraction_coefficients,True
slab_full_band_raw.csv,23,mu2q,-0.65148091110169,-0.65148091110169,True,0.0,0.0,1.32296182220338e-06,B2_subtraction_coefficients,True
slab_full_band_raw.csv,23,q2_imag,2.6506590664222584e-05,2.650659094422484e-05,True,2.800022549703709e-13,1.0563495530585262e-08,2.005301318188845e-08,B2_subtraction_coefficients,True
slab_full_band_raw.csv,24,B,0.0016,0.0016,True,0.0,0.0,2.32e-08,B2_subtraction_coefficients,True
slab_full_band_raw.csv,24,q2,-0.0189702693012428,-0.0189702693015816,True,3.388019031991263e-13,1.7859625386070796e-11,5.79405386031632e-08,B2_subtraction_coefficients,True
slab_full_band_raw.csv,24,mu2q,-0.65148091110169,-0.65148091110169,True,0.0,0.0,1.32296182220338e-06,B2_subtraction_coefficients,True
slab_full_band_raw.csv,24,q2_imag,7.56483419792377e-05,7.56483420849761e-05,True,1.0573840251732608e-13,1.3977623250295385e-09,2.0151296684169953e-08,B2_subtraction_coefficients,True
slab_full_band_raw.csv,25,B,0.0016,0.0016,True,0.0,0.0,2.32e-08,B2_subtraction_coefficients,True
slab_full_band_raw.csv,25,q2,0.0228729576473198,0.0228729576472351,True,8.469960843804358e-14,3.703045742677801e-12,6.57459152944702e-08,B2_subtraction_coefficients,True
slab_full_band_raw.csv,25,mu2q,-0.65148091110169,-0.65148091110169,True,0.0,0.0,1.32296182220338e-06,B2_subtraction_coefficients,True
slab_full_band_raw.csv,25,q2_imag,-4.845590449103452e-05,-4.845590449197704e-05,True,9.425172773323831e-16,1.9451030523812386e-11,2.0096911808983955e-08,B2_subtraction_coefficients,True
slab_full_band_raw.csv,26,B,0.0016,0.0016,True,0.0,0.0,2.32e-08,B2_subtraction_coefficients,True
slab_full_band_raw.csv,26,q2,7.609137924859922e-07,7.609137924860048e-07,True,1.2599615090407718e-20,1.6558531616627856e-14,2.0001521827584974e-08,B2_subtraction_coefficients,True
slab_full_band_raw.csv,26,mu2q,-0.65148091110169,-0.65148091110169,True,0.0,0.0,1.32296182220338e-06,B2_subtraction_coefficients,True
slab_full_band_raw.csv,26,q2_imag,-6.858467223154317e-07,-6.858467223153241e-07,True,1.0757318430129614e-19,1.5684726747420163e-13,2.0001371693444633e-08,B2_subtraction_coefficients,True
slab_full_band_raw.csv,27,B,0.002,0.002,True,0.0,0.0,2.4e-08,B2_subtraction_coefficients,True
slab_full_band_raw.csv,27,q2,0.0503582385236178,0.0503582385236178,True,0.0,0.0,1.207164770472356e-07,B2_subtraction_coefficients,True
slab_full_band_raw.csv,27,mu2q,-0.6507967015845217,-0.6507967017510552,True,1.6653345369377348e-10,2.558916682363218e-10,1.3215934035021104e-06,B2_subtraction_coefficients,True
slab_full_band_raw.csv,27,q2_imag,,,True,0.0,,0.0,matching_missing_value,True
slab_full_band_raw.csv,28,B,0.002,0.002,True,0.0,0.0,2.4e-08,B2_subtraction_coefficients,True
slab_full_band_raw.csv,28,q2,-0.00166439909576,-0.0016643990953264,True,4.3359998751213435e-13,2.6051443354522037e-10,2.33287981906528e-08,B2_subtraction_coefficients,True
slab_full_band_raw.csv,28,mu2q,-0.6507967015845217,-0.6507967017510552,True,1.6653345369377348e-10,2.558916682363218e-10,1.3215934035021104e-06,B2_subtraction_coefficients,True
slab_full_band_raw.csv,28,q2_imag,2.560922109563745e-05,2.560922094912908e-05,True,1.465083683169742e-13,5.720922499282691e-09,2.005121844189826e-08,B2_subtraction_coefficients,True
slab_full_band_raw.csv,29,B,0.002,0.002,True,0.0,0.0,2.4e-08,B2_subtraction_coefficients,True
slab_full_band_raw.csv,29,q2,-0.0209256425494699,-0.0209256425503373,True,8.67399901904875e-13,4.1451530093678935e-11,6.18512851006746e-08,B2_subtraction_coefficients,True
slab_full_band_raw.csv,29,mu2q,-0.6507967015845217,-0.6507967017510552,True,1.6653345369377348e-10,2.558916682363218e-10,1.3215934035021104e-06,B2_subtraction_coefficients,True
slab_full_band_raw.csv,29,q2_imag,5.702397537389846e-05,5.702397518775645e-05,True,1.8614201570095815e-13,3.2642763870471886e-09,2.0114047950375512e-08,B2_subtraction_coefficients,True
slab_full_band_raw.csv,30,B,0.002,0.002,True,0.0,0.0,2.4e-08,B2_subtraction_coefficients,True
slab_full_band_raw.csv,30,q2,0.0192605630827485,0.0192605630826671,True,8.14001643867357e-14,4.226260885383411e-12,5.85211261653342e-08,B2_subtraction_coefficients,True
slab_full_band_raw.csv,30,mu2q,-0.6507967015845217,-0.6507967017510552,True,1.6653345369377348e-10,2.558916682363218e-10,1.3215934035021104e-06,B2_subtraction_coefficients,True
slab_full_band_raw.csv,30,q2_imag,-3.0966040060755706e-05,-3.096604005897632e-05,True,1.779385829219632e-15,5.746249200190614e-11,2.0061932080117954e-08,B2_subtraction_coefficients,True
slab_full_band_raw.csv,31,B,0.002,0.002,True,0.0,0.0,2.4e-08,B2_subtraction_coefficients,True
slab_full_band_raw.csv,31,q2,6.803693382688481e-07,6.803693382688691e-07,True,2.106994456295072e-20,3.096839228022982e-14,2.000136073867654e-08,B2_subtraction_coefficients,True
slab_full_band_raw.csv,31,mu2q,-0.6507967015845217,-0.6507967017510552,True,1.6653345369377348e-10,2.558916682363218e-10,1.3215934035021104e-06,B2_subtraction_coefficients,True
slab_full_band_raw.csv,31,q2_imag,-4.487141358142971e-07,-4.487141358142605e-07,True,3.6581235409545096e-20,8.15245887967466e-14,2.000089742827163e-08,B2_subtraction_coefficients,True
slab_full_band_raw.csv,32,B,0.002,0.002,True,0.0,0.0,2.4e-08,B2_subtraction_coefficients,True
slab_full_band_raw.csv,32,q2,0.003901764874083,0.0039017648749504,True,8.67400335585744e-13,2.2230974017796769e-10,2.78035297499008e-08,B2_subtraction_coefficients,True
slab_full_band_raw.csv,32,mu2q,-0.6507967015845217,-0.6507967017510552,True,1.6653345369377348e-10,2.558916682363218e-10,1.3215934035021104e-06,B2_subtraction_coefficients,True
slab_full_band_raw.csv,32,q2_imag,2.6208406059257383e-05,2.620840590247192e-05,True,1.5678546311172388e-13,5.982258657591083e-09,2.0052416811804943e-08,B2_subtraction_coefficients,True
slab_full_band_raw.csv,33,B,0.002,0.002,True,0.0,0.0,2.4e-08,B2_subtraction_coefficients,True
slab_full_band_raw.csv,33,q2,-0.0148198065889372,-0.0148198065880698,True,8.67399901904875e-13,5.852977208239323e-11,4.96396131761396e-08,B2_subtraction_coefficients,True
slab_full_band_raw.csv,33,mu2q,-0.6507967015845217,-0.6507967017510552,True,1.6653345369377348e-10,2.558916682363218e-10,1.3215934035021104e-06,B2_subtraction_coefficients,True
slab_full_band_raw.csv,33,q2_imag,5.762060408685057e-05,5.762060390514246e-05,True,1.8170810993020647e-13,3.1535266487200006e-09,2.0115241207810285e-08,B2_subtraction_coefficients,True
slab_full_band_raw.csv,34,B,0.002,0.002,True,0.0,0.0,2.4e-08,B2_subtraction_coefficients,True
slab_full_band_raw.csv,34,q2,0.0187208915963213,0.0187208915961316,True,1.8970242043891972e-13,1.0133193681764547e-11,5.74417831922632e-08,B2_subtraction_coefficients,True
slab_full_band_raw.csv,34,mu2q,-0.6507967015845217,-0.6507967017510552,True,1.6653345369377348e-10,2.558916682363218e-10,1.3215934035021104e-06,B2_subtraction_coefficients,True
slab_full_band_raw.csv,34,q2_imag,-3.0963464683134475e-05,-3.096346468134554e-05,True,1.7889335846010823e-15,5.7775626952976465e-11,2.006192692936269e-08,B2_subtraction_coefficients,True
slab_full_band_raw.csv,35,B,0.002,0.002,True,0.0,0.0,2.4e-08,B2_subtraction_coefficients,True
slab_full_band_raw.csv,35,q2,6.79867516415277e-07,6.798675164152948e-07,True,1.7787691892340307e-20,2.616346782697992e-14,2.000135973503283e-08,B2_subtraction_coefficients,True
slab_full_band_raw.csv,35,mu2q,-0.6507967015845217,-0.6507967017510552,True,1.6653345369377348e-10,2.558916682363218e-10,1.3215934035021104e-06,B2_subtraction_coefficients,True
slab_full_band_raw.csv,35,q2_imag,-4.4873328602612766e-07,-4.4873328602608986e-07,True,3.779884527122315e-20,8.423454744345728e-14,2.0000897466572053e-08,B2_subtraction_coefficients,True
slab_ky_convergence.csv,0,Nky,12.0,12.0,True,0.0,0.0,0.0,exact_discrete_parameter,True
slab_ky_convergence.csv,0,n2,-0.9062865158428866,-0.9062865120133744,True,3.829512151831693e-09,4.225498339729434e-09,1.814573024026749e-05,reconstructed_B0_coefficients,True
slab_ky_convergence.csv,0,mu2,12.370038333692476,12.37003841193108,True,7.823860492806034e-08,6.3248473709344405e-09,0.00024742076823862163,reconstructed_B0_coefficients,True
slab_ky_convergence.csv,0,K2_fixed_mu_real,0.1812993954378398,0.1812993955702639,True,1.324240994637904e-10,7.304166627100999e-10,3.645987911405278e-06,reconstructed_B0_coefficients,True
slab_ky_convergence.csv,0,K2_fixed_n_real,0.0778277010484667,0.0778277008983699,True,1.5009679610322735e-10,1.9285780560218386e-09,1.5765540179673983e-06,reconstructed_B0_coefficients,True
slab_ky_convergence.csv,0,K2_chain_real,0.077827701839291,0.0778277024081299,True,5.688389065339194e-10,7.308951554947848e-09,1.5765540481625982e-06,reconstructed_B0_coefficients,True
slab_ky_convergence.csv,0,mu_chain_relative_error,1.008436734117879e-08,2.063471327140576e-08,True,1.0550345930226971e-08,0.5112911331240523,1e-06,chain_rule_relative_residual_absolute,True
slab_ky_convergence.csv,0,K_chain_relative_error,1.0161218390484357e-08,1.939917350016864e-08,True,9.237955109684284e-09,0.47620354081600313,1e-06,chain_rule_relative_residual_absolute,True
slab_ky_convergence.csv,1,Nky,16.0,16.0,True,0.0,0.0,0.0,exact_discrete_parameter,True
slab_ky_convergence.csv,1,n2,1.2864952784644306,1.286495136344742,True,1.4211968846211676e-07,1.1047044364731507e-07,2.5749902726894843e-05,reconstructed_B0_coefficients,True
slab_ky_convergence.csv,1,mu2,-16.075397051789754,-16.075396577495034,True,4.7429471905502396e-07,2.950438682918835e-08,0.0003215279315499007,reconstructed_B0_coefficients,True
slab_ky_convergence.csv,1,K2_fixed_mu_real,-0.1417762978458824,-0.1417762910090566,True,6.836825799938495e-09,4.822263124023863e-08,2.8555258201811317e-06,reconstructed_B0_coefficients,True
slab_ky_convergence.csv,1,K2_fixed_n_real,-0.0035150039470789,-0.0035150048355735,True,8.884945999418359e-10,2.527719424308761e-07,9.030009671147002e-08,reconstructed_B0_coefficients,True
slab_ky_convergence.csv,1,K2_chain_real,-0.0035150097409365,-0.0035150181775463,True,8.43660980008945e-09,2.40016107284507e-06,9.0300363550926e-08,reconstructed_B0_coefficients,True
slab_ky_convergence.csv,1,mu_chain_relative_error,6.00662004579533e-08,1.410322598704994e-07,True,8.096605941254609e-08,0.5740960223348323,1e-06,chain_rule_relative_residual_absolute,True
slab_ky_convergence.csv,1,K_chain_relative_error,1.6483217958591058e-06,3.795701499195574e-06,False,2.1473797033364683e-06,0.565739878067747,1e-06,chain_rule_relative_residual_absolute,True
slab_ky_convergence.csv,2,Nky,24.0,24.0,True,0.0,0.0,0.0,exact_discrete_parameter,True
slab_ky_convergence.csv,2,n2,0.6063793698871782,0.6063792373617627,True,1.3252541553043784e-07,2.1855203371907978e-07,1.2147584747235254e-05,reconstructed_B0_coefficients,True
slab_ky_convergence.csv,2,mu2,-7.780014220001152,-7.780013284016642,True,9.359845103418252e-07,1.2030628691402412e-07,0.00015562026568033283,reconstructed_B0_coefficients,True
slab_ky_convergence.csv,2,K2_fixed_mu_real,-0.0464506362345888,-0.0464506302521513,True,5.98243750371541e-09,1.287913096386532e-07,9.490126050430261e-07,reconstructed_B0_coefficients,True
slab_ky_convergence.csv,2,K2_fixed_n_real,0.0200764481177119,0.0200764442624049,True,3.855307000727448e-09,1.920313652326815e-07,4.2152888524809804e-07,reconstructed_B0_coefficients,True
slab_ky_convergence.csv,2,K2_chain_real,0.0200764445366294,0.0200764359787664,True,8.557862998109789e-09,4.2626405439495875e-07,4.2152871957532807e-07,reconstructed_B0_coefficients,True
slab_ky_convergence.csv,2,mu_chain_relative_error,7.330759599355474e-08,1.71553338423891e-07,True,9.824574243033626e-08,0.5726833609473745,1e-06,chain_rule_relative_residual_absolute,True
slab_ky_convergence.csv,2,K_chain_relative_error,1.783723120623726e-07,4.126048489707377e-07,True,2.342325369083651e-07,0.5676921575029213,1e-06,chain_rule_relative_residual_absolute,True
slab_ky_convergence.csv,3,Nky,32.0,32.0,True,0.0,0.0,0.0,exact_discrete_parameter,True
slab_ky_convergence.csv,3,n2,0.2602711062643292,0.2602709733859572,True,1.3287837197228924e-07,5.10538575407113e-07,5.225419467719145e-06,reconstructed_B0_coefficients,True
slab_ky_convergence.csv,3,mu2,-3.3584411663209077,-3.358439748681982,True,1.4176389258047095e-06,4.221123592766734e-07,6.718879497363965e-05,reconstructed_B0_coefficients,True
slab_ky_convergence.csv,3,K2_fixed_mu_real,-0.0150112962332866,-0.0150112897945483,True,6.438738301209335e-09,4.289263873613121e-07,3.2022579589096605e-07,reconstructed_B0_coefficients,True
slab_ky_convergence.csv,3,K2_fixed_n_real,0.0137002752100573,0.013700268828497,True,6.381560299292821e-09,4.6579818098306e-07,2.9400537656994e-07,reconstructed_B0_coefficients,True
slab_ky_convergence.csv,3,K2_chain_real,0.0137002738549766,0.0137002656372692,True,8.217707399976737e-09,5.998210266538108e-07,2.9400531274538403e-07,reconstructed_B0_coefficients,True
slab_ky_convergence.csv,3,mu_chain_relative_error,6.524788798145664e-08,1.536024432091665e-07,True,8.835455522770985e-08,0.5752158193694483,1e-06,chain_rule_relative_residual_absolute,True
slab_ky_convergence.csv,3,K_chain_relative_error,9.890901108881853e-08,2.329310270149056e-07,True,1.340220159260871e-07,0.5753721075445687,1e-06,chain_rule_relative_residual_absolute,True
slab_ky_convergence.csv,4,Nky,48.0,48.0,True,0.0,0.0,0.0,exact_discrete_parameter,True
slab_ky_convergence.csv,4,n2,0.0722576435810778,0.0722575454971644,True,9.808391339405365e-08,1.35742105158973e-06,1.4651509099432882e-06,reconstructed_B0_coefficients,True
slab_ky_convergence.csv,4,mu2,-0.9337878444371758,-0.9337865802253288,True,1.2642118469852193e-06,1.3538552317598703e-06,1.8695731604506577e-05,reconstructed_B0_coefficients,True
slab_ky_convergence.csv,4,K2_fixed_mu_real,-0.0026069085093381,-0.0026069047050578,True,3.804280300067492e-09,1.459309307580978e-06,7.213809410115601e-08,reconstructed_B0_coefficients,True
slab_ky_convergence.csv,4,K2_fixed_n_real,0.0053785048059874,0.0053784978064631,True,6.999524300443927e-09,1.3013901933794437e-06,1.2756995612926201e-07,reconstructed_B0_coefficients,True
slab_ky_convergence.csv,4,K2_chain_real,0.005378504758489,0.0053784977232159,True,7.035273100197692e-09,1.3080368277986696e-06,1.27569954464318e-07,reconstructed_B0_coefficients,True
slab_ky_convergence.csv,4,mu_chain_relative_error,7.246160782514721e-09,1.0811976203228824e-08,True,3.5658154207141024e-09,0.32980237411632746,1e-06,chain_rule_relative_residual_absolute,True
slab_ky_convergence.csv,4,K_chain_relative_error,8.831147118376119e-09,1.5480308938756894e-08,True,6.649161820380775e-09,0.42952384520787984,1e-06,chain_rule_relative_residual_absolute,True
slab_ky_convergence.csv,5,Nky,64.0,64.0,True,0.0,0.0,0.0,exact_discrete_parameter,True
slab_ky_convergence.csv,5,n2,0.0505106978057387,0.0505106662213132,True,3.1584425498609736e-08,6.253020967932224e-07,1.0302133244262642e-06,reconstructed_B0_coefficients,True
slab_ky_convergence.csv,5,mu2,-0.6527665030908956,-0.6527660990397841,True,4.040511114578038e-07,6.18982989545813e-07,1.3075321980795683e-05,reconstructed_B0_coefficients,True
slab_ky_convergence.csv,5,K2_fixed_mu_real,-0.0016764256276443,-0.00167642420205,True,1.4255943001605098e-09,8.503780239018471e-07,5.3528484041000005e-08,reconstructed_B0_coefficients,True
slab_ky_convergence.csv,5,K2_fixed_n_real,0.0039067090403437,0.0039067070151887,True,2.0251550002930996e-09,5.183790318597212e-07,9.8134140303774e-08,reconstructed_B0_coefficients,True
slab_ky_convergence.csv,5,K2_chain_real,0.0039067090111096,0.0039067069455602,True,2.0655493999238717e-09,5.287187978794462e-07,9.8134138911204e-08,reconstructed_B0_coefficients,True
slab_ky_convergence.csv,5,mu_chain_relative_error,4.11008760359266e-09,1.0429191954486328e-08,True,6.319104350893667e-09,0.6059054602188405,1e-06,chain_rule_relative_residual_absolute,True
slab_ky_convergence.csv,5,K_chain_relative_error,7.483045226125118e-09,1.782446427251265e-08,True,1.0341419046387534e-08,0.5801811986200998,1e-06,chain_rule_relative_residual_absolute,True
slab_ky_convergence.csv,6,Nky,96.0,96.0,True,0.0,0.0,0.0,exact_discrete_parameter,True
slab_ky_convergence.csv,6,n2,0.0499254957945673,0.0499254956491794,True,1.453879031054761e-10,2.9120973405472e-09,1.018509912983588e-06,reconstructed_B0_coefficients,True
slab_ky_convergence.csv,6,mu2,-0.6452118615315943,-0.6452118573701555,True,4.161438749150648e-09,6.449724538715733e-09,1.2924237147403111e-05,reconstructed_B0_coefficients,True
slab_ky_convergence.csv,6,K2_fixed_mu_real,-0.0016260435839485,-0.0016260435758056,True,8.142899982771512e-12,5.007799362779825e-09,5.2520871516112004e-08,reconstructed_B0_coefficients,True
slab_ky_convergence.csv,6,K2_fixed_n_real,0.0038923612598485,0.0038923612327225,True,2.7125999797067424e-11,6.969034520491878e-09,9.784722465445001e-08,reconstructed_B0_coefficients,True
slab_ky_convergence.csv,6,K2_chain_real,0.0038923611960178,0.0038923611880346,True,7.98320003853048e-12,2.0509915839957027e-09,9.7847223760692e-08,reconstructed_B0_coefficients,True
slab_ky_convergence.csv,6,mu_chain_relative_error,1.0360706070855484e-08,6.823078102513591e-09,True,3.5376279683418926e-09,0.5184797704482741,1e-06,chain_rule_relative_residual_absolute,True
slab_ky_convergence.csv,6,K_chain_relative_error,1.6398970203158358e-08,1.1481198136030244e-08,True,4.917772067128114e-09,0.428332653862595,1e-06,chain_rule_relative_residual_absolute,True
slab_size_convergence.csv,0,Lx,16.0,16.0,True,0.0,0.0,0.0,exact_discrete_parameter,True
slab_size_convergence.csv,0,Nky,96.0,96.0,True,0.0,0.0,0.0,exact_discrete_parameter,True
slab_size_convergence.csv,0,Nkz,36.0,36.0,True,0.0,0.0,0.0,exact_discrete_parameter,True
slab_size_convergence.csv,0,n2,0.0496515179642612,0.0496515185197685,True,5.555072998819632e-10,1.1188123071418065e-08,1.0130303703953701e-06,reconstructed_B0_coefficients,True
slab_size_convergence.csv,0,mu2,-0.635299417520357,-0.6352994162471995,True,1.2731574683400027e-09,2.0040274487590713e-09,1.2725988324943992e-05,reconstructed_B0_coefficients,True
slab_size_convergence.csv,0,K2_fixed_mu_real,-0.0023589186914575,-0.002358918682014,True,9.443499801586874e-12,4.0033172290297825e-09,6.717837364028001e-08,reconstructed_B0_coefficients,True
slab_size_convergence.csv,0,K2_fixed_n_real,0.0031356500010773,0.0031356500001924,True,8.848997923305291e-13,2.822061748843884e-10,8.2713000003848e-08,reconstructed_B0_coefficients,True
slab_size_convergence.csv,0,K2_chain_real,0.0031356499376824,0.0031356500085172,True,7.083480026495725e-11,2.2590148796119603e-08,8.2713000170344e-08,reconstructed_B0_coefficients,True
slab_size_convergence.csv,1,Lx,22.0,22.0,True,0.0,0.0,0.0,exact_discrete_parameter,True
slab_size_convergence.csv,1,Nky,96.0,96.0,True,0.0,0.0,0.0,exact_discrete_parameter,True
slab_size_convergence.csv,1,Nkz,36.0,36.0,True,0.0,0.0,0.0,exact_discrete_parameter,True
slab_size_convergence.csv,1,n2,0.0499254957945673,0.0499254956491794,True,1.453879031054761e-10,2.9120973405472e-09,1.018509912983588e-06,reconstructed_B0_coefficients,True
slab_size_convergence.csv,1,mu2,-0.6452118615315943,-0.6452118573701555,True,4.161438749150648e-09,6.449724538715733e-09,1.2924237147403111e-05,reconstructed_B0_coefficients,True
slab_size_convergence.csv,1,K2_fixed_mu_real,-0.0016260435839485,-0.0016260435758056,True,8.142899982771512e-12,5.007799362779825e-09,5.2520871516112004e-08,reconstructed_B0_coefficients,True
slab_size_convergence.csv,1,K2_fixed_n_real,0.0038923612598485,0.0038923612327225,True,2.7125999797067424e-11,6.969034520491878e-09,9.784722465445001e-08,reconstructed_B0_coefficients,True
slab_size_convergence.csv,1,K2_chain_real,0.0038923611960178,0.0038923611880346,True,7.98320003853048e-12,2.0509915839957027e-09,9.7847223760692e-08,reconstructed_B0_coefficients,True
slab_size_convergence.csv,2,Lx,28.0,28.0,True,0.0,0.0,0.0,exact_discrete_parameter,True
slab_size_convergence.csv,2,Nky,96.0,96.0,True,0.0,0.0,0.0,exact_discrete_parameter,True
slab_size_convergence.csv,2,Nkz,36.0,36.0,True,0.0,0.0,0.0,exact_discrete_parameter,True
slab_size_convergence.csv,2,n2,0.050920208216136,0.0509202188,True,1.0583864000490717e-08,2.0785189557140545e-07,1.038404376e-06,reconstructed_B0_coefficients,True
slab_size_convergence.csv,2,mu2,-0.6621750978214318,-0.6621752,True,1.0217856816208126e-07,1.5430745241150873e-07,1.3263504e-05,reconstructed_B0_coefficients,True
slab_size_convergence.csv,2,K2_fixed_mu_real,-0.0012265325021125,-0.0012265356,True,3.097887499910884e-09,2.5257216340976033e-06,4.4530712000000004e-08,reconstructed_B0_coefficients,True
slab_size_convergence.csv,2,K2_fixed_n_real,0.0043964109225635,0.0043964089,True,2.0225635003617848e-09,4.600489959798291e-07,1.07928178e-07,reconstructed_B0_coefficients,True
slab_size_convergence.csv,2,K2_chain_real,0.0043964109401753,0.0043964089,True,2.0401753004009593e-09,4.6405494730050233e-07,1.07928178e-07,reconstructed_B0_coefficients,True
slab_ward_rpa.csv,0,B,0.0008,0.0008,True,0.0,0.0,2.16e-08,B2_subtraction_coefficients,True
slab_ward_rpa.csv,0,V,0.0,0.0,True,0.0,0.0,2e-08,B2_subtraction_coefficients,True
slab_ward_rpa.csv,0,vertex,1.1038627990074341e-13,1.0946799831908565e-13,True,9.182815816577637e-16,0.008388584753153946,1e-11,Ward_vertex_absolute,True
slab_ward_rpa.csv,0,left,1.2157697084903516e-17,1.1733953013022276e-17,True,4.2374407188124026e-19,0.0361126443416785,1e-12,Ward_response_absolute,True
slab_ward_rpa.csv,0,right,1.215080616515955e-17,1.1721925382274757e-17,True,4.288807828847922e-19,0.036587912727487744,1e-12,Ward_response_absolute,True
slab_ward_rpa.csv,0,contact_re,0.1085556884177861,0.1085556884177861,True,0.0,0.0,2.3711137683557217e-07,B2_subtraction_coefficients,True
slab_ward_rpa.csv,1,B,0.0008,0.0008,True,0.0,0.0,2.16e-08,B2_subtraction_coefficients,True
slab_ward_rpa.csv,1,V,0.7,0.7,True,0.0,0.0,1.42e-06,B2_subtraction_coefficients,True
slab_ward_rpa.csv,1,vertex,1.1038627990074341e-13,1.0946799831908565e-13,True,9.182815816577637e-16,0.008388584753153946,1e-11,Ward_vertex_absolute,True
slab_ward_rpa.csv,1,left,1.3024084365495073e-17,1.1733953013022276e-17,True,1.290131352472797e-18,0.1099485698503323,1e-12,Ward_response_absolute,True
slab_ward_rpa.csv,1,right,1.2584220235786505e-17,1.1721925382274757e-17,True,8.622948535117483e-19,0.07356256121674878,1e-12,Ward_response_absolute,True
slab_ward_rpa.csv,1,contact_re,0.1085556884177861,0.1085556884177861,True,0.0,0.0,2.3711137683557217e-07,B2_subtraction_coefficients,True
slab_ward_rpa.csv,2,B,0.0008,0.0008,True,0.0,0.0,2.16e-08,B2_subtraction_coefficients,True
slab_ward_rpa.csv,2,V,1.4,1.4,True,0.0,0.0,2.8199999999999997e-06,B2_subtraction_coefficients,True
slab_ward_rpa.csv,2,vertex,1.1038627990074341e-13,1.0946799831908565e-13,True,9.182815816577637e-16,0.008388584753153946,1e-11,Ward_vertex_absolute,True
slab_ward_rpa.csv,2,left,1.2590873952501104e-17,1.2170259937219306e-17,True,4.2061401528179805e-19,0.034560807858792626,1e-12,Ward_response_absolute,True
slab_ward_rpa.csv,2,right,1.215286176063849e-17,1.2155158779499895e-17,True,2.297018861405688e-21,0.00018897481333437547,1e-12,Ward_response_absolute,True
slab_ward_rpa.csv,2,contact_re,0.1085556884177861,0.1085556884177861,True,0.0,0.0,2.3711137683557217e-07,B2_subtraction_coefficients,True
slab_ward_rpa.csv,3,B,0.0012,0.0012,True,0.0,0.0,2.24e-08,B2_subtraction_coefficients,True
slab_ward_rpa.csv,3,V,0.0,0.0,True,0.0,0.0,2e-08,B2_subtraction_coefficients,True
slab_ward_rpa.csv,3,vertex,8.804411224781774e-14,9.436895750456207e-14,True,6.3248452567443335e-15,0.06702251909944615,1e-11,Ward_vertex_absolute,True
slab_ward_rpa.csv,3,left,5.647226021491317e-18,3.496446946337351e-18,True,2.150779075153966e-18,0.61513276425,1e-12,Ward_response_absolute,True
slab_ward_rpa.csv,3,right,5.6381119164230594e-18,3.036250063206881e-18,True,2.6018618532161784e-18,0.8569326633354096,1e-12,Ward_response_absolute,True
slab_ward_rpa.csv,3,contact_re,0.1085593540228894,0.1085593540228895,True,1.1102230246251565e-16,1.022687574569639e-15,2.37118708045779e-07,B2_subtraction_coefficients,True
slab_ward_rpa.csv,4,B,0.0012,0.0012,True,0.0,0.0,2.24e-08,B2_subtraction_coefficients,True
slab_ward_rpa.csv,4,V,0.7,0.7,True,0.0,0.0,1.42e-06,B2_subtraction_coefficients,True
slab_ward_rpa.csv,4,vertex,8.804411224781774e-14,9.436895750456207e-14,True,6.3248452567443335e-15,0.06702251909944615,1e-11,Ward_vertex_absolute,True
slab_ward_rpa.csv,4,left,5.647226021491317e-18,3.496446946337351e-18,True,2.150779075153966e-18,0.61513276425,1e-12,Ward_response_absolute,True
slab_ward_rpa.csv,4,right,5.6381119164230594e-18,3.036250063206881e-18,True,2.6018618532161784e-18,0.8569326633354096,1e-12,Ward_response_absolute,True
slab_ward_rpa.csv,4,contact_re,0.1085593540228894,0.1085593540228895,True,1.1102230246251565e-16,1.022687574569639e-15,2.37118708045779e-07,B2_subtraction_coefficients,True
slab_ward_rpa.csv,5,B,0.0012,0.0012,True,0.0,0.0,2.24e-08,B2_subtraction_coefficients,True
slab_ward_rpa.csv,5,V,1.4,1.4,True,0.0,0.0,2.8199999999999997e-06,B2_subtraction_coefficients,True
slab_ward_rpa.csv,5,vertex,8.804411224781774e-14,9.436895750456207e-14,True,6.3248452567443335e-15,0.06702251909944615,1e-11,Ward_vertex_absolute,True
slab_ward_rpa.csv,5,left,6.08023826287761e-18,3.511543213478341e-18,True,2.568695049399269e-18,0.7315003385234896,1e-12,Ward_response_absolute,True
slab_ward_rpa.csv,5,right,6.071774170509309e-18,3.469870442581002e-18,True,2.6019037279283068e-18,0.7498561606216417,1e-12,Ward_response_absolute,True
slab_ward_rpa.csv,5,contact_re,0.1085593540228894,0.1085593540228895,True,1.1102230246251565e-16,1.022687574569639e-15,2.37118708045779e-07,B2_subtraction_coefficients,True
slab_ward_rpa.csv,6,B,0.0016,0.0016,True,0.0,0.0,2.32e-08,B2_subtraction_coefficients,True
slab_ward_rpa.csv,6,V,0.0,0.0,True,0.0,0.0,2e-08,B2_subtraction_coefficients,True
slab_ward_rpa.csv,6,vertex,9.85878049592658e-14,9.497957982969513e-14,True,3.608225129570663e-15,0.03798948296086861,1e-11,Ward_vertex_absolute,True
slab_ward_rpa.csv,6,left,2.9931050009124004e-17,3.859820643802205e-17,True,8.667156428898044e-18,0.2245481650245868,1e-12,Ward_response_absolute,True
slab_ward_rpa.csv,6,right,2.99263859284806e-17,3.816776642705927e-17,True,8.241380498578671e-18,0.2159251449604317,1e-12,Ward_response_absolute,True
slab_ward_rpa.csv,6,contact_re,0.1085630179235657,0.1085630179235656,True,9.71445146547012e-17,8.948214273399837e-16,2.3712603584713117e-07,B2_subtraction_coefficients,True
slab_ward_rpa.csv,7,B,0.0016,0.0016,True,0.0,0.0,2.32e-08,B2_subtraction_coefficients,True
slab_ward_rpa.csv,7,V,0.7,0.7,True,0.0,0.0,1.42e-06,B2_subtraction_coefficients,True
slab_ward_rpa.csv,7,vertex,9.85878049592658e-14,9.497957982969513e-14,True,3.608225129570663e-15,0.03798948296086861,1e-11,Ward_vertex_absolute,True
slab_ward_rpa.csv,7,left,2.949632735703692e-17,3.8598549051163314e-17,True,9.102221694126394e-18,0.23581771641367083,1e-12,Ward_response_absolute,True
slab_ward_rpa.csv,7,right,2.9492740438459374e-17,3.860140404241587e-17,True,9.108663603956494e-18,0.235967157928964,1e-12,Ward_response_absolute,True
slab_ward_rpa.csv,7,contact_re,0.1085630179235657,0.1085630179235656,True,9.71445146547012e-17,8.948214273399837e-16,2.3712603584713117e-07,B2_subtraction_coefficients,True
slab_ward_rpa.csv,8,B,0.0016,0.0016,True,0.0,0.0,2.32e-08,B2_subtraction_coefficients,True
slab_ward_rpa.csv,8,V,1.4,1.4,True,0.0,0.0,2.8199999999999997e-06,B2_subtraction_coefficients,True
slab_ward_rpa.csv,8,vertex,9.85878049592658e-14,9.497957982969513e-14,True,3.608225129570663e-15,0.03798948296086861,1e-11,Ward_vertex_absolute,True
slab_ward_rpa.csv,8,left,2.9931050009124004e-17,3.859820643802205e-17,True,8.667156428898044e-18,0.2245481650245868,1e-12,Ward_response_absolute,True
slab_ward_rpa.csv,8,right,2.9493487749136967e-17,3.816776642705927e-17,True,8.674278677922304e-18,0.22726712852058906,1e-12,Ward_response_absolute,True
slab_ward_rpa.csv,8,contact_re,0.1085630179235657,0.1085630179235656,True,9.71445146547012e-17,8.948214273399837e-16,2.3712603584713117e-07,B2_subtraction_coefficients,True
slab_ward_rpa.csv,9,B,0.002,0.002,True,0.0,0.0,2.4e-08,B2_subtraction_coefficients,True
slab_ward_rpa.csv,9,V,0.0,0.0,True,0.0,0.0,2e-08,B2_subtraction_coefficients,True
slab_ward_rpa.csv,9,vertex,8.915091172418564e-14,8.813362145259955e-14,True,1.017290271586092e-15,0.011542590158208986,1e-11,Ward_vertex_absolute,True
slab_ward_rpa.csv,9,left,3.383236332131664e-17,2.907122902807979e-17,True,4.761134293236849e-18,0.1637747853260035,1e-12,Ward_response_absolute,True
slab_ward_rpa.csv,9,right,3.426597767462979e-17,2.90638992652551e-17,True,5.2020784093746916e-18,0.17898762866941254,1e-12,Ward_response_absolute,True
slab_ward_rpa.csv,9,contact_re,0.1085666801076307,0.1085666801076308,True,1.1102230246251565e-16,1.0226185635634284e-15,2.3713336021526158e-07,B2_subtraction_coefficients,True
slab_ward_rpa.csv,10,B,0.002,0.002,True,0.0,0.0,2.4e-08,B2_subtraction_coefficients,True
slab_ward_rpa.csv,10,V,0.7,0.7,True,0.0,0.0,1.42e-06,B2_subtraction_coefficients,True
slab_ward_rpa.csv,10,vertex,8.915091172418564e-14,8.813362145259955e-14,True,1.017290271586092e-15,0.011542590158208986,1e-11,Ward_vertex_absolute,True
slab_ward_rpa.csv,10,left,3.383236332131664e-17,2.907122902807979e-17,True,4.761134293236849e-18,0.1637747853260035,1e-12,Ward_response_absolute,True
slab_ward_rpa.csv,10,right,3.4265077156557066e-17,2.90638992652551e-17,True,5.2011778913019665e-18,0.1789566445931017,1e-12,Ward_response_absolute,True
slab_ward_rpa.csv,10,contact_re,0.1085666801076307,0.1085666801076308,True,1.1102230246251565e-16,1.0226185635634284e-15,2.3713336021526158e-07,B2_subtraction_coefficients,True
slab_ward_rpa.csv,11,B,0.002,0.002,True,0.0,0.0,2.4e-08,B2_subtraction_coefficients,True
slab_ward_rpa.csv,11,V,1.4,1.4,True,0.0,0.0,2.8199999999999997e-06,B2_subtraction_coefficients,True
slab_ward_rpa.csv,11,vertex,8.915091172418564e-14,8.813362145259955e-14,True,1.017290271586092e-15,0.011542590158208986,1e-11,Ward_vertex_absolute,True
slab_ward_rpa.csv,11,left,3.3831451261395105e-17,2.907122902807979e-17,True,4.760222233315315e-18,0.16374341204210646,1e-12,Ward_response_absolute,True
slab_ward_rpa.csv,11,right,3.426426238171697e-17,2.906273644335171e-17,True,5.201525938365257e-18,0.1789757804982999,1e-12,Ward_response_absolute,True
slab_ward_rpa.csv,11,contact_re,0.1085666801076307,0.1085666801076308,True,1.1102230246251565e-16,1.0226185635634284e-15,2.3713336021526158e-07,B2_subtraction_coefficients,True
