F0a,q,B,gamma_over_edge,halfwidth_over_edge,noise_radius,replica,true_full_zero_real,true_full_zero_imag,pp_fit_real,pp_fit_imag,full_fit_real,full_fit_imag,full_error_over_HWHM,pp_error_over_HWHM,fit_rms,holdout_rms,chosen_inside_window,certificate_available
0.4,0.252313252202016,0.003,0.05,0.2,0.0,0,1.0018486994204876,-9.245943996385454e-05,1.0018475649902665,-9.247021652081778e-05,1.001848760843567,-9.246974437687008e-05,0.0006736080470587016,0.012270044102701149,3.4431950521538685e-05,3.441138573540495e-05,True,False
0.4,0.252313252202016,0.003,0.05,0.2,0.0001,0,1.0018486994204876,-9.245943996385454e-05,1.0018475783330258,-9.246971425224303e-05,1.001848774856605,-9.246913107597932e-05,0.0008225884546884245,0.012125690366910689,8.055106671237401e-05,4.152056616772046e-05,True,False
0.4,0.252313252202016,0.003,0.05,0.2,0.0001,1,1.0018486994204876,-9.245943996385454e-05,1.0018475702851137,-9.246297363516012e-05,1.0018487667063647,-9.246018486148168e-05,0.0007277785831110907,0.012212283609693075,7.747934805209507e-05,4.414991653196131e-05,True,False
0.4,0.252313252202016,0.003,0.05,0.2,0.0001,2,1.0018486994204876,-9.245943996385454e-05,1.0018475432008915,-9.246185679950539e-05,1.001848737200288,-9.246069282040183e-05,0.000408834061365159,0.012505181974497223,7.391963346384049e-05,3.039119648968921e-05,True,False
0.4,0.252313252202016,0.003,0.05,0.2,0.0001,3,1.0018486994204876,-9.245943996385454e-05,1.0018475565572857,-9.248680372170727e-05,1.0018487530885092,-9.248692351983714e-05,0.0006521341324093415,0.012364240393368541,8.200146770785267e-05,4.442841018715783e-05,True,False
0.4,0.252313252202016,0.003,0.05,0.2,0.0001,4,1.0018486994204876,-9.245943996385454e-05,1.0018475561228957,-9.249777289300617e-05,1.0018487527497897,-9.250028878820252e-05,0.0007265476955912477,0.012372344377232395,7.493715333611435e-05,3.991773698610572e-05,True,False
0.4,0.252313252202016,0.003,0.05,0.2,0.0001,5,1.0018486994204876,-9.245943996385454e-05,1.0018475674901264,-9.247305873698627e-05,1.0018487642815337,-9.247149784895594e-05,0.0007135272152480397,0.012243339193376406,8.247538636217497e-05,4.0813146956314803e-05,True,False
0.4,0.252313252202016,0.003,0.05,0.2,0.0001,6,1.0018486994204876,-9.245943996385454e-05,1.0018475461688343,-9.244918573680987e-05,1.001848739294634,-9.24465510433477e-05,0.00045323128385352685,0.012473547762835215,7.380051060765062e-05,3.3576348164551814e-05,True,False
0.4,0.252313252202016,0.003,0.05,0.2,0.0001,7,1.0018486994204876,-9.245943996385454e-05,1.0018475787263061,-9.24722155253669e-05,1.0018487763229165,-9.247148176605655e-05,0.0008418773162367472,0.012121715189077467,8.072862382314638e-05,4.067204013142947e-05,True,False
0.4,0.252313252202016,0.003,0.05,0.2,0.0001,8,1.0018486994204876,-9.245943996385454e-05,1.0018475771187105,-9.249035348115586e-05,1.0018487737420714,-9.249150878270529e-05,0.0008754658917792894,0.012142918551867245,8.40920602321879e-05,4.701083346219854e-05,True,False
0.4,0.252313252202016,0.003,0.05,0.2,0.0001,9,1.0018486994204876,-9.245943996385454e-05,1.0018475648823981,-9.246696297338154e-05,1.0018487605990074,-9.246540499550498e-05,0.0006648172798002537,0.012270926925470653,8.096465820015016e-05,3.538415397065707e-05,True,False
0.4,0.252313252202016,0.003,0.05,0.5,0.0,0,1.0018486994204876,-9.245943996385454e-05,1.0018494192210534,-9.267251127372932e-05,1.0018506519153851,-9.264394934737973e-05,0.02121139306595289,0.008118960292964161,0.0018979977684276746,0.0018982403606545436,True,False
0.4,0.252313252202016,0.003,0.05,0.5,0.0001,0,1.0018486994204876,-9.245943996385454e-05,1.0018494101405162,-9.267316967234605e-05,1.0018506428989205,-9.264488095331548e-05,0.02111526421100774,0.00802688474043129,0.0018907639754368489,0.0018930013194456549,True,False
0.4,0.252313252202016,0.003,0.05,0.5,0.0001,1,1.0018486994204876,-9.245943996385454e-05,1.0018494871820214,-9.266861258826729e-05,1.0018507200986946,-9.263903494189662e-05,0.021940902737569372,0.008815315689834301,0.001936759878093757,0.0019419021884997433,True,False
0.4,0.252313252202016,0.003,0.05,0.5,0.0001,2,1.0018486994204876,-9.245943996385454e-05,1.0018494119005,-9.267904299889917e-05,1.0018506447403226,-9.265052649579709e-05,0.021140971766074938,0.008063597107010228,0.0018713677698111728,0.0018679945724600854,True,False
0.4,0.252313252202016,0.003,0.05,0.5,0.0001,3,1.0018486994204876,-9.245943996385454e-05,1.001849387891056,-9.267652745729245e-05,1.001850620350106,-9.264833694402413e-05,0.020876126685250074,0.007807591304739262,0.0018560141761643262,0.0018518825189513012,True,False
0.4,0.252313252202016,0.003,0.05,0.5,0.0001,4,1.0018486994204876,-9.245943996385454e-05,1.0018494214469744,-9.267792023098235e-05,1.001850654177095,-9.264947930628806e-05,0.021241450237898047,0.008158798306602594,0.0019224309483147398,0.0019156244273555425,True,False
0.4,0.252313252202016,0.003,0.05,0.5,0.0001,5,1.0018486994204876,-9.245943996385454e-05,1.0018494648921084,-9.264178676951199e-05,1.0018506977312744,-9.261211497500387e-05,0.02167582500965313,0.00851065957651522,0.0019148648069605763,0.0019091502033255457,True,False
0.4,0.252313252202016,0.003,0.05,0.5,0.0001,6,1.0018486994204876,-9.245943996385454e-05,1.0018494496746841,-9.264683112898037e-05,1.0018506821911863,-9.261734548266178e-05,0.02151265966904046,0.008363694758784776,0.0019091393367669414,0.0019095180626889376,True,False
0.4,0.252313252202016,0.003,0.05,0.5,0.0001,7,1.0018486994204876,-9.245943996385454e-05,1.0018494123600974,-9.267262125789632e-05,1.001850645178768,-9.264412127033678e-05,0.021139032717036984,0.008048175448366788,0.0018742852804199803,0.0018729893549854011,True,False
0.4,0.252313252202016,0.003,0.05,0.5,0.0001,8,1.0018486994204876,-9.245943996385454e-05,1.001849390933276,-9.263211089622634e-05,1.0018506227284005,-9.260381204691809e-05,0.02086016212964216,0.007708729649852365,0.0018880716934932518,0.0018879946472102483,True,False
0.4,0.252313252202016,0.003,0.05,0.5,0.0001,9,1.0018486994204876,-9.245943996385454e-05,1.001849410296137,-9.271235317174035e-05,1.0018506435661398,-9.26841519763003e-05,0.021167001619091425,0.008160614691944837,0.0018666456878474354,0.001868446597364248,True,False
0.4,0.252313252202016,0.003,0.05,1.0,0.0,0,1.0018486994204876,-9.245943996385454e-05,1.0018894015972923,-0.0001048739511061686,1.0018907484862165,-0.00010399428043745437,0.47158497217579015,0.46023798481488126,0.06029706209300154,0.060299317355145994,True,False
0.4,0.252313252202016,0.003,0.05,1.0,0.0001,0,1.0018486994204876,-9.245943996385454e-05,1.001889445867282,-0.00010489532479865414,1.001890792765369,-0.00010401444699328807,0.4721045219922066,0.4607634083670572,0.06037684110283838,0.060375113492456126,True,False
0.4,0.252313252202016,0.003,0.05,1.0,0.0001,1,1.0018486994204876,-9.245943996385454e-05,1.0018894403145537,-0.00010500919519846996,1.0018907895148368,-0.00010412799618130105,0.4723972252084554,0.4610670247549177,0.06027950954147022,0.06028699511649926,True,False
0.4,0.252313252202016,0.003,0.05,1.0,0.0001,2,1.0018486994204876,-9.245943996385454e-05,1.0018893965699252,-0.00010493972745755363,1.0018907448382357,-0.0001040596970720629,0.4717346020163299,0.4603940490464984,0.06031128578389358,0.06031083916147067,True,False
0.4,0.252313252202016,0.003,0.05,1.0,0.0001,3,1.0018486994204876,-9.245943996385454e-05,1.0018893714805164,-0.00010482591925387507,1.001890717766107,-0.00010394698840144306,0.47112941651413637,0.4597750445422875,0.060382864953757415,0.06038502295140888,True,False
0.4,0.252313252202016,0.003,0.05,1.0,0.0001,4,1.0018486994204876,-9.245943996385454e-05,1.0018893895142724,-0.00010494285888907934,1.0018907375986212,-0.000104062104755955,0.47166604966048675,0.46033102464728026,0.06039751067738731,0.0603997974685798,True,False
0.4,0.252313252202016,0.003,0.05,1.0,0.0001,5,1.0018486994204876,-9.245943996385454e-05,1.0018893380134561,-0.0001047633993257217,1.0018906833725982,-0.00010388536272498034,0.4705951445232693,0.45923234777946803,0.060290361432777634,0.0602890571185131,True,False
0.4,0.252313252202016,0.003,0.05,1.0,0.0001,6,1.0018486994204876,-9.245943996385454e-05,1.0018894284668887,-0.0001049641185521968,1.0018907765960452,-0.00010408378925375015,0.4721350381642064,0.4608012404144973,0.060233916639014146,0.0602351411382638,True,False
0.4,0.252313252202016,0.003,0.05,1.0,0.0001,7,1.0018486994204876,-9.245943996385454e-05,1.001889361436513,-0.00010483884173937554,1.001890707950352,-0.000103960327474589,0.47106508757778415,0.4597117987064867,0.06034045906276126,0.06034358792581318,True,False
0.4,0.252313252202016,0.003,0.05,1.0,0.0001,8,1.0018486994204876,-9.245943996385454e-05,1.0018894556866944,-0.00010485205366537922,1.001890801673674,-0.00010397176752794648,0.47207547413381584,0.46072862005479526,0.06030408960996487,0.06030481733758698,True,False
0.4,0.252313252202016,0.003,0.05,1.0,0.0001,9,1.0018486994204876,-9.245943996385454e-05,1.0018893037148442,-0.00010498283176668647,1.0018906529591034,-0.00010410359013670883,0.47090348127962217,0.4595711812364558,0.06026852155840887,0.06027670345162101,True,False
0.4,0.252313252202016,0.003,0.2,0.2,0.0,0,1.0018486994204876,-0.00036983775985541815,1.0018518271908343,-0.00037390657510467663,1.0018531551363472,-0.00037388688686814173,0.016279301521325583,0.013876560577268753,3.282830201543512e-06,3.242952999666706e-06,True,False
0.4,0.252313252202016,0.003,0.2,0.2,0.0001,0,1.0018486994204876,-0.00036983775985541815,1.0018497117543217,-0.00037242726146025074,1.0018510038953974,-0.000372427699546414,0.009373719133843349,0.007517752118888917,7.07341068467202e-05,9.280480974581277e-06,True,False
0.4,0.252313252202016,0.003,0.2,0.2,0.0001,1,1.0018486994204876,-0.00036983775985541815,1.0018543326928067,-0.000372747497715847,1.0018556450568976,-0.0003726959900962621,0.020308225560027975,0.0171436608669347,6.690564387747586e-05,1.8696132530080516e-05,True,False
0.4,0.252313252202016,0.003,0.2,0.2,0.0001,2,1.0018486994204876,-0.00036983775985541815,1.0018506348589353,-0.00037030000575103734,1.0018519143330733,-0.00037027032529245716,0.00877109689288979,0.00538039348207894,7.02163778158818e-05,1.0659719554228708e-05,True,False
0.4,0.252313252202016,0.003,0.2,0.2,0.0001,3,1.0018486994204876,-0.00036983775985541815,1.001853673583431,-0.0003693082321833733,1.0018549464753104,-0.00036924983303051446,0.016965978563057003,0.013525577110537841,6.924474556540874e-05,1.3547532290783337e-05,True,False
0.4,0.252313252202016,0.003,0.2,0.2,0.0001,4,1.0018486994204876,-0.00036983775985541815,1.0018521108757061,-0.00037267779714033196,1.0018534198785902,-0.0003726379205326557,0.014840289151846672,0.012002291481076883,6.890672975377582e-05,1.7584967882266856e-05,True,False
0.4,0.252313252202016,0.003,0.2,0.2,0.0001,5,1.0018486994204876,-0.00036983775985541815,1.0018518427279635,-0.0003688781829372757,1.001853111531406,-0.00036883873262281514,0.012231853497032345,0.008886364965104653,7.224922516236514e-05,1.247645809662518e-05,True,False
0.4,0.252313252202016,0.003,0.2,0.2,0.0001,6,1.0018486994204876,-0.00036983775985541815,1.0018507792709515,-0.0003703612297920603,1.0018520811183398,-0.00037034959207558996,0.00924787225887364,0.005799067507779183,6.873471076963488e-05,1.7519823647856854e-05,True,False
0.4,0.252313252202016,0.003,0.2,0.2,0.0001,7,1.0018486994204876,-0.00036983775985541815,1.0018539219414726,-0.0003719346712868,1.0018552339359539,-0.0003718635824731966,0.01849820286581986,0.015216853852061103,6.953288785104928e-05,1.407552129208306e-05,True,False
0.4,0.252313252202016,0.003,0.2,0.2,0.0001,8,1.0018486994204876,-0.00036983775985541815,1.0018533704212538,-0.00036781764886873207,1.00185461966665,-0.00036774706670522503,0.01697652437512394,0.013760399966728645,6.900057832517872e-05,1.4267784171463467e-05,True,False
0.4,0.252313252202016,0.003,0.2,0.2,0.0001,9,1.0018486994204876,-0.00036983775985541815,1.0018538783926112,-0.0003660289948760141,1.0018551115546663,-0.00036592743794126387,0.020307278182087794,0.017382541373891416,7.118205004222095e-05,1.623710008001492e-05,True,False
0.4,0.252313252202016,0.003,0.2,0.5,0.0,0,1.0018486994204876,-0.00036983775985541815,1.0018867824274285,-0.00040607638349895184,1.001888421598959,-0.0004056523014840212,0.14461462649245366,0.14214208109889565,0.00030051223336380567,0.00029986528179510013,True,False
0.4,0.252313252202016,0.003,0.2,0.5,0.0001,0,1.0018486994204876,-0.00036983775985541815,1.0018870964342423,-0.0004057822827043355,1.0018887314989444,-0.0004053549367911268,0.1447031797753177,0.14221371462121946,0.0002980012608375583,0.000297962774818147,True,False
0.4,0.252313252202016,0.003,0.2,0.5,0.0001,1,1.0018486994204876,-0.00036983775985541815,1.001886680853119,-0.00040516332564039025,1.0018883118316777,-0.00040474325254252877,0.1427575331097027,0.1402503724926565,0.00030445647098145386,0.0002948274169600561,True,False
0.4,0.252313252202016,0.003,0.2,0.5,0.0001,2,1.0018486994204876,-0.00036983775985541815,1.0018862070651215,-0.00040522057682290625,1.0018878377083185,-0.00040480479774406794,0.14190904726151543,0.13942122737129492,0.0003053605762404459,0.0002942959514664448,True,False
0.4,0.252313252202016,0.003,0.2,0.5,0.0001,3,1.0018486994204876,-0.00036983775985541815,1.0018868671690915,-0.0004059496715633546,1.0018885048767887,-0.00040552668821775554,0.14455498705154785,0.14207247156944722,0.0003017420482760008,0.00029826789767655506,True,False
0.4,0.252313252202016,0.003,0.2,0.5,0.0001,4,1.0018486994204876,-0.00036983775985541815,1.001886537689164,-0.00040650644589649014,1.0018881820404422,-0.0004060845065319706,0.1449219549425421,0.14247021091804293,0.0003135118787501209,0.00030431870576141793,True,False
0.4,0.252313252202016,0.003,0.2,0.5,0.0001,5,1.0018486994204876,-0.00036983775985541815,1.0018871129909621,-0.00040633765308486716,1.0018887534383993,-0.00040590850116179356,0.14574491624316013,0.1432766057254972,0.0003037119550153983,0.0002995708702008796,True,False
0.4,0.252313252202016,0.003,0.2,0.5,0.0001,6,1.0018486994204876,-0.00036983775985541815,1.0018858327182458,-0.0004056826324003926,1.001887467742369,-0.00040526610334960187,0.14200306382402095,0.13955146385594203,0.00030403243888006904,0.0002986852262162769,True,False
0.4,0.252313252202016,0.003,0.2,0.5,0.0001,7,1.0018486994204876,-0.00036983775985541815,1.001886636123492,-0.00040593532484621043,1.0018882745588398,-0.0004055115810925137,0.1440645577087023,0.14159258206094857,0.00030895438317977075,0.00029481389357061317,True,False
0.4,0.252313252202016,0.003,0.2,0.5,0.0001,8,1.0018486994204876,-0.00036983775985541815,1.0018870574364616,-0.0004074273364343046,1.0018887101934761,-0.0004069961016737106,0.1476433037852469,0.14521450315879228,0.00031337025134885226,0.00030466875147744637,True,False
0.4,0.252313252202016,0.003,0.2,0.5,0.0001,9,1.0018486994204876,-0.00036983775985541815,1.0018865148709006,-0.00040617305371142546,1.0018881553684016,-0.00040574969356870394,0.14425792337699714,0.14179985082566826,0.00031571253613585983,0.000300379722128836,True,False
0.4,0.252313252202016,0.003,0.2,1.0,0.0,0,1.0018486994204876,-0.00036983775985541815,1.0014116709282161,-0.0012913401055809745,1.0014670707191038,-0.0013286383737354038,2.790301502950398,2.7576485971299824,0.005609274188051279,0.005603538879775698,True,False
0.4,0.252313252202016,0.003,0.2,1.0,0.0001,0,1.0018486994204876,-0.00036983775985541815,1.0014103184695065,-0.0012941626861159672,1.001466159432041,-0.0013318446477664746,2.7992676818430198,2.766111357119186,0.005605379959857742,0.005602289293885472,True,False
0.4,0.252313252202016,0.003,0.2,1.0,0.0001,1,1.0018486994204876,-0.00036983775985541815,1.0014098586112001,-0.001287219837979681,1.001464430987095,-0.0013245277883871941,2.782635146783941,2.749697733534414,0.0056285283056620415,0.005615587220967078,True,False
0.4,0.252313252202016,0.003,0.2,1.0,0.0001,2,1.0018486994204876,-0.00036983775985541815,1.0014109539299763,-0.0012936880784758273,1.0014667374581538,-0.0013313066034870633,2.797338471872447,2.764215759767505,0.005606886535612378,0.005599810608650154,True,False
0.4,0.252313252202016,0.003,0.2,1.0,0.0001,3,1.0018486994204876,-0.00036983775985541815,1.0014100502750656,-0.0012896151895236845,1.0014650126204192,-0.0013270990193614298,2.788500349210065,2.7553187093427876,0.00561429394442893,0.005607567733909938,True,False
0.4,0.252313252202016,0.003,0.2,1.0,0.0001,4,1.0018486994204876,-0.00036983775985541815,1.0014097886165707,-0.0012912981493834264,1.0014651288940182,-0.0013289143350154692,2.792940244869531,2.759730928850664,0.005616534463562092,0.005608169126786232,True,False
0.4,0.252313252202016,0.003,0.2,1.0,0.0001,5,1.0018486994204876,-0.00036983775985541815,1.0014100205988907,-0.001289417038675478,1.0014649590974445,-0.0013269203837690576,2.7881058715160583,2.7548696688614136,0.00561938714389137,0.005608763737273121,True,False
0.4,0.252313252202016,0.003,0.2,1.0,0.0001,6,1.0018486994204876,-0.00036983775985541815,1.001411312185744,-0.0012863868353934793,1.0014658229169322,-0.0013233967777301998,2.7783938853963512,2.7459710582057,0.0056283596903721495,0.005616773670522446,True,False
0.4,0.252313252202016,0.003,0.2,1.0,0.0001,7,1.0018486994204876,-0.00036983775985541815,1.001412868390132,-0.0012909563135257744,1.001468213135972,-0.0013280679469324258,2.7877270925827005,2.7553246583391138,0.005599395063425435,0.005596290430562009,True,False
0.4,0.252313252202016,0.003,0.2,1.0,0.0001,8,1.0018486994204876,-0.00036983775985541815,1.0014119334983231,-0.0012908943097873563,1.001467310355533,-0.0013280534409083576,2.788592414760639,2.7562552677672216,0.005609487808575495,0.005608570135466957,True,False
0.4,0.252313252202016,0.003,0.2,1.0,0.0001,9,1.0018486994204876,-0.00036983775985541815,1.0014095972958441,-0.0012861533975300722,1.0014640079574615,-0.0013234811106546864,2.7804376437668807,2.747402048996122,0.005620802803183521,0.005618124176836804,True,False
0.4,0.252313252202016,0.006,0.05,0.2,0.0,0,1.0018472319462706,-9.245943996385454e-05,1.0018424885268216,-9.246263659998071e-05,1.0018472549021167,-9.24642998586278e-05,0.0002537830914382221,0.05130271747245067,2.6283616836022255e-05,2.6217881411507078e-05,True,False
0.4,0.252313252202016,0.006,0.05,0.2,0.0001,0,1.0018472319462706,-9.245943996385454e-05,1.0018424903102077,-9.246007178806856e-05,1.0018472561630627,-9.245600007338404e-05,0.00026454716604059204,0.05128341797060828,7.575048498769462e-05,3.056204219232975e-05,True,False
0.4,0.252313252202016,0.006,0.05,0.2,0.0001,1,1.0018472319462706,-9.245943996385454e-05,1.0018424908753916,-9.246334393669018e-05,1.001847254729933,-9.246222121210791e-05,0.00024824713528170554,0.05127732212298206,7.202555268841565e-05,2.588244248618315e-05,True,False
0.4,0.252313252202016,0.006,0.05,0.2,0.0001,2,1.0018472319462706,-9.245943996385454e-05,1.001842490489204,-9.24565813006029e-05,1.001847248438699,-9.246104450526027e-05,0.00017921693328655248,0.051281490890874006,7.248937652186228e-05,2.9952405051323622e-05,True,False
0.4,0.252313252202016,0.006,0.05,0.2,0.0001,3,1.0018472319462706,-9.245943996385454e-05,1.0018424912234645,-9.246635267326955e-05,1.0018472596247852,-9.246849652910417e-05,0.0003149762362244511,0.05127359464699231,7.532416955594634e-05,3.505761061483324e-05,True,False
0.4,0.252313252202016,0.006,0.05,0.2,0.0001,4,1.0018472319462706,-9.245943996385454e-05,1.001842495253143,-9.245931461439435e-05,1.0018472614265896,-9.246424816409594e-05,0.00032305896586778737,0.05122995695210076,7.596362686621129e-05,3.304098679700067e-05,True,False
0.4,0.252313252202016,0.006,0.05,0.2,0.0001,5,1.0018472319462706,-9.245943996385454e-05,1.0018424852991785,-9.246024387385528e-05,1.0018472545318644,-9.24616826115217e-05,0.0002454769696626658,0.05133761530438386,7.278919627436305e-05,2.6653862196045083e-05,True,False
0.4,0.252313252202016,0.006,0.05,0.2,0.0001,6,1.0018472319462706,-9.245943996385454e-05,1.0018424873770944,-9.246289334058652e-05,1.0018472525829252,-9.245804578050925e-05,0.0002237056111676931,0.051315154351434675,7.510943533102052e-05,2.575501781713946e-05,True,False
0.4,0.252313252202016,0.006,0.05,0.2,0.0001,7,1.0018472319462706,-9.245943996385454e-05,1.0018424883456716,-9.246246254969872e-05,1.001847255009174,-9.246210493200559e-05,0.00025109782422737454,0.05130467547529246,7.548205235666557e-05,3.153490312131818e-05,True,False
0.4,0.252313252202016,0.006,0.05,0.2,0.0001,8,1.0018472319462706,-9.245943996385454e-05,1.0018424901652756,-9.245981772573743e-05,1.001847248449004,-9.246358409437448e-05,0.00018402784773597153,0.05128498519855765,7.473743500713421e-05,3.0446207422213617e-05,True,False
0.4,0.252313252202016,0.006,0.05,0.2,0.0001,9,1.0018472319462706,-9.245943996385454e-05,1.001842487781659,-9.246110018620679e-05,1.0018472540188794,-9.24646670901701e-05,0.0002453302494962361,0.051310768310466576,7.678845982775787e-05,2.6103769494402704e-05,True,False
0.4,0.252313252202016,0.006,0.05,0.5,0.0,0,1.0018472319462706,-9.245943996385454e-05,1.0018431288905758,-9.260834953711973e-05,1.0018480425763123,-9.258269883596691e-05,0.00886818529608939,0.04440603303545084,0.001405924385691481,0.00140602771870177,True,False
0.4,0.252313252202016,0.006,0.05,0.5,0.0001,0,1.0018472319462706,-9.245943996385454e-05,1.0018431210574732,-9.26101529258165e-05,1.0018480342966678,-9.258556153785476e-05,0.008784418823385227,0.04449140706940081,0.0014043017604952852,0.0014033257716228836,True,False
0.4,0.252313252202016,0.006,0.05,0.5,0.0001,1,1.0018472319462706,-9.245943996385454e-05,1.0018431107770323,-9.260982386025142e-05,1.0018480221074908,-9.258598166550512e-05,0.008654926851969755,0.044602391337112086,0.0013702621543540718,0.0013765970627052184,True,False
0.4,0.252313252202016,0.006,0.05,0.5,0.0001,2,1.0018472319462706,-9.245943996385454e-05,1.001843122504848,-9.260574322384263e-05,1.0018480362372124,-9.258044691349282e-05,0.00879675299857994,0.04447404099138309,0.0013811253804936396,0.0013808710241067664,True,False
0.4,0.252313252202016,0.006,0.05,0.5,0.0001,3,1.0018472319462706,-9.245943996385454e-05,1.001843126442658,-9.259006971473086e-05,1.001848039575184,-9.256390870576286e-05,0.008807727217706568,0.04442576431924633,0.0014025381282310979,0.0013999906055169613,True,False
0.4,0.252313252202016,0.006,0.05,0.5,0.0001,4,1.0018472319462706,-9.245943996385454e-05,1.001843114015351,-9.261129999713821e-05,1.001848026292859,-9.258726236415187e-05,0.008701817174276965,0.04456797594829805,0.0013898824684741866,0.0013832803525671163,True,False
0.4,0.252313252202016,0.006,0.05,0.5,0.0001,5,1.0018472319462706,-9.245943996385454e-05,1.001843130718352,-9.259818205416543e-05,1.0018480437039576,-9.257205371310121e-05,0.008863690038529177,0.044382423581389024,0.001423504449519272,0.0014187558424521645,True,False
0.4,0.252313252202016,0.006,0.05,0.5,0.0001,6,1.0018472319462706,-9.245943996385454e-05,1.001843138006541,-9.261493234049019e-05,1.0018480540509993,-9.25895810892032e-05,0.009002237258181878,0.04431014890053437,0.0014065468671909944,0.00140938687925412,True,False
0.4,0.252313252202016,0.006,0.05,0.5,0.0001,7,1.0018472319462706,-9.245943996385454e-05,1.001843131193822,-9.259655574406786e-05,1.0018480439333584,-9.257011584722839e-05,0.00886329267979162,0.044376692762421635,0.0014268282760747514,0.0014188682018256716,True,False
0.4,0.252313252202016,0.006,0.05,0.5,0.0001,8,1.0018472319462706,-9.245943996385454e-05,1.0018431340318203,-9.261891661146273e-05,1.0018480491655848,-9.259428231844145e-05,0.008958189673211114,0.0443547615838519,0.001418173124346395,0.0014163737094743118,True,False
0.4,0.252313252202016,0.006,0.05,0.5,0.0001,9,1.0018472319462706,-9.245943996385454e-05,1.0018431266432304,-9.260733117243301e-05,1.0018480396627862,-9.25834175697135e-05,0.008838209260672547,0.044429925451117736,0.0014207613005126577,0.0014113794424947927,True,False
0.4,0.252313252202016,0.006,0.05,1.0,0.0,0,1.0018472319462706,-9.245943996385454e-05,1.0018661755082134,-0.00010074784462460297,1.0018719962188927,-9.981289204684267e-05,0.27939788814413447,0.2236378668359203,0.052726226601112335,0.05272769685248163,True,False
0.4,0.252313252202016,0.006,0.05,1.0,0.0001,0,1.0018472319462706,-9.245943996385454e-05,1.0018662029794656,-0.00010078526035532397,1.0018720260321008,-9.984888982774218e-05,0.27981796247345775,0.22407242060493124,0.05277475634175043,0.052776880305354865,True,False
0.4,0.252313252202016,0.006,0.05,1.0,0.0001,1,1.0018472319462706,-9.245943996385454e-05,1.0018662060756802,-0.00010074768288080963,1.0018720264907974,-9.981187006130212e-05,0.27970862371474,0.223940087625126,0.05278124863256931,0.05278106577799659,True,False
0.4,0.252313252202016,0.006,0.05,1.0,0.0001,2,1.0018472319462706,-9.245943996385454e-05,1.0018661763330063,-0.00010074323258940495,1.0018719961992302,-9.9808023978923e-05,0.27938270156867284,0.22362605009831346,0.052757866602827795,0.052758464644193384,True,False
0.4,0.252313252202016,0.006,0.05,1.0,0.0001,3,1.0018472319462706,-9.245943996385454e-05,1.0018661294219333,-0.00010075485724534804,1.0018719498478852,-9.98219167457034e-05,0.27894499239953907,0.22321177928097494,0.052650857568905494,0.05265717116293695,True,False
0.4,0.252313252202016,0.006,0.05,1.0,0.0001,4,1.0018472319462706,-9.245943996385454e-05,1.0018661661097816,-0.00010073521763864963,1.0018719867080021,-9.98011558248707e-05,0.27926316123191436,0.22349001487327366,0.052664837487912335,0.052674821075305904,True,False
0.4,0.252313252202016,0.006,0.05,1.0,0.0001,5,1.0018472319462706,-9.245943996385454e-05,1.0018661831901412,-0.00010074003442557112,1.0018720035597861,-9.980454053785818e-05,0.2794483090395962,0.22368015177259595,0.05273890599877436,0.05273492467832331,True,False
0.4,0.252313252202016,0.006,0.05,1.0,0.0001,6,1.0018472319462706,-9.245943996385454e-05,1.0018661890610003,-0.00010076395867624967,1.0018720109154562,-9.98288782427405e-05,0.27959950632246855,0.2238420390673247,0.05272905850358149,0.052728745185564856,True,False
0.4,0.252313252202016,0.006,0.05,1.0,0.0001,7,1.0018472319462706,-9.245943996385454e-05,1.001866181662562,-0.00010076005279820338,1.001872002539083,-9.982509450069877e-05,0.2795010046726784,0.2237517944624778,0.052726861226421215,0.052726589710816535,True,False
0.4,0.252313252202016,0.006,0.05,1.0,0.0001,8,1.0018472319462706,-9.245943996385454e-05,1.0018661445249963,-0.0001007449577745822,1.0018719641196288,-9.981063815124293e-05,0.2790581503419883,0.22331837502848134,0.05270938487957708,0.05271237036809849,True,False
0.4,0.252313252202016,0.006,0.05,1.0,0.0001,9,1.0018472319462706,-9.245943996385454e-05,1.0018661921283962,-0.00010074881822826683,1.0018720132501402,-9.981250616090941e-05,0.2795732878054723,0.22380677974618896,0.05275950602063151,0.0527606598583136,True,False
0.4,0.252313252202016,0.006,0.2,0.2,0.0,0,1.0018472319462706,-0.00036983775985541815,1.0018432271515882,-0.0003707517293533104,1.0018483380630765,-0.00037088577436022286,0.004120062898515284,0.011106933665631197,3.1434947587070204e-06,3.099412042051346e-06,True,False
0.4,0.252313252202016,0.006,0.2,0.2,0.0001,0,1.0018472319462706,-0.00036983775985541815,1.001844023977371,-0.00037131926292989005,1.0018492511016772,-0.0003714503903056945,0.006987114002365964,0.009554301708398072,7.026424562631748e-05,1.1366475432502545e-05,True,False
0.4,0.252313252202016,0.006,0.2,0.2,0.0001,1,1.0018472319462706,-0.00036983775985541815,1.0018429675406881,-0.0003713276579961296,1.0018480957982374,-0.00037152462527045117,0.005124389252240207,0.01221396111234143,7.059774251060568e-05,1.1825608095893102e-05,True,False
0.4,0.252313252202016,0.006,0.2,0.2,0.0001,2,1.0018472319462706,-0.00036983775985541815,1.0018431601049123,-0.00037048407829750555,1.001848262265816,-0.0003706070299378913,0.003476715525813305,0.011147636596900714,6.984193452443945e-05,9.254519261809544e-06,True,False
0.4,0.252313252202016,0.006,0.2,0.2,0.0001,3,1.0018472319462706,-0.00036983775985541815,1.001843582778931,-0.00036966296202761977,1.001848591253018,-0.00036967410503159216,0.0037019556378201104,0.009878254225054606,7.092221720982492e-05,1.3267519691960058e-05,True,False
0.4,0.252313252202016,0.006,0.2,0.2,0.0001,4,1.0018472319462706,-0.00036983775985541815,1.0018433783740701,-0.00037013667414456577,1.001848510394107,-0.0003701854613731729,0.0035823461338090764,0.010450928329157208,7.253900265189706e-05,1.2202952452333602e-05,True,False
0.4,0.252313252202016,0.006,0.2,0.2,0.0001,5,1.0018472319462706,-0.00036983775985541815,1.0018415513630126,-0.0003705487603466142,1.001846471389261,-0.00037080045804838434,0.0033173467705692873,0.015479506276469454,6.85142429170119e-05,1.5057571948330839e-05,True,False
0.4,0.252313252202016,0.006,0.2,0.2,0.0001,6,1.0018472319462706,-0.00036983775985541815,1.0018431213310122,-0.0003715619926954218,1.001848282567151,-0.00037180358156939125,0.006026856830767255,0.012052834063085523,6.785868657328412e-05,1.3741303748592343e-05,True,False
0.4,0.252313252202016,0.006,0.2,0.2,0.0001,7,1.0018472319462706,-0.00036983775985541815,1.0018432915464086,-0.0003714593484482457,1.0018484940064332,-0.00037163620944944477,0.005940693579870922,0.011521325136626324,7.3306725279562e-05,9.01662600507633e-06,True,False
0.4,0.252313252202016,0.006,0.2,0.2,0.0001,8,1.0018472319462706,-0.00036983775985541815,1.001844862162698,-0.000369167301132545,1.0018499900491507,-0.00036910886259344854,0.007713631221214042,0.006659139036240623,6.900541309864746e-05,1.687581472083885e-05,True,False
0.4,0.252313252202016,0.006,0.2,0.2,0.0001,9,1.0018472319462706,-0.00036983775985541815,1.0018428901483307,-0.00037015730108715594,1.0018479713271429,-0.00037026517750564966,0.002309205988170324,0.011771487648827267,7.152066170339579e-05,1.4097301441179007e-05,True,False
0.4,0.252313252202016,0.006,0.2,0.5,0.0,0,1.0018472319462706,-0.00036983775985541815,1.0018518729048826,-0.00037925250553198965,1.001857472033063,-0.00037910983184866393,0.037351914594300914,0.028381289166441722,0.00030689519959745836,0.0003061985825175705,True,False
0.4,0.252313252202016,0.006,0.2,0.5,0.0001,0,1.0018472319462706,-0.00036983775985541815,1.001851979820395,-0.0003792670149656833,1.001857580711238,-0.00037911619192325456,0.037581736463384315,0.02854532188382345,0.0003143656165681997,0.0003076262758542374,True,False
0.4,0.252313252202016,0.006,0.2,0.5,0.0001,1,1.0018472319462706,-0.00036983775985541815,1.0018518699084662,-0.00037924725446017156,1.0018574685320598,-0.0003791072677301732,0.03734024396578406,0.028364971851508797,0.00031217909159081885,0.0003038230574865846,True,False
0.4,0.252313252202016,0.006,0.2,0.5,0.0001,2,1.0018472319462706,-0.00036983775985541815,1.00185186461985,-0.0003792479412591265,1.0018574585320073,-0.00037910862765717576,0.03732267518875779,0.028360318668993967,0.0003170402226211345,0.0003085795209155941,True,False
0.4,0.252313252202016,0.006,0.2,0.5,0.0001,3,1.0018472319462706,-0.00036983775985541815,1.0018521543164853,-0.00037903768814772217,1.001857747436369,-0.0003788839138640106,0.03750600463767206,0.02821237763648429,0.00032052755027863904,0.0003064943723238362,True,False
0.4,0.252313252202016,0.006,0.2,0.5,0.0001,4,1.0018472319462706,-0.00036983775985541815,1.0018515515021795,-0.000378994026247055,1.0018571369686258,-0.0003788594014969069,0.036225997640430635,0.027374218988155796,0.0003156314751874405,0.0003023213106662405,True,False
0.4,0.252313252202016,0.006,0.2,0.5,0.0001,5,1.0018472319462706,-0.00036983775985541815,1.0018517452257922,-0.00037926572049865514,1.001857340630712,-0.00037912810878004254,0.03712273084348401,0.028262570879376364,0.00032189397329035436,0.00031108938169656646,True,False
0.4,0.252313252202016,0.006,0.2,0.5,0.0001,6,1.0018472319462706,-0.00036983775985541815,1.0018518120479276,-0.00037919334104588993,1.0018574087615335,-0.00037904869939515306,0.03711415223783444,0.0281651511338656,0.0003112234669615889,0.00030490149409510305,True,False
0.4,0.252313252202016,0.006,0.2,0.5,0.0001,7,1.0018472319462706,-0.00036983775985541815,1.0018517939259572,-0.0003794854540320578,1.001857403815376,-0.00037934919153284293,0.03765442427056457,0.028855652640083555,0.00031046949317609297,0.0003020610447998464,True,False
0.4,0.252313252202016,0.006,0.2,0.5,0.0001,8,1.0018472319462706,-0.00036983775985541815,1.0018524263552095,-0.00037916939215490664,1.0018580294618367,-0.0003790016499444897,0.03829255996975558,0.028877381149536627,0.0003157144401649095,0.00031162991355709895,True,False
0.4,0.252313252202016,0.006,0.2,0.5,0.0001,9,1.0018472319462706,-0.00036983775985541815,1.0018518720294982,-0.00037925755639130074,1.0018574722962796,-0.00037911563307535377,0.037362972202677605,0.028392493333847458,0.0003144863185753378,0.00030292927801867293,True,False
0.4,0.252313252202016,0.006,0.2,1.0,0.0,0,1.0018472319462706,-0.00036983775985541815,1.0019110007595917,-0.0005909496635002574,1.0019266205871322,-0.0005859872477801173,0.6226178148532376,0.6222288919321143,0.008057221867218628,0.008051757196686332,True,False
0.4,0.252313252202016,0.006,0.2,1.0,0.0001,0,1.0018472319462706,-0.00036983775985541815,1.001910901994619,-0.0005916299769635778,1.0019265698457673,-0.0005866641317202436,0.6242889803513677,0.6239228169909877,0.008065966574012701,0.008060422169716414,True,False
0.4,0.252313252202016,0.006,0.2,1.0,0.0001,1,1.0018472319462706,-0.00036983775985541815,1.0019106576482195,-0.0005904757582375847,1.0019262498264874,-0.0005855462670700691,0.6211531568356634,0.6207408354194631,0.008058138885812595,0.008050203190820388,True,False
0.4,0.252313252202016,0.006,0.2,1.0,0.0001,2,1.0018472319462706,-0.00036983775985541815,1.0019114995072855,-0.0005903360445603735,1.0019270700962342,-0.000585351625155186,0.6214259908234492,0.6210108844830379,0.008053418933078227,0.008043571923394485,True,False
0.4,0.252313252202016,0.006,0.2,1.0,0.0001,3,1.0018472319462706,-0.00036983775985541815,1.001911069763822,-0.0005912419655803552,1.0019267103658762,-0.0005862713489611938,0.6234225882991494,0.6230399970160572,0.008058931228217957,0.008054648185671044,True,False
0.4,0.252313252202016,0.006,0.2,1.0,0.0001,4,1.0018472319462706,-0.00036983775985541815,1.0019107939921224,-0.0005908162124782289,1.0019264048884646,-0.0005858638416848268,0.6221036703777612,0.6217274159431398,0.00805890912062233,0.008050726984680857,True,False
0.4,0.252313252202016,0.006,0.2,1.0,0.0001,5,1.0018472319462706,-0.00036983775985541815,1.0019111886464305,-0.0005906867100643389,1.001926784414314,-0.000585717003413641,0.6220849852587192,0.6216868930777162,0.008056988530557047,0.00804929512757472,True,False
0.4,0.252313252202016,0.006,0.2,1.0,0.0001,6,1.0018472319462706,-0.00036983775985541815,1.001910946636599,-0.0005908266125227434,1.001926560372845,-0.0005858650988634201,0.6222516564462881,0.6218686546686951,0.008070778562465011,0.008058160096207124,True,False
0.4,0.252313252202016,0.006,0.2,1.0,0.0001,7,1.0018472319462706,-0.00036983775985541815,1.0019111183656237,-0.000590266461512091,1.0019266947458003,-0.0005853054720290059,0.620957072055035,0.620542588457605,0.008056439036521148,0.008045028365331365,True,False
0.4,0.252313252202016,0.006,0.2,1.0,0.0001,8,1.0018472319462706,-0.00036983775985541815,1.0019113192777473,-0.0005905367174391437,1.0019269056824185,-0.0005855572226099958,0.6217931501523685,0.6213957520012596,0.008058249227610488,0.008053484026244324,True,False
0.4,0.252313252202016,0.006,0.2,1.0,0.0001,9,1.0018472319462706,-0.00036983775985541815,1.001910707674373,-0.0005912300097775147,1.001926347346176,-0.000586284314690659,0.6231178402790798,0.6227383912411522,0.008053354734683747,0.008050367889501045,True,False
0.4,0.252313252202016,0.012,0.05,0.2,0.0,0,1.0018413719721846,-9.245943996385454e-05,1.0018225908278169,-9.247194908163115e-05,1.0018413826835633,-9.246204317461445e-05,0.0001192217132034121,0.20312851279303942,1.6485237321589432e-05,1.601687107486976e-05,True,False
0.4,0.252313252202016,0.012,0.05,0.2,0.0001,0,1.0018413719721846,-9.245943996385454e-05,1.0018225831049044,-9.245179351683132e-05,1.0018413872455838,-9.246325913516446e-05,0.0001702763809123271,0.20321201213753803,7.036957878429739e-05,1.854245611156676e-05,True,False
0.4,0.252313252202016,0.012,0.05,0.2,0.0001,1,1.0018413719721846,-9.245943996385454e-05,1.0018226165602113,-9.245598578166358e-05,1.0018413727983888,-9.246739838970344e-05,8.65373738583172e-05,0.20285016109421097,7.402483543453299e-05,2.2107812388756516e-05,True,False
0.4,0.252313252202016,0.012,0.05,0.2,0.0001,2,1.0018413719721846,-9.245943996385454e-05,1.001822586784522,-9.246991139888282e-05,1.0018413870791798,-9.246095432234572e-05,0.00016420937452022732,0.20317222977350433,7.122649615123754e-05,1.7113803683739557e-05,True,False
0.4,0.252313252202016,0.012,0.05,0.2,0.0001,3,1.0018413719721846,-9.245943996385454e-05,1.0018225751496361,-9.245985542146536e-05,1.0018413873216003,-9.246580776218184e-05,0.00017973139856369155,0.2032980359863851,7.140650747741942e-05,1.8445160983787086e-05,True,False
0.4,0.252313252202016,0.012,0.05,0.2,0.0001,4,1.0018413719721846,-9.245943996385454e-05,1.001822598413681,-9.247635800332384e-05,1.0018413776086765,-9.246273745186845e-05,7.062769010601111e-05,0.2030465048657375,7.23994329987069e-05,2.3316780256785213e-05,True,False
0.4,0.252313252202016,0.012,0.05,0.2,0.0001,5,1.0018413719721846,-9.245943996385454e-05,1.0018226067069012,-9.247094335085658e-05,1.00184138368373,-9.245999590124346e-05,0.00012680947489245655,0.20295676478948402,7.242949666714722e-05,2.141760657928352e-05,True,False
0.4,0.252313252202016,0.012,0.05,0.2,0.0001,6,1.0018413719721846,-9.245943996385454e-05,1.0018226034124262,-9.246556498674343e-05,1.0018413780121482,-9.246141548590249e-05,6.873098873009225e-05,0.20299236903365622,7.045279700331372e-05,2.011059024341863e-05,True,False
0.4,0.252313252202016,0.012,0.05,0.2,0.0001,7,1.0018413719721846,-9.245943996385454e-05,1.00182260645897,-9.24580330212274e-05,1.0018413793391046,-9.24613083272127e-05,8.21998354096544e-05,0.20295940873909563,7.25726669688634e-05,1.998847065706053e-05,True,False
0.4,0.252313252202016,0.012,0.05,0.2,0.0001,8,1.0018413719721846,-9.245943996385454e-05,1.0018225971619672,-9.246909178058114e-05,1.0018413802724264,-9.245956317472329e-05,8.978159792616752e-05,0.20305998722954494,7.084183393872238e-05,1.771919510109036e-05,True,False
0.4,0.252313252202016,0.012,0.05,0.2,0.0001,9,1.0018413719721846,-9.245943996385454e-05,1.001822643204581,-9.247030407184518e-05,1.0018413791874274,-9.245764601705547e-05,8.041272913616014e-05,0.20256201813461247,6.692948348283105e-05,2.578509274528917e-05,True,False
0.4,0.252313252202016,0.012,0.05,0.5,0.0,0,1.0018413719721846,-9.245943996385454e-05,1.0018224997927883,-9.259244991520803e-05,1.001841892729748,-9.257152266809895e-05,0.005761259281954705,0.20411813137566578,0.0008447140809533049,0.0008443651624411833,True,False
0.4,0.252313252202016,0.012,0.05,0.5,0.0001,0,1.0018413719721846,-9.245943996385454e-05,1.001822502848428,-9.259269933343349e-05,1.0018418950695804,-9.257228191898668e-05,0.005787727794271895,0.20408510279505362,0.0008580012399426683,0.0008569078531088562,True,False
0.4,0.252313252202016,0.012,0.05,0.5,0.0001,1,1.0018413719721846,-9.245943996385454e-05,1.0018225019900848,-9.25927448916108e-05,1.0018418976935575,-9.2573006243907e-05,0.005817121601614259,0.20409438950010816,0.0008507771746880708,0.0008519287100937055,True,False
0.4,0.252313252202016,0.012,0.05,0.5,0.0001,2,1.0018413719721846,-9.245943996385454e-05,1.001822501198308,-9.259246477309035e-05,1.001841888389595,-9.257546144126932e-05,0.0057245644136187865,0.20410293141271013,0.0008387827564067574,0.0008353396147928202,True,False
0.4,0.252313252202016,0.012,0.05,0.5,0.0001,3,1.0018413719721846,-9.245943996385454e-05,1.001822497298411,-9.259158982848875e-05,1.001841888151244,-9.257632088901278e-05,0.005724094892335101,0.20414504343480405,0.0008408930197515204,0.0008395292507178385,True,False
0.4,0.252313252202016,0.012,0.05,0.5,0.0001,4,1.0018413719721846,-9.245943996385454e-05,1.0018224972870744,-9.259440900047069e-05,1.0018418879282927,-9.25749946440666e-05,0.005718591119655277,0.20414538179634303,0.0008423957350206268,0.0008397493607670564,True,False
0.4,0.252313252202016,0.012,0.05,0.5,0.0001,5,1.0018413719721846,-9.245943996385454e-05,1.0018224991430877,-9.259223367541556e-05,1.0018418936475533,-9.257472557631233e-05,0.005778339921651557,0.20412514160269032,0.0008484243069105131,0.0008477272005584718,True,False
0.4,0.252313252202016,0.012,0.05,0.5,0.0001,6,1.0018413719721846,-9.245943996385454e-05,1.0018224977701156,-9.259355172574937e-05,1.0018418895866812,-9.257485170470898e-05,0.005735758618078802,0.20414009148155093,0.0008507421831577517,0.0008396455083214412,True,False
0.4,0.252313252202016,0.012,0.05,0.5,0.0001,7,1.0018413719721846,-9.245943996385454e-05,1.001822499712678,-9.259813642495727e-05,1.00184188803995,-9.258104287465687e-05,0.005734418250629765,0.20411944051217076,0.0008460313629665041,0.0008456665723402789,True,False
0.4,0.252313252202016,0.012,0.05,0.5,0.0001,8,1.0018413719721846,-9.245943996385454e-05,1.0018224965143143,-9.258989593978927e-05,1.001841888950244,-9.25746768473524e-05,0.005728628619966477,0.20415339622924578,0.0008487409548240404,0.0008468136870568234,True,False
0.4,0.252313252202016,0.012,0.05,0.5,0.0001,9,1.0018413719721846,-9.245943996385454e-05,1.0018224944448206,-9.259013247005562e-05,1.0018418818487291,-9.257360898904726e-05,0.0056511515053045734,0.204175796108465,0.0008321941551650253,0.0008241167169050114,True,False
0.4,0.252313252202016,0.012,0.05,1.0,0.0,0,1.0018413719721846,-9.245943996385454e-05,1.0018353193383098,-9.990676051032655e-05,1.0018585454531035,-9.923812911991111e-05,0.1996865951404491,0.10379379451409511,0.033052004189265204,0.03304777688949602,True,False
0.4,0.252313252202016,0.012,0.05,1.0,0.0001,0,1.0018413719721846,-9.245943996385454e-05,1.0018353134871767,-9.99045733551108e-05,1.0018585416673274,-9.923853526852032e-05,0.19965012316087247,0.10381536973069747,0.03302950103852655,0.033025174913297484,True,False
0.4,0.252313252202016,0.012,0.05,1.0,0.0001,1,1.0018413719721846,-9.245943996385454e-05,1.0018353252347836,-9.989578672763447e-05,1.0018585502963113,-9.922646839113832e-05,0.19968906133651984,0.10366147084180229,0.033053621113372615,0.03304333423431456,True,False
0.4,0.252313252202016,0.012,0.05,1.0,0.0001,2,1.0018413719721846,-9.245943996385454e-05,1.0018353314560928,-9.99111291169001e-05,1.0018585612245026,-9.924048373318119e-05,0.19985461251699507,0.10374788465767838,0.03306358987735044,0.033059195786797654,True,False
0.4,0.252313252202016,0.012,0.05,1.0,0.0001,3,1.0018413719721846,-9.245943996385454e-05,1.00183532625368,-9.992602634984039e-05,1.0018585579793295,-9.92638143615318e-05,0.1999147152352156,0.1039084965729889,0.03307273666363245,0.03306848798974901,True,False
0.4,0.252313252202016,0.012,0.05,1.0,0.0001,4,1.0018413719721846,-9.245943996385454e-05,1.0018353183209767,-9.992241703625625e-05,1.0018585473870394,-9.925817263442487e-05,0.1997857368601051,0.103932188471009,0.033066225670682306,0.03306626677829745,True,False
0.4,0.252313252202016,0.012,0.05,1.0,0.0001,5,1.0018413719721846,-9.245943996385454e-05,1.0018353237327406,-9.991001561633811e-05,1.001858552946709,-9.924073534404292e-05,0.1997723315746469,0.10379115603682529,0.033057810588213186,0.033054216828780465,True,False
0.4,0.252313252202016,0.012,0.05,1.0,0.0001,6,1.0018413719721846,-9.245943996385454e-05,1.001835307470645,-9.990898616717618e-05,1.001858534820995,-9.924014825157346e-05,0.1995876615957335,0.10389346266450705,0.03303037879576691,0.033018700039976714,True,False
0.4,0.252313252202016,0.012,0.05,1.0,0.0001,7,1.0018413719721846,-9.245943996385454e-05,1.001835326851868,-9.991187528947226e-05,1.0018585566712574,-9.924165846729408e-05,0.19981346715020096,0.10378551733067794,0.03306000948289698,0.0330589648021627,True,False
0.4,0.252313252202016,0.012,0.05,1.0,0.0001,8,1.0018413719721846,-9.245943996385454e-05,1.0018353103418467,-9.991128252458772e-05,1.0018585348600892,-9.924751546695194e-05,0.19961734659667763,0.10389312620609864,0.0330240098053256,0.033024058328986416,True,False
0.4,0.252313252202016,0.012,0.05,1.0,0.0001,9,1.0018413719721846,-9.245943996385454e-05,1.0018353130946174,-9.991836553344977e-05,1.0018585392143717,-9.925374861083358e-05,0.19968593926609424,0.10393379134513668,0.03305191894139558,0.03304695891018615,True,False
0.4,0.252313252202016,0.012,0.2,0.2,0.0,0,1.0018413719721846,-0.00036983775985541815,1.001821665247978,-0.00036946649453694724,1.001841638323068,-0.00037013035713952117,0.001069851643329274,0.053294236735058224,2.5742179295464235e-06,2.5208060097694813e-06,True,False
0.4,0.252313252202016,0.012,0.2,0.2,0.0001,0,1.0018413719721846,-0.00036983775985541815,1.0018218423327996,-0.00036938021523659785,1.0018415198924857,-0.0003700219730853126,0.0006387985778260602,0.05282045398654435,6.927699550772297e-05,9.304712482345358e-06,True,False
0.4,0.252313252202016,0.012,0.2,0.2,0.0001,1,1.0018413719721846,-0.00036983775985541815,1.0018216354852112,-0.00036945892516910265,1.0018416723497947,-0.0003701650568113093,0.001201177869310003,0.05337508653327231,7.099441208311895e-05,8.15328659876769e-06,True,False
0.4,0.252313252202016,0.012,0.2,0.2,0.0001,2,1.0018413719721846,-0.00036983775985541815,1.001821633165358,-0.0003694119491712158,1.0018416118088678,-0.0003702552173355865,0.0013017822024331484,0.053383946381302914,6.898990292220628e-05,8.98341546928108e-06,True,False
0.4,0.252313252202016,0.012,0.2,0.2,0.0001,3,1.0018413719721846,-0.00036983775985541815,1.001821822722891,-0.0003697399424162615,1.0018418126671778,-0.00036993624362936805,0.001220981873651008,0.05285964856972267,6.991176152240751e-05,1.2834972099694833e-05,True,False
0.4,0.252313252202016,0.012,0.2,0.2,0.0001,4,1.0018413719721846,-0.00036983775985541815,1.0018215985836312,-0.00036959560527342146,1.0018416870628728,-0.00037007772719540205,0.001070912052880864,0.05346904349962379,7.044050041687272e-05,8.100068892029738e-06,True,False
0.4,0.252313252202016,0.012,0.2,0.2,0.0001,5,1.0018413719721846,-0.00036983775985541815,1.0018213703744303,-0.0003694813042395233,1.0018419937829808,-0.00037024876776076826,0.002015396744704714,0.054090674168466045,6.964156925132875e-05,1.1648995859010382e-05,True,False
0.4,0.252313252202016,0.012,0.2,0.2,0.0001,6,1.0018413719721846,-0.00036983775985541815,1.0018218525920135,-0.0003693642709171355,1.0018413167163829,-0.000369896052904813,0.00021717598738368743,0.052793749707181314,6.77078183012197e-05,1.2331241526828718e-05,True,False
0.4,0.252313252202016,0.012,0.2,0.2,0.0001,7,1.0018413719721846,-0.00036983775985541815,1.0018217646860563,-0.0003694594224213515,1.0018414784465561,-0.0003694708849330537,0.00103292073131214,0.05302578068253925,6.752201605114763e-05,1.5028301326737078e-05,True,False
0.4,0.252313252202016,0.012,0.2,0.2,0.0001,8,1.0018413719721846,-0.00036983775985541815,1.0018217145305153,-0.000369421838174348,1.0018412854941905,-0.00037001872624932414,0.0005423118321066399,0.053163423120821784,7.133279576871038e-05,1.2039151626066794e-05,True,False
0.4,0.252313252202016,0.012,0.2,0.2,0.0001,9,1.0018413719721846,-0.00036983775985541815,1.0018214866475235,-0.00036958084932164773,1.001841582590337,-0.0003703101517044132,0.0013984986794080936,0.05377218429758035,7.107165015709727e-05,1.3179466979265085e-05,True,False
0.4,0.252313252202016,0.012,0.2,0.5,0.0,0,1.0018413719721846,-0.00036983775985541815,1.001822984515696,-0.0003719830050533096,1.0018440850170576,-0.00037264245904656846,0.010551038590368612,0.05005485452097528,0.00028042568847780694,0.0002793640865100122,True,False
0.4,0.252313252202016,0.012,0.2,0.5,0.0001,0,1.0018413719721846,-0.00036983775985541815,1.001822957727977,-0.00037194435369030884,1.0018440391064676,-0.000372587324061719,0.010357589516223339,0.050114812336027555,0.0002897510831513653,0.0002792467732377704,True,False
0.4,0.252313252202016,0.012,0.2,0.5,0.0001,1,1.0018413719721846,-0.00036983775985541815,1.0018230432052213,-0.00037200411313965655,1.001844154865349,-0.00037265865328017827,0.010714337562232888,0.049903904081241526,0.00029402615701223825,0.0002831305955836022,True,False
0.4,0.252313252202016,0.012,0.2,0.5,0.0001,2,1.0018413719721846,-0.00036983775985541815,1.0018229332614548,-0.0003719752492511554,1.0018440227617575,-0.0003726329249212414,0.010415984667175224,0.0501900899925968,0.00028402725549759407,0.0002770628771060747,True,False
0.4,0.252313252202016,0.012,0.2,0.5,0.0001,3,1.0018413719721846,-0.00036983775985541815,1.0018229262982457,-0.0003719708078358644,1.0018440312865506,-0.00037262842727916,0.010423051999885746,0.05020741158411387,0.0002834936314728716,0.00027808095136576405,True,False
0.4,0.252313252202016,0.012,0.2,0.5,0.0001,4,1.0018413719721846,-0.00036983775985541815,1.001823003505156,-0.0003719669414404602,1.001844076214513,-0.00037262764567669006,0.01050570727956434,0.04999883560999719,0.00028936461835370864,0.00028329417598925346,True,False
0.4,0.252313252202016,0.012,0.2,0.5,0.0001,5,1.0018413719721846,-0.00036983775985541815,1.0018229447919007,-0.0003720140918537428,1.001844047366559,-0.0003726888631746652,0.010571658812671345,0.05017133046684444,0.00029235931957061087,0.00028024851597016707,True,False
0.4,0.252313252202016,0.012,0.2,0.5,0.0001,6,1.0018413719721846,-0.00036983775985541815,1.0018229854978689,-0.0003719956740230302,1.0018440774978616,-0.00037265840063159734,0.010567978475062963,0.05005619812652616,0.00029230589561911313,0.00028230039990073403,True,False
0.4,0.252313252202016,0.012,0.2,0.5,0.0001,7,1.0018413719721846,-0.00036983775985541815,1.0018230720927348,-0.00037203057001258875,1.0018442061012267,-0.00037267552677045857,0.010844314328525097,0.04983479669466255,0.00028909935343639974,0.00028258055508528687,True,False
0.4,0.252313252202016,0.012,0.2,0.5,0.0001,8,1.0018413719721846,-0.00036983775985541815,1.001822984938578,-0.00037196761295146493,1.001844086404799,-0.0003726237310016512,0.010517319118744355,0.05004891288450182,0.000284321239452662,0.0002768988456132866,True,False
0.4,0.252313252202016,0.012,0.2,0.5,0.0001,9,1.0018413719721846,-0.00036983775985541815,1.0018229755725108,-0.00037201578524126476,1.0018440869223133,-0.0003726847077475541,0.01063699717141007,0.050089216666738316,0.0002926832941188002,0.00028092158996301773,True,False
0.4,0.252313252202016,0.012,0.2,1.0,0.0,0,1.0018413719721846,-0.00036983775985541815,1.0018405119808507,-0.00042974542592899014,1.0018719833986494,-0.00043004097736010194,0.18261731902611403,0.1620003281636567,0.009073678662808796,0.009068439163479849,True,False
0.4,0.252313252202016,0.012,0.2,1.0,0.0001,0,1.0018413719721846,-0.00036983775985541815,1.0018404178907592,-0.00042977265461259815,1.001871892061257,-0.000430082530894514,0.18260573757710954,0.16207779360953667,0.009075433542558119,0.009062949084695264,True,False
0.4,0.252313252202016,0.012,0.2,1.0,0.0001,1,1.0018413719721846,-0.00036983775985541815,1.0018405382625295,-0.0004297109170690805,1.0018720057351689,-0.00042999755723445844,0.18254007247720955,0.1619060246625394,0.009074810022209188,0.009067035602176072,True,False
0.4,0.252313252202016,0.012,0.2,1.0,0.0001,2,1.0018413719721846,-0.00036983775985541815,1.0018404892885502,-0.0004298757985636066,1.0018719794828348,-0.0004301832470093006,0.18295551245948705,0.1623536953628826,0.00908218022424478,0.009070824573734306,True,False
0.4,0.252313252202016,0.012,0.2,1.0,0.0001,3,1.0018413719721846,-0.00036983775985541815,1.0018404734625597,-0.00042977038353397135,1.0018719453364822,-0.00043007048302959934,0.18264183291738212,0.1620693315623202,0.00907957383667194,0.009076505894580967,True,False
0.4,0.252313252202016,0.012,0.2,1.0,0.0001,4,1.0018413719721846,-0.00036983775985541815,1.0018405516525657,-0.0004298034462681388,1.001872029216901,-0.00043009586771995537,0.18280577254031727,0.1621556897944608,0.009084495379419497,0.00907936515282137,True,False
0.4,0.252313252202016,0.012,0.2,1.0,0.0001,5,1.0018413719721846,-0.00036983775985541815,1.0018405297440154,-0.00042980195013799763,1.0018720101420713,-0.00043009763278784713,0.18278664518471321,0.16215246593583252,0.009072813280986825,0.00906962266693201,True,False
0.4,0.252313252202016,0.012,0.2,1.0,0.0001,6,1.0018413719721846,-0.00036983775985541815,1.0018405938876698,-0.0004297628441232581,1.0018720715437863,-0.0004300458143899434,0.18273711729862455,0.16204439350608318,0.00908406964707623,0.009069689763079234,True,False
0.4,0.252313252202016,0.012,0.2,1.0,0.0001,7,1.0018413719721846,-0.00036983775985541815,1.001840563806633,-0.00042968912067794515,1.0018720306027655,-0.0004299784526751851,0.18252457000182826,0.16184614809796913,0.009067224283458821,0.009069058853844195,True,False
0.4,0.252313252202016,0.012,0.2,1.0,0.0001,8,1.0018413719721846,-0.00036983775985541815,1.0018405590518205,-0.00042978471469322626,1.0018720378547648,-0.00043007424028057236,0.18276424897439789,0.16210477393337433,0.009067447669418329,0.00906456165906913,True,False
0.4,0.252313252202016,0.012,0.2,1.0,0.0001,9,1.0018413719721846,-0.00036983775985541815,1.001840610244728,-0.00042976455107905637,1.001872089848132,-0.0004300423983901536,0.18275137725046908,0.16204844036953953,0.009077275768767585,0.009072067546126336,True,False
0.8,0.1784124116152771,0.003,0.05,0.2,0.0,0,1.025115481800576,-0.0012559856030973093,1.0251146526847412,-0.0012563310198786678,1.0251176550673144,-0.0012563246965048105,0.00175126364347616,0.0007151278651859666,3.5136407049173316e-05,3.512545270974042e-05,True,False
0.8,0.1784124116152771,0.003,0.05,0.2,0.0001,0,1.025115481800576,-0.0012559856030973093,1.0251138731399871,-0.001255314863386451,1.0251168642949007,-0.001255301734417746,0.001228031596437963,0.0013876706285760832,7.389868577687482e-05,2.8547430363307016e-05,True,False
0.8,0.1784124116152771,0.003,0.05,0.2,0.0001,1,1.025115481800576,-0.0012559856030973093,1.0251139929980015,-0.0012562634327640207,1.0251169895083194,-0.0012562620873847615,0.0012204352048980941,0.0012058291251852845,7.425628323053526e-05,3.223520014429271e-05,True,False
0.8,0.1784124116152771,0.003,0.05,0.2,0.0001,2,1.025115481800576,-0.0012559856030973093,1.0251136392075235,-0.0012560574983373973,1.0251166333964963,-0.0012560567813362591,0.000918635950186078,0.0014681658270992537,7.770133286670154e-05,4.0614145892097104e-05,True,False
0.8,0.1784124116152771,0.003,0.05,0.2,0.0001,3,1.025115481800576,-0.0012559856030973093,1.0251150066899521,-0.001257064884338562,1.0251180154501596,-0.0012570641895076875,0.0021924419442805954,0.0009388863646382279,7.716477154932036e-05,4.315894931501594e-05,True,False
0.8,0.1784124116152771,0.003,0.05,0.2,0.0001,4,1.025115481800576,-0.0012559856030973093,1.025115287374556,-0.0012560604704279436,1.0251182891589123,-0.0012560465297462254,0.0022357098531191437,0.0001658796826897656,8.831034580607e-05,5.434335522505562e-05,True,False
0.8,0.1784124116152771,0.003,0.05,0.2,0.0001,5,1.025115481800576,-0.0012559856030973093,1.0251135394773367,-0.0012562606180082224,1.025116528478458,-0.0012562570091041213,0.0008609124011208914,0.0015618780944378426,7.323480130166106e-05,3.0355590730004884e-05,True,False
0.8,0.1784124116152771,0.003,0.05,0.2,0.0001,6,1.025115481800576,-0.0012559856030973093,1.0251156659379954,-0.0012559743228815225,1.025118671679255,-0.0012559577237093438,0.0025398384352868604,0.00014688274054718668,8.563359870553508e-05,5.427869017372221e-05,True,False
0.8,0.1784124116152771,0.003,0.05,0.2,0.0001,7,1.025115481800576,-0.0012559856030973093,1.0251149366688022,-0.001256505799527598,1.0251179448627035,-0.0012565017740525403,0.002003658802254541,0.0005999329261859731,7.337259809284358e-05,3.0427952016958084e-05,True,False
0.8,0.1784124116152771,0.003,0.05,0.2,0.0001,8,1.025115481800576,-0.0012559856030973093,1.0251152061688453,-0.0012556296975193776,1.0251182104332315,-0.001255612117442047,0.002192759804337798,0.00035840963432890425,8.103521151274773e-05,4.2885633662734765e-05,True,False
0.8,0.1784124116152771,0.003,0.05,0.2,0.0001,9,1.025115481800576,-0.0012559856030973093,1.0251135908569482,-0.0012560701812828028,1.0251165825327415,-0.0012560737705870446,0.0008791960502918891,0.001507050865870879,7.60825983830196e-05,3.13833205998562e-05,True,False
0.8,0.1784124116152771,0.003,0.05,0.5,0.0,0,1.025115481800576,-0.0012559856030973093,1.0251788431701543,-0.001261000966339969,1.0251819878647326,-0.0012607827707930195,0.05308886699124403,0.05060532125228608,0.0019539336073328317,0.0019541664834590504,True,False
0.8,0.1784124116152771,0.003,0.05,0.5,0.0001,0,1.025115481800576,-0.0012559856030973093,1.025177752249419,-0.0012596618394482627,1.0251808915423672,-0.001259446060455507,0.052151246181917375,0.04966527527877419,0.0019349809394972068,0.001936625352196134,True,False
0.8,0.1784124116152771,0.003,0.05,0.5,0.0001,1,1.025115481800576,-0.0012559856030973093,1.0251808329306438,-0.0012616931300725512,1.0251839820256958,-0.0012614694304887788,0.054713509416230974,0.05222981348551903,0.0019766960533785143,0.001979858503087789,True,False
0.8,0.1784124116152771,0.003,0.05,0.5,0.0001,2,1.025115481800576,-0.0012559856030973093,1.0251810685917315,-0.0012609734363000365,1.0251842147291297,-0.0012607483133709452,0.05485551904758754,0.05237016913875555,0.001991636775425372,0.001994176616310592,True,False
0.8,0.1784124116152771,0.003,0.05,0.5,0.0001,3,1.025115481800576,-0.0012559856030973093,1.0251794364603304,-0.0012608638453811183,1.025182581022294,-0.0012606430967878066,0.053552103131324254,0.05106781285614414,0.0019630618327770577,0.0019619680929901045,True,False
0.8,0.1784124116152771,0.003,0.05,0.5,0.0001,4,1.025115481800576,-0.0012559856030973093,1.0251790326102832,-0.0012604972054076151,1.0251821761089488,-0.0012602768103401212,0.053210973783080276,0.05072570277143756,0.0019300295122005248,0.0019269879288545651,True,False
0.8,0.1784124116152771,0.003,0.05,0.5,0.0001,5,1.025115481800576,-0.0012559856030973093,1.0251792153575097,-0.0012611894279546576,1.0251823616759745,-0.0012609702773941967,0.0533966123741877,0.05091272480038312,0.0019661814176246545,0.001965206724389295,True,False
0.8,0.1784124116152771,0.003,0.05,0.5,0.0001,6,1.025115481800576,-0.0012559856030973093,1.0251799718692443,-0.0012601874106221913,1.0251831143273578,-0.0012599642970016495,0.0539412673709185,0.05145505373099638,0.0019763599622719423,0.0019741297772728015,True,False
0.8,0.1784124116152771,0.003,0.05,0.5,0.0001,7,1.025115481800576,-0.0012559856030973093,1.0251782589254022,-0.0012608988995249381,1.025181402124776,-0.0012606815759570523,0.05261794093671542,0.05013521050906615,0.0018921133650630394,0.0018871600516525817,True,False
0.8,0.1784124116152771,0.003,0.05,0.5,0.0001,8,1.025115481800576,-0.0012559856030973093,1.025178967048234,-0.0012601888951258645,1.025182110201335,-0.0012599703952211787,0.05314348499800832,0.05065682531065586,0.0019341707432709633,0.0019281055267727268,True,False
0.8,0.1784124116152771,0.003,0.05,0.5,0.0001,9,1.025115481800576,-0.0012559856030973093,1.025180778076167,-0.001259149329104099,1.0251839177401911,-0.001258923796486264,0.05453803279929128,0.05204906386279352,0.001991212748203175,0.0019925962679059055,True,False
0.8,0.1784124116152771,0.003,0.05,1.0,0.0,0,1.025115481800576,-0.0012559856030973093,1.0247608964340345,-0.0017036545017656396,1.0247673046857806,-0.0017000456753386189,0.4492760045192114,0.45469082445923337,0.0736813098854371,0.0736846087783826,True,False
0.8,0.1784124116152771,0.003,0.05,1.0,0.0001,0,1.025115481800576,-0.0012559856030973093,1.0247664303327917,-0.0017033092574716261,1.024772828499286,-0.0016996927891005267,0.4463533416814312,0.4517515919512211,0.07354230740364821,0.07354671873407155,True,False
0.8,0.1784124116152771,0.003,0.05,1.0,0.0001,1,1.025115481800576,-0.0012559856030973093,1.024752614757665,-0.0017012410541813424,1.0247590369006812,-0.0016976701777048765,0.4518938936671815,0.4573228386784246,0.07387477460478624,0.07388044529558549,True,False
0.8,0.1784124116152771,0.003,0.05,1.0,0.0001,2,1.025115481800576,-0.0012559856030973093,1.0247699110861606,-0.0017032350543581527,1.0247762924552373,-0.0016995957432999972,0.4446116210151359,0.45000526405800395,0.07354214714369597,0.07354610623433698,True,False
0.8,0.1784124116152771,0.003,0.05,1.0,0.0001,3,1.025115481800576,-0.0012559856030973093,1.024767803359784,-0.0017006978651678277,1.024774180555089,-0.001697079725220124,0.44404893809480067,0.44944010071696766,0.07356539340962298,0.07357337617363777,True,False
0.8,0.1784124116152771,0.003,0.05,1.0,0.0001,4,1.025115481800576,-0.0012559856030973093,1.0247666272207585,-0.0017036405747082623,1.024773026115335,-0.0017000197531401183,0.446463302609494,0.45186321445357797,0.07354461353226763,0.07354787960163733,True,False
0.8,0.1784124116152771,0.003,0.05,1.0,0.0001,5,1.025115481800576,-0.0012559856030973093,1.024764547875971,-0.001709367675137373,1.024770969860826,-0.0017057417958243198,0.4510731300571819,0.45647999109331483,0.07337927845258703,0.07338175943959553,True,False
0.8,0.1784124116152771,0.003,0.05,1.0,0.0001,6,1.025115481800576,-0.0012559856030973093,1.0247687909411187,-0.0017040419349256997,1.024775184084843,-0.0017004139361747337,0.44566523670518016,0.4510590194423864,0.07348626451189763,0.07349315891705346,True,False
0.8,0.1784124116152771,0.003,0.05,1.0,0.0001,7,1.025115481800576,-0.0012559856030973093,1.0247508962054142,-0.001701660885877168,1.0247573241740944,-0.0016980853597372307,0.4530083377522947,0.4584471471176356,0.07396348954627917,0.0739651072373344,True,False
0.8,0.1784124116152771,0.003,0.05,1.0,0.0001,8,1.025115481800576,-0.0012559856030973093,1.0247674285691282,-0.0017020233094258922,1.0247738111619407,-0.0016983959937825334,0.445057956116436,0.4504554629923433,0.07361457843039733,0.07361477458277042,True,False
0.8,0.1784124116152771,0.003,0.05,1.0,0.0001,9,1.025115481800576,-0.0012559856030973093,1.0247614160976137,-0.001710803019286405,1.0247678410846452,-0.0017071592152851217,0.4534856931757405,0.4589117139491662,0.07356970399694732,0.07357248758095752,True,False
0.8,0.1784124116152771,0.003,0.2,0.2,0.0,0,1.025115481800576,-0.005023942412389237,1.025289411357903,-0.0051885083125641895,1.0252931769497147,-0.005188133837335248,0.04815716320563228,0.04766057702452901,3.046512334792932e-06,3.0103667609173038e-06,True,False
0.8,0.1784124116152771,0.003,0.2,0.2,0.0001,0,1.025115481800576,-0.005023942412389237,1.0250051378485279,-0.004430102582044314,1.0250071949497075,-0.0044301393274889175,0.1201438954627294,0.1202252195099909,7.478061640795899e-05,2.8268173400196722e-05,True,False
0.8,0.1784124116152771,0.003,0.2,0.2,0.0001,1,1.025115481800576,-0.005023942412389237,1.0252607528811846,-0.004433760195261831,1.0252628571752793,-0.004433350822094137,0.12116019413528152,0.12098034163211055,7.613479819635211e-05,2.8260536003374254e-05,True,False
0.8,0.1784124116152771,0.003,0.2,0.2,0.0001,2,1.025115481800576,-0.005023942412389237,1.0252260023459423,-0.004439633382881222,1.0252280780130647,-0.004439301062774464,0.11850953872109979,0.11836710433657349,7.099407677213045e-05,2.437456023953606e-05,True,False
0.8,0.1784124116152771,0.003,0.2,0.2,0.0001,3,1.025115481800576,-0.005023942412389237,1.025287974506055,-0.004404716133764524,1.025290014587136,-0.004404240379302253,0.12814851642659103,0.12794780296420316,7.182280921397472e-05,2.643208896938744e-05,True,False
0.8,0.1784124116152771,0.003,0.2,0.2,0.0001,4,1.025115481800576,-0.005023942412389237,1.0252535722408678,-0.004394332648474938,1.0252555969354367,-0.00439394934317941,0.12846212786584232,0.12830071091661954,7.651191471143622e-05,2.83020296640027e-05,True,False
0.8,0.1784124116152771,0.003,0.2,0.2,0.0001,5,1.025115481800576,-0.005023942412389237,1.0251343848242753,-0.004479636277296091,1.0251365587243941,-0.0044794368288253745,0.10846329691569602,0.10840774631454851,7.445241966315844e-05,2.5967081360750403e-05,True,False
0.8,0.1784124116152771,0.003,0.2,0.2,0.0001,6,1.025115481800576,-0.005023942412389237,1.0252393450858066,-0.004445026518825501,1.0252414386862436,-0.004444639512073377,0.11800256250416807,0.11783939785683087,7.497443093552097e-05,2.7019799174693694e-05,True,False
0.8,0.1784124116152771,0.003,0.2,0.2,0.0001,7,1.025115481800576,-0.005023942412389237,1.025228391657981,-0.004589085550932723,1.025230821105112,-0.004588747996793367,0.0896147229106639,0.08942702514680484,7.273517260773858e-05,2.252597471022176e-05,True,False
0.8,0.1784124116152771,0.003,0.2,0.2,0.0001,8,1.025115481800576,-0.005023942412389237,1.025329266256781,-0.004525639599883699,1.0253315186592549,-0.004525140632000863,0.10819715000170586,0.10792846969837211,7.555072566431246e-05,2.4832872417420216e-05,True,False
0.8,0.1784124116152771,0.003,0.2,0.2,0.0001,9,1.025115481800576,-0.005023942412389237,1.0252584914702683,-0.004498094197847764,1.0252607108837806,-0.004497699499433806,0.10866265298871819,0.1084701536045205,7.294856071524342e-05,2.2746152162765866e-05,True,False
0.8,0.1784124116152771,0.003,0.2,0.5,0.0,0,1.025115481800576,-0.005023942412389237,1.0266176099685842,-0.0065540314084720054,1.0266232848531316,-0.006548751856187012,0.4268390046384058,0.42679479556298117,0.0002479478777866817,0.00024725346557547386,True,False
0.8,0.1784124116152771,0.003,0.2,0.5,0.0001,0,1.025115481800576,-0.005023942412389237,1.0266041781482815,-0.006506202855649629,1.0266097521388455,-0.006501022998328766,0.41821688513465544,0.41815539476203123,0.0002535066357851028,0.00024508456234833485,True,False
0.8,0.1784124116152771,0.003,0.2,0.5,0.0001,1,1.025115481800576,-0.005023942412389237,1.0266825071149492,-0.006490322148707215,1.0266878846953007,-0.006484978561646835,0.4272362614092499,0.42717877933671367,0.0002573347736112657,0.00025062795811846804,True,False
0.8,0.1784124116152771,0.003,0.2,0.5,0.0001,2,1.025115481800576,-0.005023942412389237,1.026587411082626,-0.006558967525786977,1.026593179499233,-0.006553737234171375,0.4233602261219769,0.4233141441127961,0.00025867632339614477,0.00024492158220540216,True,False
0.8,0.1784124116152771,0.003,0.2,0.5,0.0001,3,1.025115481800576,-0.005023942412389237,1.0266594351366574,-0.006549124998030021,1.0266650031828024,-0.006543731396378389,0.43201769100427806,0.43198094893013755,0.00025446383533802116,0.0002474449388622723,True,False
0.8,0.1784124116152771,0.003,0.2,0.5,0.0001,4,1.025115481800576,-0.005023942412389237,1.0265428106850423,-0.006521285538681386,1.0265485653303297,-0.006516235519174806,0.41182345311903634,0.4117578868992082,0.0002559689446570043,0.0002428938994102064,True,False
0.8,0.1784124116152771,0.003,0.2,0.5,0.0001,5,1.025115481800576,-0.005023942412389237,1.0265343908916655,-0.006457407917898603,1.0265399847525847,-0.0064525803992761255,0.4015725616994496,0.40146950697058753,0.00026051310505664126,0.00024682635657785764,True,False
0.8,0.1784124116152771,0.003,0.2,0.5,0.0001,6,1.025115481800576,-0.005023942412389237,1.0266560567265182,-0.006561380329182214,1.0266616772510004,-0.006555961074501197,0.43325519645135424,0.43322249846415345,0.0002601311204516512,0.00024882664455928594,True,False
0.8,0.1784124116152771,0.003,0.2,0.5,0.0001,7,1.025115481800576,-0.005023942412389237,1.026588950955004,-0.006568124108168585,1.026594735094351,-0.006562900127472385,0.42488842723107334,0.42484307416019707,0.0002580808195610625,0.00025020391035609075,True,False
0.8,0.1784124116152771,0.003,0.2,0.5,0.0001,8,1.025115481800576,-0.005023942412389237,1.0266179669164672,-0.006465400933372509,1.026623396397405,-0.006460290428125795,0.4145196801642851,0.4144413995940662,0.0002578589246316923,0.00024623124827715293,True,False
0.8,0.1784124116152771,0.003,0.2,0.5,0.0001,9,1.025115481800576,-0.005023942412389237,1.0266014239224617,-0.006531142582870061,1.0266070653379797,-0.006525921503270269,0.4213386666965506,0.4212875899189616,0.0002627930051884201,0.00025176195787898894,True,False
0.8,0.1784124116152771,0.003,0.2,1.0,0.0,0,1.025115481800576,-0.005023942412389237,0.9975739590360971,-0.014202263924675588,0.9979977041343314,-0.013268040119462038,5.641632291846298,5.778454537942297,0.0023107841778711694,0.002309501105216203,False,False
0.8,0.1784124116152771,0.003,0.2,1.0,0.0001,0,1.025115481800576,-0.005023942412389237,0.9975074981559832,-0.014281175404460352,0.997946975693137,-0.013329924490930595,5.654882841354813,5.795980669786169,0.002301625907063854,0.002300046373306732,False,False
0.8,0.1784124116152771,0.003,0.2,1.0,0.0001,1,1.025115481800576,-0.005023942412389237,0.9976721802539091,-0.014155970144350943,0.9980739984715028,-0.013232629762876834,5.625053097451102,5.756994015814116,0.0023274369302323664,0.0023206332994554313,False,False
0.8,0.1784124116152771,0.003,0.2,1.0,0.0001,2,1.025115481800576,-0.005023942412389237,0.9976268309949924,-0.01409096334192132,0.9980389709098265,-0.013181041234598474,5.62875437926686,5.761493299390835,0.0023127703842155066,0.0023170267270278748,False,False
0.8,0.1784124116152771,0.003,0.2,1.0,0.0001,3,1.025115481800576,-0.005023942412389237,0.9976213340580727,-0.014192413278766788,0.9980353562523626,-0.013259931431342813,5.633992366814476,5.768888585338603,0.002314935334604146,0.0023162718844632647,False,False
0.8,0.1784124116152771,0.003,0.2,1.0,0.0001,4,1.025115481800576,-0.005023942412389237,0.9976016975444821,-0.01418686048041532,0.9980200393610825,-0.01325509289566757,5.636629281878094,5.7722472513726295,0.002322400302487459,0.002311777343537233,False,False
0.8,0.1784124116152771,0.003,0.2,1.0,0.0001,5,1.025115481800576,-0.005023942412389237,0.997623838907364,-0.014187387905336768,0.9980367628268163,-0.013254838373324944,5.633429599431131,5.768099227708856,0.0023117584451609547,0.002315836306443237,False,False
0.8,0.1784124116152771,0.003,0.2,1.0,0.0001,6,1.025115481800576,-0.005023942412389237,0.9975904051178108,-0.014153845423340703,0.9980105839299322,-0.013231399506979928,5.637061550946583,5.7723075969544935,0.0023161637061570014,0.0023122256646539267,False,False
0.8,0.1784124116152771,0.003,0.2,1.0,0.0001,7,1.025115481800576,-0.005023942412389237,0.9975521150439712,-0.0142194955530412,0.9979799461582148,-0.01328056338083678,5.6457393457531655,5.783664193469598,0.002311134159661193,0.002309254452457603,False,False
0.8,0.1784124116152771,0.003,0.2,1.0,0.0001,8,1.025115481800576,-0.005023942412389237,0.9976788768591596,-0.014185378875892714,0.9980793719990537,-0.013255965623018192,5.625380856230777,5.757580602810263,0.0023236002414045703,0.0023178683767927466,False,False
0.8,0.1784124116152771,0.003,0.2,1.0,0.0001,9,1.025115481800576,-0.005023942412389237,0.9976617434478633,-0.014210612321562047,0.99806667092787,-0.013273800804719507,5.628834022362396,5.762407343833225,0.0023202285625662585,0.0023174324118375323,False,False
0.8,0.1784124116152771,0.006,0.05,0.2,0.0,0,1.0251027945293778,-0.0012559856030973093,1.0250914471369599,-0.0012560990268597988,1.0251034380166884,-0.0012561044939217606,0.0005210077956367044,0.009035102985176154,3.104934330058376e-05,3.10269396526969e-05,True,False
0.8,0.1784124116152771,0.006,0.05,0.2,0.0001,0,1.0251027945293778,-0.0012559856030973093,1.0250914274201057,-0.0012561090544673113,1.0251034051672587,-0.0012561157443426736,0.0004971012046523226,0.009050883696433443,7.719270889553411e-05,3.952986498517756e-05,True,False
0.8,0.1784124116152771,0.006,0.05,0.2,0.0001,1,1.0251027945293778,-0.0012559856030973093,1.0250914675455816,-0.0012559210971726568,1.0251034320378576,-0.0012558969578893074,0.000512459702241706,0.009018548814484061,8.281492359274956e-05,4.233882521015415e-05,True,False
0.8,0.1784124116152771,0.006,0.05,0.2,0.0001,2,1.0251027945293778,-0.0012559856030973093,1.0250912649867892,-0.0012561064191023252,1.0251032130540825,-0.0012561296998900473,0.0003524214040054399,0.009180181323292593,7.403897531392031e-05,3.129671019969268e-05,True,False
0.8,0.1784124116152771,0.006,0.05,0.2,0.0001,3,1.0251027945293778,-0.0012559856030973093,1.0250914091269778,-0.0012562376342190001,1.0251033902489068,-0.0012562763230130035,0.0005277707040459076,0.00906713544594916,8.396054282276917e-05,3.435545565211465e-05,True,False
0.8,0.1784124116152771,0.006,0.05,0.2,0.0001,4,1.0251027945293778,-0.0012559856030973093,1.0250914844345491,-0.0012560411155976637,1.0251034781890946,-0.001256036089575108,0.0005458034929440484,0.009005064257043293,7.67274170462748e-05,3.009582154778181e-05,True,False
0.8,0.1784124116152771,0.006,0.05,0.2,0.0001,5,1.0251027945293778,-0.0012559856030973093,1.025091568386215,-0.0012561166761795313,1.0251035736814342,-0.0012561179985045101,0.0006292432685831988,0.008938723735440341,7.776082331100257e-05,3.4445863698323534e-05,True,False
0.8,0.1784124116152771,0.006,0.05,0.2,0.0001,6,1.0251027945293778,-0.0012559856030973093,1.0250913008756197,-0.0012559408037598823,1.0251032626481762,-0.0012559439424885137,0.0003741833908943191,0.00915117262300578,7.525847355613672e-05,3.0688328682439476e-05,True,False
0.8,0.1784124116152771,0.006,0.05,0.2,0.0001,7,1.0251027945293778,-0.0012559856030973093,1.0250914198744354,-0.001255961924752368,1.025103376588653,-0.001255940206495774,0.0004648356640338851,0.009056377365814798,7.560020303390345e-05,4.061235791999573e-05,True,False
0.8,0.1784124116152771,0.006,0.05,0.2,0.0001,8,1.0251027945293778,-0.0012559856030973093,1.0250912679446607,-0.0012560117630757124,1.0251032269009035,-0.0012560209358058716,0.0003453963076095085,0.009177345961742906,7.799776886256263e-05,3.168751580160022e-05,True,False
0.8,0.1784124116152771,0.006,0.05,0.2,0.0001,9,1.0251027945293778,-0.0012559856030973093,1.025091598596027,-0.0012560693167308417,1.025103623265789,-0.0012560871603602452,0.0006647654829301051,0.008914311030656371,7.706356386894243e-05,3.538876992602227e-05,True,False
0.8,0.1784124116152771,0.006,0.05,0.5,0.0,0,1.0251027945293778,-0.0012559856030973093,1.0251109992402225,-0.0012584278444602063,1.0251235736563267,-0.001258228676161393,0.016640194195422345,0.006815747152018919,0.001710322825694828,0.0017105352852636766,True,False
0.8,0.1784124116152771,0.006,0.05,0.5,0.0001,0,1.0251027945293778,-0.0012559856030973093,1.0251105694783627,-0.0012589288386773945,1.0251231504172778,-0.0012587442765702593,0.016355257578747395,0.006619017628719632,0.0017121838582552418,0.0017090174181629092,True,False
0.8,0.1784124116152771,0.006,0.05,0.5,0.0001,1,1.0251027945293778,-0.0012559856030973093,1.0251108960928037,-0.001258191810833433,1.0251234654912016,-0.0012579869388415243,0.016534918198658745,0.006685257801775608,0.0016965149028795078,0.0016932325476402652,True,False
0.8,0.1784124116152771,0.006,0.05,0.5,0.0001,2,1.0251027945293778,-0.0012559856030973093,1.0251109869509822,-0.0012588990748994393,1.0251235649783894,-0.0012587061732831778,0.016678427759721084,0.006922898799488999,0.0017285117684960685,0.0017196030935585172,True,False
0.8,0.1784124116152771,0.006,0.05,0.5,0.0001,3,1.0251027945293778,-0.0012559856030973093,1.0251110344370202,-0.0012589058700156134,1.0251236169375877,-0.0012587151305054477,0.0167203729439149,0.006960337934416214,0.0016827010268034243,0.0016843165087245975,True,False
0.8,0.1784124116152771,0.006,0.05,0.5,0.0001,4,1.0251027945293778,-0.0012559856030973093,1.0251111152698484,-0.0012581275531663308,1.0251236913705708,-0.0012579221513950981,0.016709093667850117,0.006840852385263557,0.001684677561939975,0.001689895724645874,True,False
0.8,0.1784124116152771,0.006,0.05,0.5,0.0001,5,1.0251027945293778,-0.0012559856030973093,1.025110447295012,-0.0012584966998913567,1.025123007372032,-0.0012583043664733758,0.016198759808691735,0.00641266752202888,0.0016966162746722795,0.0016938348091443524,True,False
0.8,0.1784124116152771,0.006,0.05,0.5,0.0001,6,1.0251027945293778,-0.0012559856030973093,1.0251105691859916,-0.0012590311147166503,1.0251231430132675,-0.0012588471496183026,0.016360620829408645,0.006648066519238654,0.0016844863867084476,0.0016885452057263796,True,False
0.8,0.1784124116152771,0.006,0.05,0.5,0.0001,7,1.0251027945293778,-0.0012559856030973093,1.0251111889554467,-0.001258690225015795,1.0251237647266018,-0.0012584892549149123,0.01681478276932434,0.007021875570621563,0.0017180826820045794,0.0017166328960328766,True,False
0.8,0.1784124116152771,0.006,0.05,0.5,0.0001,8,1.0251027945293778,-0.0012559856030973093,1.0251107374133344,-0.0012584283169757263,1.0251233084378533,-0.0012582311937844003,0.016430483882485667,0.006616325381628732,0.0017056562858798416,0.0016984563896237119,True,False
0.8,0.1784124116152771,0.006,0.05,0.5,0.0001,9,1.0251027945293778,-0.0012559856030973093,1.025111092920008,-0.0012582099493064127,1.0251236683865463,-0.0012580133151245908,0.01669773369915229,0.006840311705536831,0.0017325165010318943,0.001727032162735082,True,False
0.8,0.1784124116152771,0.006,0.05,1.0,0.0,0,1.0251027945293778,-0.0012559856030973093,1.0256037297692955,-0.0013951997395358657,1.0256193387269272,-0.0013877797214759296,0.42444155711420095,0.41395370069439136,0.056970502022864244,0.056972315603179266,True,False
0.8,0.1784124116152771,0.006,0.05,1.0,0.0001,0,1.0251027945293778,-0.0012559856030973093,1.0256050734875344,-0.001396111445559284,1.0256206926818197,-0.0013886715038441899,0.4256618409054105,0.4151790570446082,0.05693921662765923,0.05693567616699755,True,False
0.8,0.1784124116152771,0.006,0.05,1.0,0.0001,1,1.0251027945293778,-0.0012559856030973093,1.0256037329367014,-0.0013950395722120616,1.0256193395979258,-0.0013876195949699215,0.4244107281223948,0.4139220031843016,0.05696970010107598,0.0569692588481354,True,False
0.8,0.1784124116152771,0.006,0.05,1.0,0.0001,2,1.0251027945293778,-0.0012559856030973093,1.025603527264227,-0.0013954417804830034,1.0256191400969916,-0.0013880275543390647,0.4243371650479744,0.41385001944902416,0.056907639320805094,0.05690721223097728,True,False
0.8,0.1784124116152771,0.006,0.05,1.0,0.0001,3,1.0251027945293778,-0.0012559856030973093,1.0256037139760923,-0.0013951727373899799,1.025619325080842,-0.0013877575322861404,0.42442666211024327,0.4139358293275887,0.056978149483428345,0.05698628547364424,True,False
0.8,0.1784124116152771,0.006,0.05,1.0,0.0001,4,1.0251027945293778,-0.0012559856030973093,1.0256037115350747,-0.0013949176824486656,1.0256193176356159,-0.0013874974825779805,0.4243697841816431,0.4138796363774122,0.05700445391181376,0.05700370455533312,True,False
0.8,0.1784124116152771,0.006,0.05,1.0,0.0001,5,1.0251027945293778,-0.0012559856030973093,1.0256038458974888,-0.0013968937376948544,1.0256194801797416,-0.0013894735464122462,0.4248860177576164,0.41440588461241706,0.05689643865588246,0.05689968708304515,True,False
0.8,0.1784124116152771,0.006,0.05,1.0,0.0001,6,1.0251027945293778,-0.0012559856030973093,1.0256045521876969,-0.001396124724313527,1.0256201748155724,-0.0013886909472548036,0.42526628087174856,0.414782129686777,0.05700951608211772,0.057011595723265064,True,False
0.8,0.1784124116152771,0.006,0.05,1.0,0.0001,7,1.0251027945293778,-0.0012559856030973093,1.0256026176377284,-0.001394738148109822,1.025618219932961,-0.0013873238686226608,0.42348872996908965,0.41300217878796236,0.05703179482635249,0.05703704249764673,True,False
0.8,0.1784124116152771,0.006,0.05,1.0,0.0001,8,1.0251027945293778,-0.0012559856030973093,1.0256035787497957,-0.0013948278017746863,1.0256191832403276,-0.001387402107861754,0.42424735495193566,0.41375863621792236,0.056992891697804735,0.05699527161603451,True,False
0.8,0.1784124116152771,0.006,0.05,1.0,0.0001,9,1.0251027945293778,-0.0012559856030973093,1.0256043428635608,-0.0013957584746611756,1.0256199583744365,-0.0013883339026055795,0.42502879163548785,0.4145432370509497,0.05694463141274316,0.05694751997440291,True,False
0.8,0.1784124116152771,0.006,0.2,0.2,0.0,0,1.0251027945293778,-0.005023942412389237,1.025133361189909,-0.005065165488720192,1.0251469599139156,-0.0050654657801998074,0.012066199548260314,0.010214930795056932,3.05154154621645e-06,3.014003503604065e-06,True,False
0.8,0.1784124116152771,0.006,0.2,0.2,0.0001,0,1.0251027945293778,-0.005023942412389237,1.0250894424760706,-0.005045845759340203,1.0251022123349591,-0.005046586350383164,0.004508694417393087,0.0051059845093694494,6.810109899686977e-05,1.3218616404799669e-05,True,False
0.8,0.1784124116152771,0.006,0.2,0.2,0.0001,1,1.0251027945293778,-0.005023942412389237,1.0251332677943914,-0.005013108658629255,1.0251462611406819,-0.005012993806050909,0.008922137412713742,0.0064375280541991075,7.164006643897486e-05,1.4215907627505189e-05,True,False
0.8,0.1784124116152771,0.006,0.2,0.2,0.0001,2,1.0251027945293778,-0.005023942412389237,1.0251632737707146,-0.005005236225057167,1.0251763783189973,-0.00500484777545809,0.015131724655493301,0.012600877412479132,6.652869062414125e-05,1.4975564318120594e-05,True,False
0.8,0.1784124116152771,0.006,0.2,0.2,0.0001,3,1.0251027945293778,-0.005023942412389237,1.0251238681031623,-0.005040044650248556,1.0251371293915736,-0.005040158775346609,0.007558156298518781,0.005278975018220837,7.080602192770499e-05,1.1887356835081069e-05,True,False
0.8,0.1784124116152771,0.006,0.2,0.2,0.0001,4,1.0251027945293778,-0.005023942412389237,1.0251473305752437,-0.004996785254157078,1.0251603109788472,-0.004996321539368416,0.012700148824464462,0.01038286659529758,6.941258773138131e-05,1.1800132809203007e-05,True,False
0.8,0.1784124116152771,0.006,0.2,0.2,0.0001,5,1.0251027945293778,-0.005023942412389237,1.0251580664088762,-0.005012494718502125,1.0251714161563905,-0.005012167376181127,0.01385855031093931,0.011235186922238731,6.96750822449728e-05,1.196015209014087e-05,True,False
0.8,0.1784124116152771,0.006,0.2,0.2,0.0001,6,1.0251027945293778,-0.005023942412389237,1.0251572779976494,-0.005025747942855062,1.0251707026802086,-0.005025622896305323,0.01352104284972727,0.010850716901473769,6.807051148763151e-05,1.5212992758995356e-05,True,False
0.8,0.1784124116152771,0.006,0.2,0.2,0.0001,7,1.0251027945293778,-0.005023942412389237,1.0251784476880597,-0.005029613752032404,1.0251919134657634,-0.005029199354365222,0.017769680161642185,0.01510077756577017,7.224210426040168e-05,1.215728701406114e-05,True,False
0.8,0.1784124116152771,0.006,0.2,0.2,0.0001,8,1.0251027945293778,-0.005023942412389237,1.025153542424983,-0.004999987332510482,1.0251667671592335,-0.004999306934166043,0.013645100722564005,0.01117004975210245,6.74913531089872e-05,1.494468158647568e-05,True,False
0.8,0.1784124116152771,0.006,0.2,0.2,0.0001,9,1.0251027945293778,-0.005023942412389237,1.0250995091648203,-0.005021623417914386,1.0251124613038862,-0.005021872806477889,0.001967745138097042,0.0008004395914794454,6.987748087059773e-05,1.1451828317939522e-05,True,False
0.8,0.1784124116152771,0.006,0.2,0.5,0.0,0,1.0251027945293778,-0.005023942412389237,1.0254846646541227,-0.005391675567435574,1.0255013392261145,-0.005389206177873949,0.10760604989188753,0.10552346590421546,0.0002848874319730072,0.00028428478838237093,True,False
0.8,0.1784124116152771,0.006,0.2,0.5,0.0001,0,1.0251027945293778,-0.005023942412389237,1.0254791427476264,-0.005397306768684571,1.0254958654066912,-0.005394887180650998,0.10757829239253468,0.10552092372797942,0.00028512979740797376,0.00028182145941493483,True,False
0.8,0.1784124116152771,0.006,0.2,0.5,0.0001,1,1.0251027945293778,-0.005023942412389237,1.0254909317648642,-0.005393392280015,1.0255076170235724,-0.005390873645818589,0.10875316507413828,0.10666084188930194,0.00029762981102627787,0.0002873763042260881,True,False
0.8,0.1784124116152771,0.006,0.2,0.5,0.0001,2,1.0251027945293778,-0.005023942412389237,1.0254873578715977,-0.00537431478810105,1.0255039008920759,-0.0053718186283779525,0.10568323579100733,0.10355216308754145,0.0002939940941604615,0.0002825205847236327,True,False
0.8,0.1784124116152771,0.006,0.2,0.5,0.0001,3,1.0251027945293778,-0.005023942412389237,1.0254859663828029,-0.005389589114006758,1.0255026211148106,-0.005387095858558686,0.1075114253987856,0.10542311717949558,0.00029325038483871385,0.0002896407969163488,True,False
0.8,0.1784124116152771,0.006,0.2,0.5,0.0001,4,1.0251027945293778,-0.005023942412389237,1.0254840909788816,-0.0053911843772959265,1.0255007543132577,-0.005388740003993725,0.10745752540091823,0.10537339698475214,0.0002936851031652432,0.00028861480126634947,True,False
0.8,0.1784124116152771,0.006,0.2,0.5,0.0001,5,1.0251027945293778,-0.005023942412389237,1.0255008393692737,-0.005392274877536534,1.0255175224956925,-0.005389671872057794,0.11006361718548924,0.10794664155870363,0.0003044262779323578,0.0002925398016279351,True,False
0.8,0.1784124116152771,0.006,0.2,0.5,0.0001,6,1.0251027945293778,-0.005023942412389237,1.025468500711683,-0.005381625819730128,1.025485072078699,-0.005379305632677382,0.10389009864027701,0.10182145800724829,0.00029216990711705975,0.00028219678055503995,True,False
0.8,0.1784124116152771,0.006,0.2,0.5,0.0001,7,1.0251027945293778,-0.005023942412389237,1.0254933105067048,-0.00537689728451374,1.0255098575456778,-0.005374329231345862,0.10690711126413523,0.104775039984079,0.0002957449830603654,0.00028461208480658196,True,False
0.8,0.1784124116152771,0.006,0.2,0.5,0.0001,8,1.0251027945293778,-0.005023942412389237,1.0254857298893614,-0.005391159131264335,1.025502408032307,-0.005388693464567703,0.1076941567287915,0.10560512333371952,0.00029153249402543243,0.00028507658075596447,True,False
0.8,0.1784124116152771,0.006,0.2,0.5,0.0001,9,1.0251027945293778,-0.005023942412389237,1.0254870601070833,-0.005388933269258274,1.0255037216487015,-0.005386446794469572,0.10758699214107209,0.10549077613305761,0.000296994155777207,0.0002873099420637781,True,False
0.8,0.1784124116152771,0.006,0.2,1.0,0.0,0,1.0251027945293778,-0.005023942412389237,1.0229441659284817,-0.01455791421873484,1.0232630908964224,-0.014632420777140588,1.9472783227297639,1.945740866808734,0.005834559780441296,0.005828667735086499,True,False
0.8,0.1784124116152771,0.006,0.2,1.0,0.0001,0,1.0251027945293778,-0.005023942412389237,1.022956997302287,-0.014558028211166966,1.0232758055140694,-0.014631803917683374,1.94668336704766,1.945200600919623,0.005822455469985044,0.005822104348771309,True,False
0.8,0.1784124116152771,0.006,0.2,1.0,0.0001,1,1.0251027945293778,-0.005023942412389237,1.0228770686209714,-0.014559147689566385,1.0231954566806813,-0.014638521886573759,1.9510459441655479,1.9489727221556126,0.005863730635453378,0.005848195945695034,True,False
0.8,0.1784124116152771,0.006,0.2,1.0,0.0001,2,1.0251027945293778,-0.005023942412389237,1.0229656187400795,-0.014573974532740544,1.0232861349617925,-0.014647300826795795,1.9493313207700738,1.9479218462285353,0.005832811979857968,0.005822161612168541,True,False
0.8,0.1784124116152771,0.006,0.2,1.0,0.0001,3,1.0251027945293778,-0.005023942412389237,1.0229222978152075,-0.014579756422724416,1.0232426835613146,-0.014656140333769987,1.9526817236367089,1.95094512994613,0.005838081109543812,0.005834812225201972,True,False
0.8,0.1784124116152771,0.006,0.2,1.0,0.0001,4,1.0251027945293778,-0.005023942412389237,1.0229539065865132,-0.014604464912872352,1.0232767408501167,-0.014679262998993376,1.9559298452005713,1.9543537163734506,0.005829524957443234,0.005817750318423108,True,False
0.8,0.1784124116152771,0.006,0.2,1.0,0.0001,5,1.0251027945293778,-0.005023942412389237,1.0229482161653043,-0.01455920299095015,1.0232672710647377,-0.014633565841009803,1.9473459002019378,1.9458132164680924,0.005833669823379752,0.005826509942278262,True,False
0.8,0.1784124116152771,0.006,0.2,1.0,0.0001,6,1.0251027945293778,-0.005023942412389237,1.022918556026713,-0.014565823963324861,1.0232378155927833,-0.014642533755505272,1.9502067821719753,1.9484075681136326,0.005836898377244558,0.005830872415626814,True,False
0.8,0.1784124116152771,0.006,0.2,1.0,0.0001,7,1.0251027945293778,-0.005023942412389237,1.0229220818612805,-0.014522341188617997,1.023238278823834,-0.014597984460717701,1.9414846164250894,1.9398144830972495,0.005854665018642121,0.005836624432107337,True,False
0.8,0.1784124116152771,0.006,0.2,1.0,0.0001,8,1.0251027945293778,-0.005023942412389237,1.0229234884627867,-0.0145450287081693,1.0232414435620796,-0.014620716591916756,1.9458060883894417,1.9441536271853845,0.005844218768894724,0.0058361457434406485,True,False
0.8,0.1784124116152771,0.006,0.2,1.0,0.0001,9,1.0251027945293778,-0.005023942412389237,1.0229312688865113,-0.014564353903370759,1.0232506433442128,-0.014639752550592093,1.9491787722293956,1.947559172113038,0.005834492574942957,0.005832600304286673,True,False
0.8,0.1784124116152771,0.012,0.05,0.2,0.0,0,1.0250520981065683,-0.0012559856030973093,1.0250046315642107,-0.0012560067184482564,1.0250523511821708,-0.001256051466448129,0.00020820757759597712,0.03779227002048422,2.2942255875385474e-05,2.2863974642575757e-05,True,False
0.8,0.1784124116152771,0.012,0.05,0.2,0.0001,0,1.0250520981065683,-0.0012559856030973093,1.0250045341097302,-0.0012559844827747446,1.0250523549476585,-0.0012560630069186364,0.00021357823074978803,0.037869858327936747,7.023539266029414e-05,2.7686470568050826e-05,True,False
0.8,0.1784124116152771,0.012,0.05,0.2,0.0001,1,1.0250520981065683,-0.0012559856030973093,1.0250046455496118,-0.0012559716000804834,1.025052396668613,-0.0012560625069032842,0.00024547053661455647,0.037781132925071126,7.325849572275323e-05,2.3396610173098497e-05,True,False
0.8,0.1784124116152771,0.012,0.05,0.2,0.0001,2,1.0250520981065683,-0.0012559856030973093,1.0250046188275048,-0.0012559846451178252,1.0250523249265413,-0.0012559870157705403,0.00018059472306697455,0.03780240709450385,6.789272841878148e-05,2.4881252496643458e-05,True,False
0.8,0.1784124116152771,0.012,0.05,0.2,0.0001,3,1.0250520981065683,-0.0012559856030973093,1.0250045813339794,-0.0012560195711977134,1.0250523161444407,-0.0012560306401303168,0.00017726367644552342,0.037832268628703106,7.782379658152086e-05,2.5954414734997483e-05,True,False
0.8,0.1784124116152771,0.012,0.05,0.2,0.0001,4,1.0250520981065683,-0.0012559856030973093,1.0250045691952074,-0.0012560110738001,1.0250523652616141,-0.0012560285256627407,0.0002154333307583924,0.037841929133975945,7.305788203316271e-05,2.4182306812143643e-05,True,False
0.8,0.1784124116152771,0.012,0.05,0.2,0.0001,5,1.0250520981065683,-0.0012559856030973093,1.0250046135631377,-0.0012559464801537993,1.0250523498430897,-0.0012560852383745782,0.000215557321139232,0.037806611342034356,7.511756086966426e-05,2.6194550575355716e-05,True,False
0.8,0.1784124116152771,0.012,0.05,0.2,0.0001,6,1.0250520981065683,-0.0012559856030973093,1.0250046804668007,-0.001256025356599285,1.0250523496880986,-0.0012560230982671479,0.0002025184711441473,0.037753343919461314,7.444440533460579e-05,2.8241787541565296e-05,True,False
0.8,0.1784124116152771,0.012,0.05,0.2,0.0001,7,1.0250520981065683,-0.0012559856030973093,1.0250046077092465,-0.0012559947812574527,1.0250523511374596,-0.0012559616281285347,0.0002023623366149185,0.03781126001090971,7.434763086220456e-05,2.5550868622381797e-05,True,False
0.8,0.1784124116152771,0.012,0.05,0.2,0.0001,8,1.0250520981065683,-0.0012559856030973093,1.025004614315932,-0.0012560211624279213,1.0250523478894422,-0.0012560630245133607,0.0002082080620385701,0.03780600974562305,7.428311021655086e-05,2.5059100241704686e-05,True,False
0.8,0.1784124116152771,0.012,0.05,0.2,0.0001,9,1.0250520981065683,-0.0012559856030973093,1.0250046191775721,-0.001256078948807864,1.0250523879916553,-0.0012559798688044376,0.00023084802609100666,0.03780220142643916,7.54509275589323e-05,2.892517271125341e-05,True,False
0.8,0.1784124116152771,0.012,0.05,0.5,0.0,0,1.0250520981065683,-0.0012559856030973093,1.0250113064767123,-0.0012577600496452971,1.025061361907183,-0.0012576343051980152,0.007491621509103464,0.032508498472222,0.001221534273414617,0.0012215804370608312,True,False
0.8,0.1784124116152771,0.012,0.05,0.5,0.0001,0,1.0250520981065683,-0.0012559856030973093,1.02501118774991,-0.0012577505912458721,1.0250612328888524,-0.0012576358107459168,0.007390722829308417,0.032602612753061706,0.0012063311273058583,0.0012064370322877305,True,False
0.8,0.1784124116152771,0.012,0.05,0.5,0.0001,1,1.0250520981065683,-0.0012559856030973093,1.025011334364723,-0.0012577080998514496,1.025061395006709,-0.001257577903922441,0.007509857586840183,0.03248454288743931,0.0012169820248871077,0.0012242546995968782,True,False
0.8,0.1784124116152771,0.012,0.05,0.5,0.0001,2,1.0250520981065683,-0.0012559856030973093,1.0250111863921585,-0.0012578229535725092,1.0250612291396202,-0.0012577007277530033,0.007397152242445146,0.03260622681666681,0.0012108601767699472,0.0012125653792637167,True,False
0.8,0.1784124116152771,0.012,0.05,0.5,0.0001,3,1.0250520981065683,-0.0012559856030973093,1.0250110870198048,-0.0012577669679536148,1.0250611121180866,-0.0012576689557195024,0.007300916664676334,0.032683301680876506,0.0012079846362561297,0.0012018094859209826,True,False
0.8,0.1784124116152771,0.012,0.05,0.5,0.0001,4,1.0250520981065683,-0.0012559856030973093,1.025011341130687,-0.0012577015451885544,1.0250613770870483,-0.0012575711107116064,0.0074948824548230555,0.032478940772925485,0.001225401483415531,0.0012242098124498463,True,False
0.8,0.1784124116152771,0.012,0.05,0.5,0.0001,5,1.0250520981065683,-0.0012559856030973093,1.0250114600643219,-0.0012577323054745713,1.0250615541927601,-0.0012575919651133184,0.0076366774749439675,0.03238537381586976,0.0012448326644321518,0.0012430422757311445,True,False
0.8,0.1784124116152771,0.012,0.05,0.5,0.0001,6,1.0250520981065683,-0.0012559856030973093,1.0250111929044994,-0.0012576753683738939,1.0250612265203403,-0.001257547957220011,0.007373611120479144,0.032595985656020586,0.001220449645996599,0.0012196293494137803,True,False
0.8,0.1784124116152771,0.012,0.05,0.5,0.0001,7,1.0250520981065683,-0.0012559856030973093,1.025011333367863,-0.001257709570649846,1.0250613860478266,-0.0012575879928202608,0.007504188578859841,0.03248538532559344,0.0012344657617160467,0.0012347062316021183,True,False
0.8,0.1784124116152771,0.012,0.05,0.5,0.0001,8,1.0250520981065683,-0.0012559856030973093,1.0250113822279403,-0.001257794663273016,1.0250614534867213,-0.001257683086735136,0.007570256165892752,0.03244945497513376,0.001228736694557222,0.0012292393002016,True,False
0.8,0.1784124116152771,0.012,0.05,0.5,0.0001,9,1.0250520981065683,-0.0012559856030973093,1.0250112794285795,-0.0012578727119930398,1.0250613331334573,-0.001257768324914165,0.00748855769350987,0.032534032671822054,0.0012131873085313,0.0012158662402695247,True,False
0.8,0.1784124116152771,0.012,0.05,1.0,0.0,0,1.0250520981065683,-0.0012559856030973093,1.0252797787529786,-0.001357817484326381,1.025345324752236,-0.0013512638203137643,0.24547868994760008,0.1985816829606313,0.04707211055594691,0.04707246384830876,True,False
0.8,0.1784124116152771,0.012,0.05,1.0,0.0001,0,1.0250520981065683,-0.0012559856030973093,1.0252797520102204,-0.0013577225068477608,1.0253452865460226,-0.0013511555740168164,0.2454231370718381,0.19853138115949978,0.04706233494209367,0.047064969590537596,True,False
0.8,0.1784124116152771,0.012,0.05,1.0,0.0001,1,1.0250520981065683,-0.0012559856030973093,1.025279575392667,-0.0013575540083359794,1.0253451073673598,-0.0013510026314311576,0.24524986126551024,0.19834827158704146,0.047035708436879854,0.04703570091635488,True,False
0.8,0.1784124116152771,0.012,0.05,1.0,0.0001,2,1.0250520981065683,-0.0012559856030973093,1.0252800991415862,-0.0013577886572672523,1.025345640626359,-0.0013512019805836314,0.2457026915304277,0.19880521142498322,0.04712749298020372,0.0471286835972301,True,False
0.8,0.1784124116152771,0.012,0.05,1.0,0.0001,3,1.0250520981065683,-0.0012559856030973093,1.0252796734960703,-0.001358229197945374,1.025345232494848,-0.0013516933299625312,0.24551475534563313,0.19863929688723989,0.04707387084764182,0.04706884641361355,True,False
0.8,0.1784124116152771,0.012,0.05,1.0,0.0001,4,1.0250520981065683,-0.0012559856030973093,1.025279784549726,-0.001357512513704257,1.0253453177101828,-0.0013509613155747214,0.24539903379465797,0.19848688551132734,0.04705322706824388,0.04705711145532217,True,False
0.8,0.1784124116152771,0.012,0.05,1.0,0.0001,5,1.0250520981065683,-0.0012559856030973093,1.0252800356016694,-0.0013577843404966538,1.0253455906679203,-0.001351215056687195,0.24566806919071732,0.19875761683601453,0.0471233845748366,0.04711943653405591,True,False
0.8,0.1784124116152771,0.012,0.05,1.0,0.0001,6,1.0250520981065683,-0.0012559856030973093,1.0252796945736973,-0.0013577433363455346,1.0253452331243729,-0.0013512028250713955,0.24539430148295707,0.1984963996594259,0.04705619322386797,0.04705789816337961,True,False
0.8,0.1784124116152771,0.012,0.05,1.0,0.0001,7,1.0250520981065683,-0.0012559856030973093,1.025279694615451,-0.0013578792600283792,1.0253452418950788,-0.0013513373059616828,0.24543404149031878,0.19854062592487692,0.04706781422010121,0.047071290669358556,True,False
0.8,0.1784124116152771,0.012,0.05,1.0,0.0001,8,1.0250520981065683,-0.0012559856030973093,1.0252800281956214,-0.0013577704255051592,1.0253455686427464,-0.0013511950682577006,0.24564647759137423,0.19874771507987096,0.047071292159413414,0.04707775709721663,True,False
0.8,0.1784124116152771,0.012,0.05,1.0,0.0001,9,1.0250520981065683,-0.0012559856030973093,1.0252795931703134,-0.0013578499474193337,1.025345135253336,-0.0013513139833355823,0.24534755500797611,0.19845737112664666,0.04706539489700866,0.0470640692071762,True,False
0.8,0.1784124116152771,0.012,0.2,0.2,0.0,0,1.0250520981065683,-0.005023942412389237,1.0250101620406409,-0.0050322871795695865,1.0250628070019983,-0.0050350207337963564,0.003066934691944714,0.00851089763752274,2.8795985686338744e-06,2.837335563522286e-06,True,False
0.8,0.1784124116152771,0.012,0.2,0.2,0.0001,0,1.0250520981065683,-0.005023942412389237,1.0250237128864204,-0.005033314015735556,1.0250776899718628,-0.005036199611690616,0.0056481017528710485,0.005949962262933749,7.151893942763642e-05,1.551874966718553e-05,True,False
0.8,0.1784124116152771,0.012,0.2,0.2,0.0001,1,1.0250520981065683,-0.005023942412389237,1.025016570710831,-0.005037700518567339,1.0250712333927323,-0.005041097657672493,0.005115394582996823,0.00758334954868655,6.947465427080659e-05,1.2774676802048878e-05,True,False
0.8,0.1784124116152771,0.012,0.2,0.2,0.0001,2,1.0250520981065683,-0.005023942412389237,1.025017663781006,-0.005032967218406332,1.02507114510319,-0.0050357210993160146,0.004457608030231034,0.007085537022944215,6.960712658742965e-05,1.1566374422857349e-05,True,False
0.8,0.1784124116152771,0.012,0.2,0.2,0.0001,3,1.0250520981065683,-0.005023942412389237,1.025007705089562,-0.005026347459977776,1.025059744171554,-0.0050283605121776275,0.001757730532983035,0.00884924902872139,6.945524064943657e-05,8.455856759295073e-06,True,False
0.8,0.1784124116152771,0.012,0.2,0.2,0.0001,4,1.0250520981065683,-0.005023942412389237,1.0250095010908948,-0.005034545126563578,1.0250627189558659,-0.005037284328932864,0.0033943717238173036,0.008737507481173279,6.985163338617381e-05,1.1187965414491732e-05,True,False
0.8,0.1784124116152771,0.012,0.2,0.2,0.0001,5,1.0250520981065683,-0.005023942412389237,1.0250068749075316,-0.005022753827403034,1.0250581048947778,-0.005023751966168162,0.0011962331616189158,0.009004644600085532,6.964945166230486e-05,1.0211216085001418e-05,True,False
0.8,0.1784124116152771,0.012,0.2,0.2,0.0001,6,1.0250520981065683,-0.005023942412389237,1.025014041535026,-0.0050289815349071985,1.0250669872468081,-0.005030938089330381,0.003274463101976143,0.007641158536159512,6.955357236020494e-05,1.0207729547225705e-05,True,False
0.8,0.1784124116152771,0.012,0.2,0.2,0.0001,7,1.0250520981065683,-0.005023942412389237,1.025015396294478,-0.005023109760378045,1.0250687627887745,-0.0050249089868222435,0.0033226276540889777,0.0073072605191897115,6.958951204438928e-05,1.3993224941798627e-05,True,False
0.8,0.1784124116152771,0.012,0.2,0.2,0.0001,8,1.0250520981065683,-0.005023942412389237,1.025016363167651,-0.0050554835812382575,1.025071979594583,-0.005061500048196666,0.008458554128663002,0.009487316224400797,6.996816570368083e-05,1.3456098896803979e-05,True,False
0.8,0.1784124116152771,0.012,0.2,0.2,0.0001,9,1.0250520981065683,-0.005023942412389237,1.0250126282440164,-0.0050363373654653066,1.025066787116764,-0.005039958172605467,0.004325648844159365,0.008234636298086169,6.816064126885564e-05,1.1691881860475538e-05,True,False
0.8,0.1784124116152771,0.012,0.2,0.5,0.0,0,1.0250520981065683,-0.005023942412389237,1.025095548618162,-0.005120246112292853,1.0251538256638295,-0.005121594497603509,0.02806802618493543,0.021029703861366277,0.0002854306923339751,0.00028474779724261385,True,False
0.8,0.1784124116152771,0.012,0.2,0.5,0.0001,0,1.0250520981065683,-0.005023942412389237,1.0250971298677511,-0.00512081420133488,1.0251554329555779,-0.0051221015622307095,0.02836910877686331,0.021263575137236472,0.0002971359761893753,0.00028979925034471456,True,False
0.8,0.1784124116152771,0.012,0.2,0.5,0.0001,1,1.0250520981065683,-0.005023942412389237,1.0250924749432115,-0.0051190417598637634,1.0251506228710048,-0.005120467354965072,0.027454180048663377,0.020564705912391682,0.00029352672461444213,0.0002865811668868563,True,False
0.8,0.1784124116152771,0.012,0.2,0.5,0.0001,2,1.0250520981065683,-0.005023942412389237,1.0250954862394874,-0.0051202781182496885,1.025153786841368,-0.005121619782664581,0.028065938268600467,0.021030409146753356,0.00029722259775708654,0.00028832811950452837,True,False
0.8,0.1784124116152771,0.012,0.2,0.5,0.0001,3,1.0250520981065683,-0.005023942412389237,1.0250972255663786,-0.005121401082381694,1.0251555715094363,-0.005122742390471169,0.028477048136063086,0.02137755942984798,0.0002969312507270844,0.00028984534149249205,True,False
0.8,0.1784124116152771,0.012,0.2,0.5,0.0001,4,1.0250520981065683,-0.005023942412389237,1.025092468426397,-0.0051182028993908705,1.0251506231886724,-0.00511962223752842,0.027336767176391327,0.020410606017736272,0.00028543240433056666,0.00027540861069364636,True,False
0.8,0.1784124116152771,0.012,0.2,0.5,0.0001,5,1.0250520981065683,-0.005023942412389237,1.0250976520785209,-0.005117282676746686,1.0251558909601275,-0.005118427363423743,0.027937816165822752,0.02067364940296339,0.00029331359367195016,0.0002888036261600935,True,False
0.8,0.1784124116152771,0.012,0.2,0.5,0.0001,6,1.0250520981065683,-0.005023942412389237,1.0250961143156105,-0.005122079127587221,1.0251544463290267,-0.005123420665512245,0.02840942150614534,0.021408637133990587,0.0002964133069953178,0.00028671437107281384,True,False
0.8,0.1784124116152771,0.012,0.2,0.5,0.0001,7,1.0250520981065683,-0.005023942412389237,1.0250954597553683,-0.005122219905524123,1.0251537996114926,-0.005123638250382924,0.028347555939457553,0.021381282683002274,0.0002938817446361686,0.00028797413362725794,True,False
0.8,0.1784124116152771,0.012,0.2,0.5,0.0001,8,1.0250520981065683,-0.005023942412389237,1.0250910185067026,-0.005120316972681412,1.0251491728514046,-0.005121806482487925,0.02743735429512226,0.020688289699640663,0.00029072438808123654,0.00028063388037571696,True,False
0.8,0.1784124116152771,0.012,0.2,0.5,0.0001,9,1.0250520981065683,-0.005023942412389237,1.0250944459755573,-0.005121720569277782,1.02515273721187,-0.005123113605138673,0.028123536815594718,0.021209384751366925,0.00029902670967961995,0.00028676806804339456,True,False
0.8,0.1784124116152771,0.012,0.2,1.0,0.0,0,1.0250520981065683,-0.005023942412389237,1.0257930414093734,-0.007256524686219983,1.0259406489349867,-0.0072360992123283565,0.47451538695261586,0.4682224015721394,0.008067328254934957,0.008062275938237906,True,False
0.8,0.1784124116152771,0.012,0.2,1.0,0.0001,0,1.0250520981065683,-0.005023942412389237,1.0257893910704323,-0.007264647025439716,1.0259373953275417,-0.007244422643358126,0.47581293445782463,0.46952949857694143,0.008076067170783869,0.008072105462022998,True,False
0.8,0.1784124116152771,0.012,0.2,1.0,0.0001,1,1.0250520981065683,-0.005023942412389237,1.0257915516129743,-0.00725313952532144,1.0259389857509746,-0.007232740617639991,0.47377165377585057,0.46748949464656203,0.008061835601979457,0.008058432537073664,True,False
0.8,0.1784124116152771,0.012,0.2,1.0,0.0001,2,1.0250520981065683,-0.005023942412389237,1.0257886934790905,-0.007256193536644791,1.0259362700387202,-0.00723597653649418,0.4741685342981273,0.46788792738552143,0.008062744434770168,0.008059876125509931,True,False
0.8,0.1784124116152771,0.012,0.2,1.0,0.0001,3,1.0250520981065683,-0.005023942412389237,1.025791613882245,-0.00725251762596651,1.0259390293086283,-0.007232197649924968,0.47367459353500607,0.4673759079639844,0.008064190139475751,0.008056390477098841,True,False
0.8,0.1784124116152771,0.012,0.2,1.0,0.0001,4,1.0250520981065683,-0.005023942412389237,1.0257937916202093,-0.00725795405322243,1.025941519257161,-0.007237462484324264,0.4748317612866932,0.4685394686626332,0.008071922559119904,0.00807115347520925,True,False
0.8,0.1784124116152771,0.012,0.2,1.0,0.0001,5,1.0250520981065683,-0.005023942412389237,1.025793622711712,-0.007250647220371752,1.0259409575747542,-0.007230189961884593,0.4734470817949593,0.4671487518072443,0.008064971841654904,0.008053250346674852,True,False
0.8,0.1784124116152771,0.012,0.2,1.0,0.0001,6,1.0250520981065683,-0.005023942412389237,1.0257921122823472,-0.007259682272490037,1.0259398722145807,-0.007239280498558755,0.4750455102886036,0.4687608121031882,0.008070294449109255,0.008067357416607406,True,False
0.8,0.1784124116152771,0.012,0.2,1.0,0.0001,7,1.0250520981065683,-0.005023942412389237,1.0257903695843424,-0.007261191477301824,1.02593820263407,-0.007240904646446362,0.475222167429246,0.4689371911803478,0.008074439664259159,0.008071017733849547,True,False
0.8,0.1784124116152771,0.012,0.2,1.0,0.0001,8,1.0250520981065683,-0.005023942412389237,1.0257891306919993,-0.007259061344489327,1.0259368740655959,-0.007238874580520009,0.47474881178188244,0.4684572858409336,0.008077259386928723,0.008069887740114775,True,False
0.8,0.1784124116152771,0.012,0.2,1.0,0.0001,9,1.0250520981065683,-0.005023942412389237,1.02579561828353,-0.007251728141509671,1.0259429857950955,-0.0072311623806263605,0.4737775768233782,0.46747848771664924,0.008059633007836449,0.00805277354037983,True,False
1.5,0.130294003174112,0.003,0.05,0.2,0.0,0,1.1021176998342992,-0.0051066010575547055,1.10213041830165,-0.0051089137771199,1.1021323687493736,-0.005108909520058197,0.0029078924662810225,0.002531435105071483,3.0242908067805177e-05,3.02352008641674e-05,True,False
1.5,0.130294003174112,0.003,0.05,0.2,0.0001,0,1.1021176998342992,-0.0051066010575547055,1.1021317396437913,-0.0051073731353881045,1.1021336940121338,-0.005107358108190273,0.003135565971740309,0.0027534993192998543,7.670837179876435e-05,3.82330682000066e-05,True,False
1.5,0.130294003174112,0.003,0.05,0.2,0.0001,1,1.1021176998342992,-0.0051066010575547055,1.102131424132262,-0.005110143245216737,1.1021333747733635,-0.005110149632138753,0.003147219188197689,0.002775631223904389,7.90841070703904e-05,3.870433157962402e-05,True,False
1.5,0.130294003174112,0.003,0.05,0.2,0.0001,2,1.1021176998342992,-0.0051066010575547055,1.1021329855320525,-0.005100798140290618,1.1021349347223786,-0.005100768164443223,0.003563067535394615,0.003201761645643534,7.978082973823381e-05,4.3324133107285076e-05,True,False
1.5,0.130294003174112,0.003,0.05,0.2,0.0001,3,1.1021176998342992,-0.0051066010575547055,1.1021257938844211,-0.005116988960727003,1.1021277293547478,-0.005117012634119062,0.0028309559729197626,0.00257881619772715,7.953829293219759e-05,4.17336582364024e-05,True,False
1.5,0.130294003174112,0.003,0.05,0.2,0.0001,4,1.1021176998342992,-0.0051066010575547055,1.102126078113939,-0.005103171787043312,1.1021280122614654,-0.005103152474523122,0.002129355731146186,0.0017727889297308986,7.79743131302322e-05,3.772258119241569e-05,True,False
1.5,0.130294003174112,0.003,0.05,0.2,0.0001,5,1.1021176998342992,-0.0051066010575547055,1.1021380572344328,-0.005110047588805094,1.1021400208274275,-0.0051100415585109225,0.00442262699181434,0.004043215748216267,8.127972808269527e-05,4.536232434536076e-05,True,False
1.5,0.130294003174112,0.003,0.05,0.2,0.0001,6,1.1021176998342992,-0.0051066010575547055,1.1021190930857194,-0.0051070749747642846,1.1021210132665917,-0.005107075675964617,0.0006554755302478979,0.00028818537291584024,7.305100336815243e-05,2.7464779709180386e-05,True,False
1.5,0.130294003174112,0.003,0.05,0.2,0.0001,7,1.1021176998342992,-0.0051066010575547055,1.1021320221569808,-0.005106872045463108,1.102133979975664,-0.0051068688853448075,0.003188489579647796,0.002805170391587302,7.709908624240017e-05,2.5474224588636287e-05,True,False
1.5,0.130294003174112,0.003,0.05,0.2,0.0001,8,1.1021176998342992,-0.0051066010575547055,1.1021298874575465,-0.005104900161096058,1.1021318434198075,-0.0051048867325815305,0.002789938364306448,0.002409770948053325,7.288477155822022e-05,2.771685937903467e-05,True,False
1.5,0.130294003174112,0.003,0.05,0.2,0.0001,9,1.1021176998342992,-0.0051066010575547055,1.1021380712617799,-0.005108257685577216,1.1021400396750918,-0.0051082481643045,0.00438657307990528,0.0040024031063653825,7.778127804495847e-05,3.987340210725867e-05,True,False
1.5,0.130294003174112,0.003,0.05,0.5,0.0,0,1.1021176998342992,-0.0051066010575547055,1.1025607254847685,-0.005137316638573303,1.102562908155186,-0.005137059576425725,0.0873866972123369,0.08696374473582769,0.001685668354876197,0.0016858619695140204,True,False
1.5,0.130294003174112,0.003,0.05,0.5,0.0001,0,1.1021176998342992,-0.0051066010575547055,1.1025550464212697,-0.005130678736527106,1.1025572231749272,-0.005130424947760612,0.08619599147917976,0.08577307427092774,0.0016781228621185632,0.0016700649438222094,True,False
1.5,0.130294003174112,0.003,0.05,0.5,0.0001,1,1.1021176998342992,-0.0051066010575547055,1.1025767021126858,-0.0051351887887305095,1.1025788878213596,-0.0051349204652311985,0.09048222981981413,0.0900582729640284,0.0017232689142540095,0.0017172830203756682,True,False
1.5,0.130294003174112,0.003,0.05,0.5,0.0001,2,1.1021176998342992,-0.0051066010575547055,1.1025599780099187,-0.005150056476498566,1.1025621667078698,-0.005149802075462411,0.08744788287027717,0.08702615859978903,0.001654906558219627,0.0016562054657121416,True,False
1.5,0.130294003174112,0.003,0.05,0.5,0.0001,3,1.1021176998342992,-0.0051066010575547055,1.1025608894464656,-0.005134638994707072,1.1025630689750465,-0.0051343807358965494,0.08738389125798944,0.08696109549523932,0.0017049106615451403,0.001700493230487375,True,False
1.5,0.130294003174112,0.003,0.05,0.5,0.0001,4,1.1021176998342992,-0.0051066010575547055,1.102556780948033,-0.0051234347086848726,1.1025589527665864,-0.0051231786034371014,0.0864693013153956,0.08604621305023648,0.0016535132405226091,0.0016460314307154445,True,False
1.5,0.130294003174112,0.003,0.05,0.5,0.0001,5,1.1021176998342992,-0.0051066010575547055,1.1025538590483794,-0.005112748234932655,1.1025560239976133,-0.005112489124772851,0.08584256028374176,0.0854193475886404,0.0016525667176514732,0.0016501007180503202,True,False
1.5,0.130294003174112,0.003,0.05,0.5,0.0001,6,1.1021176998342992,-0.0051066010575547055,1.1025792275468282,-0.005130665994844172,1.1025814102974616,-0.005130395423429114,0.09092555625936936,0.09050142695314016,0.001727234652267003,0.0017179465890289787,True,False
1.5,0.130294003174112,0.003,0.05,0.5,0.0001,7,1.1021176998342992,-0.0051066010575547055,1.102546369751843,-0.005126665120338743,1.1025485419839816,-0.0051264151740386356,0.08445882546037384,0.08403617376118849,0.0016476720151891555,0.001648668094264157,True,False
1.5,0.130294003174112,0.003,0.05,0.5,0.0001,8,1.1021176998342992,-0.0051066010575547055,1.1025600612165873,-0.005154997435582596,1.1025622552387264,-0.005154743098519513,0.08756402033257164,0.0871422881965268,0.001671751106435228,0.0016687569676688485,True,False
1.5,0.130294003174112,0.003,0.05,0.5,0.0001,9,1.1021176998342992,-0.0051066010575547055,1.1025566569652627,-0.005131522511711586,1.1025588355863023,-0.005131267808763077,0.08652033858673658,0.08609719166585875,0.0016956066749636224,0.0016963974371292578,True,False
1.5,0.130294003174112,0.003,0.05,1.0,0.0,0,1.1021176998342992,-0.0051066010575547055,1.0851591923220223,-0.00871367799770435,1.085179193099711,-0.008727045227781784,3.3919045765962244,3.3951892597192534,0.05814673174752731,0.05814857258358538,True,False
1.5,0.130294003174112,0.003,0.05,1.0,0.0001,0,1.1021176998342992,-0.0051066010575547055,1.085148605323887,-0.008776457186234484,1.085168718056669,-0.00878987302639769,3.3965019766075435,3.3997945243453684,0.0580239088459629,0.058019184866277385,True,False
1.5,0.130294003174112,0.003,0.05,1.0,0.0001,1,1.1021176998342992,-0.0051066010575547055,1.085212898361178,-0.00870234375934057,1.0852328648786167,-0.008715621139569049,3.3811588565187582,3.3844406342200264,0.05818940253406236,0.05819788029098246,True,False
1.5,0.130294003174112,0.003,0.05,1.0,0.0001,2,1.1021176998342992,-0.0051066010575547055,1.0851182425808237,-0.008715967658933949,1.085138228938472,-0.008729391814327591,3.3998454629099193,3.40312628286979,0.058092867904504686,0.05809206555234845,True,False
1.5,0.130294003174112,0.003,0.05,1.0,0.0001,3,1.1021176998342992,-0.0051066010575547055,1.0851693539782572,-0.008750544312055925,1.0851894276111633,-0.008763897592050904,3.3914613240992737,3.394753081526591,0.058074910443769535,0.0580762567562135,True,False
1.5,0.130294003174112,0.003,0.05,1.0,0.0001,4,1.1021176998342992,-0.0051066010575547055,1.0851982440508667,-0.008782390350078172,1.0852183617300268,-0.008795707932486496,3.387246374061149,3.3905407631453706,0.05802136051968402,0.05802408373680705,True,False
1.5,0.130294003174112,0.003,0.05,1.0,0.0001,5,1.1021176998342992,-0.0051066010575547055,1.0850008069931238,-0.008647083349271854,1.0850207493797162,-0.00866068471583338,3.4195841183730646,3.42286719581823,0.05822448224946113,0.05823132669916028,True,False
1.5,0.130294003174112,0.003,0.05,1.0,0.0001,6,1.1021176998342992,-0.0051066010575547055,1.0850033539461923,-0.008692348108884744,1.085023320472932,-0.008705960931131993,3.420906963119205,3.4241854682333157,0.058086441373584735,0.05808875081627207,True,False
1.5,0.130294003174112,0.003,0.05,1.0,0.0001,7,1.1021176998342992,-0.0051066010575547055,1.08526001117206,-0.008696095658581983,1.0852799713353736,-0.008709320238692765,3.3718801696077385,3.3751621698542706,0.05825934771150724,0.058260770322595974,True,False
1.5,0.130294003174112,0.003,0.05,1.0,0.0001,8,1.1021176998342992,-0.0051066010575547055,1.0850732452019127,-0.008660922827172726,1.0850931176060077,-0.008674430528580593,3.406261553521707,3.409529453419825,0.058172447339056736,0.05817401816493918,True,False
1.5,0.130294003174112,0.003,0.05,1.0,0.0001,9,1.1021176998342992,-0.0051066010575547055,1.0852161654520625,-0.008780412517927582,1.0852362172161298,-0.008793759638235924,3.3837489232886924,3.3870290991021057,0.058016891038421545,0.05802174349991762,True,False
1.5,0.130294003174112,0.003,0.2,0.2,0.0,0,1.1021176998342992,-0.020426404230218822,1.1033258255311489,-0.021612119030629973,1.1033289411151055,-0.021611719786981915,0.08296715993868782,0.0828719047426827,2.5327903484383767e-06,2.502504805110677e-06,True,False
1.5,0.130294003174112,0.003,0.2,0.2,0.0001,0,1.1021176998342992,-0.020426404230218822,1.1035552679045435,-0.013847400318166038,1.103555867863181,-0.013847028766955297,0.329706786801805,0.32968274537372694,8.234676380681515e-05,4.353138323071653e-05,True,False
1.5,0.130294003174112,0.003,0.2,0.2,0.0001,1,1.1021176998342992,-0.020426404230218822,1.1032257306446567,-0.014139262066661482,1.1032263943598304,-0.014138933611809358,0.3125597889859891,0.3125383121775229,8.090185661705392e-05,4.236182097490469e-05,True,False
1.5,0.130294003174112,0.003,0.2,0.2,0.0001,2,1.1021176998342992,-0.020426404230218822,1.1026815109114485,-0.013979923364191547,1.1026821373501714,-0.013979695356227275,0.3168140173944527,0.3168002240099052,8.25925852749318e-05,4.032410139502331e-05,True,False
1.5,0.130294003174112,0.003,0.2,0.2,0.0001,3,1.1021176998342992,-0.020426404230218822,1.1034592391220934,-0.012732281499257628,1.1034596851434773,-0.012731968506798053,0.3823769803388983,0.3823581340392623,8.4453240406074e-05,4.950942975635562e-05,True,False
1.5,0.130294003174112,0.003,0.2,0.2,0.0001,4,1.1021176998342992,-0.020426404230218822,1.1032730419140448,-0.013319408820236016,1.1032735765605732,-0.013319105188650867,0.3525180945725324,0.35249922187155835,8.364242930425394e-05,4.5002694775192836e-05,True,False
1.5,0.130294003174112,0.003,0.2,0.2,0.0001,5,1.1021176998342992,-0.020426404230218822,1.1022606406437598,-0.012884693370054996,1.1022611386074639,-0.012884518744388484,0.36928914679259056,0.36928013654712133,8.503678547224786e-05,4.757984315483093e-05,True,False
1.5,0.130294003174112,0.003,0.2,0.2,0.0001,6,1.1021176998342992,-0.020426404230218822,1.1015454224224734,-0.012854115716543582,1.101545927239548,-0.012854043485993442,0.3717696288483295,0.37176796438382387,7.813309362280477e-05,4.7586235189354226e-05,True,False
1.5,0.130294003174112,0.003,0.2,0.2,0.0001,7,1.1021176998342992,-0.020426404230218822,1.1020611737258006,-0.012654372291436117,1.1020616479035887,-0.012654239428436007,0.38050588010954756,0.380499543928387,8.580813261566998e-05,4.927024524275698e-05,True,False
1.5,0.130294003174112,0.003,0.2,0.2,0.0001,8,1.1021176998342992,-0.020426404230218822,1.1027101752158242,-0.012807459619286464,1.1027106816939032,-0.012807249201649032,0.37413317261907836,0.37412097924200555,8.205718381392285e-05,4.907501770536386e-05,True,False
1.5,0.130294003174112,0.003,0.2,0.2,0.0001,9,1.1021176998342992,-0.020426404230218822,1.1029224341826829,-0.013082746463967506,1.1029229356567642,-0.013082482336247227,0.3616855708008819,0.36167004204817255,8.429484004874575e-05,4.301262144013891e-05,True,False
1.5,0.130294003174112,0.003,0.2,0.5,0.0,0,1.1021176998342992,-0.020426404230218822,1.111656533748306,-0.03209046767371004,1.1116623421730756,-0.03207915155751096,0.7374160976914411,0.7376647098934412,0.00018281274467618795,0.00018213288951382026,True,False
1.5,0.130294003174112,0.003,0.2,0.5,0.0001,0,1.1021176998342992,-0.020426404230218822,1.1113104747048264,-0.03127736252446582,1.1113159701385449,-0.03126723585624254,0.6960259103313147,0.6962300734637651,0.00019706634118350693,0.000185191898837927,True,False
1.5,0.130294003174112,0.003,0.2,0.5,0.0001,1,1.1021176998342992,-0.020426404230218822,1.1116743814203314,-0.03095486436976134,1.1116793736363055,-0.03094470636111243,0.6959027602500627,0.6961065316092957,0.0001964888193016439,0.00018435820506782874,True,False
1.5,0.130294003174112,0.003,0.2,0.5,0.0001,2,1.1021176998342992,-0.020426404230218822,1.1122690122969596,-0.03240078471876806,1.1122743730256182,-0.03238852080683523,0.7682391086576917,0.7685271471473396,0.0001981476003679145,0.0001878756528115623,True,False
1.5,0.130294003174112,0.003,0.2,0.5,0.0001,3,1.1021176998342992,-0.020426404230218822,1.1119234240319327,-0.03197358136657637,1.1119289313769156,-0.03196207540311215,0.7413791742394189,0.7416337974948043,0.0001942192163329429,0.00018061750269254465,True,False
1.5,0.130294003174112,0.003,0.2,0.5,0.0001,4,1.1021176998342992,-0.020426404230218822,1.1112758437167438,-0.031805416858227506,1.1112818908699529,-0.03179461881254671,0.7148595501879136,0.7150855331538399,0.00019523599818072981,0.00017955269804963711,True,False
1.5,0.130294003174112,0.003,0.2,0.5,0.0001,5,1.1021176998342992,-0.020426404230218822,1.1110902311306705,-0.030624116049111846,1.1110956461761963,-0.030614637571352202,0.6648027358068122,0.6649758056844117,0.000186196594017342,0.00017336686210404505,True,False
1.5,0.130294003174112,0.003,0.2,0.5,0.0001,6,1.1021176998342992,-0.020426404230218822,1.111356529276209,-0.03165225303408269,1.111362379761417,-0.03164163263034334,0.7115440063309256,0.7117632436464295,0.0001949751772820241,0.00018210453297229893,True,False
1.5,0.130294003174112,0.003,0.2,0.5,0.0001,7,1.1021176998342992,-0.020426404230218822,1.1114212074514482,-0.03136246546353337,1.1114267939494749,-0.031352077324278804,0.702704688952897,0.7029146261106787,0.0001979890950238032,0.00017934437745739966,True,False
1.5,0.130294003174112,0.003,0.2,0.5,0.0001,8,1.1021176998342992,-0.020426404230218822,1.1114844349245547,-0.03152247997601441,1.111489937870227,-0.03151185006392849,0.7106685447207228,0.7108922195679195,0.0001964501277840175,0.00018550067355625586,True,False
1.5,0.130294003174112,0.003,0.2,0.5,0.0001,9,1.1021176998342992,-0.020426404230218822,1.111749749218766,-0.031648427360262806,1.1117550803055978,-0.03163740683571419,0.7237674768651534,0.7240066835347555,0.00020013763169051318,0.00018551513359650157,True,False
1.5,0.130294003174112,0.003,0.2,1.0,0.0,0,1.1021176998342992,-0.020426404230218822,0.9813115690939647,-0.046676958468688426,0.9823344782590754,-0.04732341534283762,6.010157810799365,6.052229780995265,0.001121633023225197,0.001121555212637944,False,False
1.5,0.130294003174112,0.003,0.2,1.0,0.0001,0,1.1021176998342992,-0.020426404230218822,0.9813981884756102,-0.04683534386011923,0.9824468155573194,-0.04747302436844809,6.006402315332996,6.049738335456108,0.0011314370699567864,0.0011241722961091364,False,False
1.5,0.130294003174112,0.003,0.2,1.0,0.0001,1,1.1021176998342992,-0.020426404230218822,0.9813051119997581,-0.04659317796790401,0.9823211425756442,-0.04724390389935315,6.0099432731904505,6.0516691316065065,0.0011249426269496403,0.0011217807110130945,False,False
1.5,0.130294003174112,0.003,0.2,1.0,0.0001,2,1.1021176998342992,-0.020426404230218822,0.9816247219556471,-0.04677981678535041,0.982667693818245,-0.0473940522443123,5.995002837104136,6.03832338185164,0.0011286796465318433,0.001126705164456659,False,False
1.5,0.130294003174112,0.003,0.2,1.0,0.0001,3,1.1021176998342992,-0.020426404230218822,0.9816051874651119,-0.04687707410991694,0.9826569044106355,-0.0474945828008756,5.996603754811414,6.040276593233839,0.0011275117605716763,0.0011270891872611289,False,False
1.5,0.130294003174112,0.003,0.2,1.0,0.0001,4,1.1021176998342992,-0.020426404230218822,0.9817023654966509,-0.046758148555920316,0.9827411660116375,-0.04735863166637317,5.991112409029343,6.034383375418643,0.0011235707000257374,0.0011272150006738796,False,False
1.5,0.130294003174112,0.003,0.2,1.0,0.0001,5,1.1021176998342992,-0.020426404230218822,0.9817392383308322,-0.04657338727491766,0.982753995435333,-0.047171477600374614,5.9884897760547195,6.030693515366867,0.0011370440974443354,0.0011299608984291036,False,False
1.5,0.130294003174112,0.003,0.2,1.0,0.0001,6,1.1021176998342992,-0.020426404230218822,0.9813811835887314,-0.046670129187548294,0.9824037910427311,-0.04730756776259964,6.006676980235018,6.048828454915898,0.0011234879038326947,0.0011229448427951874,False,False
1.5,0.130294003174112,0.003,0.2,1.0,0.0001,7,1.1021176998342992,-0.020426404230218822,0.9814114021249679,-0.046941732692020385,0.9824741109860057,-0.0475797921615721,6.006253601127027,6.050221727476427,0.0011235436262020107,0.001122788596180477,False,False
1.5,0.130294003174112,0.003,0.2,1.0,0.0001,8,1.1021176998342992,-0.020426404230218822,0.9816387666691752,-0.046715684777807714,0.9826708249611773,-0.04732617466194984,5.994122363296982,6.036981561136924,0.0011332969590247992,0.0011255485455308435,False,False
1.5,0.130294003174112,0.003,0.2,1.0,0.0001,9,1.1021176998342992,-0.020426404230218822,0.9812864146656401,-0.046912557230623486,0.9823407220563971,-0.047565007420211095,6.012462064011026,6.055892304608301,0.001126439413805731,0.0011224744229274288,False,False
1.5,0.130294003174112,0.006,0.05,0.2,0.0,0,1.102074746930683,-0.0051066010575547055,1.1020709655626892,-0.0051073023066171295,1.1020787559668128,-0.0051073200949344685,0.0007975964605449429,0.0007531117286878574,2.826191882391034e-05,2.8249747003369233e-05,True,False
1.5,0.130294003174112,0.006,0.05,0.2,0.0001,0,1.102074746930683,-0.0051066010575547055,1.102071768393754,-0.00510988463294987,1.102079580328048,-0.005109967280476585,0.0011534271416587703,0.0008681376049279496,8.43590887677999e-05,4.553824782897104e-05,True,False
1.5,0.130294003174112,0.006,0.05,0.2,0.0001,1,1.102074746930683,-0.0051066010575547055,1.1020716943004312,-0.005107042804367275,1.1020794979765998,-0.0051070253308133345,0.0009340757702840411,0.0006040078820065705,7.948703229420097e-05,4.210008060151057e-05,True,False
1.5,0.130294003174112,0.006,0.05,0.2,0.0001,2,1.102074746930683,-0.0051066010575547055,1.1020696416438793,-0.005108095210464286,1.1020773921988525,-0.005108153692310132,0.0006006471983026843,0.0010416792596736686,7.731187416811586e-05,2.854364667373431e-05,True,False
1.5,0.130294003174112,0.006,0.05,0.2,0.0001,3,1.102074746930683,-0.0051066010575547055,1.1020715195413595,-0.005106881007739959,1.1020792976675646,-0.005106879858497777,0.0008928187658807423,0.0006343766141350758,8.030209478135284e-05,3.693082676982208e-05,True,False
1.5,0.130294003174112,0.006,0.05,0.2,0.0001,4,1.102074746930683,-0.0051066010575547055,1.1020687257006994,-0.005108272562379941,1.1020764462474646,-0.0051083142644515805,0.00047253321645184063,0.0012236967309498476,7.653923182131852e-05,3.606194019451484e-05,True,False
1.5,0.130294003174112,0.006,0.05,0.2,0.0001,5,1.102074746930683,-0.0051066010575547055,1.102070185298928,-0.0051088358037575075,1.1020779690648854,-0.005108911998337624,0.0007764798648743251,0.0009947171197736567,7.355369884054192e-05,3.666029893890209e-05,True,False
1.5,0.130294003174112,0.006,0.05,0.2,0.0001,6,1.102074746930683,-0.0051066010575547055,1.1020712926563678,-0.005105789177353942,1.1020790638845976,-0.005105776165094737,0.0008606621876634857,0.0006948658194886209,7.968973252234698e-05,4.535542778056816e-05,True,False
1.5,0.130294003174112,0.006,0.05,0.2,0.0001,7,1.102074746930683,-0.0051066010575547055,1.102072686790906,-0.005108115614152416,1.1020805835618552,-0.005108159816265558,0.0011830161037197715,0.0005007171192680594,7.869697882538059e-05,3.5078265567441144e-05,True,False
1.5,0.130294003174112,0.006,0.05,0.2,0.0001,8,1.102074746930683,-0.0051066010575547055,1.1020692772950482,-0.005106299347888793,1.1020770200932937,-0.005106297555928439,0.0004490920902427101,0.0010727195117409005,7.122044791607124e-05,2.3763747354670645e-05,True,False
1.5,0.130294003174112,0.006,0.05,0.2,0.0001,9,1.102074746930683,-0.0051066010575547055,1.102070591461,-0.005106683759294051,1.1020784051493862,-0.005106680183448834,0.0007165381226042901,0.0008139058672388072,7.340537463023381e-05,2.7778344331537317e-05,True,False
1.5,0.130294003174112,0.006,0.05,0.5,0.0,0,1.102074746930683,-0.0051066010575547055,1.102192185733238,-0.005118495846911833,1.10220094837789,-0.005118281165719365,0.024819013245488273,0.023115110437275235,0.0015797026376971222,0.0015798978121306867,True,False
1.5,0.130294003174112,0.006,0.05,0.5,0.0001,0,1.102074746930683,-0.0051066010575547055,1.1021924621879298,-0.005117621809635421,1.1022012264316978,-0.005117396618073479,0.02485790193451464,0.023152391085802183,0.001559476721365861,0.0015563918301607811,True,False
1.5,0.130294003174112,0.006,0.05,0.5,0.0001,1,1.102074746930683,-0.0051066010575547055,1.102192642939629,-0.005114464227130238,1.102201396900263,-0.005114237284224073,0.02484626631935633,0.023138274729992723,0.0015522862222493087,0.001552293037119243,True,False
1.5,0.130294003174112,0.006,0.05,0.5,0.0001,2,1.102074746930683,-0.0051066010575547055,1.1021954272642203,-0.005117419764407713,1.102204209201872,-0.005117193504215873,0.02543666080928978,0.023726995217411145,0.001579697116553691,0.0015754121574435692,True,False
1.5,0.130294003174112,0.006,0.05,0.5,0.0001,3,1.102074746930683,-0.0051066010575547055,1.1021908429384617,-0.005121487336841281,1.1021995980441917,-0.005121295579378102,0.024617722008328943,0.02292062835584557,0.0015761432288050018,0.0015731570526518546,True,False
1.5,0.130294003174112,0.006,0.05,0.5,0.0001,4,1.102074746930683,-0.0051066010575547055,1.1021926465818181,-0.005118649400139817,1.1022014085235632,-0.005118438916349197,0.024911594802877485,0.023207936162257005,0.0016044493782347842,0.001602543904431251,True,False
1.5,0.130294003174112,0.006,0.05,0.5,0.0001,5,1.102074746930683,-0.0051066010575547055,1.1021899343027273,-0.00512014886881451,1.102198694773832,-0.005119939984810613,0.024412231334179302,0.022712044679962535,0.0015827637378789691,0.0015748169657866214,True,False
1.5,0.130294003174112,0.006,0.05,0.5,0.0001,6,1.102074746930683,-0.0051066010575547055,1.1021897084524044,-0.005116030801808219,1.1021984627491481,-0.005115812977007541,0.024293714007152998,0.022587942649621627,0.0015467711706947439,0.0015468489939712128,True,False
1.5,0.130294003174112,0.006,0.05,0.5,0.0001,7,1.102074746930683,-0.0051066010575547055,1.1021909410169937,-0.005115901689582082,1.1021996937486687,-0.005115679805644731,0.024532211811186727,0.022826478958438222,0.0015795168297785315,0.0015842400793380112,True,False
1.5,0.130294003174112,0.006,0.05,0.5,0.0001,8,1.102074746930683,-0.0051066010575547055,1.1021945809170846,-0.005115963032729903,1.102203346577828,-0.005115738817479177,0.025246515772210196,0.023537991071197934,0.0016054245392572908,0.0016042595726985143,True,False
1.5,0.130294003174112,0.006,0.05,0.5,0.0001,9,1.102074746930683,-0.0051066010575547055,1.1021922953515837,-0.0051195601687363855,1.1022010634230102,-0.005119345013187929,0.024861493258061633,0.02315837872646395,0.0015645745231454144,0.0015613910054806683,True,False
1.5,0.130294003174112,0.006,0.05,1.0,0.0,0,1.102074746930683,-0.0051066010575547055,1.1042678514731805,-0.005860550909276361,1.1042825378125853,-0.005850097261760037,0.45619767630891495,0.4541344418318119,0.05048883890711201,0.05049022210621251,True,False
1.5,0.130294003174112,0.006,0.05,1.0,0.0001,0,1.102074746930683,-0.0051066010575547055,1.104270766808677,-0.005858545097865158,1.1042854397147608,-0.005848102522617696,0.45661189065357155,0.4545469680232546,0.050424858740525526,0.05042693839566797,True,False
1.5,0.130294003174112,0.006,0.05,1.0,0.0001,1,1.102074746930683,-0.0051066010575547055,1.1042864173484108,-0.005868981643298668,1.1043011135574325,-0.005858486962854287,0.4601695458971604,0.45810949636829407,0.05036786899612433,0.0503666524677482,True,False
1.5,0.130294003174112,0.006,0.05,1.0,0.0001,2,1.102074746930683,-0.0051066010575547055,1.1042727138804675,-0.005876119471396037,1.1042874574727757,-0.005865623185191651,0.45808824824464783,0.45603331673824876,0.05040737433196458,0.050404698121770466,True,False
1.5,0.130294003174112,0.006,0.05,1.0,0.0001,3,1.102074746930683,-0.0051066010575547055,1.104261478842569,-0.0058560777392664305,1.104276151253003,-0.00584565237410211,0.4547348372140496,0.4526697293052934,0.050529274253963655,0.05052768512422141,True,False
1.5,0.130294003174112,0.006,0.05,1.0,0.0001,4,1.102074746930683,-0.0051066010575547055,1.1042505632831485,-0.005856833525340288,1.1042652607288357,-0.0058464150555288695,0.45276136778985426,0.45069641468961247,0.05062233586385614,0.05063090242122502,True,False
1.5,0.130294003174112,0.006,0.05,1.0,0.0001,5,1.102074746930683,-0.0051066010575547055,1.104259133035562,-0.005855210874751423,1.1042738097489535,-0.005844782552145174,0.45424594406355134,0.45218013852470246,0.05052502217852091,0.050526933588419254,True,False
1.5,0.130294003174112,0.006,0.05,1.0,0.0001,6,1.102074746930683,-0.0051066010575547055,1.1042832144981738,-0.005865855267828765,1.104297887334332,-0.005855332096458243,0.4593734686862306,0.45731717474008976,0.0503968771626701,0.0503994932791013,True,False
1.5,0.130294003174112,0.006,0.05,1.0,0.0001,7,1.102074746930683,-0.0051066010575547055,1.1042785412897986,-0.0058684085662821725,1.1042932478196201,-0.00585792362412656,0.4586750800816068,0.45661496647624017,0.05038748247849835,0.05039219007175407,True,False
1.5,0.130294003174112,0.006,0.05,1.0,0.0001,8,1.102074746930683,-0.0051066010575547055,1.104272868802445,-0.005860978670317583,1.1042875529794232,-0.005850518024786858,0.45715476921406323,0.45509088352081023,0.05042794208375882,0.0504306781850974,True,False
1.5,0.130294003174112,0.006,0.05,1.0,0.0001,9,1.102074746930683,-0.0051066010575547055,1.1042645732557488,-0.0058467776037624845,1.1042792077728825,-0.005836361213890091,0.4547272328396635,0.4526565519769135,0.05049936696695113,0.050499664486711435,True,False
1.5,0.130294003174112,0.006,0.2,0.2,0.0,0,1.102074746930683,-0.020426404230218822,1.1023658413123698,-0.020722240956455203,1.102376173692066,-0.02072303709870987,0.02070386939935052,0.02031862822965177,2.590393997219406e-06,2.5594740565051613e-06,True,False
1.5,0.130294003174112,0.006,0.2,0.2,0.0001,0,1.102074746930683,-0.020426404230218822,1.1023135967485764,-0.019773719864854846,1.1023221395400484,-0.019772736328836398,0.0342163451189854,0.034025332289627855,7.19439108007592e-05,1.621806768905298e-05,True,False
1.5,0.130294003174112,0.006,0.2,0.2,0.0001,1,1.102074746930683,-0.020426404230218822,1.1023532908907334,-0.02043625373573995,1.1023636552113631,-0.020437021054994908,0.01415341073123984,0.013644988375985866,6.96097792695178e-05,1.8591352091870062e-05,True,False
1.5,0.130294003174112,0.006,0.2,0.2,0.0001,2,1.102074746930683,-0.020426404230218822,1.1016905801731522,-0.020114073200344248,1.101698767710422,-0.02011497613258981,0.023900868513189493,0.02423876765604871,7.073916969165744e-05,1.7103701476724942e-05,True,False
1.5,0.130294003174112,0.006,0.2,0.2,0.0001,3,1.102074746930683,-0.020426404230218822,1.1029325509304837,-0.019604308011903437,1.102941665645103,-0.019602059534824263,0.05856550471306803,0.05816673064766051,7.002494082998687e-05,2.114164579154117e-05,True,False
1.5,0.130294003174112,0.006,0.2,0.2,0.0001,4,1.102074746930683,-0.020426404230218822,1.1020824036802586,-0.01983467915972895,1.1020905064808926,-0.019834208996679127,0.02900191766490504,0.02897106117152455,6.755846113952089e-05,1.751393822743141e-05,True,False
1.5,0.130294003174112,0.006,0.2,0.2,0.0001,5,1.102074746930683,-0.020426404230218822,1.1024179752472631,-0.020065669631012903,1.1024273197240588,-0.020065008585508037,0.024717540309980357,0.02437682331948333,7.076842645320464e-05,1.3040419456428173e-05,True,False
1.5,0.130294003174112,0.006,0.2,0.2,0.0001,6,1.102074746930683,-0.020426404230218822,1.1020803671262809,-0.020001892480209258,1.1020887219237365,-0.02000164885677132,0.020805678964126117,0.020784321461522058,6.835752237581326e-05,1.6045612618128694e-05,True,False
1.5,0.130294003174112,0.006,0.2,0.2,0.0001,7,1.102074746930683,-0.020426404230218822,1.102236331792047,-0.019980568828866445,1.1022451508630204,-0.019980248475568983,0.02338102466718884,0.023215733269469567,7.083325204563925e-05,1.349554768987437e-05,True,False
1.5,0.130294003174112,0.006,0.2,0.2,0.0001,8,1.102074746930683,-0.020426404230218822,1.1024648202214358,-0.02029990913930989,1.102474637121307,-0.020299747695757205,0.02053561445542405,0.02007553266264823,7.138196627679346e-05,1.503815970259088e-05,True,False
1.5,0.130294003174112,0.006,0.2,0.2,0.0001,9,1.102074746930683,-0.020426404230218822,1.1022881465853067,-0.020089511248570644,1.1022969832935314,-0.020089015103036803,0.019778590044361572,0.019523433649553237,7.066297557872362e-05,1.5919673077915046e-05,True,False
1.5,0.130294003174112,0.006,0.2,0.5,0.0,0,1.102074746930683,-0.020426404230218822,1.1047498575354302,-0.023082004161738418,1.104765297296664,-0.023078710188138226,0.18495995089475978,0.18453599436484744,0.00023437111433542346,0.00023384565497296562,True,False
1.5,0.130294003174112,0.006,0.2,0.5,0.0001,0,1.102074746930683,-0.020426404230218822,1.1048937726359866,-0.02310520260823263,1.1049093138292894,-0.023101560145519062,0.19081149245945048,0.19038167328224895,0.0002446345108845808,0.0002371431207739557,True,False
1.5,0.130294003174112,0.006,0.2,0.5,0.0001,1,1.102074746930683,-0.020426404230218822,1.1045975113530977,-0.022970204863195027,1.1046126889563137,-0.02296717228321372,0.1758112123786085,0.17539226911475306,0.00023480883491432703,0.00022754430271360845,True,False
1.5,0.130294003174112,0.006,0.2,0.5,0.0001,2,1.102074746930683,-0.020426404230218822,1.1047121609560633,-0.023166528462786964,1.1047278224446528,-0.023163215320785156,0.18660578881490286,0.1861897593725041,0.00023428624663098912,0.00023137099327476862,True,False
1.5,0.130294003174112,0.006,0.2,0.5,0.0001,3,1.102074746930683,-0.020426404230218822,1.1046417910395938,-0.023066634963107933,1.1046571627328745,-0.023063574016409273,0.18069785506654823,0.1802795520474702,0.00024806285527272635,0.00023198994547855517,True,False
1.5,0.130294003174112,0.006,0.2,0.5,0.0001,4,1.102074746930683,-0.020426404230218822,1.1048327874414667,-0.023079325423926395,1.1048483063784356,-0.023075872763213996,0.18777967924935526,0.18734818016552424,0.00024115241423501338,0.0002314325663175786,True,False
1.5,0.130294003174112,0.006,0.2,0.5,0.0001,5,1.102074746930683,-0.020426404230218822,1.1046849940057335,-0.023278378993737265,1.1047008469122896,-0.023275259491505187,0.18968492399379988,0.18927239255696052,0.0002419787225085469,0.0002375158961608884,True,False
1.5,0.130294003174112,0.006,0.2,0.5,0.0001,6,1.102074746930683,-0.020426404230218822,1.1047854884635786,-0.023041408720887085,1.1048008866119914,-0.023038046113993953,0.18482204386472678,0.18439268605919792,0.00023839155647774124,0.00023090451726352266,True,False
1.5,0.130294003174112,0.006,0.2,0.5,0.0001,7,1.102074746930683,-0.020426404230218822,1.1048130411346286,-0.023048454871559206,1.1048284534898365,-0.023045013899314667,0.18603382743125285,0.18560424503768785,0.00024657421905198684,0.00023330134881550862,True,False
1.5,0.130294003174112,0.006,0.2,0.5,0.0001,8,1.102074746930683,-0.020426404230218822,1.1047216057369968,-0.022985230770412198,1.1047368320461555,-0.022981897827430552,0.18065612830554448,0.18023249042911063,0.00024328956792882319,0.00023343213044031968,True,False
1.5,0.130294003174112,0.006,0.2,0.5,0.0001,9,1.102074746930683,-0.020426404230218822,1.1047725356722014,-0.0230330948369797,1.1047878824074917,-0.023029816066198323,0.18408365703931884,0.1836537831067104,0.00024550030152077114,0.0002347045645557082,True,False
1.5,0.130294003174112,0.006,0.2,1.0,0.0,0,1.102074746930683,-0.020426404230218822,1.0510744498295734,-0.07524424901908204,1.0496481252193561,-0.07608688983103938,3.7433571656396727,3.6655204568250963,0.00407045721626627,0.00406592215252147,True,False
1.5,0.130294003174112,0.006,0.2,1.0,0.0001,0,1.102074746930683,-0.020426404230218822,1.0510487364772776,-0.07509413210856292,1.0496320293113486,-0.07592798195144436,3.7382391079586936,3.6610020945874404,0.004079985622828777,0.004072540216250626,True,False
1.5,0.130294003174112,0.006,0.2,1.0,0.0001,1,1.102074746930683,-0.020426404230218822,1.050864646784804,-0.07467363246777821,1.0494660782745415,-0.07546493075551186,3.7274035105818117,3.6521606740709682,0.004095760386155213,0.004086610717362022,True,False
1.5,0.130294003174112,0.006,0.2,1.0,0.0001,2,1.102074746930683,-0.020426404230218822,1.0515780138651585,-0.07519972614852394,1.0501891883907555,-0.07607271777133713,3.724737965259128,3.647170033999221,0.00406763026092569,0.004062173159130535,True,False
1.5,0.130294003174112,0.006,0.2,1.0,0.0001,3,1.102074746930683,-0.020426404230218822,1.0509710796856664,-0.07510210608818164,1.0495468748666623,-0.07592912626686364,3.7411441568453663,3.663882438638677,0.004075658675688154,0.004072448134184605,True,False
1.5,0.130294003174112,0.006,0.2,1.0,0.0001,4,1.102074746930683,-0.020426404230218822,1.0509419229839512,-0.07537138548007556,1.0494951571231756,-0.07621015022737994,3.7528846458154,3.6744967612047876,0.004065841578642147,0.004059737050986118,True,False
1.5,0.130294003174112,0.006,0.2,1.0,0.0001,5,1.102074746930683,-0.020426404230218822,1.0506672077442705,-0.0752396917415791,1.0492127232847956,-0.07605120364986205,3.756737540177135,3.678966864950468,0.004071211990203985,0.0040641975002068,True,False
1.5,0.130294003174112,0.006,0.2,1.0,0.0001,6,1.102074746930683,-0.020426404230218822,1.051054060613623,-0.07500588725547032,1.0496451777233646,-0.07582876724141273,3.734267669148063,3.657667104692046,0.0040737161823073045,0.004071589641490126,True,False
1.5,0.130294003174112,0.006,0.2,1.0,0.0001,7,1.102074746930683,-0.020426404230218822,1.0510801923140571,-0.07502534120855053,1.0496675519852694,-0.07585219466631526,3.73434814338218,3.657489564972204,0.00407878627844277,0.0040684145417292615,True,False
1.5,0.130294003174112,0.006,0.2,1.0,0.0001,8,1.102074746930683,-0.020426404230218822,1.050995841101477,-0.07503563197096041,1.049581082508098,-0.07586256206279732,3.7376263380618617,3.6606774212452446,0.004079543564466918,0.004075869344857995,True,False
1.5,0.130294003174112,0.006,0.2,1.0,0.0001,9,1.102074746930683,-0.020426404230218822,1.0511030810180013,-0.07507572207032422,1.0496902051489307,-0.07590842867806973,3.7355875556591056,3.6585280990582443,0.004078230788240241,0.00406886017195644,True,False
1.5,0.130294003174112,0.012,0.05,0.2,0.0,0,1.1019031008952587,-0.0051066010575547055,1.1018733894340986,-0.005106828653174741,1.101904429773086,-0.0051069321871089765,0.0002681846425741582,0.0058184166975102656,2.310589149263606e-05,2.3073566544734867e-05,True,False
1.5,0.130294003174112,0.012,0.05,0.2,0.0001,0,1.1019031008952587,-0.0051066010575547055,1.1018733197294936,-0.0051072141188200255,1.1019043012813596,-0.005107701883754898,0.0003189450239410959,0.005833131442688978,7.426054192291081e-05,2.8963344945637782e-05,True,False
1.5,0.130294003174112,0.012,0.05,0.2,0.0001,1,1.1019031008952587,-0.0051066010575547055,1.1018735127021644,-0.005106697074076664,1.1019045413928275,-0.005106739332311489,0.000283382018420786,0.005794137539197794,7.344322258177168e-05,3.094675905789837e-05,True,False
1.5,0.130294003174112,0.012,0.05,0.2,0.0001,2,1.1019031008952587,-0.0051066010575547055,1.101873509026873,-0.005106728944448091,1.1019046827803618,-0.0051067807114581285,0.0003117639311667757,0.005794880860019927,7.660376880525744e-05,2.6309314918497443e-05,True,False
1.5,0.130294003174112,0.012,0.05,0.2,0.0001,3,1.1019031008952587,-0.0051066010575547055,1.1018733957508215,-0.005106338965666881,1.101904377848617,-0.00510651667329062,0.000250604750214243,0.005817235439613299,7.217495969256818e-05,2.4655901470882415e-05,True,False
1.5,0.130294003174112,0.012,0.05,0.2,0.0001,4,1.1019031008952587,-0.0051066010575547055,1.101873351923482,-0.005107152447069893,1.1019044926579356,-0.005107552724053705,0.000330165340897325,0.005826592078313909,7.432257099037168e-05,2.8905671551594697e-05,True,False
1.5,0.130294003174112,0.012,0.05,0.2,0.0001,5,1.1019031008952587,-0.0051066010575547055,1.1018734992549442,-0.005106866868226392,1.1019047097951946,-0.005106841542268604,0.00031856286503522313,0.005796974032745161,7.496129310045965e-05,2.797361595586383e-05,True,False
1.5,0.130294003174112,0.012,0.05,0.2,0.0001,6,1.1019031008952587,-0.0051066010575547055,1.1018735028358,-0.005106612691969889,1.1019044797640225,-0.005106550000723795,0.00027020197820710876,0.005796039559722847,7.456532789107523e-05,2.711146985626079e-05,True,False
1.5,0.130294003174112,0.012,0.05,0.2,0.0001,7,1.1019031008952587,-0.0051066010575547055,1.1018733471008932,-0.005107307118463739,1.1019042642435382,-0.005107493061938873,0.0002870723961416612,0.005828176178950113,7.472519823725517e-05,3.0784554975127406e-05,True,False
1.5,0.130294003174112,0.012,0.05,0.2,0.0001,8,1.1019031008952587,-0.0051066010575547055,1.101873028838715,-0.005106871658619138,1.1019037439097463,-0.005106896660906565,0.00013858667108358926,0.005889097987356499,7.418237203248349e-05,2.3739416464431887e-05,True,False
1.5,0.130294003174112,0.012,0.05,0.2,0.0001,9,1.1019031008952587,-0.0051066010575547055,1.1018734626039386,-0.005107084180237302,1.101904562726178,-0.005107376947872725,0.0003240862093682401,0.00580468854437259,7.72107049436882e-05,3.0507958646267167e-05,True,False
1.5,0.130294003174112,0.012,0.05,0.5,0.0,0,1.1019031008952587,-0.0051066010575547055,1.1019137176138114,-0.005113798550855149,1.1019486547075006,-0.005113757121728738,0.00902997131200876,0.0025117453193003346,0.0012641338999848186,0.0012642689010606996,True,False
1.5,0.130294003174112,0.012,0.05,0.5,0.0001,0,1.1019031008952587,-0.0051066010575547055,1.1019150640605273,-0.005114173775627313,1.1019500812530172,-0.005114143265794517,0.00931772767453123,0.002772589638832519,0.001309257439213177,0.0013066453885351142,True,False
1.5,0.130294003174112,0.012,0.05,0.5,0.0001,1,1.1019031008952587,-0.0051066010575547055,1.1019149004536057,-0.005112972898183324,1.1019499117767144,-0.00511291972085199,0.009249873110140496,0.002626026213551837,0.001304901562595908,0.0012976188989938901,True,False
1.5,0.130294003174112,0.012,0.05,0.5,0.0001,2,1.1019031008952587,-0.0051066010575547055,1.1019131631403445,-0.005113228082395554,1.1019480588721644,-0.005113129880668198,0.008896242873838913,0.002359396196001676,0.001249715171252223,0.001249002245882566,True,False
1.5,0.130294003174112,0.012,0.05,0.5,0.0001,3,1.1019031008952587,-0.0051066010575547055,1.1019142463732583,-0.005113595110269696,1.1019492314446013,-0.0051135336061796,0.00913495216530979,0.0025767058046531864,0.0012786533147640783,0.0012758383474501846,True,False
1.5,0.130294003174112,0.012,0.05,0.5,0.0001,4,1.1019031008952587,-0.0051066010575547055,1.1019131400239344,-0.005114063613842002,1.101948061869683,-0.005114063980072633,0.008924946035491372,0.0024495649240370305,0.0012498854118767732,0.0012514477927892116,True,False
1.5,0.130294003174112,0.012,0.05,0.5,0.0001,5,1.1019031008952587,-0.0051066010575547055,1.1019132461554244,-0.005112959932541767,1.1019481390903478,-0.005112871122937894,0.008904660605762579,0.002344684870856484,0.0012610358256796084,0.0012515715820587802,True,False
1.5,0.130294003174112,0.012,0.05,0.5,0.0001,6,1.1019031008952587,-0.0051066010575547055,1.101912049351781,-0.0051140750025107,1.1019469000385405,-0.005114074950716884,0.008700942250475845,0.002283143872053895,0.0012432363065790484,0.0012486733948610196,True,False
1.5,0.130294003174112,0.012,0.05,0.5,0.0001,7,1.1019031008952587,-0.0051066010575547055,1.1019137655180238,-0.005114577618047518,1.1019487138609156,-0.0051145724628672475,0.009067533389899558,0.002607927638914535,0.0012612233074676099,0.001267144131712695,True,False
1.5,0.130294003174112,0.012,0.05,0.5,0.0001,8,1.1019031008952587,-0.0051066010575547055,1.1019144220926327,-0.005114031636764381,1.1019494505868062,-0.005114010262932513,0.009191662462914562,0.002651841887697454,0.0012902051385628931,0.0012887147836549524,True,False
1.5,0.130294003174112,0.012,0.05,0.5,0.0001,9,1.1019031008952587,-0.0051066010575547055,1.1019138744632977,-0.005114361586100786,1.1019488185397892,-0.005114378321937321,0.0090812737062976,0.0026000923339714647,0.001288294834602231,0.0012842936482065867,True,False
1.5,0.130294003174112,0.012,0.05,1.0,0.0,0,1.1019031008952587,-0.0051066010575547055,1.1032412336981836,-0.0055157676657375775,1.1033033059602373,-0.005506259251780215,0.28514569396727,0.2740162169786037,0.04784110921691668,0.04784249683369657,True,False
1.5,0.130294003174112,0.012,0.05,1.0,0.0001,0,1.1019031008952587,-0.0051066010575547055,1.1032417436279551,-0.0055148690717433824,1.1033037978847309,-0.005505340412170968,0.2851890100654249,0.2740603261428288,0.04781696916709153,0.04781763640792298,True,False
1.5,0.130294003174112,0.012,0.05,1.0,0.0001,1,1.1019031008952587,-0.0051066010575547055,1.1032408844385644,-0.005515219627329936,1.103302952526661,-0.005505715406165723,0.28504992267090123,0.2739194436576293,0.04787883908853834,0.04787520017596154,True,False
1.5,0.130294003174112,0.012,0.05,1.0,0.0001,2,1.1019031008952587,-0.0051066010575547055,1.1032428669630425,-0.005515022060316669,1.10330493916123,-0.0055054792697986675,0.285411407654606,0.2742794769354318,0.047867998348108405,0.04786762155901455,True,False
1.5,0.130294003174112,0.012,0.05,1.0,0.0001,3,1.1019031008952587,-0.0051066010575547055,1.1032414063019222,-0.005515943417151904,1.1033035123837784,-0.005506422916374116,0.2851933617130568,0.27405860449727926,0.04784802055345319,0.04785052026935602,True,False
1.5,0.130294003174112,0.012,0.05,1.0,0.0001,4,1.1019031008952587,-0.0051066010575547055,1.103241689786573,-0.005516093774850849,1.1033037641084298,-0.0055065751637654575,0.2852489469875994,0.27412030246831637,0.04778014529250017,0.04777924151361732,True,False
1.5,0.130294003174112,0.012,0.05,1.0,0.0001,5,1.1019031008952587,-0.0051066010575547055,1.1032422804355666,-0.00551675845672639,1.1033043829989464,-0.00550725162066344,0.28540187179042675,0.27426899796235193,0.0478486745940461,0.04784847960758176,True,False
1.5,0.130294003174112,0.012,0.05,1.0,0.0001,6,1.1019031008952587,-0.0051066010575547055,1.1032391489020756,-0.0055146439489669715,1.10330119171877,-0.00550513510286466,0.284687169262274,0.2735614752523271,0.04780260291922468,0.047798937484719674,True,False
1.5,0.130294003174112,0.012,0.05,1.0,0.0001,7,1.1019031008952587,-0.0051066010575547055,1.1032382861110726,-0.005515678832019727,1.103300350799573,-0.005506251644396982,0.2845888582243149,0.2734591895383077,0.04777555350060197,0.04778286492840384,True,False
1.5,0.130294003174112,0.012,0.05,1.0,0.0001,8,1.1019031008952587,-0.0051066010575547055,1.1032404714213668,-0.005517312784518164,1.103302566012466,-0.0055078226674779235,0.2850905838761039,0.2739621460502836,0.04780543828856455,0.04781105756566429,True,False
1.5,0.130294003174112,0.012,0.05,1.0,0.0001,9,1.1019031008952587,-0.0051066010575547055,1.103240726260837,-0.005517541578931769,1.1033028003547287,-0.005508063374724671,0.2851476892090384,0.27402300561162124,0.04779573163210593,0.04779417155285425,True,False
1.5,0.130294003174112,0.012,0.2,0.2,0.0,0,1.1019031008952587,-0.020426404230218822,1.101937198530268,-0.020498939640466445,1.1019762446434755,-0.020504002956678005,0.0052205744934121215,0.003923846491196646,2.5313770871137167e-06,2.4983142548259818e-06,True,False
1.5,0.130294003174112,0.012,0.2,0.2,0.0001,0,1.1019031008952587,-0.020426404230218822,1.1020797718416342,-0.020395383073469678,1.1021227462432663,-0.020396195342810817,0.010854235561131085,0.008781463894439222,7.012402309793216e-05,1.7974317669101152e-05,True,False
1.5,0.130294003174112,0.012,0.2,0.2,0.0001,1,1.1019031008952587,-0.020426404230218822,1.1019635536714139,-0.02051235759991319,1.1020028142840188,-0.020517917858817986,0.006625844307958727,0.005144488174470945,7.043812667153801e-05,1.4194697184763383e-05,True,False
1.5,0.130294003174112,0.012,0.2,0.2,0.0001,2,1.1019031008952587,-0.020426404230218822,1.1019291816363284,-0.020495470134477636,1.1019676492378891,-0.02049938460941818,0.004769811582135112,0.0036142521535737107,7.152579445045292e-05,1.005118640955252e-05,True,False
1.5,0.130294003174112,0.012,0.2,0.2,0.0001,3,1.1019031008952587,-0.020426404230218822,1.10191145799457,-0.0205020594407442,1.101949375685508,-0.020508328622581732,0.004606301753173482,0.003726323299943773,7.05585536166658e-05,7.860111097406998e-06,True,False
1.5,0.130294003174112,0.012,0.2,0.2,0.0001,4,1.1019031008952587,-0.020426404230218822,1.1020102602839639,-0.02055085460107795,1.1020519076941875,-0.02055567285861045,0.009649949953352843,0.008040014629885316,6.955712094754848e-05,1.61224648139339e-05,True,False
1.5,0.130294003174112,0.012,0.2,0.2,0.0001,5,1.1019031008952587,-0.020426404230218822,1.1019105869557586,-0.020432795633821273,1.1019485530573425,-0.020436341803873954,0.002277730634545912,0.0004818924418905157,6.829096231644138e-05,1.0618812776318554e-05,True,False
1.5,0.130294003174112,0.012,0.2,0.2,0.0001,6,1.1019031008952587,-0.020426404230218822,1.101881670884082,-0.020414159811130997,1.1019174743073195,-0.02041540836196477,0.0008859647517925956,0.0012083082795463984,7.068141189506459e-05,1.390658087393394e-05,True,False
1.5,0.130294003174112,0.012,0.2,0.2,0.0001,7,1.1019031008952587,-0.020426404230218822,1.101937646031958,-0.020540644252302436,1.1019772722863728,-0.020547991275784456,0.0069725798327052125,0.0058428714786254825,7.037287677724646e-05,1.293664744979445e-05,True,False
1.5,0.130294003174112,0.012,0.2,0.2,0.0001,8,1.1019031008952587,-0.020426404230218822,1.1019627926537727,-0.02039993665209432,1.1019996718466065,-0.020401587747416718,0.004881358786575187,0.0031966734714664368,6.981812605795302e-05,1.5527825733896978e-05,True,False
1.5,0.130294003174112,0.012,0.2,0.2,0.0001,9,1.1019031008952587,-0.020426404230218822,1.1018534691899495,-0.020386004054039404,1.101888865166542,-0.0203872623565398,0.0020390391079669673,0.003133000788165982,6.938486052542407e-05,1.3303285137290802e-05,True,False
1.5,0.130294003174112,0.012,0.2,0.5,0.0,0,1.1019031008952587,-0.020426404230218822,1.1025402142081133,-0.021100896001600606,1.10258847188043,-0.021104652301773132,0.04720544181922825,0.04542264878704544,0.0002458583609742964,0.0002453311638923154,True,False
1.5,0.130294003174112,0.012,0.2,0.5,0.0001,0,1.1019031008952587,-0.020426404230218822,1.1025388727971062,-0.02110001063269921,1.1025871670504146,-0.02110375683594993,0.04712920256718906,0.04534604826298675,0.00024961798155222247,0.00024292240355640684,True,False
1.5,0.130294003174112,0.012,0.2,0.5,0.0001,1,1.1019031008952587,-0.020426404230218822,1.1025358090389183,-0.02111356682459838,1.10258422211489,-0.02111753965578499,0.04750507263532272,0.04572921947120747,0.00025268701029768347,0.0002434042332248713,True,False
1.5,0.130294003174112,0.012,0.2,0.5,0.0001,2,1.1019031008952587,-0.020426404230218822,1.1025573619888165,-0.021091357794346056,1.1026057352856775,-0.02109491529586716,0.04748003791798761,0.04566913783551024,0.0002458341043507,0.0002406798675440324,True,False
1.5,0.130294003174112,0.012,0.2,0.5,0.0001,3,1.1019031008952587,-0.020426404230218822,1.1025525454325598,-0.021091214783446367,1.1026007448266082,-0.021094698271415198,0.047295986684704576,0.04549906054118202,0.0002567405539585436,0.0002443548999203206,True,False
1.5,0.130294003174112,0.012,0.2,0.5,0.0001,4,1.1019031008952587,-0.020426404230218822,1.1025245742781211,-0.021074603129977953,1.1025724794246112,-0.021078173036067262,0.0457386044168692,0.043962350886235395,0.0002591743415885002,0.0002459098363378994,True,False
1.5,0.130294003174112,0.012,0.2,0.5,0.0001,5,1.1019031008952587,-0.020426404230218822,1.1025756303674439,-0.02111168941866377,1.1026242755866196,-0.021115202120302174,0.04882229786067367,0.04700593942175802,0.0002626095722362095,0.00025223050540970247,True,False
1.5,0.130294003174112,0.012,0.2,0.5,0.0001,6,1.1019031008952587,-0.020426404230218822,1.1025397500544631,-0.021096764463078538,1.1025878281753385,-0.02110061034762887,0.047044002886723425,0.045260171841016245,0.00024870069743220197,0.00024367815263241346,True,False
1.5,0.130294003174112,0.012,0.2,0.5,0.0001,7,1.1019031008952587,-0.020426404230218822,1.1025515103494252,-0.021100915873627016,1.1025998256209804,-0.021104552385737645,0.04759871896321391,0.04580485807124519,0.0002559877527378028,0.0002485394156897688,True,False
1.5,0.130294003174112,0.012,0.2,0.5,0.0001,8,1.1019031008952587,-0.020426404230218822,1.102528592137706,-0.021131207066082184,1.1025768883618579,-0.021135356071446065,0.04788216510995939,0.04613294910979377,0.0002558625021817194,0.00025097763091691023,True,False
1.5,0.130294003174112,0.012,0.2,0.5,0.0001,9,1.1019031008952587,-0.020426404230218822,1.1025292118101309,-0.021079879781794913,1.1025771283359718,-0.021083614854082056,0.04608753245775149,0.0443059451734431,0.0002486877556791192,0.000243541816436023,True,False
1.5,0.130294003174112,0.012,0.2,1.0,0.0,0,1.1019031008952587,-0.020426404230218822,1.1047074491938782,-0.0367509950388266,1.1049932152124948,-0.03675775250049241,0.8137077483077142,0.8108972193527169,0.00625126869406625,0.006246189365079252,True,False
1.5,0.130294003174112,0.012,0.2,1.0,0.0001,0,1.1019031008952587,-0.020426404230218822,1.1047255329452617,-0.03672988074263053,1.105010918358954,-0.03673622937328623,0.8128342306275258,0.8100290322268867,0.006255803891205802,0.006246387271310053,True,False
1.5,0.130294003174112,0.012,0.2,1.0,0.0001,1,1.1019031008952587,-0.020426404230218822,1.1047204100727204,-0.036753703879822984,1.105006014914681,-0.03676033680783661,0.8139487749463076,0.8111355714055398,0.0062435594820543045,0.00623986590257307,True,False
1.5,0.130294003174112,0.012,0.2,1.0,0.0001,2,1.1019031008952587,-0.020426404230218822,1.104727083536844,-0.03677858104806042,1.105013594557217,-0.03678496345229063,0.8152024852191975,0.812391289525526,0.006250670929193931,0.0062471351285994115,True,False
1.5,0.130294003174112,0.012,0.2,1.0,0.0001,3,1.1019031008952587,-0.020426404230218822,1.1046775903888595,-0.036751256502913734,1.1049633070004656,-0.03675866346231731,0.8134806395247753,0.8106636305339217,0.006257663963496638,0.006251494758346336,True,False
1.5,0.130294003174112,0.012,0.2,1.0,0.0001,4,1.1019031008952587,-0.020426404230218822,1.1047091255067267,-0.03677255381138314,1.1049954051123871,-0.03677928311734863,0.814763366643801,0.811951319159014,0.006251292453100788,0.006248783458153966,True,False
1.5,0.130294003174112,0.012,0.2,1.0,0.0001,5,1.1019031008952587,-0.020426404230218822,1.1047029813765121,-0.036773125883774516,1.1049894195142314,-0.03677997877849712,0.8147424366281008,0.811928087136192,0.0062504471976082485,0.006244586058645828,True,False
1.5,0.130294003174112,0.012,0.2,1.0,0.0001,6,1.1019031008952587,-0.020426404230218822,1.1047141459266343,-0.03674064037270169,1.104999839005757,-0.03674706853557275,0.8132542144747434,0.8104532219368709,0.0062537734035440305,0.00624682422292248,True,False
1.5,0.130294003174112,0.012,0.2,1.0,0.0001,7,1.1019031008952587,-0.020426404230218822,1.1047008146995199,-0.036698477241778396,1.1049854661013128,-0.036705157990201506,0.8111072855420148,0.808308280284472,0.006242846560769463,0.006237784243489884,True,False
1.5,0.130294003174112,0.012,0.2,1.0,0.0001,8,1.1019031008952587,-0.020426404230218822,1.1046775204446229,-0.036719864569424845,1.1049624599118686,-0.03672693332436998,0.811946221528899,0.8091479914948897,0.006249583559522049,0.006250910526134758,True,False
1.5,0.130294003174112,0.012,0.2,1.0,0.0001,9,1.1019031008952587,-0.020426404230218822,1.1047204995114317,-0.03674271733477608,1.1050063375584718,-0.03674905324210727,0.8134090360114167,0.8106062943269753,0.006252239345397609,0.006247046741061179,True,False
