file,row,field,actual,reference,pass,absolute_error,relative_error,allowed_error,criterion,required_for_scientific_match
exact_landau_projection_summary.json,0,patches,48.0,48.0,True,0.0,0.0,0.0,exact_discrete_parameter,
exact_landau_projection_summary.json,0,U1_projection_residual,1.1368683772161603e-13,1.1368683772161603e-13,True,0.0,0.0,1e-10,gauge_covariance_absolute,
exact_landau_projection_summary.json,0,U1_eigenvalue_residual,8.881784197001252e-16,8.881784197001252e-16,True,0.0,0.0,1e-10,gauge_covariance_absolute,
exact_landau_projection_summary.json,0,relative_two_mode_leakage,0.05557401532732848,0.05557401532732848,True,0.0,0.0,5.567401532732848e-10,direct_spectrum_or_response,
exact_landau_projection_summary.json,0,two_mode_matrix_re[0][0],0.7851201819505977,0.7851201819505977,True,0.0,0.0,7.852201819505977e-09,direct_spectrum_or_response,
exact_landau_projection_summary.json,0,two_mode_matrix_re[0][1],2.46838094318196e-05,2.46838094318196e-05,True,0.0,0.0,1.246838094318196e-12,direct_spectrum_or_response,
exact_landau_projection_summary.json,0,two_mode_matrix_re[1][0],2.46838094318472e-05,2.46838094318472e-05,True,0.0,0.0,1.246838094318472e-12,direct_spectrum_or_response,
exact_landau_projection_summary.json,0,two_mode_matrix_re[1][1],0.4306021529288811,0.4306021529288811,True,0.0,0.0,4.3070215292888115e-09,direct_spectrum_or_response,
exact_landau_projection_summary.json,0,leading_eigenvalues[0],0.787984949521058,0.787984949521058,True,0.0,0.0,7.880849495210579e-09,direct_spectrum_or_response,
exact_landau_projection_summary.json,0,leading_eigenvalues[1],0.43173923896355826,0.43173923896355826,True,0.0,0.0,4.318392389635583e-09,direct_spectrum_or_response,
exact_landau_projection_summary.json,0,leading_eigenvalues[2],0.12546135968415628,0.12546135968415628,True,0.0,0.0,1.255613596841563e-09,direct_spectrum_or_response,
exact_landau_projection_summary.json,0,leading_eigenvalues[3],0.12389358124895446,0.12389358124895446,True,0.0,0.0,1.2399358124895447e-09,direct_spectrum_or_response,
exact_landau_projection_summary.json,0,leading_eigenvalues[4],0.08482075080095573,0.08482075080095573,True,0.0,0.0,8.492075080095573e-10,direct_spectrum_or_response,
exact_landau_projection_summary.json,0,leading_eigenvalues[5],0.04059953327368005,0.04059953327368005,True,0.0,0.0,4.069953327368005e-10,direct_spectrum_or_response,
exact_landau_projection_summary.json,0,leading_eigenvalues[6],0.00020189423608106267,0.00020189423608106267,True,0.0,0.0,3.0189423608106268e-12,direct_spectrum_or_response,
exact_landau_projection_summary.json,0,leading_eigenvalues[7],0.0001460601372386713,0.0001460601372386713,True,0.0,0.0,2.460601372386713e-12,direct_spectrum_or_response,
exact_landau_projection_summary.json,0,leading_charge_overlap[0],0.9960385805135012,0.9960385805135012,True,0.0,0.0,9.961385805135013e-09,direct_spectrum_or_response,
exact_landau_projection_summary.json,0,leading_charge_overlap[1],7.179418942908136e-08,7.179418942908136e-08,True,0.0,0.0,1.0007179418942908e-12,direct_spectrum_or_response,
exact_landau_projection_summary.json,0,leading_charge_overlap[2],0.0006130016709405707,0.0006130016709405707,True,0.0,0.0,7.130016709405707e-12,direct_spectrum_or_response,
exact_landau_projection_summary.json,0,leading_charge_overlap[3],0.0005341686065090611,0.0005341686065090611,True,0.0,0.0,6.3416860650906105e-12,direct_spectrum_or_response,
exact_landau_projection_summary.json,0,leading_charge_overlap[4],1.522819659707337e-06,1.522819659707337e-06,True,0.0,0.0,1.0152281965970733e-12,direct_spectrum_or_response,
exact_landau_projection_summary.json,0,leading_charge_overlap[5],0.0027961463136304612,0.0027961463136304612,True,0.0,0.0,2.8961463136304612e-11,direct_spectrum_or_response,
exact_landau_projection_summary.json,0,leading_charge_overlap[6],3.2094758130828057e-06,3.2094758130828057e-06,True,0.0,0.0,1.032094758130828e-12,direct_spectrum_or_response,
exact_landau_projection_summary.json,0,leading_charge_overlap[7],1.5919186946649444e-06,1.5919186946649444e-06,True,0.0,0.0,1.0159191869466494e-12,direct_spectrum_or_response,
exact_landau_projection_summary.json,0,leading_axial_overlap[0],2.5949437543614767e-08,2.5949437543614767e-08,True,0.0,0.0,1.0002594943754361e-12,direct_spectrum_or_response,
exact_landau_projection_summary.json,0,leading_axial_overlap[1],0.9968649326187506,0.9968649326187506,True,0.0,0.0,9.969649326187506e-09,direct_spectrum_or_response,
exact_landau_projection_summary.json,0,leading_axial_overlap[2],1.6761998383630237e-07,1.6761998383630237e-07,True,0.0,0.0,1.001676199838363e-12,direct_spectrum_or_response,
exact_landau_projection_summary.json,0,leading_axial_overlap[3],4.4216898270767425e-05,4.4216898270767425e-05,True,0.0,0.0,1.4421689827076743e-12,direct_spectrum_or_response,
exact_landau_projection_summary.json,0,leading_axial_overlap[4],0.0024866305848676804,0.0024866305848676804,True,0.0,0.0,2.5866305848676804e-11,direct_spectrum_or_response,
exact_landau_projection_summary.json,0,leading_axial_overlap[5],1.963770389046255e-07,1.963770389046255e-07,True,0.0,0.0,1.0019637703890463e-12,direct_spectrum_or_response,
exact_landau_projection_summary.json,0,leading_axial_overlap[6],1.520130260232871e-07,1.520130260232871e-07,True,0.0,0.0,1.0015201302602328e-12,direct_spectrum_or_response,
exact_landau_projection_summary.json,0,leading_axial_overlap[7],1.8106689936496066e-07,1.8106689936496066e-07,True,0.0,0.0,1.0018106689936497e-12,direct_spectrum_or_response,
exact_landau_projection_summary.json,0,nonabelian_covariance_residual,1.790180836524724e-15,1.790180836524724e-15,True,0.0,0.0,1e-10,gauge_covariance_absolute,
exact_landau_projection_summary.json,0,nonabelian_energy_residual,6.556898606395034e-15,6.556898606395034e-15,True,0.0,0.0,1e-10,gauge_covariance_absolute,
exact_landau_spectrum.csv,subspace:8:48,charge_overlap,1.170688706160302e-05,1.170688706160302e-05,True,0.0,0.0,1.1170688706160302e-12,degenerate_subspace_projector_weight,True
exact_landau_spectrum.csv,subspace:8:48,axial_overlap,0.0006034968717235793,0.0006034968717235793,True,0.0,0.0,7.034968717235793e-12,degenerate_subspace_projector_weight,True
exact_landau_spectrum.csv,0,mode,0.0,0.0,True,0.0,0.0,0.0,exact_discrete_parameter,True
exact_landau_spectrum.csv,0,eigenvalue,0.787984949521058,0.787984949521058,True,0.0,0.0,7.880849495210579e-09,direct_spectrum_or_response,True
exact_landau_spectrum.csv,0,charge_overlap,0.9960385805135012,0.9960385805135012,True,0.0,0.0,9.961385805135013e-09,direct_spectrum_or_response,True
exact_landau_spectrum.csv,0,axial_overlap,2.5949437543614767e-08,2.5949437543614767e-08,True,0.0,0.0,1.0002594943754361e-12,direct_spectrum_or_response,True
exact_landau_spectrum.csv,1,mode,1.0,1.0,True,0.0,0.0,0.0,exact_discrete_parameter,True
exact_landau_spectrum.csv,1,eigenvalue,0.4317392389635582,0.4317392389635582,True,0.0,0.0,4.318392389635583e-09,direct_spectrum_or_response,True
exact_landau_spectrum.csv,1,charge_overlap,7.179418942908137e-08,7.179418942908137e-08,True,0.0,0.0,1.0007179418942908e-12,direct_spectrum_or_response,True
exact_landau_spectrum.csv,1,axial_overlap,0.9968649326187506,0.9968649326187506,True,0.0,0.0,9.969649326187506e-09,direct_spectrum_or_response,True
exact_landau_spectrum.csv,2,mode,2.0,2.0,True,0.0,0.0,0.0,exact_discrete_parameter,True
exact_landau_spectrum.csv,2,eigenvalue,0.1254613596841562,0.1254613596841562,True,0.0,0.0,1.255613596841562e-09,direct_spectrum_or_response,True
exact_landau_spectrum.csv,2,charge_overlap,0.0006130016709405,0.0006130016709405,True,0.0,0.0,7.1300167094050004e-12,direct_spectrum_or_response,True
exact_landau_spectrum.csv,2,axial_overlap,1.6761998383630237e-07,1.6761998383630237e-07,True,0.0,0.0,1.001676199838363e-12,direct_spectrum_or_response,True
exact_landau_spectrum.csv,3,mode,3.0,3.0,True,0.0,0.0,0.0,exact_discrete_parameter,True
exact_landau_spectrum.csv,3,eigenvalue,0.1238935812489544,0.1238935812489544,True,0.0,0.0,1.239935812489544e-09,direct_spectrum_or_response,True
exact_landau_spectrum.csv,3,charge_overlap,0.000534168606509,0.000534168606509,True,0.0,0.0,6.341686065090001e-12,direct_spectrum_or_response,True
exact_landau_spectrum.csv,3,axial_overlap,4.421689827076743e-05,4.421689827076743e-05,True,0.0,0.0,1.4421689827076743e-12,direct_spectrum_or_response,True
exact_landau_spectrum.csv,4,mode,4.0,4.0,True,0.0,0.0,0.0,exact_discrete_parameter,True
exact_landau_spectrum.csv,4,eigenvalue,0.0848207508009557,0.0848207508009557,True,0.0,0.0,8.49207508009557e-10,direct_spectrum_or_response,True
exact_landau_spectrum.csv,4,charge_overlap,1.522819659707337e-06,1.522819659707337e-06,True,0.0,0.0,1.0152281965970733e-12,direct_spectrum_or_response,True
exact_landau_spectrum.csv,4,axial_overlap,0.0024866305848676,0.0024866305848676,True,0.0,0.0,2.5866305848676002e-11,direct_spectrum_or_response,True
exact_landau_spectrum.csv,5,mode,5.0,5.0,True,0.0,0.0,0.0,exact_discrete_parameter,True
exact_landau_spectrum.csv,5,eigenvalue,0.04059953327368,0.04059953327368,True,0.0,0.0,4.069953327368e-10,direct_spectrum_or_response,True
exact_landau_spectrum.csv,5,charge_overlap,0.0027961463136304,0.0027961463136304,True,0.0,0.0,2.8961463136304e-11,direct_spectrum_or_response,True
exact_landau_spectrum.csv,5,axial_overlap,1.963770389046255e-07,1.963770389046255e-07,True,0.0,0.0,1.0019637703890463e-12,direct_spectrum_or_response,True
exact_landau_spectrum.csv,6,mode,6.0,6.0,True,0.0,0.0,0.0,exact_discrete_parameter,True
exact_landau_spectrum.csv,6,eigenvalue,0.000201894236081,0.000201894236081,True,0.0,0.0,3.01894236081e-12,direct_spectrum_or_response,True
exact_landau_spectrum.csv,6,charge_overlap,3.2094758130828057e-06,3.2094758130828057e-06,True,0.0,0.0,1.032094758130828e-12,direct_spectrum_or_response,True
exact_landau_spectrum.csv,6,axial_overlap,1.520130260232871e-07,1.520130260232871e-07,True,0.0,0.0,1.0015201302602328e-12,direct_spectrum_or_response,True
exact_landau_spectrum.csv,7,mode,7.0,7.0,True,0.0,0.0,0.0,exact_discrete_parameter,True
exact_landau_spectrum.csv,7,eigenvalue,0.0001460601372386,0.0001460601372386,True,0.0,0.0,2.460601372386e-12,direct_spectrum_or_response,True
exact_landau_spectrum.csv,7,charge_overlap,1.5919186946649444e-06,1.5919186946649444e-06,True,0.0,0.0,1.0159191869466494e-12,direct_spectrum_or_response,True
exact_landau_spectrum.csv,7,axial_overlap,1.8106689936496066e-07,1.8106689936496066e-07,True,0.0,0.0,1.0018106689936497e-12,direct_spectrum_or_response,True
exact_landau_spectrum.csv,8,mode,8.0,8.0,True,0.0,0.0,0.0,exact_discrete_parameter,True
exact_landau_spectrum.csv,8,eigenvalue,2.232568817436929e-16,2.232568817436929e-16,True,0.0,0.0,1.0000000000022325e-12,direct_spectrum_or_response,True
exact_landau_spectrum.csv,8,charge_overlap,2.111232909091874e-07,2.111232909091874e-07,True,0.0,0.0,1.0021112329090918e-12,direct_spectrum_or_response,False
exact_landau_spectrum.csv,8,axial_overlap,6.936786283990993e-06,6.936786283990993e-06,True,0.0,0.0,1.06936786283991e-12,direct_spectrum_or_response,False
exact_landau_spectrum.csv,9,mode,9.0,9.0,True,0.0,0.0,0.0,exact_discrete_parameter,True
exact_landau_spectrum.csv,9,eigenvalue,2.0344918714904678e-16,2.0344918714904678e-16,True,0.0,0.0,1.0000000000020344e-12,direct_spectrum_or_response,True
exact_landau_spectrum.csv,9,charge_overlap,2.2802148706768833e-08,2.2802148706768833e-08,True,0.0,0.0,1.0002280214870677e-12,direct_spectrum_or_response,False
exact_landau_spectrum.csv,9,axial_overlap,4.834020317036644e-06,4.834020317036644e-06,True,0.0,0.0,1.0483402031703665e-12,direct_spectrum_or_response,False
exact_landau_spectrum.csv,10,mode,10.0,10.0,True,0.0,0.0,0.0,exact_discrete_parameter,True
exact_landau_spectrum.csv,10,eigenvalue,1.7647910733600326e-16,1.7647910733600326e-16,True,0.0,0.0,1.0000000000017648e-12,direct_spectrum_or_response,True
exact_landau_spectrum.csv,10,charge_overlap,6.643572087687699e-07,6.643572087687699e-07,True,0.0,0.0,1.0066435720876876e-12,direct_spectrum_or_response,False
exact_landau_spectrum.csv,10,axial_overlap,3.93397056501375e-06,3.93397056501375e-06,True,0.0,0.0,1.0393397056501375e-12,direct_spectrum_or_response,False
exact_landau_spectrum.csv,11,mode,11.0,11.0,True,0.0,0.0,0.0,exact_discrete_parameter,True
exact_landau_spectrum.csv,11,eigenvalue,1.2971064398466622e-16,1.2971064398466622e-16,True,0.0,0.0,1.000000000001297e-12,direct_spectrum_or_response,True
exact_landau_spectrum.csv,11,charge_overlap,1.9340155499908658e-07,1.9340155499908658e-07,True,0.0,0.0,1.0019340155499909e-12,direct_spectrum_or_response,False
exact_landau_spectrum.csv,11,axial_overlap,1.2551117096127744e-05,1.2551117096127744e-05,True,0.0,0.0,1.1255111709612773e-12,direct_spectrum_or_response,False
exact_landau_spectrum.csv,12,mode,12.0,12.0,True,0.0,0.0,0.0,exact_discrete_parameter,True
exact_landau_spectrum.csv,12,eigenvalue,1.0832849950582663e-16,1.0832849950582663e-16,True,0.0,0.0,1.0000000000010832e-12,direct_spectrum_or_response,True
exact_landau_spectrum.csv,12,charge_overlap,6.95138505702528e-08,6.95138505702528e-08,True,0.0,0.0,1.0006951385057026e-12,direct_spectrum_or_response,False
exact_landau_spectrum.csv,12,axial_overlap,5.828554853205598e-06,5.828554853205598e-06,True,0.0,0.0,1.058285548532056e-12,direct_spectrum_or_response,False
exact_landau_spectrum.csv,13,mode,13.0,13.0,True,0.0,0.0,0.0,exact_discrete_parameter,True
exact_landau_spectrum.csv,13,eigenvalue,1.0504490188976868e-16,1.0504490188976868e-16,True,0.0,0.0,1.0000000000010505e-12,direct_spectrum_or_response,True
exact_landau_spectrum.csv,13,charge_overlap,1.5202585464400988e-07,1.5202585464400988e-07,True,0.0,0.0,1.00152025854644e-12,direct_spectrum_or_response,False
exact_landau_spectrum.csv,13,axial_overlap,8.981002565377985e-06,8.981002565377985e-06,True,0.0,0.0,1.0898100256537798e-12,direct_spectrum_or_response,False
exact_landau_spectrum.csv,14,mode,14.0,14.0,True,0.0,0.0,0.0,exact_discrete_parameter,True
exact_landau_spectrum.csv,14,eigenvalue,9.323982675710144e-17,9.323982675710144e-17,True,0.0,0.0,1.0000000000009324e-12,direct_spectrum_or_response,True
exact_landau_spectrum.csv,14,charge_overlap,3.90843749383367e-07,3.90843749383367e-07,True,0.0,0.0,1.0039084374938337e-12,direct_spectrum_or_response,False
exact_landau_spectrum.csv,14,axial_overlap,1.2236500580745782e-06,1.2236500580745782e-06,True,0.0,0.0,1.0122365005807458e-12,direct_spectrum_or_response,False
exact_landau_spectrum.csv,15,mode,15.0,15.0,True,0.0,0.0,0.0,exact_discrete_parameter,True
exact_landau_spectrum.csv,15,eigenvalue,8.087787420015653e-17,8.087787420015653e-17,True,0.0,0.0,1.0000000000008088e-12,direct_spectrum_or_response,True
exact_landau_spectrum.csv,15,charge_overlap,1.0519567591862386e-06,1.0519567591862386e-06,True,0.0,0.0,1.0105195675918623e-12,direct_spectrum_or_response,False
exact_landau_spectrum.csv,15,axial_overlap,2.109450282448668e-05,2.109450282448668e-05,True,0.0,0.0,1.2109450282448667e-12,direct_spectrum_or_response,False
exact_landau_spectrum.csv,16,mode,16.0,16.0,True,0.0,0.0,0.0,exact_discrete_parameter,True
exact_landau_spectrum.csv,16,eigenvalue,6.699033334863601e-17,6.699033334863601e-17,True,0.0,0.0,1.0000000000006698e-12,direct_spectrum_or_response,True
exact_landau_spectrum.csv,16,charge_overlap,9.720329876592338e-07,9.720329876592338e-07,True,0.0,0.0,1.0097203298765923e-12,direct_spectrum_or_response,False
exact_landau_spectrum.csv,16,axial_overlap,1.8432755655945606e-07,1.8432755655945606e-07,True,0.0,0.0,1.0018432755655946e-12,direct_spectrum_or_response,False
exact_landau_spectrum.csv,17,mode,17.0,17.0,True,0.0,0.0,0.0,exact_discrete_parameter,True
exact_landau_spectrum.csv,17,eigenvalue,4.879199774766886e-17,4.879199774766886e-17,True,0.0,0.0,1.0000000000004879e-12,direct_spectrum_or_response,True
exact_landau_spectrum.csv,17,charge_overlap,1.1914239293517677e-08,1.1914239293517677e-08,True,0.0,0.0,1.0001191423929352e-12,direct_spectrum_or_response,False
exact_landau_spectrum.csv,17,axial_overlap,1.3962308765234524e-05,1.3962308765234524e-05,True,0.0,0.0,1.1396230876523451e-12,direct_spectrum_or_response,False
exact_landau_spectrum.csv,18,mode,18.0,18.0,True,0.0,0.0,0.0,exact_discrete_parameter,True
exact_landau_spectrum.csv,18,eigenvalue,4.0189609578161816e-17,4.0189609578161816e-17,True,0.0,0.0,1.0000000000004019e-12,direct_spectrum_or_response,True
exact_landau_spectrum.csv,18,charge_overlap,4.7158659729246586e-07,4.7158659729246586e-07,True,0.0,0.0,1.0047158659729247e-12,direct_spectrum_or_response,False
exact_landau_spectrum.csv,18,axial_overlap,3.5346633556690634e-05,3.5346633556690634e-05,True,0.0,0.0,1.3534663355669064e-12,direct_spectrum_or_response,False
exact_landau_spectrum.csv,19,mode,19.0,19.0,True,0.0,0.0,0.0,exact_discrete_parameter,True
exact_landau_spectrum.csv,19,eigenvalue,3.904513239276707e-17,3.904513239276707e-17,True,0.0,0.0,1.0000000000003903e-12,direct_spectrum_or_response,True
exact_landau_spectrum.csv,19,charge_overlap,1.673287012364106e-07,1.673287012364106e-07,True,0.0,0.0,1.001673287012364e-12,direct_spectrum_or_response,False
exact_landau_spectrum.csv,19,axial_overlap,3.021695986812516e-06,3.021695986812516e-06,True,0.0,0.0,1.0302169598681252e-12,direct_spectrum_or_response,False
exact_landau_spectrum.csv,20,mode,20.0,20.0,True,0.0,0.0,0.0,exact_discrete_parameter,True
exact_landau_spectrum.csv,20,eigenvalue,3.831971428163267e-17,3.831971428163267e-17,True,0.0,0.0,1.0000000000003833e-12,direct_spectrum_or_response,True
exact_landau_spectrum.csv,20,charge_overlap,3.261988657247558e-07,3.261988657247558e-07,True,0.0,0.0,1.0032619886572475e-12,direct_spectrum_or_response,False
exact_landau_spectrum.csv,20,axial_overlap,6.068646674337739e-05,6.068646674337739e-05,True,0.0,0.0,1.6068646674337738e-12,direct_spectrum_or_response,False
exact_landau_spectrum.csv,21,mode,21.0,21.0,True,0.0,0.0,0.0,exact_discrete_parameter,True
exact_landau_spectrum.csv,21,eigenvalue,3.176580924214428e-17,3.176580924214428e-17,True,0.0,0.0,1.0000000000003176e-12,direct_spectrum_or_response,True
exact_landau_spectrum.csv,21,charge_overlap,2.659125262881426e-07,2.659125262881426e-07,True,0.0,0.0,1.0026591252628815e-12,direct_spectrum_or_response,False
exact_landau_spectrum.csv,21,axial_overlap,9.8901978519576e-06,9.8901978519576e-06,True,0.0,0.0,1.098901978519576e-12,direct_spectrum_or_response,False
exact_landau_spectrum.csv,22,mode,22.0,22.0,True,0.0,0.0,0.0,exact_discrete_parameter,True
exact_landau_spectrum.csv,22,eigenvalue,2.5464642431747922e-17,2.5464642431747922e-17,True,0.0,0.0,1.0000000000002546e-12,direct_spectrum_or_response,True
exact_landau_spectrum.csv,22,charge_overlap,1.6006658809878812e-08,1.6006658809878812e-08,True,0.0,0.0,1.0001600665880987e-12,direct_spectrum_or_response,False
exact_landau_spectrum.csv,22,axial_overlap,3.199663043553559e-06,3.199663043553559e-06,True,0.0,0.0,1.0319966304355356e-12,direct_spectrum_or_response,False
exact_landau_spectrum.csv,23,mode,23.0,23.0,True,0.0,0.0,0.0,exact_discrete_parameter,True
exact_landau_spectrum.csv,23,eigenvalue,1.912661717549669e-17,1.912661717549669e-17,True,0.0,0.0,1.0000000000001912e-12,direct_spectrum_or_response,True
exact_landau_spectrum.csv,23,charge_overlap,2.3658683495623638e-07,2.3658683495623638e-07,True,0.0,0.0,1.0023658683495623e-12,direct_spectrum_or_response,False
exact_landau_spectrum.csv,23,axial_overlap,7.098158105782752e-06,7.098158105782752e-06,True,0.0,0.0,1.0709815810578276e-12,direct_spectrum_or_response,False
exact_landau_spectrum.csv,24,mode,24.0,24.0,True,0.0,0.0,0.0,exact_discrete_parameter,True
exact_landau_spectrum.csv,24,eigenvalue,1.7000845565766466e-17,1.7000845565766466e-17,True,0.0,0.0,1.00000000000017e-12,direct_spectrum_or_response,True
exact_landau_spectrum.csv,24,charge_overlap,3.71017600551671e-07,3.71017600551671e-07,True,0.0,0.0,1.0037101760055167e-12,direct_spectrum_or_response,False
exact_landau_spectrum.csv,24,axial_overlap,1.216752014056183e-05,1.216752014056183e-05,True,0.0,0.0,1.1216752014056183e-12,direct_spectrum_or_response,False
exact_landau_spectrum.csv,25,mode,25.0,25.0,True,0.0,0.0,0.0,exact_discrete_parameter,True
exact_landau_spectrum.csv,25,eigenvalue,1.1806675735584249e-17,1.1806675735584249e-17,True,0.0,0.0,1.0000000000001181e-12,direct_spectrum_or_response,True
exact_landau_spectrum.csv,25,charge_overlap,6.309714403269751e-07,6.309714403269751e-07,True,0.0,0.0,1.0063097144032697e-12,direct_spectrum_or_response,False
exact_landau_spectrum.csv,25,axial_overlap,4.026608852604662e-05,4.026608852604662e-05,True,0.0,0.0,1.4026608852604662e-12,direct_spectrum_or_response,False
exact_landau_spectrum.csv,26,mode,26.0,26.0,True,0.0,0.0,0.0,exact_discrete_parameter,True
exact_landau_spectrum.csv,26,eigenvalue,7.531592916180663e-18,7.531592916180663e-18,True,0.0,0.0,1.0000000000000753e-12,direct_spectrum_or_response,True
exact_landau_spectrum.csv,26,charge_overlap,6.441528828322157e-07,6.441528828322157e-07,True,0.0,0.0,1.0064415288283221e-12,direct_spectrum_or_response,False
exact_landau_spectrum.csv,26,axial_overlap,1.4039697396884285e-05,1.4039697396884285e-05,True,0.0,0.0,1.1403969739688428e-12,direct_spectrum_or_response,False
exact_landau_spectrum.csv,27,mode,27.0,27.0,True,0.0,0.0,0.0,exact_discrete_parameter,True
exact_landau_spectrum.csv,27,eigenvalue,6.3424875342593415e-18,6.3424875342593415e-18,True,0.0,0.0,1.0000000000000634e-12,direct_spectrum_or_response,True
exact_landau_spectrum.csv,27,charge_overlap,2.253025630666144e-08,2.253025630666144e-08,True,0.0,0.0,1.0002253025630666e-12,direct_spectrum_or_response,False
exact_landau_spectrum.csv,27,axial_overlap,1.3873854374973244e-06,1.3873854374973244e-06,True,0.0,0.0,1.0138738543749732e-12,direct_spectrum_or_response,False
exact_landau_spectrum.csv,28,mode,28.0,28.0,True,0.0,0.0,0.0,exact_discrete_parameter,True
exact_landau_spectrum.csv,28,eigenvalue,-1.2309564094718362e-18,-1.2309564094718362e-18,True,0.0,0.0,1.0000000000000123e-12,direct_spectrum_or_response,True
exact_landau_spectrum.csv,28,charge_overlap,2.8558660236115893e-07,2.8558660236115893e-07,True,0.0,0.0,1.0028558660236116e-12,direct_spectrum_or_response,False
exact_landau_spectrum.csv,28,axial_overlap,4.8669278116306775e-08,4.8669278116306775e-08,True,0.0,0.0,1.0004866927811631e-12,direct_spectrum_or_response,False
exact_landau_spectrum.csv,29,mode,29.0,29.0,True,0.0,0.0,0.0,exact_discrete_parameter,True
exact_landau_spectrum.csv,29,eigenvalue,-5.66397151341454e-18,-5.66397151341454e-18,True,0.0,0.0,1.0000000000000565e-12,direct_spectrum_or_response,True
exact_landau_spectrum.csv,29,charge_overlap,4.171534143540535e-10,4.171534143540535e-10,True,0.0,0.0,1.0000041715341435e-12,direct_spectrum_or_response,False
exact_landau_spectrum.csv,29,axial_overlap,1.5461907607995612e-05,1.5461907607995612e-05,True,0.0,0.0,1.154619076079956e-12,direct_spectrum_or_response,False
exact_landau_spectrum.csv,30,mode,30.0,30.0,True,0.0,0.0,0.0,exact_discrete_parameter,True
exact_landau_spectrum.csv,30,eigenvalue,-1.1227778248296293e-17,-1.1227778248296293e-17,True,0.0,0.0,1.0000000000001123e-12,direct_spectrum_or_response,True
exact_landau_spectrum.csv,30,charge_overlap,5.376358284767799e-08,5.376358284767799e-08,True,0.0,0.0,1.0005376358284767e-12,direct_spectrum_or_response,False
exact_landau_spectrum.csv,30,axial_overlap,1.474277691622145e-07,1.474277691622145e-07,True,0.0,0.0,1.0014742776916221e-12,direct_spectrum_or_response,False
exact_landau_spectrum.csv,31,mode,31.0,31.0,True,0.0,0.0,0.0,exact_discrete_parameter,True
exact_landau_spectrum.csv,31,eigenvalue,-1.3676517848487013e-17,-1.3676517848487013e-17,True,0.0,0.0,1.0000000000001367e-12,direct_spectrum_or_response,True
exact_landau_spectrum.csv,31,charge_overlap,6.085045779121717e-07,6.085045779121717e-07,True,0.0,0.0,1.0060850457791217e-12,direct_spectrum_or_response,False
exact_landau_spectrum.csv,31,axial_overlap,2.2183794873597e-05,2.2183794873597e-05,True,0.0,0.0,1.22183794873597e-12,direct_spectrum_or_response,False
exact_landau_spectrum.csv,32,mode,32.0,32.0,True,0.0,0.0,0.0,exact_discrete_parameter,True
exact_landau_spectrum.csv,32,eigenvalue,-1.9565115132691718e-17,-1.9565115132691718e-17,True,0.0,0.0,1.0000000000001957e-12,direct_spectrum_or_response,True
exact_landau_spectrum.csv,32,charge_overlap,1.7339377505808756e-07,1.7339377505808756e-07,True,0.0,0.0,1.0017339377505809e-12,direct_spectrum_or_response,False
exact_landau_spectrum.csv,32,axial_overlap,8.48710572199612e-06,8.48710572199612e-06,True,0.0,0.0,1.0848710572199612e-12,direct_spectrum_or_response,False
exact_landau_spectrum.csv,33,mode,33.0,33.0,True,0.0,0.0,0.0,exact_discrete_parameter,True
exact_landau_spectrum.csv,33,eigenvalue,-2.7707773786955568e-17,-2.7707773786955568e-17,True,0.0,0.0,1.000000000000277e-12,direct_spectrum_or_response,True
exact_landau_spectrum.csv,33,charge_overlap,2.647951481588957e-07,2.647951481588957e-07,True,0.0,0.0,1.002647951481589e-12,direct_spectrum_or_response,False
exact_landau_spectrum.csv,33,axial_overlap,1.8615378997762512e-05,1.8615378997762512e-05,True,0.0,0.0,1.1861537899776252e-12,direct_spectrum_or_response,False
exact_landau_spectrum.csv,34,mode,34.0,34.0,True,0.0,0.0,0.0,exact_discrete_parameter,True
exact_landau_spectrum.csv,34,eigenvalue,-2.9978351886416965e-17,-2.9978351886416965e-17,True,0.0,0.0,1.0000000000002997e-12,direct_spectrum_or_response,True
exact_landau_spectrum.csv,34,charge_overlap,6.285576881701686e-08,6.285576881701686e-08,True,0.0,0.0,1.0006285576881701e-12,direct_spectrum_or_response,False
exact_landau_spectrum.csv,34,axial_overlap,3.235516783665102e-06,3.235516783665102e-06,True,0.0,0.0,1.032355167836651e-12,direct_spectrum_or_response,False
exact_landau_spectrum.csv,35,mode,35.0,35.0,True,0.0,0.0,0.0,exact_discrete_parameter,True
exact_landau_spectrum.csv,35,eigenvalue,-3.3536735459547224e-17,-3.3536735459547224e-17,True,0.0,0.0,1.0000000000003354e-12,direct_spectrum_or_response,True
exact_landau_spectrum.csv,35,charge_overlap,6.467034886978323e-07,6.467034886978323e-07,True,0.0,0.0,1.0064670348869782e-12,direct_spectrum_or_response,False
exact_landau_spectrum.csv,35,axial_overlap,4.085870258093643e-05,4.085870258093643e-05,True,0.0,0.0,1.4085870258093644e-12,direct_spectrum_or_response,False
exact_landau_spectrum.csv,36,mode,36.0,36.0,True,0.0,0.0,0.0,exact_discrete_parameter,True
exact_landau_spectrum.csv,36,eigenvalue,-4.2142010273902565e-17,-4.2142010273902565e-17,True,0.0,0.0,1.0000000000004214e-12,direct_spectrum_or_response,True
exact_landau_spectrum.csv,36,charge_overlap,3.155564283264047e-07,3.155564283264047e-07,True,0.0,0.0,1.003155564283264e-12,direct_spectrum_or_response,False
exact_landau_spectrum.csv,36,axial_overlap,2.532653902696782e-06,2.532653902696782e-06,True,0.0,0.0,1.0253265390269678e-12,direct_spectrum_or_response,False
exact_landau_spectrum.csv,37,mode,37.0,37.0,True,0.0,0.0,0.0,exact_discrete_parameter,True
exact_landau_spectrum.csv,37,eigenvalue,-4.29408170781633e-17,-4.29408170781633e-17,True,0.0,0.0,1.0000000000004293e-12,direct_spectrum_or_response,True
exact_landau_spectrum.csv,37,charge_overlap,2.698830866268903e-07,2.698830866268903e-07,True,0.0,0.0,1.0026988308662689e-12,direct_spectrum_or_response,False
exact_landau_spectrum.csv,37,axial_overlap,3.819072569484748e-05,3.819072569484748e-05,True,0.0,0.0,1.3819072569484748e-12,direct_spectrum_or_response,False
exact_landau_spectrum.csv,38,mode,38.0,38.0,True,0.0,0.0,0.0,exact_discrete_parameter,True
exact_landau_spectrum.csv,38,eigenvalue,-6.960502505692574e-17,-6.960502505692574e-17,True,0.0,0.0,1.000000000000696e-12,direct_spectrum_or_response,True
exact_landau_spectrum.csv,38,charge_overlap,2.528926499432259e-07,2.528926499432259e-07,True,0.0,0.0,1.0025289264994322e-12,direct_spectrum_or_response,False
exact_landau_spectrum.csv,38,axial_overlap,7.063781218061816e-05,7.063781218061816e-05,True,0.0,0.0,1.7063781218061817e-12,direct_spectrum_or_response,False
exact_landau_spectrum.csv,39,mode,39.0,39.0,True,0.0,0.0,0.0,exact_discrete_parameter,True
exact_landau_spectrum.csv,39,eigenvalue,-8.028069776964172e-17,-8.028069776964172e-17,True,0.0,0.0,1.0000000000008027e-12,direct_spectrum_or_response,True
exact_landau_spectrum.csv,39,charge_overlap,8.105427584016712e-07,8.105427584016712e-07,True,0.0,0.0,1.0081054275840167e-12,direct_spectrum_or_response,False
exact_landau_spectrum.csv,39,axial_overlap,1.1057856930714237e-05,1.1057856930714237e-05,True,0.0,0.0,1.1105785693071424e-12,direct_spectrum_or_response,False
exact_landau_spectrum.csv,40,mode,40.0,40.0,True,0.0,0.0,0.0,exact_discrete_parameter,True
exact_landau_spectrum.csv,40,eigenvalue,-8.081890017724243e-17,-8.081890017724243e-17,True,0.0,0.0,1.0000000000008082e-12,direct_spectrum_or_response,True
exact_landau_spectrum.csv,40,charge_overlap,1.1723125931821265e-08,1.1723125931821265e-08,True,0.0,0.0,1.0001172312593181e-12,direct_spectrum_or_response,False
exact_landau_spectrum.csv,40,axial_overlap,7.102246854152506e-05,7.102246854152506e-05,True,0.0,0.0,1.7102246854152506e-12,direct_spectrum_or_response,False
exact_landau_spectrum.csv,41,mode,41.0,41.0,True,0.0,0.0,0.0,exact_discrete_parameter,True
exact_landau_spectrum.csv,41,eigenvalue,-9.735792507707276e-17,-9.735792507707276e-17,True,0.0,0.0,1.0000000000009736e-12,direct_spectrum_or_response,True
exact_landau_spectrum.csv,41,charge_overlap,1.2397500051271932e-09,1.2397500051271932e-09,True,0.0,0.0,1.0000123975000512e-12,direct_spectrum_or_response,False
exact_landau_spectrum.csv,41,axial_overlap,2.52067551719606e-06,2.52067551719606e-06,True,0.0,0.0,1.0252067551719605e-12,direct_spectrum_or_response,False
exact_landau_spectrum.csv,42,mode,42.0,42.0,True,0.0,0.0,0.0,exact_discrete_parameter,True
exact_landau_spectrum.csv,42,eigenvalue,-1.0963027919320632e-16,-1.0963027919320632e-16,True,0.0,0.0,1.0000000000010964e-12,direct_spectrum_or_response,True
exact_landau_spectrum.csv,42,charge_overlap,4.622544535909084e-08,4.622544535909084e-08,True,0.0,0.0,1.000462254453591e-12,direct_spectrum_or_response,False
exact_landau_spectrum.csv,42,axial_overlap,1.9926148305390056e-06,1.9926148305390056e-06,True,0.0,0.0,1.0199261483053901e-12,direct_spectrum_or_response,False
exact_landau_spectrum.csv,43,mode,43.0,43.0,True,0.0,0.0,0.0,exact_discrete_parameter,True
exact_landau_spectrum.csv,43,eigenvalue,-1.1293056692515128e-16,-1.1293056692515128e-16,True,0.0,0.0,1.0000000000011293e-12,direct_spectrum_or_response,True
exact_landau_spectrum.csv,43,charge_overlap,1.699878186322283e-07,1.699878186322283e-07,True,0.0,0.0,1.0016998781863223e-12,direct_spectrum_or_response,False
exact_landau_spectrum.csv,43,axial_overlap,2.4703790680551164e-06,2.4703790680551164e-06,True,0.0,0.0,1.024703790680551e-12,direct_spectrum_or_response,False
exact_landau_spectrum.csv,44,mode,44.0,44.0,True,0.0,0.0,0.0,exact_discrete_parameter,True
exact_landau_spectrum.csv,44,eigenvalue,-1.3491192967432936e-16,-1.3491192967432936e-16,True,0.0,0.0,1.0000000000013492e-12,direct_spectrum_or_response,True
exact_landau_spectrum.csv,44,charge_overlap,5.114634395312335e-07,5.114634395312335e-07,True,0.0,0.0,1.0051146343953123e-12,direct_spectrum_or_response,False
exact_landau_spectrum.csv,44,axial_overlap,4.255360768689315e-06,4.255360768689315e-06,True,0.0,0.0,1.0425536076868932e-12,direct_spectrum_or_response,False
exact_landau_spectrum.csv,45,mode,45.0,45.0,True,0.0,0.0,0.0,exact_discrete_parameter,True
exact_landau_spectrum.csv,45,eigenvalue,-1.461453754478603e-16,-1.461453754478603e-16,True,0.0,0.0,1.0000000000014615e-12,direct_spectrum_or_response,True
exact_landau_spectrum.csv,45,charge_overlap,5.1062470877592065e-09,5.1062470877592065e-09,True,0.0,0.0,1.0000510624708776e-12,direct_spectrum_or_response,False
exact_landau_spectrum.csv,45,axial_overlap,7.441705886092192e-06,7.441705886092192e-06,True,0.0,0.0,1.074417058860922e-12,direct_spectrum_or_response,False
exact_landau_spectrum.csv,46,mode,46.0,46.0,True,0.0,0.0,0.0,exact_discrete_parameter,True
exact_landau_spectrum.csv,46,eigenvalue,-1.7468685159945122e-16,-1.7468685159945122e-16,True,0.0,0.0,1.0000000000017468e-12,direct_spectrum_or_response,True
exact_landau_spectrum.csv,46,charge_overlap,1.613252393063968e-07,1.613252393063968e-07,True,0.0,0.0,1.0016132523930639e-12,direct_spectrum_or_response,False
exact_landau_spectrum.csv,46,axial_overlap,1.0421038603718211e-05,1.0421038603718211e-05,True,0.0,0.0,1.104210386037182e-12,direct_spectrum_or_response,False
exact_landau_spectrum.csv,47,mode,47.0,47.0,True,0.0,0.0,0.0,exact_discrete_parameter,True
exact_landau_spectrum.csv,47,eigenvalue,-2.1569875362243164e-16,-2.1569875362243164e-16,True,0.0,0.0,1.000000000002157e-12,direct_spectrum_or_response,True
exact_landau_spectrum.csv,47,charge_overlap,1.6265696673812966e-07,1.6265696673812966e-07,True,0.0,0.0,1.0016265696673813e-12,direct_spectrum_or_response,False
exact_landau_spectrum.csv,47,axial_overlap,5.281328511383939e-06,5.281328511383939e-06,True,0.0,0.0,1.0528132851138393e-12,direct_spectrum_or_response,False
magnetic_torus_even_coefficients.csv,0,L,6.0,6.0,True,0.0,0.0,0.0,exact_discrete_parameter,True
magnetic_torus_even_coefficients.csv,0,B,0.1745329251994329,0.1745329251994329,True,0.0,0.0,1.746329251994329e-09,direct_spectrum_or_response,True
magnetic_torus_even_coefficients.csv,0,c2_re,-0.0154380587349728,-0.0154380587349728,True,0.0,0.0,1.55380587349728e-10,direct_spectrum_or_response,True
magnetic_torus_even_coefficients.csv,0,c2_im,-0.0001843451350405,-0.0001843451350405,True,0.0,0.0,2.8434513504049998e-12,direct_spectrum_or_response,True
magnetic_torus_even_coefficients.csv,1,L,6.0,6.0,True,0.0,0.0,0.0,exact_discrete_parameter,True
magnetic_torus_even_coefficients.csv,1,B,0.1745329251994329,0.1745329251994329,True,0.0,0.0,1.746329251994329e-09,direct_spectrum_or_response,True
magnetic_torus_even_coefficients.csv,1,c2_re,-0.01282856553514,-0.01282856553514,True,0.0,0.0,1.292856553514e-10,direct_spectrum_or_response,True
magnetic_torus_even_coefficients.csv,1,c2_im,-0.0001591121013462,-0.0001591121013462,True,0.0,0.0,2.5911210134620003e-12,direct_spectrum_or_response,True
magnetic_torus_even_coefficients.csv,2,L,6.0,6.0,True,0.0,0.0,0.0,exact_discrete_parameter,True
magnetic_torus_even_coefficients.csv,2,B,0.1745329251994329,0.1745329251994329,True,0.0,0.0,1.746329251994329e-09,direct_spectrum_or_response,True
magnetic_torus_even_coefficients.csv,2,c2_re,-0.0026095606840225,-0.0026095606840225,True,0.0,0.0,2.7095606840225e-11,direct_spectrum_or_response,True
magnetic_torus_even_coefficients.csv,2,c2_im,-2.5180870603945275e-05,-2.5180870603945275e-05,True,0.0,0.0,1.2518087060394528e-12,direct_spectrum_or_response,True
magnetic_torus_even_coefficients.csv,3,L,6.0,6.0,True,0.0,0.0,0.0,exact_discrete_parameter,True
magnetic_torus_even_coefficients.csv,3,B,0.1745329251994329,0.1745329251994329,True,0.0,0.0,1.746329251994329e-09,direct_spectrum_or_response,True
magnetic_torus_even_coefficients.csv,3,c2_re,6.74841897274623e-08,6.74841897274623e-08,True,0.0,0.0,1.0006748418972745e-12,direct_spectrum_or_response,True
magnetic_torus_even_coefficients.csv,3,c2_im,-5.2163090366554465e-08,-5.2163090366554465e-08,True,0.0,0.0,1.0005216309036656e-12,direct_spectrum_or_response,True
magnetic_torus_even_coefficients.csv,4,L,6.0,6.0,True,0.0,0.0,0.0,exact_discrete_parameter,True
magnetic_torus_even_coefficients.csv,4,B,0.1745329251994329,0.1745329251994329,True,0.0,0.0,1.746329251994329e-09,direct_spectrum_or_response,True
magnetic_torus_even_coefficients.csv,4,c2_re,-0.0090080835621689,-0.0090080835621689,True,0.0,0.0,9.1080835621689e-11,direct_spectrum_or_response,True
magnetic_torus_even_coefficients.csv,4,c2_im,-0.0002341365453486,-0.0002341365453486,True,0.0,0.0,3.3413654534859997e-12,direct_spectrum_or_response,True
magnetic_torus_even_coefficients.csv,5,L,6.0,6.0,True,0.0,0.0,0.0,exact_discrete_parameter,True
magnetic_torus_even_coefficients.csv,5,B,0.1745329251994329,0.1745329251994329,True,0.0,0.0,1.746329251994329e-09,direct_spectrum_or_response,True
magnetic_torus_even_coefficients.csv,5,c2_re,-0.0005022123726389,-0.0005022123726389,True,0.0,0.0,6.022123726389e-12,direct_spectrum_or_response,True
magnetic_torus_even_coefficients.csv,5,c2_im,0.0003528816583329,0.0003528816583329,True,0.0,0.0,4.528816583329e-12,direct_spectrum_or_response,True
magnetic_torus_even_coefficients.csv,6,L,6.0,6.0,True,0.0,0.0,0.0,exact_discrete_parameter,True
magnetic_torus_even_coefficients.csv,6,B,0.1745329251994329,0.1745329251994329,True,0.0,0.0,1.746329251994329e-09,direct_spectrum_or_response,True
magnetic_torus_even_coefficients.csv,6,c2_re,-0.0085032212543979,-0.0085032212543979,True,0.0,0.0,8.6032212543979e-11,direct_spectrum_or_response,True
magnetic_torus_even_coefficients.csv,6,c2_im,-0.000585929625421,-0.000585929625421,True,0.0,0.0,6.859296254210001e-12,direct_spectrum_or_response,True
magnetic_torus_even_coefficients.csv,7,L,6.0,6.0,True,0.0,0.0,0.0,exact_discrete_parameter,True
magnetic_torus_even_coefficients.csv,7,B,0.1745329251994329,0.1745329251994329,True,0.0,0.0,1.746329251994329e-09,direct_spectrum_or_response,True
magnetic_torus_even_coefficients.csv,7,c2_re,-2.649935132147812e-06,-2.649935132147812e-06,True,0.0,0.0,1.0264993513214781e-12,direct_spectrum_or_response,True
magnetic_torus_even_coefficients.csv,7,c2_im,-1.0885782605131528e-06,-1.0885782605131528e-06,True,0.0,0.0,1.0108857826051316e-12,direct_spectrum_or_response,True
magnetic_torus_even_coefficients.csv,8,L,8.0,8.0,True,0.0,0.0,0.0,exact_discrete_parameter,True
magnetic_torus_even_coefficients.csv,8,B,0.098174770424681,0.098174770424681,True,0.0,0.0,9.8274770424681e-10,direct_spectrum_or_response,True
magnetic_torus_even_coefficients.csv,8,c2_re,-0.0338275933514174,-0.0338275933514174,True,0.0,0.0,3.39275933514174e-10,direct_spectrum_or_response,True
magnetic_torus_even_coefficients.csv,8,c2_im,-0.0001430089913508,-0.0001430089913508,True,0.0,0.0,2.430089913508e-12,direct_spectrum_or_response,True
magnetic_torus_even_coefficients.csv,9,L,8.0,8.0,True,0.0,0.0,0.0,exact_discrete_parameter,True
magnetic_torus_even_coefficients.csv,9,B,0.098174770424681,0.098174770424681,True,0.0,0.0,9.8274770424681e-10,direct_spectrum_or_response,True
magnetic_torus_even_coefficients.csv,9,c2_re,-0.0414342044603354,-0.0414342044603354,True,0.0,0.0,4.1534204460335397e-10,direct_spectrum_or_response,True
magnetic_torus_even_coefficients.csv,9,c2_im,-7.407145201533462e-05,-7.407145201533462e-05,True,0.0,0.0,1.7407145201533462e-12,direct_spectrum_or_response,True
magnetic_torus_even_coefficients.csv,10,L,8.0,8.0,True,0.0,0.0,0.0,exact_discrete_parameter,True
magnetic_torus_even_coefficients.csv,10,B,0.098174770424681,0.098174770424681,True,0.0,0.0,9.8274770424681e-10,direct_spectrum_or_response,True
magnetic_torus_even_coefficients.csv,10,c2_re,0.0076064905000719,0.0076064905000719,True,0.0,0.0,7.7064905000719e-11,direct_spectrum_or_response,True
magnetic_torus_even_coefficients.csv,10,c2_im,-6.876250620667089e-05,-6.876250620667089e-05,True,0.0,0.0,1.687625062066709e-12,direct_spectrum_or_response,True
magnetic_torus_even_coefficients.csv,11,L,8.0,8.0,True,0.0,0.0,0.0,exact_discrete_parameter,True
magnetic_torus_even_coefficients.csv,11,B,0.098174770424681,0.098174770424681,True,0.0,0.0,9.8274770424681e-10,direct_spectrum_or_response,True
magnetic_torus_even_coefficients.csv,11,c2_re,1.206088460868507e-07,1.206088460868507e-07,True,0.0,0.0,1.0012060884608685e-12,direct_spectrum_or_response,True
magnetic_torus_even_coefficients.csv,11,c2_im,-1.7503312885053388e-07,-1.7503312885053388e-07,True,0.0,0.0,1.0017503312885053e-12,direct_spectrum_or_response,True
magnetic_torus_even_coefficients.csv,12,L,8.0,8.0,True,0.0,0.0,0.0,exact_discrete_parameter,True
magnetic_torus_even_coefficients.csv,12,B,0.098174770424681,0.098174770424681,True,0.0,0.0,9.8274770424681e-10,direct_spectrum_or_response,True
magnetic_torus_even_coefficients.csv,12,c2_re,-0.011222856357243,-0.011222856357243,True,0.0,0.0,1.1322856357243001e-10,direct_spectrum_or_response,True
magnetic_torus_even_coefficients.csv,12,c2_im,-0.0002938036009598,-0.0002938036009598,True,0.0,0.0,3.9380360095980006e-12,direct_spectrum_or_response,True
magnetic_torus_even_coefficients.csv,13,L,8.0,8.0,True,0.0,0.0,0.0,exact_discrete_parameter,True
magnetic_torus_even_coefficients.csv,13,B,0.098174770424681,0.098174770424681,True,0.0,0.0,9.8274770424681e-10,direct_spectrum_or_response,True
magnetic_torus_even_coefficients.csv,13,c2_re,-0.0042664282329855,-0.0042664282329855,True,0.0,0.0,4.3664282329855004e-11,direct_spectrum_or_response,True
magnetic_torus_even_coefficients.csv,13,c2_im,-0.0002383679110886,-0.0002383679110886,True,0.0,0.0,3.3836791108860005e-12,direct_spectrum_or_response,True
magnetic_torus_even_coefficients.csv,14,L,8.0,8.0,True,0.0,0.0,0.0,exact_discrete_parameter,True
magnetic_torus_even_coefficients.csv,14,B,0.098174770424681,0.098174770424681,True,0.0,0.0,9.8274770424681e-10,direct_spectrum_or_response,True
magnetic_torus_even_coefficients.csv,14,c2_re,-0.0069565996464351,-0.0069565996464351,True,0.0,0.0,7.056599646435099e-11,direct_spectrum_or_response,True
magnetic_torus_even_coefficients.csv,14,c2_im,-5.528015829759783e-05,-5.528015829759783e-05,True,0.0,0.0,1.5528015829759783e-12,direct_spectrum_or_response,True
magnetic_torus_even_coefficients.csv,15,L,8.0,8.0,True,0.0,0.0,0.0,exact_discrete_parameter,True
magnetic_torus_even_coefficients.csv,15,B,0.098174770424681,0.098174770424681,True,0.0,0.0,9.8274770424681e-10,direct_spectrum_or_response,True
magnetic_torus_even_coefficients.csv,15,c2_re,1.715221776823861e-07,1.715221776823861e-07,True,0.0,0.0,1.0017152217768239e-12,direct_spectrum_or_response,True
magnetic_torus_even_coefficients.csv,15,c2_im,-1.555315736117726e-07,-1.555315736117726e-07,True,0.0,0.0,1.0015553157361177e-12,direct_spectrum_or_response,True
magnetic_torus_full_band.csv,0,L,6.0,6.0,True,0.0,0.0,0.0,exact_discrete_parameter,True
magnetic_torus_full_band.csv,0,nphi,-1.0,-1.0,True,0.0,0.0,0.0,exact_discrete_parameter,True
magnetic_torus_full_band.csv,0,B,-0.1745329251994329,-0.1745329251994329,True,0.0,0.0,1.746329251994329e-09,direct_spectrum_or_response,True
magnetic_torus_full_band.csv,0,mu,0.7,0.7,True,0.0,0.0,7.001e-09,direct_spectrum_or_response,True
magnetic_torus_full_band.csv,0,density,1.0105679320831529,1.0105679320831529,True,0.0,0.0,1.0106679320831529e-08,direct_spectrum_or_response,True
magnetic_torus_full_band.csv,0,total_re,-0.0058604506993181,-0.0058604506993181,True,0.0,0.0,5.9604506993181e-11,direct_spectrum_or_response,True
magnetic_torus_full_band.csv,0,total_im,1.815959478374285e-07,1.815959478374285e-07,True,0.0,0.0,1.0018159594783742e-12,direct_spectrum_or_response,True
magnetic_torus_full_band.csv,0,conduction_re,-0.0039229208738633,-0.0039229208738633,True,0.0,0.0,4.0229208738633004e-11,direct_spectrum_or_response,True
magnetic_torus_full_band.csv,0,conduction_im,1.0438845539973189e-06,1.0438845539973189e-06,True,0.0,0.0,1.0104388455399732e-12,direct_spectrum_or_response,True
magnetic_torus_full_band.csv,0,interband_re,-0.0019375261758045,-0.0019375261758045,True,0.0,0.0,2.0375261758045002e-11,direct_spectrum_or_response,True
magnetic_torus_full_band.csv,0,interband_im,-8.609594375742333e-07,-8.609594375742333e-07,True,0.0,0.0,1.0086095943757424e-12,direct_spectrum_or_response,True
magnetic_torus_full_band.csv,0,other_re,-3.649650203123718e-09,-3.649650203123718e-09,True,0.0,0.0,1.0000364965020312e-12,direct_spectrum_or_response,True
magnetic_torus_full_band.csv,0,other_im,-1.3291685840421764e-09,-1.3291685840421764e-09,True,0.0,0.0,1.0000132916858404e-12,direct_spectrum_or_response,True
magnetic_torus_full_band.csv,1,L,6.0,6.0,True,0.0,0.0,0.0,exact_discrete_parameter,True
magnetic_torus_full_band.csv,1,nphi,-1.0,-1.0,True,0.0,0.0,0.0,exact_discrete_parameter,True
magnetic_torus_full_band.csv,1,B,-0.1745329251994329,-0.1745329251994329,True,0.0,0.0,1.746329251994329e-09,direct_spectrum_or_response,True
magnetic_torus_full_band.csv,1,mu,0.7374615309379402,0.7374615309379402,True,0.0,0.0,7.3756153093794026e-09,direct_spectrum_or_response,True
magnetic_torus_full_band.csv,1,density,1.015528325889747,1.015528325889747,True,0.0,0.0,1.015628325889747e-08,direct_spectrum_or_response,True
magnetic_torus_full_band.csv,1,total_re,-0.0060556275494225,-0.0060556275494225,True,0.0,0.0,6.155627549422499e-11,direct_spectrum_or_response,True
magnetic_torus_full_band.csv,1,total_im,-2.1254944462028303e-06,-2.1254944462028303e-06,True,0.0,0.0,1.0212549444620284e-12,direct_spectrum_or_response,True
magnetic_torus_full_band.csv,1,conduction_re,-0.0042398767452365,-0.0042398767452365,True,0.0,0.0,4.3398767452365004e-11,direct_spectrum_or_response,True
magnetic_torus_full_band.csv,1,conduction_im,-1.3645577464067008e-06,-1.3645577464067008e-06,True,0.0,0.0,1.013645577464067e-12,direct_spectrum_or_response,True
magnetic_torus_full_band.csv,1,interband_re,-0.0018157488494141,-0.0018157488494141,True,0.0,0.0,1.9157488494141e-11,direct_spectrum_or_response,True
magnetic_torus_full_band.csv,1,interband_im,-7.602247894370433e-07,-7.602247894370433e-07,True,0.0,0.0,1.0076022478943705e-12,direct_spectrum_or_response,True
magnetic_torus_full_band.csv,1,other_re,-1.9547718463878313e-09,-1.9547718463878313e-09,True,0.0,0.0,1.0000195477184638e-12,direct_spectrum_or_response,True
magnetic_torus_full_band.csv,1,other_im,-7.119103590934497e-10,-7.119103590934497e-10,True,0.0,0.0,1.0000071191035909e-12,direct_spectrum_or_response,True
magnetic_torus_full_band.csv,2,L,6.0,6.0,True,0.0,0.0,0.0,exact_discrete_parameter,True
magnetic_torus_full_band.csv,2,nphi,0.0,0.0,True,0.0,0.0,0.0,exact_discrete_parameter,True
magnetic_torus_full_band.csv,2,B,0.0,0.0,True,0.0,0.0,1e-12,direct_spectrum_or_response,True
magnetic_torus_full_band.csv,2,mu,0.7,0.7,True,0.0,0.0,7.001e-09,direct_spectrum_or_response,True
magnetic_torus_full_band.csv,2,density,1.0155283258897478,1.0155283258897478,True,0.0,0.0,1.0156283258897477e-08,direct_spectrum_or_response,True
magnetic_torus_full_band.csv,2,total_re,-0.005021109275616,-0.005021109275616,True,0.0,0.0,5.1211092756160004e-11,direct_spectrum_or_response,True
magnetic_torus_full_band.csv,2,total_im,5.149746917994357e-06,5.149746917994357e-06,True,0.0,0.0,1.0514974691799435e-12,direct_spectrum_or_response,True
magnetic_torus_full_band.csv,2,conduction_re,-0.0029232251232269,-0.0029232251232269,True,0.0,0.0,3.0232251232269e-11,direct_spectrum_or_response,True
magnetic_torus_full_band.csv,2,conduction_im,4.860306096170469e-06,4.860306096170469e-06,True,0.0,0.0,1.0486030609617047e-12,direct_spectrum_or_response,True
magnetic_torus_full_band.csv,2,interband_re,-0.0020978802222974,-0.0020978802222974,True,0.0,0.0,2.1978802222974e-11,direct_spectrum_or_response,True
magnetic_torus_full_band.csv,2,interband_im,2.885353307562829e-07,2.885353307562829e-07,True,0.0,0.0,1.0028853533075628e-12,direct_spectrum_or_response,True
magnetic_torus_full_band.csv,2,other_re,-3.930091695727949e-09,-3.930091695727949e-09,True,0.0,0.0,1.0000393009169572e-12,direct_spectrum_or_response,True
magnetic_torus_full_band.csv,2,other_im,9.054910676830311e-10,9.054910676830311e-10,True,0.0,0.0,1.0000090549106768e-12,direct_spectrum_or_response,True
magnetic_torus_full_band.csv,3,L,6.0,6.0,True,0.0,0.0,0.0,exact_discrete_parameter,True
magnetic_torus_full_band.csv,3,nphi,0.0,0.0,True,0.0,0.0,0.0,exact_discrete_parameter,True
magnetic_torus_full_band.csv,3,B,0.0,0.0,True,0.0,0.0,1e-12,direct_spectrum_or_response,True
magnetic_torus_full_band.csv,3,mu,0.7,0.7,True,0.0,0.0,7.001e-09,direct_spectrum_or_response,True
magnetic_torus_full_band.csv,3,density,1.0155283258897478,1.0155283258897478,True,0.0,0.0,1.0156283258897477e-08,direct_spectrum_or_response,True
magnetic_torus_full_band.csv,3,total_re,-0.005021109275616,-0.005021109275616,True,0.0,0.0,5.1211092756160004e-11,direct_spectrum_or_response,True
magnetic_torus_full_band.csv,3,total_im,5.149746917994357e-06,5.149746917994357e-06,True,0.0,0.0,1.0514974691799435e-12,direct_spectrum_or_response,True
magnetic_torus_full_band.csv,3,conduction_re,-0.0029232251232269,-0.0029232251232269,True,0.0,0.0,3.0232251232269e-11,direct_spectrum_or_response,True
magnetic_torus_full_band.csv,3,conduction_im,4.860306096170469e-06,4.860306096170469e-06,True,0.0,0.0,1.0486030609617047e-12,direct_spectrum_or_response,True
magnetic_torus_full_band.csv,3,interband_re,-0.0020978802222974,-0.0020978802222974,True,0.0,0.0,2.1978802222974e-11,direct_spectrum_or_response,True
magnetic_torus_full_band.csv,3,interband_im,2.885353307562829e-07,2.885353307562829e-07,True,0.0,0.0,1.0028853533075628e-12,direct_spectrum_or_response,True
magnetic_torus_full_band.csv,3,other_re,-3.930091695727949e-09,-3.930091695727949e-09,True,0.0,0.0,1.0000393009169572e-12,direct_spectrum_or_response,True
magnetic_torus_full_band.csv,3,other_im,9.054910676830311e-10,9.054910676830311e-10,True,0.0,0.0,1.0000090549106768e-12,direct_spectrum_or_response,True
magnetic_torus_full_band.csv,4,L,6.0,6.0,True,0.0,0.0,0.0,exact_discrete_parameter,True
magnetic_torus_full_band.csv,4,nphi,1.0,1.0,True,0.0,0.0,0.0,exact_discrete_parameter,True
magnetic_torus_full_band.csv,4,B,0.1745329251994329,0.1745329251994329,True,0.0,0.0,1.746329251994329e-09,direct_spectrum_or_response,True
magnetic_torus_full_band.csv,4,mu,0.7,0.7,True,0.0,0.0,7.001e-09,direct_spectrum_or_response,True
magnetic_torus_full_band.csv,4,density,1.0246990320700862,1.0246990320700862,True,0.0,0.0,1.0247990320700862e-08,direct_spectrum_or_response,True
magnetic_torus_full_band.csv,4,total_re,-0.0051223081755866,-0.0051223081755866,True,0.0,0.0,5.2223081755866e-11,direct_spectrum_or_response,True
magnetic_torus_full_band.csv,4,total_im,-1.1130499891075206e-06,-1.1130499891075206e-06,True,0.0,0.0,1.0111304998910751e-12,direct_spectrum_or_response,True
magnetic_torus_full_band.csv,4,conduction_re,-0.0027050902791664,-0.0027050902791664,True,0.0,0.0,2.8050902791664e-11,direct_spectrum_or_response,True
magnetic_torus_full_band.csv,4,conduction_im,-1.0169359154438536e-06,-1.0169359154438536e-06,True,0.0,0.0,1.0101693591544385e-12,direct_spectrum_or_response,True
magnetic_torus_full_band.csv,4,interband_re,-0.002417217797259,-0.002417217797259,True,0.0,0.0,2.517217797259e-11,direct_spectrum_or_response,True
magnetic_torus_full_band.csv,4,interband_im,-9.60762671845585e-08,-9.60762671845585e-08,True,0.0,0.0,1.0009607626718456e-12,direct_spectrum_or_response,True
magnetic_torus_full_band.csv,4,other_re,-9.916123809692656e-11,-9.916123809692656e-11,True,0.0,0.0,1.0000009916123809e-12,direct_spectrum_or_response,True
magnetic_torus_full_band.csv,4,other_im,-3.7806479703907314e-11,-3.7806479703907314e-11,True,0.0,0.0,1.000000378064797e-12,direct_spectrum_or_response,True
magnetic_torus_full_band.csv,5,L,6.0,6.0,True,0.0,0.0,0.0,exact_discrete_parameter,True
magnetic_torus_full_band.csv,5,nphi,1.0,1.0,True,0.0,0.0,0.0,exact_discrete_parameter,True
magnetic_torus_full_band.csv,5,B,0.1745329251994329,0.1745329251994329,True,0.0,0.0,1.746329251994329e-09,direct_spectrum_or_response,True
magnetic_torus_full_band.csv,5,mu,0.2541285458641144,0.2541285458641144,True,0.0,0.0,2.5422854586411436e-09,direct_spectrum_or_response,True
magnetic_torus_full_band.csv,5,density,1.0155283258897478,1.0155283258897478,True,0.0,0.0,1.0156283258897477e-08,direct_spectrum_or_response,True
magnetic_torus_full_band.csv,5,total_re,-0.0045353948361958,-0.0045353948361958,True,0.0,0.0,4.6353948361958e-11,direct_spectrum_or_response,True
magnetic_torus_full_band.csv,5,total_im,-1.839425782184143e-06,-1.839425782184143e-06,True,0.0,0.0,1.0183942578218414e-12,direct_spectrum_or_response,True
magnetic_torus_full_band.csv,5,conduction_re,-0.0016371700286451,-0.0016371700286451,True,0.0,0.0,1.7371700286451e-11,direct_spectrum_or_response,True
magnetic_torus_full_band.csv,5,conduction_im,3.25839499890344e-05,3.25839499890344e-05,True,0.0,0.0,1.325839499890344e-12,direct_spectrum_or_response,True
magnetic_torus_full_band.csv,5,interband_re,-0.0028980574588586,-0.0028980574588586,True,0.0,0.0,2.9980574588586e-11,direct_spectrum_or_response,True
magnetic_torus_full_band.csv,5,interband_im,-3.43595786835229e-05,-3.43595786835229e-05,True,0.0,0.0,1.343595786835229e-12,direct_spectrum_or_response,True
magnetic_torus_full_band.csv,5,other_re,-1.673486920564715e-07,-1.673486920564715e-07,True,0.0,0.0,1.0016734869205647e-12,direct_spectrum_or_response,True
magnetic_torus_full_band.csv,5,other_im,-6.37970876962245e-08,-6.37970876962245e-08,True,0.0,0.0,1.0006379708769622e-12,direct_spectrum_or_response,True
magnetic_torus_full_band.csv,6,L,8.0,8.0,True,0.0,0.0,0.0,exact_discrete_parameter,True
magnetic_torus_full_band.csv,6,nphi,-1.0,-1.0,True,0.0,0.0,0.0,exact_discrete_parameter,True
magnetic_torus_full_band.csv,6,B,-0.098174770424681,-0.098174770424681,True,0.0,0.0,9.8274770424681e-10,direct_spectrum_or_response,True
magnetic_torus_full_band.csv,6,mu,0.7,0.7,True,0.0,0.0,7.001e-09,direct_spectrum_or_response,True
magnetic_torus_full_band.csv,6,density,1.0123553257003997,1.0123553257003997,True,0.0,0.0,1.0124553257003997e-08,direct_spectrum_or_response,True
magnetic_torus_full_band.csv,6,total_re,-0.0057254312178908,-0.0057254312178908,True,0.0,0.0,5.8254312178908e-11,direct_spectrum_or_response,True
magnetic_torus_full_band.csv,6,total_im,1.4301237195475202e-06,1.4301237195475202e-06,True,0.0,0.0,1.014301237195475e-12,direct_spectrum_or_response,True
magnetic_torus_full_band.csv,6,conduction_re,-0.0036699680134352,-0.0036699680134352,True,0.0,0.0,3.7699680134352005e-11,direct_spectrum_or_response,True
magnetic_torus_full_band.csv,6,conduction_im,2.0523528795415343e-06,2.0523528795415343e-06,True,0.0,0.0,1.0205235287954152e-12,direct_spectrum_or_response,True
magnetic_torus_full_band.csv,6,interband_re,-0.0020554594001928,-0.0020554594001928,True,0.0,0.0,2.1554594001927998e-11,direct_spectrum_or_response,True
magnetic_torus_full_band.csv,6,interband_im,-6.208443940476821e-07,-6.208443940476821e-07,True,0.0,0.0,1.0062084439404768e-12,direct_spectrum_or_response,True
magnetic_torus_full_band.csv,6,other_re,-3.804262684442082e-09,-3.804262684442082e-09,True,0.0,0.0,1.0000380426268444e-12,direct_spectrum_or_response,True
magnetic_torus_full_band.csv,6,other_im,-1.3847659457792955e-09,-1.3847659457792955e-09,True,0.0,0.0,1.0000138476594578e-12,direct_spectrum_or_response,True
magnetic_torus_full_band.csv,7,L,8.0,8.0,True,0.0,0.0,0.0,exact_discrete_parameter,True
magnetic_torus_full_band.csv,7,nphi,-1.0,-1.0,True,0.0,0.0,0.0,exact_discrete_parameter,True
magnetic_torus_full_band.csv,7,B,-0.098174770424681,-0.098174770424681,True,0.0,0.0,9.8274770424681e-10,direct_spectrum_or_response,True
magnetic_torus_full_band.csv,7,mu,0.7231746668609993,0.7231746668609993,True,0.0,0.0,7.2327466686099934e-09,direct_spectrum_or_response,True
magnetic_torus_full_band.csv,7,density,1.014776968137516,1.014776968137516,True,0.0,0.0,1.014876968137516e-08,direct_spectrum_or_response,True
magnetic_torus_full_band.csv,7,total_re,-0.0058458438034932,-0.0058458438034932,True,0.0,0.0,5.945843803493199e-11,direct_spectrum_or_response,True
magnetic_torus_full_band.csv,7,total_im,7.431264545259424e-07,7.431264545259424e-07,True,0.0,0.0,1.0074312645452594e-12,direct_spectrum_or_response,True
magnetic_torus_full_band.csv,7,conduction_re,-0.0038642715108698,-0.0038642715108698,True,0.0,0.0,3.9642715108698e-11,direct_spectrum_or_response,True
magnetic_torus_full_band.csv,7,conduction_im,1.1554245085590082e-06,1.1554245085590082e-06,True,0.0,0.0,1.01155424508559e-12,direct_spectrum_or_response,True
magnetic_torus_full_band.csv,7,interband_re,-0.0019815697072264,-0.0019815697072264,True,0.0,0.0,2.0815697072264e-11,direct_spectrum_or_response,True
magnetic_torus_full_band.csv,7,interband_im,-4.113569586884123e-07,-4.113569586884123e-07,True,0.0,0.0,1.0041135695868841e-12,direct_spectrum_or_response,True
magnetic_torus_full_band.csv,7,other_re,-2.585396891817425e-09,-2.585396891817425e-09,True,0.0,0.0,1.0000258539689182e-12,direct_spectrum_or_response,True
magnetic_torus_full_band.csv,7,other_im,-9.41095345233845e-10,-9.41095345233845e-10,True,0.0,0.0,1.0000094109534523e-12,direct_spectrum_or_response,True
magnetic_torus_full_band.csv,8,L,8.0,8.0,True,0.0,0.0,0.0,exact_discrete_parameter,True
magnetic_torus_full_band.csv,8,nphi,0.0,0.0,True,0.0,0.0,0.0,exact_discrete_parameter,True
magnetic_torus_full_band.csv,8,B,0.0,0.0,True,0.0,0.0,1e-12,direct_spectrum_or_response,True
magnetic_torus_full_band.csv,8,mu,0.7,0.7,True,0.0,0.0,7.001e-09,direct_spectrum_or_response,True
magnetic_torus_full_band.csv,8,density,1.0147769681375165,1.0147769681375165,True,0.0,0.0,1.0148769681375165e-08,direct_spectrum_or_response,True
magnetic_torus_full_band.csv,8,total_re,-0.005168692947601,-0.005168692947601,True,0.0,0.0,5.268692947601001e-11,direct_spectrum_or_response,True
magnetic_torus_full_band.csv,8,total_im,2.2570230034015168e-06,2.2570230034015168e-06,True,0.0,0.0,1.0225702300340151e-12,direct_spectrum_or_response,True
magnetic_torus_full_band.csv,8,conduction_re,-0.0028935368255378,-0.0028935368255378,True,0.0,0.0,2.9935368255378e-11,direct_spectrum_or_response,True
magnetic_torus_full_band.csv,8,conduction_im,1.9588766579623187e-06,1.9588766579623187e-06,True,0.0,0.0,1.019588766579623e-12,direct_spectrum_or_response,True
magnetic_torus_full_band.csv,8,interband_re,-0.0022751530373719,-0.0022751530373719,True,0.0,0.0,2.3751530373719002e-11,direct_spectrum_or_response,True
magnetic_torus_full_band.csv,8,interband_im,2.9715744363910805e-07,2.9715744363910805e-07,True,0.0,0.0,1.0029715744363911e-12,direct_spectrum_or_response,True
magnetic_torus_full_band.csv,8,other_re,-3.084691270686221e-09,-3.084691270686221e-09,True,0.0,0.0,1.000030846912707e-12,direct_spectrum_or_response,True
magnetic_torus_full_band.csv,8,other_im,9.88901800156594e-10,9.88901800156594e-10,True,0.0,0.0,1.0000098890180015e-12,direct_spectrum_or_response,True
magnetic_torus_full_band.csv,9,L,8.0,8.0,True,0.0,0.0,0.0,exact_discrete_parameter,True
magnetic_torus_full_band.csv,9,nphi,0.0,0.0,True,0.0,0.0,0.0,exact_discrete_parameter,True
magnetic_torus_full_band.csv,9,B,0.0,0.0,True,0.0,0.0,1e-12,direct_spectrum_or_response,True
magnetic_torus_full_band.csv,9,mu,0.7,0.7,True,0.0,0.0,7.001e-09,direct_spectrum_or_response,True
magnetic_torus_full_band.csv,9,density,1.0147769681375165,1.0147769681375165,True,0.0,0.0,1.0148769681375165e-08,direct_spectrum_or_response,True
magnetic_torus_full_band.csv,9,total_re,-0.005168692947601,-0.005168692947601,True,0.0,0.0,5.268692947601001e-11,direct_spectrum_or_response,True
magnetic_torus_full_band.csv,9,total_im,2.2570230034015168e-06,2.2570230034015168e-06,True,0.0,0.0,1.0225702300340151e-12,direct_spectrum_or_response,True
magnetic_torus_full_band.csv,9,conduction_re,-0.0028935368255378,-0.0028935368255378,True,0.0,0.0,2.9935368255378e-11,direct_spectrum_or_response,True
magnetic_torus_full_band.csv,9,conduction_im,1.9588766579623187e-06,1.9588766579623187e-06,True,0.0,0.0,1.019588766579623e-12,direct_spectrum_or_response,True
magnetic_torus_full_band.csv,9,interband_re,-0.0022751530373719,-0.0022751530373719,True,0.0,0.0,2.3751530373719002e-11,direct_spectrum_or_response,True
magnetic_torus_full_band.csv,9,interband_im,2.9715744363910805e-07,2.9715744363910805e-07,True,0.0,0.0,1.0029715744363911e-12,direct_spectrum_or_response,True
magnetic_torus_full_band.csv,9,other_re,-3.084691270686221e-09,-3.084691270686221e-09,True,0.0,0.0,1.000030846912707e-12,direct_spectrum_or_response,True
magnetic_torus_full_band.csv,9,other_im,9.88901800156594e-10,9.88901800156594e-10,True,0.0,0.0,1.0000098890180015e-12,direct_spectrum_or_response,True
magnetic_torus_full_band.csv,10,L,8.0,8.0,True,0.0,0.0,0.0,exact_discrete_parameter,True
magnetic_torus_full_band.csv,10,nphi,1.0,1.0,True,0.0,0.0,0.0,exact_discrete_parameter,True
magnetic_torus_full_band.csv,10,B,0.098174770424681,0.098174770424681,True,0.0,0.0,9.8274770424681e-10,direct_spectrum_or_response,True
magnetic_torus_full_band.csv,10,mu,0.7,0.7,True,0.0,0.0,7.001e-09,direct_spectrum_or_response,True
magnetic_torus_full_band.csv,10,density,1.0204538608160716,1.0204538608160716,True,0.0,0.0,1.0205538608160715e-08,direct_spectrum_or_response,True
magnetic_torus_full_band.csv,10,total_re,-0.0052640346855523,-0.0052640346855523,True,0.0,0.0,5.3640346855523e-11,direct_spectrum_or_response,True
magnetic_torus_full_band.csv,10,total_im,3.271992981310705e-07,3.271992981310705e-07,True,0.0,0.0,1.0032719929813107e-12,direct_spectrum_or_response,True
magnetic_torus_full_band.csv,10,conduction_re,-0.0029158150257212,-0.0029158150257212,True,0.0,0.0,3.0158150257212e-11,direct_spectrum_or_response,True
magnetic_torus_full_band.csv,10,conduction_im,4.375568254346154e-07,4.375568254346154e-07,True,0.0,0.0,1.0043755682543462e-12,direct_spectrum_or_response,True
magnetic_torus_full_band.csv,10,interband_re,-0.0023482196196362,-0.0023482196196362,True,0.0,0.0,2.4482196196362e-11,direct_spectrum_or_response,True
magnetic_torus_full_band.csv,10,interband_im,-1.1034605829772162e-07,-1.1034605829772162e-07,True,0.0,0.0,1.0011034605829772e-12,direct_spectrum_or_response,True
magnetic_torus_full_band.csv,10,other_re,-4.019486054541716e-11,-4.019486054541716e-11,True,0.0,0.0,1.0000004019486055e-12,direct_spectrum_or_response,True
magnetic_torus_full_band.csv,10,other_im,-1.1469006328745738e-11,-1.1469006328745738e-11,True,0.0,0.0,1.0000001146900633e-12,direct_spectrum_or_response,True
magnetic_torus_full_band.csv,11,L,8.0,8.0,True,0.0,0.0,0.0,exact_discrete_parameter,True
magnetic_torus_full_band.csv,11,nphi,1.0,1.0,True,0.0,0.0,0.0,exact_discrete_parameter,True
magnetic_torus_full_band.csv,11,B,0.098174770424681,0.098174770424681,True,0.0,0.0,9.8274770424681e-10,direct_spectrum_or_response,True
magnetic_torus_full_band.csv,11,mu,0.5840478034616637,0.5840478034616637,True,0.0,0.0,5.841478034616638e-09,direct_spectrum_or_response,True
magnetic_torus_full_band.csv,11,density,1.0147769681375165,1.0147769681375165,True,0.0,0.0,1.0148769681375165e-08,direct_spectrum_or_response,True
magnetic_torus_full_band.csv,11,total_re,-0.0047078802801781,-0.0047078802801781,True,0.0,0.0,4.8078802801781e-11,direct_spectrum_or_response,True
magnetic_torus_full_band.csv,11,total_im,-1.8926064498512333e-06,-1.8926064498512333e-06,True,0.0,0.0,1.0189260644985123e-12,direct_spectrum_or_response,True
magnetic_torus_full_band.csv,11,conduction_re,-0.0020050442473644,-0.0020050442473644,True,0.0,0.0,2.1050442473643998e-11,direct_spectrum_or_response,True
magnetic_torus_full_band.csv,11,conduction_im,-1.8325871777113696e-06,-1.8325871777113696e-06,True,0.0,0.0,1.0183258717771137e-12,direct_spectrum_or_response,True
magnetic_torus_full_band.csv,11,interband_re,-0.0027028357551875,-0.0027028357551875,True,0.0,0.0,2.8028357551875e-11,direct_spectrum_or_response,True
magnetic_torus_full_band.csv,11,interband_im,-5.99400556483871e-08,-5.99400556483871e-08,True,0.0,0.0,1.0005994005564838e-12,direct_spectrum_or_response,True
magnetic_torus_full_band.csv,11,other_re,-2.7762619694074217e-10,-2.7762619694074217e-10,True,0.0,0.0,1.0000027762619694e-12,direct_spectrum_or_response,True
magnetic_torus_full_band.csv,11,other_im,-7.921649083402932e-11,-7.921649083402932e-11,True,0.0,0.0,1.0000007921649083e-12,direct_spectrum_or_response,True
magnetic_torus_summary.json,0,max_vertex,4.6697727500355304e-14,4.6697727500355304e-14,True,0.0,0.0,1e-11,Ward_vertex_absolute,
magnetic_torus_summary.json,0,max_left,4.033363233002315e-17,4.033363233002315e-17,True,0.0,0.0,1e-12,Ward_response_absolute,
magnetic_torus_summary.json,0,max_right,3.991984696266706e-17,3.991984696266706e-17,True,0.0,0.0,1e-12,Ward_response_absolute,
magnetic_torus_ward_rpa.csv,0,L,6.0,6.0,True,0.0,0.0,0.0,exact_discrete_parameter,True
magnetic_torus_ward_rpa.csv,0,nphi,-1.0,-1.0,True,0.0,0.0,0.0,exact_discrete_parameter,True
magnetic_torus_ward_rpa.csv,0,B,-0.1745329251994329,-0.1745329251994329,True,0.0,0.0,1.746329251994329e-09,direct_spectrum_or_response,True
magnetic_torus_ward_rpa.csv,0,V,0.0,0.0,True,0.0,0.0,1e-12,direct_spectrum_or_response,True
magnetic_torus_ward_rpa.csv,0,vertex,4.66977275003553e-14,4.66977275003553e-14,True,0.0,0.0,1e-11,Ward_vertex_absolute,True
magnetic_torus_ward_rpa.csv,0,left,4.795373628609245e-18,4.795373628609245e-18,True,0.0,0.0,1e-12,Ward_response_absolute,True
magnetic_torus_ward_rpa.csv,0,right,4.804327867908775e-18,4.804327867908775e-18,True,0.0,0.0,1e-12,Ward_response_absolute,True
magnetic_torus_ward_rpa.csv,1,L,6.0,6.0,True,0.0,0.0,0.0,exact_discrete_parameter,True
magnetic_torus_ward_rpa.csv,1,nphi,-1.0,-1.0,True,0.0,0.0,0.0,exact_discrete_parameter,True
magnetic_torus_ward_rpa.csv,1,B,-0.1745329251994329,-0.1745329251994329,True,0.0,0.0,1.746329251994329e-09,direct_spectrum_or_response,True
magnetic_torus_ward_rpa.csv,1,V,0.8,0.8,True,0.0,0.0,8.001e-09,direct_spectrum_or_response,True
magnetic_torus_ward_rpa.csv,1,vertex,4.66977275003553e-14,4.66977275003553e-14,True,0.0,0.0,1e-11,Ward_vertex_absolute,True
magnetic_torus_ward_rpa.csv,1,left,4.5797115580074115e-18,4.5797115580074115e-18,True,0.0,0.0,1e-12,Ward_response_absolute,True
magnetic_torus_ward_rpa.csv,1,right,4.5890866170677735e-18,4.5890866170677735e-18,True,0.0,0.0,1e-12,Ward_response_absolute,True
magnetic_torus_ward_rpa.csv,2,L,6.0,6.0,True,0.0,0.0,0.0,exact_discrete_parameter,True
magnetic_torus_ward_rpa.csv,2,nphi,1.0,1.0,True,0.0,0.0,0.0,exact_discrete_parameter,True
magnetic_torus_ward_rpa.csv,2,B,0.1745329251994329,0.1745329251994329,True,0.0,0.0,1.746329251994329e-09,direct_spectrum_or_response,True
magnetic_torus_ward_rpa.csv,2,V,0.0,0.0,True,0.0,0.0,1e-12,direct_spectrum_or_response,True
magnetic_torus_ward_rpa.csv,2,vertex,2.067060040584526e-14,2.067060040584526e-14,True,0.0,0.0,1e-11,Ward_vertex_absolute,True
magnetic_torus_ward_rpa.csv,2,left,4.033363233002315e-17,4.033363233002315e-17,True,0.0,0.0,1e-12,Ward_response_absolute,True
magnetic_torus_ward_rpa.csv,2,right,3.9919846962667055e-17,3.9919846962667055e-17,True,0.0,0.0,1e-12,Ward_response_absolute,True
magnetic_torus_ward_rpa.csv,3,L,6.0,6.0,True,0.0,0.0,0.0,exact_discrete_parameter,True
magnetic_torus_ward_rpa.csv,3,nphi,1.0,1.0,True,0.0,0.0,0.0,exact_discrete_parameter,True
magnetic_torus_ward_rpa.csv,3,B,0.1745329251994329,0.1745329251994329,True,0.0,0.0,1.746329251994329e-09,direct_spectrum_or_response,True
magnetic_torus_ward_rpa.csv,3,V,0.8,0.8,True,0.0,0.0,8.001e-09,direct_spectrum_or_response,True
magnetic_torus_ward_rpa.csv,3,vertex,2.067060040584526e-14,2.067060040584526e-14,True,0.0,0.0,1e-11,Ward_vertex_absolute,True
magnetic_torus_ward_rpa.csv,3,left,3.990232252946287e-17,3.990232252946287e-17,True,0.0,0.0,1e-12,Ward_response_absolute,True
magnetic_torus_ward_rpa.csv,3,right,3.991646048714828e-17,3.991646048714828e-17,True,0.0,0.0,1e-12,Ward_response_absolute,True
magnetic_torus_ward_rpa.csv,4,L,8.0,8.0,True,0.0,0.0,0.0,exact_discrete_parameter,True
magnetic_torus_ward_rpa.csv,4,nphi,-1.0,-1.0,True,0.0,0.0,0.0,exact_discrete_parameter,True
magnetic_torus_ward_rpa.csv,4,B,-0.098174770424681,-0.098174770424681,True,0.0,0.0,9.8274770424681e-10,direct_spectrum_or_response,True
magnetic_torus_ward_rpa.csv,4,V,0.0,0.0,True,0.0,0.0,1e-12,direct_spectrum_or_response,True
magnetic_torus_ward_rpa.csv,4,vertex,3.2918112721390736e-14,3.2918112721390736e-14,True,0.0,0.0,1e-11,Ward_vertex_absolute,True
magnetic_torus_ward_rpa.csv,4,left,3.3179077657901243e-17,3.3179077657901243e-17,True,0.0,0.0,1e-12,Ward_response_absolute,True
magnetic_torus_ward_rpa.csv,4,right,3.2759965232600736e-17,3.2759965232600736e-17,True,0.0,0.0,1e-12,Ward_response_absolute,True
magnetic_torus_ward_rpa.csv,5,L,8.0,8.0,True,0.0,0.0,0.0,exact_discrete_parameter,True
magnetic_torus_ward_rpa.csv,5,nphi,-1.0,-1.0,True,0.0,0.0,0.0,exact_discrete_parameter,True
magnetic_torus_ward_rpa.csv,5,B,-0.098174770424681,-0.098174770424681,True,0.0,0.0,9.8274770424681e-10,direct_spectrum_or_response,True
magnetic_torus_ward_rpa.csv,5,V,0.8,0.8,True,0.0,0.0,8.001e-09,direct_spectrum_or_response,True
magnetic_torus_ward_rpa.csv,5,vertex,3.2918112721390736e-14,3.2918112721390736e-14,True,0.0,0.0,1e-11,Ward_vertex_absolute,True
magnetic_torus_ward_rpa.csv,5,left,3.296259908368964e-17,3.296259908368964e-17,True,0.0,0.0,1e-12,Ward_response_absolute,True
magnetic_torus_ward_rpa.csv,5,right,3.2760851058462775e-17,3.2760851058462775e-17,True,0.0,0.0,1e-12,Ward_response_absolute,True
magnetic_torus_ward_rpa.csv,6,L,8.0,8.0,True,0.0,0.0,0.0,exact_discrete_parameter,True
magnetic_torus_ward_rpa.csv,6,nphi,1.0,1.0,True,0.0,0.0,0.0,exact_discrete_parameter,True
magnetic_torus_ward_rpa.csv,6,B,0.098174770424681,0.098174770424681,True,0.0,0.0,9.8274770424681e-10,direct_spectrum_or_response,True
magnetic_torus_ward_rpa.csv,6,V,0.0,0.0,True,0.0,0.0,1e-12,direct_spectrum_or_response,True
magnetic_torus_ward_rpa.csv,6,vertex,2.2905423476680316e-14,2.2905423476680316e-14,True,0.0,0.0,1e-11,Ward_vertex_absolute,True
magnetic_torus_ward_rpa.csv,6,left,1.9515940269685426e-17,1.9515940269685426e-17,True,0.0,0.0,1e-12,Ward_response_absolute,True
magnetic_torus_ward_rpa.csv,6,right,1.865111372650008e-17,1.865111372650008e-17,True,0.0,0.0,1e-12,Ward_response_absolute,True
magnetic_torus_ward_rpa.csv,7,L,8.0,8.0,True,0.0,0.0,0.0,exact_discrete_parameter,True
magnetic_torus_ward_rpa.csv,7,nphi,1.0,1.0,True,0.0,0.0,0.0,exact_discrete_parameter,True
magnetic_torus_ward_rpa.csv,7,B,0.098174770424681,0.098174770424681,True,0.0,0.0,9.8274770424681e-10,direct_spectrum_or_response,True
magnetic_torus_ward_rpa.csv,7,V,0.8,0.8,True,0.0,0.0,8.001e-09,direct_spectrum_or_response,True
magnetic_torus_ward_rpa.csv,7,vertex,2.2905423476680316e-14,2.2905423476680316e-14,True,0.0,0.0,1e-11,Ward_vertex_absolute,True
magnetic_torus_ward_rpa.csv,7,left,1.951563910473908e-17,1.951563910473908e-17,True,0.0,0.0,1e-12,Ward_response_absolute,True
magnetic_torus_ward_rpa.csv,7,right,1.865331948590913e-17,1.865331948590913e-17,True,0.0,0.0,1e-12,Ward_response_absolute,True
slab_chain_rule_summary.json,0,Lx,22.0,22.0,True,0.0,0.0,0.0,exact_discrete_parameter,
slab_chain_rule_summary.json,0,Nky,64.0,64.0,True,0.0,0.0,0.0,exact_discrete_parameter,
slab_chain_rule_summary.json,0,Nkz,36.0,36.0,True,0.0,0.0,0.0,exact_discrete_parameter,
slab_chain_rule_summary.json,0,mu0,0.7,0.7,True,0.0,0.0,1.42e-06,B2_subtraction_coefficients,
slab_chain_rule_summary.json,0,T,0.05,0.05,True,0.0,0.0,1.2e-07,B2_subtraction_coefficients,
slab_chain_rule_summary.json,0,q,0.17453292519943295,0.17453292519943295,True,0.0,0.0,3.690658503988659e-07,B2_subtraction_coefficients,
slab_chain_rule_summary.json,0,n0,1.0186105692522918,1.0186105692522918,True,0.0,0.0,2.0572211385045832e-06,B2_subtraction_coefficients,
slab_chain_rule_summary.json,0,n0p,0.07737942706032008,0.07737942706032008,True,0.0,0.0,1.7475885412064016e-07,B2_subtraction_coefficients,
slab_chain_rule_summary.json,0,n2,0.05051069780573876,0.05051069780573876,True,0.0,0.0,1.2102139561147752e-07,B2_subtraction_coefficients,
slab_chain_rule_summary.json,0,mu2_fit,-0.6527665030908956,-0.6527665030908956,True,0.0,0.0,1.325533006181791e-06,B2_subtraction_coefficients,
slab_chain_rule_summary.json,0,mu2_chain,-0.652766500407968,-0.652766500407968,True,0.0,0.0,1.325533000815936e-06,B2_subtraction_coefficients,
slab_chain_rule_summary.json,0,mu2_relerr,4.11008760359266e-09,4.11008760359266e-09,True,0.0,0.0,1e-06,chain_rule_relative_residual_absolute,
slab_chain_rule_summary.json,0,K2mu_re,-0.001676425627644303,-0.001676425627644303,True,0.0,0.0,2.3352851255288606e-08,B2_subtraction_coefficients,
slab_chain_rule_summary.json,0,K2mu_im,2.6439317574837584e-05,2.6439317574837584e-05,True,0.0,0.0,2.0052878635149676e-08,B2_subtraction_coefficients,
slab_chain_rule_summary.json,0,K2n_re,0.003906709040343724,0.003906709040343724,True,0.0,0.0,2.781341808068745e-08,B2_subtraction_coefficients,
slab_chain_rule_summary.json,0,K2n_im,2.7040268007720402e-05,2.7040268007720402e-05,True,0.0,0.0,2.005408053601544e-08,B2_subtraction_coefficients,
slab_chain_rule_summary.json,0,K2chain_re,0.003906709011109644,0.003906709011109644,True,0.0,0.0,2.781341802221929e-08,B2_subtraction_coefficients,
slab_chain_rule_summary.json,0,K2chain_im,2.7040268773346958e-05,2.7040268773346958e-05,True,0.0,0.0,2.0054080537546694e-08,B2_subtraction_coefficients,
slab_chain_rule_summary.json,0,K2_relerr,7.485431762398155e-09,7.485431762398155e-09,True,0.0,0.0,1e-06,chain_rule_relative_residual_absolute,
slab_chain_rule_summary.json,0,max_vertex,1.1038627990074341e-13,1.1038627990074341e-13,True,0.0,0.0,1e-11,Ward_vertex_absolute,
slab_chain_rule_summary.json,0,max_left,3.383236332131664e-17,3.383236332131664e-17,True,0.0,0.0,1e-12,Ward_response_absolute,
slab_chain_rule_summary.json,0,max_right,3.426597767462979e-17,3.426597767462979e-17,True,0.0,0.0,1e-12,Ward_response_absolute,
slab_full_band_fits.csv,0,c2_re,-0.0016764256276443,-0.0016764256276443,True,0.0,0.0,2.33528512552886e-08,B2_subtraction_coefficients,True
slab_full_band_fits.csv,0,c2_im,2.6439317574837584e-05,2.6439317574837584e-05,True,0.0,0.0,2.0052878635149676e-08,B2_subtraction_coefficients,True
slab_full_band_fits.csv,1,c2_re,-0.015544229603696,-0.015544229603696,True,0.0,0.0,5.1088459207392e-08,B2_subtraction_coefficients,True
slab_full_band_fits.csv,1,c2_im,-1.143608829114965e-05,-1.143608829114965e-05,True,0.0,0.0,2.00228721765823e-08,B2_subtraction_coefficients,True
slab_full_band_fits.csv,2,c2_re,0.0138685789733496,0.0138685789733496,True,0.0,0.0,4.77371579466992e-08,B2_subtraction_coefficients,True
slab_full_band_fits.csv,2,c2_im,3.76184430981165e-05,3.76184430981165e-05,True,0.0,0.0,2.0075236886196232e-08,B2_subtraction_coefficients,True
slab_full_band_fits.csv,3,c2_re,-7.750153458994294e-07,-7.750153458994294e-07,True,0.0,0.0,2.00015500306918e-08,B2_subtraction_coefficients,True
slab_full_band_fits.csv,3,c2_im,2.56962950093359e-07,2.56962950093359e-07,True,0.0,0.0,2.0000513925900187e-08,B2_subtraction_coefficients,True
slab_full_band_fits.csv,4,c2_re,0.0039067090403437,0.0039067090403437,True,0.0,0.0,2.78134180806874e-08,B2_subtraction_coefficients,True
slab_full_band_fits.csv,4,c2_im,2.70402680077204e-05,2.70402680077204e-05,True,0.0,0.0,2.005408053601544e-08,B2_subtraction_coefficients,True
slab_full_band_fits.csv,5,c2_re,-0.0094195612525988,-0.0094195612525988,True,0.0,0.0,3.8839122505197595e-08,B2_subtraction_coefficients,True
slab_full_band_fits.csv,5,c2_im,-1.0846584344925269e-05,-1.0846584344925269e-05,True,0.0,0.0,2.002169316868985e-08,B2_subtraction_coefficients,True
slab_full_band_fits.csv,6,c2_re,0.0133270458444923,0.0133270458444923,True,0.0,0.0,4.6654091688984594e-08,B2_subtraction_coefficients,True
slab_full_band_fits.csv,6,c2_im,3.762987474392588e-05,3.762987474392588e-05,True,0.0,0.0,2.007525974948785e-08,B2_subtraction_coefficients,True
slab_full_band_fits.csv,7,c2_re,-7.755682007779596e-07,-7.755682007779596e-07,True,0.0,0.0,2.0001551136401555e-08,B2_subtraction_coefficients,True
slab_full_band_fits.csv,7,c2_im,2.569786673210192e-07,2.569786673210192e-07,True,0.0,0.0,2.000051395733464e-08,B2_subtraction_coefficients,True
slab_full_band_raw.csv,0,B,0.0008,0.0008,True,0.0,0.0,2.16e-08,B2_subtraction_coefficients,True
slab_full_band_raw.csv,0,q2,0.050485179231563,0.050485179231563,True,0.0,0.0,1.20970358463126e-07,B2_subtraction_coefficients,True
slab_full_band_raw.csv,0,mu2q,-0.6524367971230682,-0.6524367971230682,True,0.0,0.0,1.3248735942461365e-06,B2_subtraction_coefficients,True
slab_full_band_raw.csv,0,q2_imag,,,True,0.0,,0.0,matching_missing_value,True
slab_full_band_raw.csv,1,B,0.0008,0.0008,True,0.0,0.0,2.16e-08,B2_subtraction_coefficients,True
slab_full_band_raw.csv,1,q2,-0.0016744326669019,-0.0016744326669019,True,0.0,0.0,2.33488653338038e-08,B2_subtraction_coefficients,True
slab_full_band_raw.csv,1,mu2q,-0.6524367971230682,-0.6524367971230682,True,0.0,0.0,1.3248735942461365e-06,B2_subtraction_coefficients,True
slab_full_band_raw.csv,1,q2_imag,2.630577940103418e-05,2.630577940103418e-05,True,0.0,0.0,2.0052611558802067e-08,B2_subtraction_coefficients,True
slab_full_band_raw.csv,2,B,0.0008,0.0008,True,0.0,0.0,2.16e-08,B2_subtraction_coefficients,True
slab_full_band_raw.csv,2,q2,-0.0200541281727994,-0.0200541281727994,True,0.0,0.0,6.01082563455988e-08,B2_subtraction_coefficients,True
slab_full_band_raw.csv,2,mu2q,-0.6524367971230682,-0.6524367971230682,True,0.0,0.0,1.3248735942461365e-06,B2_subtraction_coefficients,True
slab_full_band_raw.csv,2,q2_imag,2.5283047923610716e-05,2.5283047923610716e-05,True,0.0,0.0,2.0050566095847223e-08,B2_subtraction_coefficients,True
slab_full_band_raw.csv,3,B,0.0008,0.0008,True,0.0,0.0,2.16e-08,B2_subtraction_coefficients,True
slab_full_band_raw.csv,3,q2,0.0183798790936819,0.0183798790936819,True,0.0,0.0,5.67597581873638e-08,B2_subtraction_coefficients,True
slab_full_band_raw.csv,3,mu2q,-0.6524367971230682,-0.6524367971230682,True,0.0,0.0,1.3248735942461365e-06,B2_subtraction_coefficients,True
slab_full_band_raw.csv,3,q2_imag,1.175847821672988e-06,1.175847821672988e-06,True,0.0,0.0,2.0002351695643346e-08,B2_subtraction_coefficients,True
slab_full_band_raw.csv,4,B,0.0008,0.0008,True,0.0,0.0,2.16e-08,B2_subtraction_coefficients,True
slab_full_band_raw.csv,4,q2,-1.835999999968227e-07,-1.835999999968227e-07,True,0.0,0.0,2.0000367199999995e-08,B2_subtraction_coefficients,True
slab_full_band_raw.csv,4,mu2q,-0.6524367971230682,-0.6524367971230682,True,0.0,0.0,1.3248735942461365e-06,B2_subtraction_coefficients,True
slab_full_band_raw.csv,4,q2_imag,-1.5311614212746177e-07,-1.5311614212746177e-07,True,0.0,0.0,2.0000306232284256e-08,B2_subtraction_coefficients,True
slab_full_band_raw.csv,5,B,0.0008,0.0008,True,0.0,0.0,2.16e-08,B2_subtraction_coefficients,True
slab_full_band_raw.csv,5,q2,0.0039058622506552,0.0039058622506552,True,0.0,0.0,2.78117245013104e-08,B2_subtraction_coefficients,True
slab_full_band_raw.csv,5,mu2q,-0.6524367971230682,-0.6524367971230682,True,0.0,0.0,1.3248735942461365e-06,B2_subtraction_coefficients,True
slab_full_band_raw.csv,5,q2_imag,2.690642020645706e-05,2.690642020645706e-05,True,0.0,0.0,2.0053812840412913e-08,B2_subtraction_coefficients,True
slab_full_band_raw.csv,6,B,0.0008,0.0008,True,0.0,0.0,2.16e-08,B2_subtraction_coefficients,True
slab_full_band_raw.csv,6,q2,-0.0139326291335225,-0.0139326291335225,True,0.0,0.0,4.7865258267045e-08,B2_subtraction_coefficients,True
slab_full_band_raw.csv,6,mu2q,-0.6524367971230682,-0.6524367971230682,True,0.0,0.0,1.3248735942461365e-06,B2_subtraction_coefficients,True
slab_full_band_raw.csv,6,q2_imag,2.5875564752304477e-05,2.5875564752304477e-05,True,0.0,0.0,2.005175112950461e-08,B2_subtraction_coefficients,True
slab_full_band_raw.csv,7,B,0.0008,0.0008,True,0.0,0.0,2.16e-08,B2_subtraction_coefficients,True
slab_full_band_raw.csv,7,q2,0.0178386755120304,0.0178386755120304,True,0.0,0.0,5.56773510240608e-08,B2_subtraction_coefficients,True
slab_full_band_raw.csv,7,mu2q,-0.6524367971230682,-0.6524367971230682,True,0.0,0.0,1.3248735942461365e-06,B2_subtraction_coefficients,True
slab_full_band_raw.csv,7,q2_imag,1.1839693481051598e-06,1.1839693481051598e-06,True,0.0,0.0,2.000236793869621e-08,B2_subtraction_coefficients,True
slab_full_band_raw.csv,8,B,0.0008,0.0008,True,0.0,0.0,2.16e-08,B2_subtraction_coefficients,True
slab_full_band_raw.csv,8,q2,-1.841401157999564e-07,-1.841401157999564e-07,True,0.0,0.0,2.00003682802316e-08,B2_subtraction_coefficients,True
slab_full_band_raw.csv,8,mu2q,-0.6524367971230682,-0.6524367971230682,True,0.0,0.0,1.3248735942461365e-06,B2_subtraction_coefficients,True
slab_full_band_raw.csv,8,q2_imag,-1.5311318211978677e-07,-1.5311318211978677e-07,True,0.0,0.0,2.000030622636424e-08,B2_subtraction_coefficients,True
slab_full_band_raw.csv,9,B,0.0012,0.0012,True,0.0,0.0,2.24e-08,B2_subtraction_coefficients,True
slab_full_band_raw.csv,9,q2,0.0504538756452967,0.0504538756452967,True,0.0,0.0,1.209077512905934e-07,B2_subtraction_coefficients,True
slab_full_band_raw.csv,9,mu2q,-0.6520323480215438,-0.6520323480215438,True,0.0,0.0,1.3240646960430875e-06,B2_subtraction_coefficients,True
slab_full_band_raw.csv,9,q2_imag,,,True,0.0,,0.0,matching_missing_value,True
slab_full_band_raw.csv,10,B,0.0012,0.0012,True,0.0,0.0,2.24e-08,B2_subtraction_coefficients,True
slab_full_band_raw.csv,10,q2,-0.0016719779146741,-0.0016719779146741,True,0.0,0.0,2.33439558293482e-08,B2_subtraction_coefficients,True
slab_full_band_raw.csv,10,mu2q,-0.6520323480215438,-0.6520323480215438,True,0.0,0.0,1.3240646960430875e-06,B2_subtraction_coefficients,True
slab_full_band_raw.csv,10,q2_imag,2.6139250527856213e-05,2.6139250527856213e-05,True,0.0,0.0,2.0052278501055712e-08,B2_subtraction_coefficients,True
slab_full_band_raw.csv,11,B,0.0012,0.0012,True,0.0,0.0,2.24e-08,B2_subtraction_coefficients,True
slab_full_band_raw.csv,11,q2,-0.029771487100018,-0.029771487100018,True,0.0,0.0,7.9542974200036e-08,B2_subtraction_coefficients,True
slab_full_band_raw.csv,11,mu2q,-0.6520323480215438,-0.6520323480215438,True,0.0,0.0,1.3240646960430875e-06,B2_subtraction_coefficients,True
slab_full_band_raw.csv,11,q2_imag,0.0001135050216517,0.0001135050216517,True,0.0,0.0,2.02270100433034e-08,B2_subtraction_coefficients,True
slab_full_band_raw.csv,12,B,0.0012,0.0012,True,0.0,0.0,2.24e-08,B2_subtraction_coefficients,True
slab_full_band_raw.csv,12,q2,0.0280987830352166,0.0280987830352166,True,0.0,0.0,7.619756607043319e-08,B2_subtraction_coefficients,True
slab_full_band_raw.csv,12,mu2q,-0.6520323480215438,-0.6520323480215438,True,0.0,0.0,1.3240646960430875e-06,B2_subtraction_coefficients,True
slab_full_band_raw.csv,12,q2_imag,-8.617383285631292e-05,-8.617383285631292e-05,True,0.0,0.0,2.0172347665712626e-08,B2_subtraction_coefficients,True
slab_full_band_raw.csv,13,B,0.0012,0.0012,True,0.0,0.0,2.24e-08,B2_subtraction_coefficients,True
slab_full_band_raw.csv,13,q2,7.261481637215043e-07,7.261481637215043e-07,True,0.0,0.0,2.0001452296327442e-08,B2_subtraction_coefficients,True
slab_full_band_raw.csv,13,mu2q,-0.6520323480215438,-0.6520323480215438,True,0.0,0.0,1.3240646960430875e-06,B2_subtraction_coefficients,True
slab_full_band_raw.csv,13,q2_imag,-1.1919380768129285e-06,-1.1919380768129285e-06,True,0.0,0.0,2.0002383876153625e-08,B2_subtraction_coefficients,True
slab_full_band_raw.csv,14,B,0.0012,0.0012,True,0.0,0.0,2.24e-08,B2_subtraction_coefficients,True
slab_full_band_raw.csv,14,q2,0.0039048330830367,0.0039048330830367,True,0.0,0.0,2.7809666166073397e-08,B2_subtraction_coefficients,True
slab_full_band_raw.csv,14,mu2q,-0.6520323480215438,-0.6520323480215438,True,0.0,0.0,1.3240646960430875e-06,B2_subtraction_coefficients,True
slab_full_band_raw.csv,14,q2_imag,2.673951861671877e-05,2.673951861671877e-05,True,0.0,0.0,2.005347903723344e-08,B2_subtraction_coefficients,True
slab_full_band_raw.csv,15,B,0.0012,0.0012,True,0.0,0.0,2.24e-08,B2_subtraction_coefficients,True
slab_full_band_raw.csv,15,q2,-0.0236538752108854,-0.0236538752108854,True,0.0,0.0,6.73077504217708e-08,B2_subtraction_coefficients,True
slab_full_band_raw.csv,15,mu2q,-0.6520323480215438,-0.6520323480215438,True,0.0,0.0,1.3240646960430875e-06,B2_subtraction_coefficients,True
slab_full_band_raw.csv,15,q2_imag,0.0001141027192746,0.0001141027192746,True,0.0,0.0,2.02282054385492e-08,B2_subtraction_coefficients,True
slab_full_band_raw.csv,16,B,0.0012,0.0012,True,0.0,0.0,2.24e-08,B2_subtraction_coefficients,True
slab_full_band_raw.csv,16,q2,0.0275579826712142,0.0275579826712142,True,0.0,0.0,7.51159653424284e-08,B2_subtraction_coefficients,True
slab_full_band_raw.csv,16,mu2q,-0.6520323480215438,-0.6520323480215438,True,0.0,0.0,1.3240646960430875e-06,B2_subtraction_coefficients,True
slab_full_band_raw.csv,16,q2_imag,-8.617124416266436e-05,-8.617124416266436e-05,True,0.0,0.0,2.017234248832533e-08,B2_subtraction_coefficients,True
slab_full_band_raw.csv,17,B,0.0012,0.0012,True,0.0,0.0,2.24e-08,B2_subtraction_coefficients,True
slab_full_band_raw.csv,17,q2,7.256235576387543e-07,7.256235576387543e-07,True,0.0,0.0,2.0001451247115278e-08,B2_subtraction_coefficients,True
slab_full_band_raw.csv,17,mu2q,-0.6520323480215438,-0.6520323480215438,True,0.0,0.0,1.3240646960430875e-06,B2_subtraction_coefficients,True
slab_full_band_raw.csv,17,q2_imag,-1.1919562405959036e-06,-1.1919562405959036e-06,True,0.0,0.0,2.0002383912481194e-08,B2_subtraction_coefficients,True
slab_full_band_raw.csv,18,B,0.0016,0.0016,True,0.0,0.0,2.32e-08,B2_subtraction_coefficients,True
slab_full_band_raw.csv,18,q2,0.0504111953569808,0.0504111953569808,True,0.0,0.0,1.208223907139616e-07,B2_subtraction_coefficients,True
slab_full_band_raw.csv,18,mu2q,-0.65148091110169,-0.65148091110169,True,0.0,0.0,1.32296182220338e-06,B2_subtraction_coefficients,True
slab_full_band_raw.csv,18,q2_imag,,,True,0.0,,0.0,matching_missing_value,True
slab_full_band_raw.csv,19,B,0.0016,0.0016,True,0.0,0.0,2.32e-08,B2_subtraction_coefficients,True
slab_full_band_raw.csv,19,q2,-0.0016686108586836,-0.0016686108586836,True,0.0,0.0,2.33372217173672e-08,B2_subtraction_coefficients,True
slab_full_band_raw.csv,19,mu2q,-0.65148091110169,-0.65148091110169,True,0.0,0.0,1.32296182220338e-06,B2_subtraction_coefficients,True
slab_full_band_raw.csv,19,q2_imag,2.5906816672517453e-05,2.5906816672517453e-05,True,0.0,0.0,2.0051813633345037e-08,B2_subtraction_coefficients,True
slab_full_band_raw.csv,20,B,0.0016,0.0016,True,0.0,0.0,2.32e-08,B2_subtraction_coefficients,True
slab_full_band_raw.csv,20,q2,-0.0250826175161275,-0.0250826175161275,True,0.0,0.0,7.0165235032255e-08,B2_subtraction_coefficients,True
slab_full_band_raw.csv,20,mu2q,-0.65148091110169,-0.65148091110169,True,0.0,0.0,1.32296182220338e-06,B2_subtraction_coefficients,True
slab_full_band_raw.csv,20,q2_imag,7.505113194375555e-05,7.505113194375555e-05,True,0.0,0.0,2.015010226388751e-08,B2_subtraction_coefficients,True
slab_full_band_raw.csv,21,B,0.0016,0.0016,True,0.0,0.0,2.32e-08,B2_subtraction_coefficients,True
slab_full_band_raw.csv,21,q2,0.0234132452290768,0.0234132452290768,True,0.0,0.0,6.682649045815359e-08,B2_subtraction_coefficients,True
slab_full_band_raw.csv,21,mu2q,-0.65148091110169,-0.65148091110169,True,0.0,0.0,1.32296182220338e-06,B2_subtraction_coefficients,True
slab_full_band_raw.csv,21,q2_imag,-4.84584870321044e-05,-4.84584870321044e-05,True,0.0,0.0,2.009691697406421e-08,B2_subtraction_coefficients,True
slab_full_band_raw.csv,22,B,0.0016,0.0016,True,0.0,0.0,2.32e-08,B2_subtraction_coefficients,True
slab_full_band_raw.csv,22,q2,7.614261997398609e-07,7.614261997398609e-07,True,0.0,0.0,2.000152285239948e-08,B2_subtraction_coefficients,True
slab_full_band_raw.csv,22,mu2q,-0.65148091110169,-0.65148091110169,True,0.0,0.0,1.32296182220338e-06,B2_subtraction_coefficients,True
slab_full_band_raw.csv,22,q2_imag,-6.858280591118037e-07,-6.858280591118037e-07,True,0.0,0.0,2.0001371656118223e-08,B2_subtraction_coefficients,True
slab_full_band_raw.csv,23,B,0.0016,0.0016,True,0.0,0.0,2.32e-08,B2_subtraction_coefficients,True
slab_full_band_raw.csv,23,q2,0.0039034492628362,0.0039034492628362,True,0.0,0.0,2.78068985256724e-08,B2_subtraction_coefficients,True
slab_full_band_raw.csv,23,mu2q,-0.65148091110169,-0.65148091110169,True,0.0,0.0,1.32296182220338e-06,B2_subtraction_coefficients,True
slab_full_band_raw.csv,23,q2_imag,2.6506590664222584e-05,2.6506590664222584e-05,True,0.0,0.0,2.0053013181328444e-08,B2_subtraction_coefficients,True
slab_full_band_raw.csv,24,B,0.0016,0.0016,True,0.0,0.0,2.32e-08,B2_subtraction_coefficients,True
slab_full_band_raw.csv,24,q2,-0.0189702693012428,-0.0189702693012428,True,0.0,0.0,5.7940538602485596e-08,B2_subtraction_coefficients,True
slab_full_band_raw.csv,24,mu2q,-0.65148091110169,-0.65148091110169,True,0.0,0.0,1.32296182220338e-06,B2_subtraction_coefficients,True
slab_full_band_raw.csv,24,q2_imag,7.56483419792377e-05,7.56483419792377e-05,True,0.0,0.0,2.0151296683958476e-08,B2_subtraction_coefficients,True
slab_full_band_raw.csv,25,B,0.0016,0.0016,True,0.0,0.0,2.32e-08,B2_subtraction_coefficients,True
slab_full_band_raw.csv,25,q2,0.0228729576473198,0.0228729576473198,True,0.0,0.0,6.57459152946396e-08,B2_subtraction_coefficients,True
slab_full_band_raw.csv,25,mu2q,-0.65148091110169,-0.65148091110169,True,0.0,0.0,1.32296182220338e-06,B2_subtraction_coefficients,True
slab_full_band_raw.csv,25,q2_imag,-4.845590449103452e-05,-4.845590449103452e-05,True,0.0,0.0,2.009691180898207e-08,B2_subtraction_coefficients,True
slab_full_band_raw.csv,26,B,0.0016,0.0016,True,0.0,0.0,2.32e-08,B2_subtraction_coefficients,True
slab_full_band_raw.csv,26,q2,7.609137924859922e-07,7.609137924859922e-07,True,0.0,0.0,2.0001521827584974e-08,B2_subtraction_coefficients,True
slab_full_band_raw.csv,26,mu2q,-0.65148091110169,-0.65148091110169,True,0.0,0.0,1.32296182220338e-06,B2_subtraction_coefficients,True
slab_full_band_raw.csv,26,q2_imag,-6.858467223154317e-07,-6.858467223154317e-07,True,0.0,0.0,2.0001371693444633e-08,B2_subtraction_coefficients,True
slab_full_band_raw.csv,27,B,0.002,0.002,True,0.0,0.0,2.4e-08,B2_subtraction_coefficients,True
slab_full_band_raw.csv,27,q2,0.0503582385236178,0.0503582385236178,True,0.0,0.0,1.207164770472356e-07,B2_subtraction_coefficients,True
slab_full_band_raw.csv,27,mu2q,-0.6507967015845217,-0.6507967015845217,True,0.0,0.0,1.3215934031690435e-06,B2_subtraction_coefficients,True
slab_full_band_raw.csv,27,q2_imag,,,True,0.0,,0.0,matching_missing_value,True
slab_full_band_raw.csv,28,B,0.002,0.002,True,0.0,0.0,2.4e-08,B2_subtraction_coefficients,True
slab_full_band_raw.csv,28,q2,-0.00166439909576,-0.00166439909576,True,0.0,0.0,2.332879819152e-08,B2_subtraction_coefficients,True
slab_full_band_raw.csv,28,mu2q,-0.6507967015845217,-0.6507967015845217,True,0.0,0.0,1.3215934031690435e-06,B2_subtraction_coefficients,True
slab_full_band_raw.csv,28,q2_imag,2.560922109563745e-05,2.560922109563745e-05,True,0.0,0.0,2.0051218442191276e-08,B2_subtraction_coefficients,True
slab_full_band_raw.csv,29,B,0.002,0.002,True,0.0,0.0,2.4e-08,B2_subtraction_coefficients,True
slab_full_band_raw.csv,29,q2,-0.0209256425494699,-0.0209256425494699,True,0.0,0.0,6.185128509893979e-08,B2_subtraction_coefficients,True
slab_full_band_raw.csv,29,mu2q,-0.6507967015845217,-0.6507967015845217,True,0.0,0.0,1.3215934031690435e-06,B2_subtraction_coefficients,True
slab_full_band_raw.csv,29,q2_imag,5.702397537389846e-05,5.702397537389846e-05,True,0.0,0.0,2.0114047950747796e-08,B2_subtraction_coefficients,True
slab_full_band_raw.csv,30,B,0.002,0.002,True,0.0,0.0,2.4e-08,B2_subtraction_coefficients,True
slab_full_band_raw.csv,30,q2,0.0192605630827485,0.0192605630827485,True,0.0,0.0,5.8521126165497e-08,B2_subtraction_coefficients,True
slab_full_band_raw.csv,30,mu2q,-0.6507967015845217,-0.6507967015845217,True,0.0,0.0,1.3215934031690435e-06,B2_subtraction_coefficients,True
slab_full_band_raw.csv,30,q2_imag,-3.0966040060755706e-05,-3.0966040060755706e-05,True,0.0,0.0,2.006193208012151e-08,B2_subtraction_coefficients,True
slab_full_band_raw.csv,31,B,0.002,0.002,True,0.0,0.0,2.4e-08,B2_subtraction_coefficients,True
slab_full_band_raw.csv,31,q2,6.803693382688481e-07,6.803693382688481e-07,True,0.0,0.0,2.000136073867654e-08,B2_subtraction_coefficients,True
slab_full_band_raw.csv,31,mu2q,-0.6507967015845217,-0.6507967015845217,True,0.0,0.0,1.3215934031690435e-06,B2_subtraction_coefficients,True
slab_full_band_raw.csv,31,q2_imag,-4.487141358142971e-07,-4.487141358142971e-07,True,0.0,0.0,2.000089742827163e-08,B2_subtraction_coefficients,True
slab_full_band_raw.csv,32,B,0.002,0.002,True,0.0,0.0,2.4e-08,B2_subtraction_coefficients,True
slab_full_band_raw.csv,32,q2,0.003901764874083,0.003901764874083,True,0.0,0.0,2.7803529748166e-08,B2_subtraction_coefficients,True
slab_full_band_raw.csv,32,mu2q,-0.6507967015845217,-0.6507967015845217,True,0.0,0.0,1.3215934031690435e-06,B2_subtraction_coefficients,True
slab_full_band_raw.csv,32,q2_imag,2.6208406059257383e-05,2.6208406059257383e-05,True,0.0,0.0,2.0052416812118514e-08,B2_subtraction_coefficients,True
slab_full_band_raw.csv,33,B,0.002,0.002,True,0.0,0.0,2.4e-08,B2_subtraction_coefficients,True
slab_full_band_raw.csv,33,q2,-0.0148198065889372,-0.0148198065889372,True,0.0,0.0,4.96396131778744e-08,B2_subtraction_coefficients,True
slab_full_band_raw.csv,33,mu2q,-0.6507967015845217,-0.6507967015845217,True,0.0,0.0,1.3215934031690435e-06,B2_subtraction_coefficients,True
slab_full_band_raw.csv,33,q2_imag,5.762060408685057e-05,5.762060408685057e-05,True,0.0,0.0,2.0115241208173702e-08,B2_subtraction_coefficients,True
slab_full_band_raw.csv,34,B,0.002,0.002,True,0.0,0.0,2.4e-08,B2_subtraction_coefficients,True
slab_full_band_raw.csv,34,q2,0.0187208915963213,0.0187208915963213,True,0.0,0.0,5.74417831926426e-08,B2_subtraction_coefficients,True
slab_full_band_raw.csv,34,mu2q,-0.6507967015845217,-0.6507967015845217,True,0.0,0.0,1.3215934031690435e-06,B2_subtraction_coefficients,True
slab_full_band_raw.csv,34,q2_imag,-3.0963464683134475e-05,-3.0963464683134475e-05,True,0.0,0.0,2.0061926929366268e-08,B2_subtraction_coefficients,True
slab_full_band_raw.csv,35,B,0.002,0.002,True,0.0,0.0,2.4e-08,B2_subtraction_coefficients,True
slab_full_band_raw.csv,35,q2,6.79867516415277e-07,6.79867516415277e-07,True,0.0,0.0,2.000135973503283e-08,B2_subtraction_coefficients,True
slab_full_band_raw.csv,35,mu2q,-0.6507967015845217,-0.6507967015845217,True,0.0,0.0,1.3215934031690435e-06,B2_subtraction_coefficients,True
slab_full_band_raw.csv,35,q2_imag,-4.4873328602612766e-07,-4.4873328602612766e-07,True,0.0,0.0,2.0000897466572053e-08,B2_subtraction_coefficients,True
slab_ky_convergence.csv,0,Nky,12.0,12.0,True,0.0,0.0,0.0,exact_discrete_parameter,True
slab_ky_convergence.csv,0,n2,-0.9062865158428866,-0.9062865158428866,True,0.0,0.0,1.8145730316857733e-05,reconstructed_B0_coefficients,True
slab_ky_convergence.csv,0,mu2,12.370038333692476,12.370038333692476,True,0.0,0.0,0.0002474207666738495,reconstructed_B0_coefficients,True
slab_ky_convergence.csv,0,K2_fixed_mu_real,0.1812993954378398,0.1812993954378398,True,0.0,0.0,3.645987908756796e-06,reconstructed_B0_coefficients,True
slab_ky_convergence.csv,0,K2_fixed_n_real,0.0778277010484667,0.0778277010484667,True,0.0,0.0,1.5765540209693343e-06,reconstructed_B0_coefficients,True
slab_ky_convergence.csv,0,K2_chain_real,0.077827701839291,0.077827701839291,True,0.0,0.0,1.57655403678582e-06,reconstructed_B0_coefficients,True
slab_ky_convergence.csv,0,mu_chain_relative_error,1.008436734117879e-08,1.008436734117879e-08,True,0.0,0.0,1e-06,chain_rule_relative_residual_absolute,True
slab_ky_convergence.csv,0,K_chain_relative_error,1.0161218390484357e-08,1.0161218390484357e-08,True,0.0,0.0,1e-06,chain_rule_relative_residual_absolute,True
slab_ky_convergence.csv,1,Nky,16.0,16.0,True,0.0,0.0,0.0,exact_discrete_parameter,True
slab_ky_convergence.csv,1,n2,1.2864952784644306,1.2864952784644306,True,0.0,0.0,2.5749905569288614e-05,reconstructed_B0_coefficients,True
slab_ky_convergence.csv,1,mu2,-16.075397051789754,-16.075397051789754,True,0.0,0.0,0.0003215279410357951,reconstructed_B0_coefficients,True
slab_ky_convergence.csv,1,K2_fixed_mu_real,-0.1417762978458824,-0.1417762978458824,True,0.0,0.0,2.8555259569176477e-06,reconstructed_B0_coefficients,True
slab_ky_convergence.csv,1,K2_fixed_n_real,-0.0035150039470789,-0.0035150039470789,True,0.0,0.0,9.0300078941578e-08,reconstructed_B0_coefficients,True
slab_ky_convergence.csv,1,K2_chain_real,-0.0035150097409365,-0.0035150097409365,True,0.0,0.0,9.030019481873e-08,reconstructed_B0_coefficients,True
slab_ky_convergence.csv,1,mu_chain_relative_error,6.00662004579533e-08,6.00662004579533e-08,True,0.0,0.0,1e-06,chain_rule_relative_residual_absolute,True
slab_ky_convergence.csv,1,K_chain_relative_error,1.6483217958591058e-06,1.6483217958591058e-06,True,0.0,0.0,1e-06,chain_rule_relative_residual_absolute,True
slab_ky_convergence.csv,2,Nky,24.0,24.0,True,0.0,0.0,0.0,exact_discrete_parameter,True
slab_ky_convergence.csv,2,n2,0.6063793698871782,0.6063793698871782,True,0.0,0.0,1.2147587397743565e-05,reconstructed_B0_coefficients,True
slab_ky_convergence.csv,2,mu2,-7.780014220001152,-7.780014220001152,True,0.0,0.0,0.00015562028440002304,reconstructed_B0_coefficients,True
slab_ky_convergence.csv,2,K2_fixed_mu_real,-0.0464506362345888,-0.0464506362345888,True,0.0,0.0,9.490127246917762e-07,reconstructed_B0_coefficients,True
slab_ky_convergence.csv,2,K2_fixed_n_real,0.0200764481177119,0.0200764481177119,True,0.0,0.0,4.2152896235423806e-07,reconstructed_B0_coefficients,True
slab_ky_convergence.csv,2,K2_chain_real,0.0200764445366294,0.0200764445366294,True,0.0,0.0,4.2152889073258804e-07,reconstructed_B0_coefficients,True
slab_ky_convergence.csv,2,mu_chain_relative_error,7.330759599355474e-08,7.330759599355474e-08,True,0.0,0.0,1e-06,chain_rule_relative_residual_absolute,True
slab_ky_convergence.csv,2,K_chain_relative_error,1.783723120623726e-07,1.783723120623726e-07,True,0.0,0.0,1e-06,chain_rule_relative_residual_absolute,True
slab_ky_convergence.csv,3,Nky,32.0,32.0,True,0.0,0.0,0.0,exact_discrete_parameter,True
slab_ky_convergence.csv,3,n2,0.2602711062643292,0.2602711062643292,True,0.0,0.0,5.225422125286584e-06,reconstructed_B0_coefficients,True
slab_ky_convergence.csv,3,mu2,-3.3584411663209077,-3.3584411663209077,True,0.0,0.0,6.718882332641816e-05,reconstructed_B0_coefficients,True
slab_ky_convergence.csv,3,K2_fixed_mu_real,-0.0150112962332866,-0.0150112962332866,True,0.0,0.0,3.2022592466573204e-07,reconstructed_B0_coefficients,True
slab_ky_convergence.csv,3,K2_fixed_n_real,0.0137002752100573,0.0137002752100573,True,0.0,0.0,2.9400550420114605e-07,reconstructed_B0_coefficients,True
slab_ky_convergence.csv,3,K2_chain_real,0.0137002738549766,0.0137002738549766,True,0.0,0.0,2.9400547709953206e-07,reconstructed_B0_coefficients,True
slab_ky_convergence.csv,3,mu_chain_relative_error,6.524788798145664e-08,6.524788798145664e-08,True,0.0,0.0,1e-06,chain_rule_relative_residual_absolute,True
slab_ky_convergence.csv,3,K_chain_relative_error,9.890901108881853e-08,9.890901108881853e-08,True,0.0,0.0,1e-06,chain_rule_relative_residual_absolute,True
slab_ky_convergence.csv,4,Nky,48.0,48.0,True,0.0,0.0,0.0,exact_discrete_parameter,True
slab_ky_convergence.csv,4,n2,0.0722576435810778,0.0722576435810778,True,0.0,0.0,1.465152871621556e-06,reconstructed_B0_coefficients,True
slab_ky_convergence.csv,4,mu2,-0.9337878444371758,-0.9337878444371758,True,0.0,0.0,1.8695756888743517e-05,reconstructed_B0_coefficients,True
slab_ky_convergence.csv,4,K2_fixed_mu_real,-0.0026069085093381,-0.0026069085093381,True,0.0,0.0,7.2138170186762e-08,reconstructed_B0_coefficients,True
slab_ky_convergence.csv,4,K2_fixed_n_real,0.0053785048059874,0.0053785048059874,True,0.0,0.0,1.2757009611974801e-07,reconstructed_B0_coefficients,True
slab_ky_convergence.csv,4,K2_chain_real,0.005378504758489,0.005378504758489,True,0.0,0.0,1.2757009516978002e-07,reconstructed_B0_coefficients,True
slab_ky_convergence.csv,4,mu_chain_relative_error,7.246160782514721e-09,7.246160782514721e-09,True,0.0,0.0,1e-06,chain_rule_relative_residual_absolute,True
slab_ky_convergence.csv,4,K_chain_relative_error,8.831147118376119e-09,8.831147118376119e-09,True,0.0,0.0,1e-06,chain_rule_relative_residual_absolute,True
slab_ky_convergence.csv,5,Nky,64.0,64.0,True,0.0,0.0,0.0,exact_discrete_parameter,True
slab_ky_convergence.csv,5,n2,0.0505106978057387,0.0505106978057387,True,0.0,0.0,1.0302139561147741e-06,reconstructed_B0_coefficients,True
slab_ky_convergence.csv,5,mu2,-0.6527665030908956,-0.6527665030908956,True,0.0,0.0,1.3075330061817912e-05,reconstructed_B0_coefficients,True
slab_ky_convergence.csv,5,K2_fixed_mu_real,-0.0016764256276443,-0.0016764256276443,True,0.0,0.0,5.3528512552886005e-08,reconstructed_B0_coefficients,True
slab_ky_convergence.csv,5,K2_fixed_n_real,0.0039067090403437,0.0039067090403437,True,0.0,0.0,9.813418080687402e-08,reconstructed_B0_coefficients,True
slab_ky_convergence.csv,5,K2_chain_real,0.0039067090111096,0.0039067090111096,True,0.0,0.0,9.8134180222192e-08,reconstructed_B0_coefficients,True
slab_ky_convergence.csv,5,mu_chain_relative_error,4.11008760359266e-09,4.11008760359266e-09,True,0.0,0.0,1e-06,chain_rule_relative_residual_absolute,True
slab_ky_convergence.csv,5,K_chain_relative_error,7.483045226125118e-09,7.483045226125118e-09,True,0.0,0.0,1e-06,chain_rule_relative_residual_absolute,True
slab_ky_convergence.csv,6,Nky,96.0,96.0,True,0.0,0.0,0.0,exact_discrete_parameter,True
slab_ky_convergence.csv,6,n2,0.0499254957945673,0.0499254957945673,True,0.0,0.0,1.018509915891346e-06,reconstructed_B0_coefficients,True
slab_ky_convergence.csv,6,mu2,-0.6452118615315943,-0.6452118615315943,True,0.0,0.0,1.2924237230631886e-05,reconstructed_B0_coefficients,True
slab_ky_convergence.csv,6,K2_fixed_mu_real,-0.0016260435839485,-0.0016260435839485,True,0.0,0.0,5.252087167897e-08,reconstructed_B0_coefficients,True
slab_ky_convergence.csv,6,K2_fixed_n_real,0.0038923612598485,0.0038923612598485,True,0.0,0.0,9.784722519697e-08,reconstructed_B0_coefficients,True
slab_ky_convergence.csv,6,K2_chain_real,0.0038923611960178,0.0038923611960178,True,0.0,0.0,9.784722392035601e-08,reconstructed_B0_coefficients,True
slab_ky_convergence.csv,6,mu_chain_relative_error,1.0360706070855484e-08,1.0360706070855484e-08,True,0.0,0.0,1e-06,chain_rule_relative_residual_absolute,True
slab_ky_convergence.csv,6,K_chain_relative_error,1.6398970203158358e-08,1.6398970203158358e-08,True,0.0,0.0,1e-06,chain_rule_relative_residual_absolute,True
slab_size_convergence.csv,0,Lx,16.0,16.0,True,0.0,0.0,0.0,exact_discrete_parameter,True
slab_size_convergence.csv,0,Nky,96.0,96.0,True,0.0,0.0,0.0,exact_discrete_parameter,True
slab_size_convergence.csv,0,Nkz,36.0,36.0,True,0.0,0.0,0.0,exact_discrete_parameter,True
slab_size_convergence.csv,0,n2,0.0496515179642612,0.0496515179642612,True,0.0,0.0,1.0130303592852241e-06,reconstructed_B0_coefficients,True
slab_size_convergence.csv,0,mu2,-0.635299417520357,-0.635299417520357,True,0.0,0.0,1.2725988350407141e-05,reconstructed_B0_coefficients,True
slab_size_convergence.csv,0,K2_fixed_mu_real,-0.0023589186914575,-0.0023589186914575,True,0.0,0.0,6.717837382915e-08,reconstructed_B0_coefficients,True
slab_size_convergence.csv,0,K2_fixed_n_real,0.0031356500010773,0.0031356500010773,True,0.0,0.0,8.271300002154601e-08,reconstructed_B0_coefficients,True
slab_size_convergence.csv,0,K2_chain_real,0.0031356499376824,0.0031356499376824,True,0.0,0.0,8.271299875364802e-08,reconstructed_B0_coefficients,True
slab_size_convergence.csv,1,Lx,22.0,22.0,True,0.0,0.0,0.0,exact_discrete_parameter,True
slab_size_convergence.csv,1,Nky,96.0,96.0,True,0.0,0.0,0.0,exact_discrete_parameter,True
slab_size_convergence.csv,1,Nkz,36.0,36.0,True,0.0,0.0,0.0,exact_discrete_parameter,True
slab_size_convergence.csv,1,n2,0.0499254957945673,0.0499254957945673,True,0.0,0.0,1.018509915891346e-06,reconstructed_B0_coefficients,True
slab_size_convergence.csv,1,mu2,-0.6452118615315943,-0.6452118615315943,True,0.0,0.0,1.2924237230631886e-05,reconstructed_B0_coefficients,True
slab_size_convergence.csv,1,K2_fixed_mu_real,-0.0016260435839485,-0.0016260435839485,True,0.0,0.0,5.252087167897e-08,reconstructed_B0_coefficients,True
slab_size_convergence.csv,1,K2_fixed_n_real,0.0038923612598485,0.0038923612598485,True,0.0,0.0,9.784722519697e-08,reconstructed_B0_coefficients,True
slab_size_convergence.csv,1,K2_chain_real,0.0038923611960178,0.0038923611960178,True,0.0,0.0,9.784722392035601e-08,reconstructed_B0_coefficients,True
slab_size_convergence.csv,2,Lx,28.0,28.0,True,0.0,0.0,0.0,exact_discrete_parameter,True
slab_size_convergence.csv,2,Nky,96.0,96.0,True,0.0,0.0,0.0,exact_discrete_parameter,True
slab_size_convergence.csv,2,Nkz,36.0,36.0,True,0.0,0.0,0.0,exact_discrete_parameter,True
slab_size_convergence.csv,2,n2,0.050920208216136,0.050920208216136,True,0.0,0.0,1.0384041643227201e-06,reconstructed_B0_coefficients,True
slab_size_convergence.csv,2,mu2,-0.6621750978214318,-0.6621750978214318,True,0.0,0.0,1.3263501956428637e-05,reconstructed_B0_coefficients,True
slab_size_convergence.csv,2,K2_fixed_mu_real,-0.0012265325021125,-0.0012265325021125,True,0.0,0.0,4.453065004225001e-08,reconstructed_B0_coefficients,True
slab_size_convergence.csv,2,K2_fixed_n_real,0.0043964109225635,0.0043964109225635,True,0.0,0.0,1.0792821845127002e-07,reconstructed_B0_coefficients,True
slab_size_convergence.csv,2,K2_chain_real,0.0043964109401753,0.0043964109401753,True,0.0,0.0,1.0792821880350602e-07,reconstructed_B0_coefficients,True
slab_ward_rpa.csv,0,B,0.0008,0.0008,True,0.0,0.0,2.16e-08,B2_subtraction_coefficients,True
slab_ward_rpa.csv,0,V,0.0,0.0,True,0.0,0.0,2e-08,B2_subtraction_coefficients,True
slab_ward_rpa.csv,0,vertex,1.1038627990074341e-13,1.1038627990074341e-13,True,0.0,0.0,1e-11,Ward_vertex_absolute,True
slab_ward_rpa.csv,0,left,1.2157697084903516e-17,1.2157697084903516e-17,True,0.0,0.0,1e-12,Ward_response_absolute,True
slab_ward_rpa.csv,0,right,1.215080616515955e-17,1.215080616515955e-17,True,0.0,0.0,1e-12,Ward_response_absolute,True
slab_ward_rpa.csv,0,contact_re,0.1085556884177861,0.1085556884177861,True,0.0,0.0,2.3711137683557217e-07,B2_subtraction_coefficients,True
slab_ward_rpa.csv,1,B,0.0008,0.0008,True,0.0,0.0,2.16e-08,B2_subtraction_coefficients,True
slab_ward_rpa.csv,1,V,0.7,0.7,True,0.0,0.0,1.42e-06,B2_subtraction_coefficients,True
slab_ward_rpa.csv,1,vertex,1.1038627990074341e-13,1.1038627990074341e-13,True,0.0,0.0,1e-11,Ward_vertex_absolute,True
slab_ward_rpa.csv,1,left,1.3024084365495073e-17,1.3024084365495073e-17,True,0.0,0.0,1e-12,Ward_response_absolute,True
slab_ward_rpa.csv,1,right,1.2584220235786505e-17,1.2584220235786505e-17,True,0.0,0.0,1e-12,Ward_response_absolute,True
slab_ward_rpa.csv,1,contact_re,0.1085556884177861,0.1085556884177861,True,0.0,0.0,2.3711137683557217e-07,B2_subtraction_coefficients,True
slab_ward_rpa.csv,2,B,0.0008,0.0008,True,0.0,0.0,2.16e-08,B2_subtraction_coefficients,True
slab_ward_rpa.csv,2,V,1.4,1.4,True,0.0,0.0,2.8199999999999997e-06,B2_subtraction_coefficients,True
slab_ward_rpa.csv,2,vertex,1.1038627990074341e-13,1.1038627990074341e-13,True,0.0,0.0,1e-11,Ward_vertex_absolute,True
slab_ward_rpa.csv,2,left,1.2590873952501104e-17,1.2590873952501104e-17,True,0.0,0.0,1e-12,Ward_response_absolute,True
slab_ward_rpa.csv,2,right,1.215286176063849e-17,1.215286176063849e-17,True,0.0,0.0,1e-12,Ward_response_absolute,True
slab_ward_rpa.csv,2,contact_re,0.1085556884177861,0.1085556884177861,True,0.0,0.0,2.3711137683557217e-07,B2_subtraction_coefficients,True
slab_ward_rpa.csv,3,B,0.0012,0.0012,True,0.0,0.0,2.24e-08,B2_subtraction_coefficients,True
slab_ward_rpa.csv,3,V,0.0,0.0,True,0.0,0.0,2e-08,B2_subtraction_coefficients,True
slab_ward_rpa.csv,3,vertex,8.804411224781774e-14,8.804411224781774e-14,True,0.0,0.0,1e-11,Ward_vertex_absolute,True
slab_ward_rpa.csv,3,left,5.647226021491317e-18,5.647226021491317e-18,True,0.0,0.0,1e-12,Ward_response_absolute,True
slab_ward_rpa.csv,3,right,5.6381119164230594e-18,5.6381119164230594e-18,True,0.0,0.0,1e-12,Ward_response_absolute,True
slab_ward_rpa.csv,3,contact_re,0.1085593540228894,0.1085593540228894,True,0.0,0.0,2.3711870804577876e-07,B2_subtraction_coefficients,True
slab_ward_rpa.csv,4,B,0.0012,0.0012,True,0.0,0.0,2.24e-08,B2_subtraction_coefficients,True
slab_ward_rpa.csv,4,V,0.7,0.7,True,0.0,0.0,1.42e-06,B2_subtraction_coefficients,True
slab_ward_rpa.csv,4,vertex,8.804411224781774e-14,8.804411224781774e-14,True,0.0,0.0,1e-11,Ward_vertex_absolute,True
slab_ward_rpa.csv,4,left,5.647226021491317e-18,5.647226021491317e-18,True,0.0,0.0,1e-12,Ward_response_absolute,True
slab_ward_rpa.csv,4,right,5.6381119164230594e-18,5.6381119164230594e-18,True,0.0,0.0,1e-12,Ward_response_absolute,True
slab_ward_rpa.csv,4,contact_re,0.1085593540228894,0.1085593540228894,True,0.0,0.0,2.3711870804577876e-07,B2_subtraction_coefficients,True
slab_ward_rpa.csv,5,B,0.0012,0.0012,True,0.0,0.0,2.24e-08,B2_subtraction_coefficients,True
slab_ward_rpa.csv,5,V,1.4,1.4,True,0.0,0.0,2.8199999999999997e-06,B2_subtraction_coefficients,True
slab_ward_rpa.csv,5,vertex,8.804411224781774e-14,8.804411224781774e-14,True,0.0,0.0,1e-11,Ward_vertex_absolute,True
slab_ward_rpa.csv,5,left,6.08023826287761e-18,6.08023826287761e-18,True,0.0,0.0,1e-12,Ward_response_absolute,True
slab_ward_rpa.csv,5,right,6.071774170509309e-18,6.071774170509309e-18,True,0.0,0.0,1e-12,Ward_response_absolute,True
slab_ward_rpa.csv,5,contact_re,0.1085593540228894,0.1085593540228894,True,0.0,0.0,2.3711870804577876e-07,B2_subtraction_coefficients,True
slab_ward_rpa.csv,6,B,0.0016,0.0016,True,0.0,0.0,2.32e-08,B2_subtraction_coefficients,True
slab_ward_rpa.csv,6,V,0.0,0.0,True,0.0,0.0,2e-08,B2_subtraction_coefficients,True
slab_ward_rpa.csv,6,vertex,9.85878049592658e-14,9.85878049592658e-14,True,0.0,0.0,1e-11,Ward_vertex_absolute,True
slab_ward_rpa.csv,6,left,2.9931050009124004e-17,2.9931050009124004e-17,True,0.0,0.0,1e-12,Ward_response_absolute,True
slab_ward_rpa.csv,6,right,2.99263859284806e-17,2.99263859284806e-17,True,0.0,0.0,1e-12,Ward_response_absolute,True
slab_ward_rpa.csv,6,contact_re,0.1085630179235657,0.1085630179235657,True,0.0,0.0,2.3712603584713138e-07,B2_subtraction_coefficients,True
slab_ward_rpa.csv,7,B,0.0016,0.0016,True,0.0,0.0,2.32e-08,B2_subtraction_coefficients,True
slab_ward_rpa.csv,7,V,0.7,0.7,True,0.0,0.0,1.42e-06,B2_subtraction_coefficients,True
slab_ward_rpa.csv,7,vertex,9.85878049592658e-14,9.85878049592658e-14,True,0.0,0.0,1e-11,Ward_vertex_absolute,True
slab_ward_rpa.csv,7,left,2.949632735703692e-17,2.949632735703692e-17,True,0.0,0.0,1e-12,Ward_response_absolute,True
slab_ward_rpa.csv,7,right,2.9492740438459374e-17,2.9492740438459374e-17,True,0.0,0.0,1e-12,Ward_response_absolute,True
slab_ward_rpa.csv,7,contact_re,0.1085630179235657,0.1085630179235657,True,0.0,0.0,2.3712603584713138e-07,B2_subtraction_coefficients,True
slab_ward_rpa.csv,8,B,0.0016,0.0016,True,0.0,0.0,2.32e-08,B2_subtraction_coefficients,True
slab_ward_rpa.csv,8,V,1.4,1.4,True,0.0,0.0,2.8199999999999997e-06,B2_subtraction_coefficients,True
slab_ward_rpa.csv,8,vertex,9.85878049592658e-14,9.85878049592658e-14,True,0.0,0.0,1e-11,Ward_vertex_absolute,True
slab_ward_rpa.csv,8,left,2.9931050009124004e-17,2.9931050009124004e-17,True,0.0,0.0,1e-12,Ward_response_absolute,True
slab_ward_rpa.csv,8,right,2.9493487749136967e-17,2.9493487749136967e-17,True,0.0,0.0,1e-12,Ward_response_absolute,True
slab_ward_rpa.csv,8,contact_re,0.1085630179235657,0.1085630179235657,True,0.0,0.0,2.3712603584713138e-07,B2_subtraction_coefficients,True
slab_ward_rpa.csv,9,B,0.002,0.002,True,0.0,0.0,2.4e-08,B2_subtraction_coefficients,True
slab_ward_rpa.csv,9,V,0.0,0.0,True,0.0,0.0,2e-08,B2_subtraction_coefficients,True
slab_ward_rpa.csv,9,vertex,8.915091172418564e-14,8.915091172418564e-14,True,0.0,0.0,1e-11,Ward_vertex_absolute,True
slab_ward_rpa.csv,9,left,3.383236332131664e-17,3.383236332131664e-17,True,0.0,0.0,1e-12,Ward_response_absolute,True
slab_ward_rpa.csv,9,right,3.426597767462979e-17,3.426597767462979e-17,True,0.0,0.0,1e-12,Ward_response_absolute,True
slab_ward_rpa.csv,9,contact_re,0.1085666801076307,0.1085666801076307,True,0.0,0.0,2.3713336021526137e-07,B2_subtraction_coefficients,True
slab_ward_rpa.csv,10,B,0.002,0.002,True,0.0,0.0,2.4e-08,B2_subtraction_coefficients,True
slab_ward_rpa.csv,10,V,0.7,0.7,True,0.0,0.0,1.42e-06,B2_subtraction_coefficients,True
slab_ward_rpa.csv,10,vertex,8.915091172418564e-14,8.915091172418564e-14,True,0.0,0.0,1e-11,Ward_vertex_absolute,True
slab_ward_rpa.csv,10,left,3.383236332131664e-17,3.383236332131664e-17,True,0.0,0.0,1e-12,Ward_response_absolute,True
slab_ward_rpa.csv,10,right,3.4265077156557066e-17,3.4265077156557066e-17,True,0.0,0.0,1e-12,Ward_response_absolute,True
slab_ward_rpa.csv,10,contact_re,0.1085666801076307,0.1085666801076307,True,0.0,0.0,2.3713336021526137e-07,B2_subtraction_coefficients,True
slab_ward_rpa.csv,11,B,0.002,0.002,True,0.0,0.0,2.4e-08,B2_subtraction_coefficients,True
slab_ward_rpa.csv,11,V,1.4,1.4,True,0.0,0.0,2.8199999999999997e-06,B2_subtraction_coefficients,True
slab_ward_rpa.csv,11,vertex,8.915091172418564e-14,8.915091172418564e-14,True,0.0,0.0,1e-11,Ward_vertex_absolute,True
slab_ward_rpa.csv,11,left,3.3831451261395105e-17,3.3831451261395105e-17,True,0.0,0.0,1e-12,Ward_response_absolute,True
slab_ward_rpa.csv,11,right,3.426426238171697e-17,3.426426238171697e-17,True,0.0,0.0,1e-12,Ward_response_absolute,True
slab_ward_rpa.csv,11,contact_re,0.1085666801076307,0.1085666801076307,True,0.0,0.0,2.3713336021526137e-07,B2_subtraction_coefficients,True
