F0c,F1c,F0a,F1a,F0x,F1x,s_axial,qbar_crossing,inside_qbar_0p2
1.0,0.0,0.9833333333333333,0.1,0.00833333333333336,-0.05,1.0780360508748599,0.2912072145649581,False
1.0,0.0,1.0,0.1,0.0,-0.05,1.0801571054670476,0.2828908141256411,False
1.0,0.0,1.0166666666666666,0.1,-0.008333333333333304,-0.05,1.082288420419912,0.27524502178743143,False
1.0,0.0,1.0333333333333334,0.1,-0.01666666666666672,-0.05,1.0844295265901178,0.26818430675120203,False
1.0,0.0,1.05,0.1,-0.025000000000000022,-0.05,1.0865799723375489,0.2616376740169871,False
1.0,0.0,1.0666666666666667,0.1,-0.033333333333333326,-0.05,1.088739322865339,0.2555456346672434,False
1.0,0.0,1.0833333333333333,0.1,-0.04166666666666663,-0.05,1.0909071595816269,0.24985791390521744,False
1.0,0.0,1.1,0.1,-0.050000000000000044,-0.05,1.0930830794829551,0.24453169351759713,False
1.0,0.0,1.1166666666666667,0.1,-0.05833333333333335,-0.05,1.095266694559088,0.23953024746664828,False
1.0,0.0,1.1333333333333333,0.1,-0.06666666666666665,-0.05,1.0974576312189632,0.23482187073921204,False
1.0,0.0,1.1500000000000001,0.1,-0.07500000000000007,-0.05,1.099655529737405,0.23037902975650498,False
1.0,0.0,1.1666666666666667,0.1,-0.08333333333333337,-0.05,1.1018600437221826,0.22617768214201528,False
1.0,0.0,1.1833333333333333,0.1,-0.09166666666666667,-0.05,1.1040708396009262,0.2221967273412734,False
1.0,0.0,1.2000000000000002,0.1,-0.10000000000000009,-0.05,1.1062875961274148,0.2184175593484093,False
1.0,0.0,1.2166666666666668,0.1,-0.10833333333333339,-0.05,1.1085100039066935,0.21482369984282232,False
1.0,0.0,1.2333333333333334,0.1,-0.1166666666666667,-0.05,1.1107377649384846,0.21140049519082507,False
1.0,0.0,1.25,0.1,-0.125,-0.05,1.1129705921782518,0.20813486457502087,False
1.0,0.0,1.2666666666666668,0.1,-0.13333333333333341,-0.05,1.1152082091155824,0.20501508935782875,False
1.0,0.0,1.2833333333333334,0.1,-0.14166666666666672,-0.05,1.117450349368914,0.2020306359316643,False
1.0,0.0,1.3,0.1,-0.15000000000000002,-0.05,1.119696756296525,0.199172005939756,True
1.0,0.0,1.3166666666666667,0.1,-0.15833333333333333,-0.05,1.1219471826226686,0.19643060900652484,True
1.0,0.0,1.3333333333333335,0.1,-0.16666666666666674,-0.05,1.124201390078919,0.1937986540848681,True
1.0,0.0,1.35,0.1,-0.17500000000000004,-0.05,1.1264591490596099,0.19126905628561466,True
1.0,0.0,1.3666666666666667,0.1,-0.18333333333333335,-0.05,1.1287202382911659,0.1888353566471922,True
1.0,0.0,1.3833333333333333,0.1,-0.19166666666666665,-0.05,1.1309844445146828,0.18649165277372126,True
1.0,0.0,1.4000000000000001,0.1,-0.20000000000000007,-0.05,1.133251562181263,0.18423253864317915,True
1.0,0.0,1.4166666666666667,0.1,-0.20833333333333337,-0.05,1.1355213931596049,0.18205305218635265,True
1.0,0.0,1.4333333333333333,0.1,-0.21666666666666667,-0.05,1.137793746455294,0.17994862947809245,True
1.0,0.0,1.45,0.1,-0.22499999999999998,-0.05,1.1400684379416257,0.17791506457689094,True
1.0,0.0,0.9,0.12873563218390804,0.04999999999999999,-0.06436781609195402,1.077694229664333,0.2926210472356864,False
1.0,0.0,0.9166666666666666,0.12873563218390804,0.041666666666666685,-0.06436781609195402,1.0798548420216203,0.284030358349956,False
1.0,0.0,0.9333333333333333,0.12873563218390804,0.033333333333333326,-0.06436781609195402,1.0820264833609194,0.276149711632138,False
1.0,0.0,0.95,0.12873563218390804,0.025000000000000022,-0.06436781609195402,1.084208649745881,0.2688864012153176,False
1.0,0.0,0.9666666666666667,0.12873563218390804,0.016666666666666663,-0.06436781609195402,1.086400855994338,0.2621638323191201,False
1.0,0.0,0.9833333333333333,0.12873563218390804,0.00833333333333336,-0.06436781609195402,1.0886026349859785,0.2559180907964495,False
1.0,0.0,1.0,0.12873563218390804,0.0,-0.06436781609195402,1.090813536990927,0.25009536522818887,False
1.0,0.0,1.0166666666666666,0.12873563218390804,-0.008333333333333304,-0.06436781609195402,1.093033129019401,0.2446499819631116,False
1.0,0.0,1.0333333333333334,0.12873563218390804,-0.01666666666666672,-0.06436781609195402,1.09526099419247,0.2395428879851398,False
1.0,0.0,1.05,0.12873563218390804,-0.025000000000000022,-0.06436781609195402,1.097496731133847,0.23474046577516783,False
1.0,0.0,1.0666666666666667,0.12873563218390804,-0.033333333333333326,-0.06436781609195402,1.0997399533825123,0.23021359758452362,False
1.0,0.0,1.0833333333333333,0.12873563218390804,-0.04166666666666663,-0.06436781609195402,1.10199028882591,0.2259369193679631,False
1.0,0.0,1.1,0.12873563218390804,-0.050000000000000044,-0.06436781609195402,1.1042473791533562,0.2218882205554967,False
1.0,0.0,1.1166666666666667,0.12873563218390804,-0.05833333333333335,-0.06436781609195402,1.1065108793292777,0.218047957124533,False
1.0,0.0,1.1333333333333333,0.12873563218390804,-0.06666666666666665,-0.06436781609195402,1.108780457085829,0.21439885353314037,False
1.0,0.0,1.1500000000000001,0.12873563218390804,-0.07500000000000007,-0.06436781609195402,1.1110557924344244,0.2109255749628793,False
1.0,0.0,1.1666666666666667,0.12873563218390804,-0.08333333333333337,-0.06436781609195402,1.113336577195614,0.20761445564988118,False
1.0,0.0,1.1833333333333333,0.12873563218390804,-0.09166666666666667,-0.06436781609195402,1.1156225145469736,0.20445327230163365,False
1.0,0.0,1.2000000000000002,0.12873563218390804,-0.10000000000000009,-0.06436781609195402,1.1179133185881551,0.201431054015145,False
1.0,0.0,1.2166666666666668,0.12873563218390804,-0.10833333333333339,-0.06436781609195402,1.1202087139228876,0.19853792194377315,True
1.0,0.0,1.2333333333333334,0.12873563218390804,-0.1166666666666667,-0.06436781609195402,1.122508435257122,0.1957649533623205,True
1.0,0.0,1.25,0.12873563218390804,-0.125,-0.06436781609195402,1.124812227012966,0.1931040658600309,True
1.0,0.0,1.2666666666666668,0.12873563218390804,-0.13333333333333341,-0.06436781609195402,1.1271198429577194,0.19054791823133907,True
1.0,0.0,1.2833333333333334,0.12873563218390804,-0.14166666666666672,-0.06436781609195402,1.1294310458475558,0.18808982529131554,True
1.0,0.0,1.3,0.12873563218390804,-0.15000000000000002,-0.06436781609195402,1.1317456070852945,0.18572368436102618,True
1.0,0.0,1.3166666666666667,0.12873563218390804,-0.15833333333333333,-0.06436781609195402,1.134063306391743,0.18344391157908774,True
1.0,0.0,1.3333333333333335,0.12873563218390804,-0.16666666666666674,-0.06436781609195402,1.136383931490043,0.18124538652389763,True
1.0,0.0,1.35,0.12873563218390804,-0.17500000000000004,-0.06436781609195402,1.1387072778028515,0.17912340389415346,True
1.0,0.0,1.3666666666666667,0.12873563218390804,-0.18333333333333335,-0.06436781609195402,1.1410331481610376,0.17707363120911218,True
1.0,0.0,1.3833333333333333,0.12873563218390804,-0.19166666666666665,-0.06436781609195402,1.143361352524645,0.17509207166079693,True
1.0,0.0,1.4000000000000001,0.12873563218390804,-0.20000000000000007,-0.06436781609195402,1.1456917077145632,0.17317503139340337,True
1.0,0.0,1.4166666666666667,0.12873563218390804,-0.20833333333333337,-0.06436781609195402,1.1480240371550683,0.17131909059902797,True
1.0,0.0,1.4333333333333333,0.12873563218390804,-0.21666666666666667,-0.06436781609195402,1.1503581706266202,0.1695210779146638,True
1.0,0.0,1.45,0.12873563218390804,-0.22499999999999998,-0.06436781609195402,1.152693944028524,0.16777804768384083,True
1.0,0.0,0.8166666666666667,0.1574712643678161,0.09166666666666667,-0.07873563218390806,1.0768130218610794,0.2963681758666757,False
1.0,0.0,0.8333333333333333,0.1574712643678161,0.08333333333333337,-0.07873563218390806,1.0790094956530698,0.28729591069622157,False
1.0,0.0,0.85,0.1574712643678161,0.07500000000000001,-0.07873563218390806,1.0812179311809729,0.2790026538575892,False
1.0,0.0,0.8666666666666666,0.1574712643678161,0.06666666666666671,-0.07873563218390806,1.0834377835274027,0.27138295014724584,False
1.0,0.0,0.8833333333333333,0.1574712643678161,0.05833333333333335,-0.07873563218390806,1.0856685279762301,0.2643503126006639,False
1.0,0.0,0.9,0.1574712643678161,0.04999999999999999,-0.07873563218390806,1.0879096592864956,0.25783304907272936,False
1.0,0.0,0.9166666666666666,0.1574712643678161,0.041666666666666685,-0.07873563218390806,1.0901606909856805,0.25177115898590846,False
1.0,0.0,0.9333333333333333,0.1574712643678161,0.033333333333333326,-0.07873563218390806,1.0924211546828904,0.24611399034353784,False
1.0,0.0,0.95,0.1574712643678161,0.025000000000000022,-0.07873563218390806,1.0946905994023395,0.24081844624778678,False
1.0,0.0,0.9666666666666667,0.1574712643678161,0.016666666666666663,-0.07873563218390806,1.0969685909373526,0.23584759482591638,False
1.0,0.0,0.9833333333333333,0.1574712643678161,0.00833333333333336,-0.07873563218390806,1.09925471122494,0.23116957952948047,False
1.0,0.0,1.0,0.1574712643678161,0.0,-0.07873563218390806,1.1015485577409272,0.22675675599067158,False
1.0,0.0,1.0166666666666666,0.1574712643678161,-0.008333333333333304,-0.07873563218390806,1.103849742915427,0.22258500179016433,False
1.0,0.0,1.0333333333333334,0.1574712643678161,-0.01666666666666672,-0.07873563218390806,1.1061578935684702,0.21863315963345875,False
1.0,0.0,1.05,0.1574712643678161,-0.025000000000000022,-0.07873563218390806,1.1084726503654503,0.2148825844933084,False
1.0,0.0,1.0666666666666667,0.1574712643678161,-0.033333333333333326,-0.07873563218390806,1.1107936672920447,0.21131677252754696,False
1.0,0.0,1.0833333333333333,0.1574712643678161,-0.04166666666666663,-0.07873563218390806,1.1131206111480954,0.20792105487357837,False
1.0,0.0,1.1,0.1574712643678161,-0.050000000000000044,-0.07873563218390806,1.1154531610603011,0.20468234332576843,False
1.0,0.0,1.1166666666666667,0.1574712643678161,-0.05833333333333335,-0.07873563218390806,1.117791008012746,0.20158891781627924,False
1.0,0.0,1.1333333333333333,0.1574712643678161,-0.06666666666666665,-0.07873563218390806,1.1201338543953065,0.1986302478126879,True
1.0,0.0,1.1500000000000001,0.1574712643678161,-0.07500000000000007,-0.07873563218390806,1.122481413568973,0.1957968414153851,True
1.0,0.0,1.1666666666666667,0.1574712643678161,-0.08333333333333337,-0.07873563218390806,1.124833409447943,0.19308011721579652,True
1.0,0.0,1.1833333333333333,0.1574712643678161,-0.09166666666666667,-0.07873563218390806,1.1271895760976596,0.19047229496625426,True
1.0,0.0,1.2000000000000002,0.1574712643678161,-0.10000000000000009,-0.07873563218390806,1.1295496573484414,0.18796630188200394,True
1.0,0.0,1.2166666666666668,0.1574712643678161,-0.10833333333333339,-0.07873563218390806,1.1319134064241207,0.18555569200047844,True
1.0,0.0,1.2333333333333334,0.1574712643678161,-0.1166666666666667,-0.07873563218390806,1.1342805855851825,0.18323457650021494,True
1.0,0.0,1.25,0.1574712643678161,-0.125,-0.07873563218390806,1.13665096578582,0.18099756326135547,True
1.0,0.0,1.2666666666666668,0.1574712643678161,-0.13333333333333341,-0.07873563218390806,1.1390243263447253,0.17883970425279344,True
1.0,0.0,1.2833333333333334,0.1574712643678161,-0.14166666666666672,-0.07873563218390806,1.1414004546283458,0.1767564495761936,True
1.0,0.0,1.3,0.1574712643678161,-0.15000000000000002,-0.07873563218390806,1.1437791457472093,0.17474360719281962,True
1.0,0.0,1.3166666666666667,0.1574712643678161,-0.15833333333333333,-0.07873563218390806,1.1461602022638926,0.1727973075215458,True
1.0,0.0,1.3333333333333335,0.1574712643678161,-0.16666666666666674,-0.07873563218390806,1.1485434339126828,0.1709139722262256,True
1.0,0.0,1.35,0.1574712643678161,-0.17500000000000004,-0.07873563218390806,1.150928657330328,0.16909028661887668,True
1.0,0.0,1.3666666666666667,0.1574712643678161,-0.18333333333333335,-0.07873563218390806,1.1533156957974633,0.16732317519376075,True
1.0,0.0,1.3833333333333333,0.1574712643678161,-0.19166666666666665,-0.07873563218390806,1.1557043789902925,0.1656097798809823,True
1.0,0.0,1.4000000000000001,0.1574712643678161,-0.20000000000000007,-0.07873563218390806,1.1580945427421139,0.1639474406693687,True
1.0,0.0,1.4166666666666667,0.1574712643678161,-0.20833333333333337,-0.07873563218390806,1.1604860288142995,0.16233367829943454,True
1.0,0.0,1.4333333333333333,0.1574712643678161,-0.21666666666666667,-0.07873563218390806,1.1628786846763493,0.16076617877000038,True
1.0,0.0,1.45,0.1574712643678161,-0.22499999999999998,-0.07873563218390806,1.165272363294648,0.15924277943801343,True
1.0,0.0,0.75,0.18620689655172415,0.125,-0.09310344827586207,1.077634995067382,0.29286826015656386,False
1.0,0.0,0.7666666666666666,0.18620689655172415,0.1166666666666667,-0.09310344827586207,1.0798762235427195,0.28394927282312654,False
1.0,0.0,0.7833333333333333,0.18620689655172415,0.10833333333333334,-0.09310344827586207,1.0821299388379133,0.2757912728749758,False
1.0,0.0,0.7999999999999999,0.18620689655172415,0.10000000000000003,-0.09310344827586207,1.0843955700586663,0.2682918673060292,False
1.0,0.0,0.8166666666666667,0.18620689655172415,0.09166666666666667,-0.09310344827586207,1.0866725673976496,0.261366976163133,False
1.0,0.0,0.8333333333333333,0.18620689655172415,0.08333333333333337,-0.09310344827586207,1.0889604013927479,0.25494682485622455,False
1.0,0.0,0.85,0.18620689655172415,0.07500000000000001,-0.09310344827586207,1.0912585622031157,0.24897295890865634,False
1.0,0.0,0.8666666666666666,0.18620689655172415,0.06666666666666671,-0.09310344827586207,1.0935665589038974,0.2433959865040809,False
1.0,0.0,0.8833333333333333,0.18620689655172415,0.05833333333333335,-0.09310344827586207,1.0958839188002407,0.23817384800893365,False
1.0,0.0,0.9,0.18620689655172415,0.04999999999999999,-0.09310344827586207,1.0982101867610585,0.23327047298931472,False
1.0,0.0,0.9166666666666666,0.18620689655172415,0.041666666666666685,-0.09310344827586207,1.1005449245727947,0.22865472617618657,False
1.0,0.0,0.9333333333333333,0.18620689655172415,0.033333333333333326,-0.09310344827586207,1.1028877103133226,0.22429957166404307,False
1.0,0.0,0.95,0.18620689655172415,0.025000000000000022,-0.09310344827586207,1.1052381377459555,0.2201814038740916,False
1.0,0.0,0.9666666666666667,0.18620689655172415,0.016666666666666663,-0.09310344827586207,1.1075958157334742,0.21627950732986043,False
1.0,0.0,0.9833333333333333,0.18620689655172415,0.00833333333333336,-0.09310344827586207,1.1099603676719485,0.21257561692281307,False
1.0,0.0,1.0,0.18620689655172415,0.0,-0.09310344827586207,1.112331430944217,0.20905355729624178,False
1.0,0.0,1.0166666666666666,0.18620689655172415,-0.008333333333333304,-0.09310344827586207,1.114708656392288,0.20569894505523925,False
1.0,0.0,1.0333333333333334,0.18620689655172415,-0.01666666666666672,-0.09310344827586207,1.1170917078089866,0.20249894126166987,False
1.0,0.0,1.05,0.18620689655172415,-0.025000000000000022,-0.09310344827586207,1.119480261447695,0.199442044477518,True
1.0,0.0,1.0666666666666667,0.18620689655172415,-0.033333333333333326,-0.09310344827586207,1.1218740055502143,0.1965179167312255,True
1.0,0.0,1.0833333333333333,0.18620689655172415,-0.04166666666666663,-0.09310344827586207,1.124272639892096,0.1937172363905725,True
1.0,0.0,1.1,0.18620689655172415,-0.050000000000000044,-0.09310344827586207,1.1266758753449935,0.19103157315948716,True
1.0,0.0,1.1166666666666667,0.18620689655172415,-0.05833333333333335,-0.09310344827586207,1.1290834334555306,0.18845328137107464,True
1.0,0.0,1.1333333333333333,0.18620689655172415,-0.06666666666666665,-0.09310344827586207,1.1314950460401816,0.18597540849354469,True
1.0,0.0,1.1500000000000001,0.18620689655172415,-0.07500000000000007,-0.09310344827586207,1.133910454795654,0.1835916163501724,True
1.0,0.0,1.1666666666666667,0.18620689655172415,-0.08333333333333337,-0.09310344827586207,1.136329410924204,0.18129611301647228,True
1.0,0.0,1.1833333333333333,0.18620689655172415,-0.09166666666666667,-0.09310344827586207,1.138751674773704,0.17908359372490684,True
1.0,0.0,1.2000000000000002,0.18620689655172415,-0.10000000000000009,-0.09310344827586207,1.1411770154911398,0.17694918940265628,True
1.0,0.0,1.2166666666666668,0.18620689655172415,-0.10833333333333339,-0.09310344827586207,1.14360521069024,0.17488842170280078,True
1.0,0.0,1.2333333333333334,0.18620689655172415,-0.1166666666666667,-0.09310344827586207,1.146036046131671,0.1728971635830022,True
1.0,0.0,1.25,0.18620689655172415,-0.125,-0.09310344827586207,1.1484693154159178,0.17097160464003158,True
1.0,0.0,1.2666666666666668,0.18620689655172415,-0.13333333333333341,-0.09310344827586207,1.1509048196881966,0.16910822053662788,True
1.0,0.0,1.2833333333333334,0.18620689655172415,-0.14166666666666672,-0.09310344827586207,1.1533423673549694,0.16730374596160652,True
1.0,0.0,1.3,0.18620689655172415,-0.15000000000000002,-0.09310344827586207,1.1557817738116218,0.16555515065047838,True
1.0,0.0,1.3166666666666667,0.18620689655172415,-0.15833333333333333,-0.09310344827586207,1.158222861180868,0.16385961806536467,True
1.0,0.0,1.3333333333333335,0.18620689655172415,-0.16666666666666674,-0.09310344827586207,1.1606654580614708,0.1622145263924857,True
1.0,0.0,1.35,0.18620689655172415,-0.17500000000000004,-0.09310344827586207,1.1631093992868675,0.1606174315651981,True
1.0,0.0,1.3666666666666667,0.18620689655172415,-0.18333333333333335,-0.09310344827586207,1.165554525693316,0.15906605206220498,True
1.0,0.0,1.3833333333333333,0.18620689655172415,-0.19166666666666665,-0.09310344827586207,1.1680006838972012,0.15755825526560613,True
1.0,0.0,1.4000000000000001,0.18620689655172415,-0.20000000000000007,-0.09310344827586207,1.1704477260810051,0.15609204519313286,True
1.0,0.0,1.4166666666666667,0.18620689655172415,-0.20833333333333337,-0.09310344827586207,1.1728955097879175,0.15466555144369304,True
1.0,0.0,1.4333333333333333,0.18620689655172415,-0.21666666666666667,-0.09310344827586207,1.1753438977243134,0.15327701921712195,True
1.0,0.0,1.45,0.18620689655172415,-0.22499999999999998,-0.09310344827586207,1.1777927575700335,0.15192480028674882,True
1.0,0.0,0.6833333333333333,0.2149425287356322,0.15833333333333333,-0.1074712643678161,1.0780170807197624,0.291285114598772,False
1.0,0.0,0.7,0.2149425287356322,0.15000000000000002,-0.1074712643678161,1.0803002749379402,0.282356068757346,False
1.0,0.0,0.7166666666666667,0.2149425287356322,0.14166666666666666,-0.1074712643678161,1.082596603987145,0.27419247911339545,False
1.0,0.0,0.7333333333333333,0.2149425287356322,0.13333333333333336,-0.1074712643678161,1.0849054663213504,0.26669089213036595,False
1.0,0.0,0.75,0.2149425287356322,0.125,-0.1074712643678161,1.0872262825156116,0.2597664365666801,False
1.0,0.0,0.7666666666666666,0.2149425287356322,0.1166666666666667,-0.1074712643678161,1.0895584945076087,0.25334874007692765,False
1.0,0.0,0.7833333333333333,0.2149425287356322,0.10833333333333334,-0.1074712643678161,1.0919015648548909,0.24737889168593213,False
1.0,0.0,0.7999999999999999,0.2149425287356322,0.10000000000000003,-0.1074712643678161,1.0942549760090963,0.2418071475984296,False
1.0,0.0,0.8166666666666667,0.2149425287356322,0.09166666666666667,-0.1074712643678161,1.0966182296080966,0.2365911744929731,False
1.0,0.0,0.8333333333333333,0.2149425287356322,0.08333333333333337,-0.1074712643678161,1.0989908457868098,0.23169468754362385,False
1.0,0.0,0.85,0.2149425287356322,0.07500000000000001,-0.1074712643678161,1.101372362507192,0.2270863824492423,False
1.0,0.0,0.8666666666666666,0.2149425287356322,0.06666666666666671,-0.1074712643678161,1.1037623349077577,0.22273908928682634,False
1.0,0.0,0.8833333333333333,0.2149425287356322,0.05833333333333335,-0.1074712643678161,1.106160334672806,0.21862909571169944,False
1.0,0.0,0.9,0.2149425287356322,0.04999999999999999,-0.1074712643678161,1.1085659494214228,0.21473560085015134,False
1.0,0.0,0.9166666666666666,0.2149425287356322,0.041666666666666685,-0.1074712643678161,1.1109787821162151,0.2110402710661875,False
1.0,0.0,0.9333333333333333,0.2149425287356322,0.033333333333333326,-0.1074712643678161,1.1133984504915304,0.20752687587653082,False
1.0,0.0,0.95,0.2149425287356322,0.025000000000000022,-0.1074712643678161,1.1158245865012548,0.20418098746425276,False
1.0,0.0,0.9666666666666667,0.2149425287356322,0.016666666666666663,-0.1074712643678161,1.1182568357853808,0.20098973106445533,False
1.0,0.0,0.9833333333333333,0.2149425287356322,0.00833333333333336,-0.1074712643678161,1.120694857155536,0.19794157634519813,True
1.0,0.0,1.0,0.2149425287356322,0.0,-0.1074712643678161,1.1231383220987312,0.1950261620564988,True
1.0,0.0,1.0166666666666666,0.2149425287356322,-0.008333333333333304,-0.1074712643678161,1.1255869142991195,0.1922341478530127,True
1.0,0.0,1.0333333333333334,0.2149425287356322,-0.01666666666666672,-0.1074712643678161,1.1280403291771817,0.1895570884493649,True
1.0,0.0,1.05,0.2149425287356322,-0.025000000000000022,-0.1074712643678161,1.130498273445971,0.1869873262355626,True
1.0,0.0,1.0666666666666667,0.2149425287356322,-0.033333333333333326,-0.1074712643678161,1.1329604646838958,0.184517899234824,True
1.0,0.0,1.0833333333333333,0.2149425287356322,-0.04166666666666663,-0.1074712643678161,1.1354266309235652,0.1821424618783281,True
1.0,0.0,1.1,0.2149425287356322,-0.050000000000000044,-0.1074712643678161,1.1378965102561287,0.1798552165393596,True
1.0,0.0,1.1166666666666667,0.2149425287356322,-0.05833333333333335,-0.1074712643678161,1.1403698504509374,0.17765085414094708,True
1.0,0.0,1.1333333333333333,0.2149425287356322,-0.06666666666666665,-0.1074712643678161,1.1428464085893923,0.17552450244956067,True
1.0,0.0,1.1500000000000001,0.2149425287356322,-0.07500000000000007,-0.1074712643678161,1.1453259507131943,0.17347168090556825,True
1.0,0.0,1.1666666666666667,0.2149425287356322,-0.08333333333333337,-0.1074712643678161,1.1478082514860564,0.17148826103588974,True
1.0,0.0,1.1833333333333333,0.2149425287356322,-0.09166666666666667,-0.1074712643678161,1.1502930938685596,0.16957043165116842,True
1.0,0.0,1.2000000000000002,0.2149425287356322,-0.10000000000000009,-0.1074712643678161,1.1527802688056508,0.16771466815862804,True
1.0,0.0,1.2166666666666668,0.2149425287356322,-0.10833333333333339,-0.1074712643678161,1.155269574926327,0.16591770542737933,True
1.0,0.0,1.2333333333333334,0.2149425287356322,-0.1166666666666667,-0.1074712643678161,1.1577608182550545,0.16417651373006487,True
1.0,0.0,1.25,0.2149425287356322,-0.125,-0.1074712643678161,1.1602538119344767,0.16248827735688542,True
1.0,0.0,1.2666666666666668,0.2149425287356322,-0.13333333333333341,-0.1074712643678161,1.1627483759589912,0.16085037555804133,True
1.0,0.0,1.2833333333333334,0.2149425287356322,-0.14166666666666672,-0.1074712643678161,1.16524433691877,0.15926036552073636,True
1.0,0.0,1.3,0.2149425287356322,-0.15000000000000002,-0.1074712643678161,1.1677415277538483,0.15771596712885025,True
1.0,0.0,1.3166666666666667,0.2149425287356322,-0.15833333333333333,-0.1074712643678161,1.1702397875177653,0.156215049288791,True
1.0,0.0,1.3333333333333335,0.2149425287356322,-0.16666666666666674,-0.1074712643678161,1.1727389611506733,0.1547556176345901,True
1.0,0.0,1.35,0.2149425287356322,-0.17500000000000004,-0.1074712643678161,1.175238899261163,0.15333580345095651,True
1.0,0.0,1.3666666666666667,0.2149425287356322,-0.18333333333333335,-0.1074712643678161,1.1777394579166773,0.15195385367406727,True
1.0,0.0,1.3833333333333333,0.2149425287356322,-0.19166666666666665,-0.1074712643678161,1.1802404984424286,0.1506081218481531,True
1.0,0.0,1.4000000000000001,0.2149425287356322,-0.20000000000000007,-0.1074712643678161,1.1827418872275866,0.1492970599321865,True
1.0,0.0,1.4166666666666667,0.2149425287356322,-0.20833333333333337,-0.1074712643678161,1.1852434955396398,0.14801921086318887,True
1.0,0.0,1.4333333333333333,0.2149425287356322,-0.21666666666666667,-0.1074712643678161,1.187745199345713,0.14677320179536066,True
1.0,0.0,1.45,0.2149425287356322,-0.22499999999999998,-0.1074712643678161,1.1902468791409508,0.14555773794342566,True
1.0,0.0,0.6166666666666666,0.24367816091954023,0.1916666666666667,-0.12183908045977011,1.0779664869776426,0.29149319720605615,False
1.0,0.0,0.6333333333333333,0.24367816091954023,0.18333333333333335,-0.12183908045977011,1.080288665139619,0.28239931320637357,False
1.0,0.0,0.65,0.24367816091954023,0.175,-0.12183908045977011,1.0826247585098159,0.27409695429500774,False
1.0,0.0,0.6666666666666666,0.24367816091954023,0.16666666666666669,-0.12183908045977011,1.0849741299411066,0.26647759518176245,False
1.0,0.0,0.6833333333333333,0.24367816091954023,0.15833333333333333,-0.12183908045977011,1.08733616558611,0.25945247274415534,False
1.0,0.0,0.7,0.24367816091954023,0.15000000000000002,-0.12183908045977011,1.0897102741227325,0.2529481862589726,False
1.0,0.0,0.7166666666666667,0.24367816091954023,0.14166666666666666,-0.12183908045977011,1.0920958859925691,0.24690343867402936,False
1.0,0.0,0.7333333333333333,0.24367816091954023,0.13333333333333336,-0.12183908045977011,1.0944924526539368,0.24126658489724892,False
1.0,0.0,0.75,0.24367816091954023,0.125,-0.12183908045977011,1.0968994458508958,0.2359937610534695,False
1.0,0.0,0.7666666666666666,0.24367816091954023,0.1166666666666667,-0.12183908045977011,1.099316356899392,0.23104743870727,False
1.0,0.0,0.7833333333333333,0.24367816091954023,0.10833333333333334,-0.12183908045977011,1.1017426959913534,0.22639529447172027,False
1.0,0.0,0.7999999999999999,0.24367816091954023,0.10000000000000003,-0.12183908045977011,1.1041779915173788,0.22200931678510802,False
1.0,0.0,0.8166666666666667,0.24367816091954023,0.09166666666666667,-0.12183908045977011,1.1066217894084531,0.21786509320028935,False
1.0,0.0,0.8333333333333333,0.24367816091954023,0.08333333333333337,-0.12183908045977011,1.1090736524969758,0.21394123659540978,False
1.0,0.0,0.85,0.24367816091954023,0.07500000000000001,-0.12183908045977011,1.111533159897244,0.21021891939448772,False
1.0,0.0,0.8666666666666666,0.24367816091954023,0.06666666666666671,-0.12183908045977011,1.1139999064053538,0.2066814925608745,False
1.0,0.0,0.8833333333333333,0.24367816091954023,0.05833333333333335,-0.12183908045977011,1.1164735019186263,0.20331417171031374,False
1.0,0.0,0.9,0.24367816091954023,0.04999999999999999,-0.12183908045977011,1.118953570874082,0.20010377680141903,False
1.0,0.0,0.9166666666666666,0.24367816091954023,0.041666666666666685,-0.12183908045977011,1.1214397517060621,0.1970385149187142,True
1.0,0.0,0.9333333333333333,0.24367816091954023,0.033333333333333326,-0.12183908045977011,1.1239316963223642,0.19410779796268113,True
1.0,0.0,0.95,0.24367816091954023,0.025000000000000022,-0.12183908045977011,1.1264290695990666,0.1913020888036986,True
1.0,0.0,0.9666666666666667,0.24367816091954023,0.016666666666666663,-0.12183908045977011,1.1289315488928962,0.18861277079255298,True
1.0,0.0,0.9833333333333333,0.24367816091954023,0.00833333333333336,-0.12183908045977011,1.1314388235714792,0.18603203654784925,True
1.0,0.0,1.0,0.24367816091954023,0.0,-0.12183908045977011,1.1339505945605917,0.18355279274256894,True
1.0,0.0,1.0166666666666666,0.24367816091954023,-0.008333333333333304,-0.12183908045977011,1.1364665739080388,0.18116857823831595,True
1.0,0.0,1.0333333333333334,0.24367816091954023,-0.01666666666666672,-0.12183908045977011,1.138986484363987,0.17887349341008002,True
1.0,0.0,1.05,0.24367816091954023,-0.025000000000000022,-0.12183908045977011,1.1415100589765093,0.17666213889779436,True
1.0,0.0,1.0666666666666667,0.24367816091954023,-0.033333333333333326,-0.12183908045977011,1.1440370407029539,0.1745295623326656,True
1.0,0.0,1.0833333333333333,0.24367816091954023,-0.04166666666666663,-0.12183908045977011,1.1465671820356802,0.17247121183997272,True
1.0,0.0,1.1,0.24367816091954023,-0.050000000000000044,-0.12183908045977011,1.149100244642209,0.17048289532202393,True
1.0,0.0,1.1166666666666667,0.24367816091954023,-0.05833333333333335,-0.12183908045977011,1.1516359990191436,0.16856074469075077,True
1.0,0.0,1.1333333333333333,0.24367816091954023,-0.06666666666666665,-0.12183908045977011,1.154174224159412,0.16670118435403333,True
1.0,0.0,1.1500000000000001,0.24367816091954023,-0.07500000000000007,-0.12183908045977011,1.156714707232356,0.16490090337038948,True
1.0,0.0,1.1666666666666667,0.24367816091954023,-0.08333333333333337,-0.12183908045977011,1.1592572432762158,0.16315683077769016,True
1.0,0.0,1.1833333333333333,0.24367816091954023,-0.09166666666666667,-0.12183908045977011,1.1618016349025533,0.16146611367688626,True
1.0,0.0,1.2000000000000002,0.24367816091954023,-0.10000000000000009,-0.12183908045977011,1.164347692012178,0.15982609771429274,True
1.0,0.0,1.2166666666666668,0.24367816091954023,-0.10833333333333339,-0.12183908045977011,1.1668952315221452,0.15823430965816737,True
1.0,0.0,1.2333333333333334,0.24367816091954023,-0.1166666666666667,-0.12183908045977011,1.169444077103428,0.15668844180899447,True
1.0,0.0,1.25,0.24367816091954023,-0.125,-0.12183908045977011,1.1719940589287463,0.15518633801968124,True
1.0,0.0,1.2666666666666668,0.24367816091954023,-0.13333333333333341,-0.12183908045977011,1.1745450134304276,0.15372598113260072,True
1.0,0.0,1.2833333333333334,0.24367816091954023,-0.14166666666666672,-0.12183908045977011,1.1770967830675674,0.15230548166698404,True
1.0,0.0,1.3,0.24367816091954023,-0.15000000000000002,-0.12183908045977011,1.179649216102318,0.1509230676120618,True
1.0,0.0,1.3166666666666667,0.24367816091954023,-0.15833333333333333,-0.12183908045977011,1.1822021663852142,0.14957707520027516,True
1.0,0.0,1.3333333333333335,0.24367816091954023,-0.16666666666666674,-0.12183908045977011,1.1847554931482944,0.14826594055166137,True
1.0,0.0,1.35,0.24367816091954023,-0.17500000000000004,-0.12183908045977011,1.1873090608068504,0.14698819209325267,True
1.0,0.0,1.3666666666666667,0.24367816091954023,-0.18333333333333335,-0.12183908045977011,1.189862738768723,0.14574244367027187,True
1.0,0.0,1.3833333333333333,0.24367816091954023,-0.19166666666666665,-0.12183908045977011,1.192416401251002,0.1445273882756325,True
1.0,0.0,1.4000000000000001,0.24367816091954023,-0.20000000000000007,-0.12183908045977011,1.194969927103898,0.14334179233316272,True
1.0,0.0,1.4166666666666667,0.24367816091954023,-0.20833333333333337,-0.12183908045977011,1.1975231996414701,0.14218449047767356,True
1.0,0.0,1.4333333333333333,0.24367816091954023,-0.21666666666666667,-0.12183908045977011,1.200076106478925,0.1410543807816201,True
1.0,0.0,1.45,0.24367816091954023,-0.22499999999999998,-0.12183908045977011,1.2026285393762306,0.13995042038387703,True
1.0,0.0,0.55,0.27241379310344827,0.22499999999999998,-0.13620689655172413,1.077491672247908,0.29346914712006994,False
1.0,0.0,0.5666666666666667,0.27241379310344827,0.21666666666666667,-0.13620689655172413,1.0798495953404454,0.2840502665964928,False
1.0,0.0,0.5833333333333334,0.27241379310344827,0.20833333333333331,-0.13620689655172413,1.0822223580391979,0.27547230913530335,False
1.0,0.0,0.6,0.27241379310344827,0.2,-0.13620689655172413,1.0846092823232456,0.2676171702273113,False
1.0,0.0,0.6166666666666666,0.27241379310344827,0.1916666666666667,-0.13620689655172413,1.0870097147880593,0.2603887490482833,False
1.0,0.0,0.6333333333333333,0.27241379310344827,0.18333333333333335,-0.13620689655172413,1.0894230258581086,0.2537079419631348,False
1.0,0.0,0.65,0.27241379310344827,0.175,-0.13620689655172413,1.091848609008482,0.24750896160640207,False
1.0,0.0,0.6666666666666666,0.27241379310344827,0.16666666666666669,-0.13620689655172413,1.0942858799978372,0.24173658574081044,False
1.0,0.0,0.6833333333333333,0.27241379310344827,0.15833333333333333,-0.13620689655172413,1.0967342761146142,0.23634407048309367,False
1.0,0.0,0.7,0.27241379310344827,0.15000000000000002,-0.13620689655172413,1.0991932554381214,0.23129154623695458,False
1.0,0.0,0.7166666666666667,0.27241379310344827,0.14166666666666666,-0.13620689655172413,1.1016622961157587,0.22654476967924758,False
1.0,0.0,0.7333333333333333,0.27241379310344827,0.13333333333333336,-0.13620689655172413,1.1041408956573917,0.22207414200601186,False
1.0,0.0,0.75,0.27241379310344827,0.125,-0.13620689655172413,1.1066285702476426,0.21785392880075566,False
1.0,0.0,0.7666666666666666,0.27241379310344827,0.1166666666666667,-0.13620689655172413,1.1091248540766703,0.2138616343429858,False
1.0,0.0,0.7833333333333333,0.27241379310344827,0.10833333333333334,-0.13620689655172413,1.11162929868984,0.21007749547338417,False
1.0,0.0,0.7999999999999999,0.27241379310344827,0.10000000000000003,-0.13620689655172413,1.1141414723564589,0.20648406891917417,False
1.0,0.0,0.8166666666666667,0.27241379310344827,0.09166666666666667,-0.13620689655172413,1.1166609594578794,0.2030658923426552,False
1.0,0.0,0.8333333333333333,0.27241379310344827,0.08333333333333337,-0.13620689655172413,1.1191873598946525,0.19980920403503177,True
1.0,0.0,0.85,0.27241379310344827,0.07500000000000001,-0.13620689655172413,1.1217202885129367,0.19670170962696268,True
1.0,0.0,0.8666666666666666,0.27241379310344827,0.06666666666666671,-0.13620689655172413,1.1242593745499216,0.19373238676972893,True
1.0,0.0,0.8833333333333333,0.27241379310344827,0.05833333333333335,-0.13620689655172413,1.1268042610977163,0.19089132069194525,True
1.0,0.0,0.9,0.27241379310344827,0.04999999999999999,-0.13620689655172413,1.1293546045860205,0.18816956502297133,True
1.0,0.0,0.9166666666666666,0.27241379310344827,0.041666666666666685,-0.13620689655172413,1.1319100742826138,0.18555902341921524,True
1.0,0.0,0.9333333333333333,0.27241379310344827,0.033333333333333326,-0.13620689655172413,1.134470351811661,0.183052348414578,True
1.0,0.0,0.95,0.27241379310344827,0.025000000000000022,-0.13620689655172413,1.1370351306892383,0.18064285460894575,True
1.0,0.0,0.9666666666666667,0.27241379310344827,0.016666666666666663,-0.13620689655172413,1.139604115875944,0.17832444385226492,True
1.0,0.0,0.9833333333333333,0.27241379310344827,0.00833333333333336,-0.13620689655172413,1.1421770233455486,0.17609154051329862,True
1.0,0.0,1.0,0.27241379310344827,0.0,-0.13620689655172413,1.1447535796699797,0.17393903526396834,True
1.0,0.0,1.0166666666666666,0.27241379310344827,-0.008333333333333304,-0.13620689655172413,1.147333521619581,0.17186223608637669,True
1.0,0.0,1.0333333333333334,0.27241379310344827,-0.01666666666666672,-0.13620689655172413,1.149916595778456,0.1698568254303263,True
1.0,0.0,1.05,0.27241379310344827,-0.025000000000000022,-0.13620689655172413,1.152502558174343,0.16791882262898938,True
1.0,0.0,1.0666666666666667,0.27241379310344827,-0.033333333333333326,-0.13620689655172413,1.1550911739225593,0.16604455082646677,True
1.0,0.0,1.0833333333333333,0.27241379310344827,-0.04166666666666663,-0.13620689655172413,1.157682216883543,0.16423060779060106,True
1.0,0.0,1.1,0.27241379310344827,-0.050000000000000044,-0.13620689655172413,1.160275469333527,0.16247384008274887,True
1.0,0.0,1.1166666666666667,0.27241379310344827,-0.05833333333333335,-0.13620689655172413,1.1628707216478857,0.16077132013741627,True
1.0,0.0,1.1333333333333333,0.27241379310344827,-0.06666666666666665,-0.13620689655172413,1.1654677719967064,0.15912032587200578,True
1.0,0.0,1.1500000000000001,0.27241379310344827,-0.07500000000000007,-0.13620689655172413,1.168066426052155,0.15751832250298367,True
1.0,0.0,1.1666666666666667,0.27241379310344827,-0.08333333333333337,-0.13620689655172413,1.1706664967071214,0.15596294629170482,True
1.0,0.0,1.1833333333333333,0.27241379310344827,-0.09166666666666667,-0.13620689655172413,1.173267803804935,0.15445198998227225,True
1.0,0.0,1.2000000000000002,0.27241379310344827,-0.10000000000000009,-0.13620689655172413,1.1758701738794577,0.1529833897272183,True
1.0,0.0,1.2166666666666668,0.27241379310344827,-0.10833333333333339,-0.13620689655172413,1.1784734399053678,0.15155521332446506,True
1.0,0.0,1.2333333333333334,0.27241379310344827,-0.1166666666666667,-0.13620689655172413,1.1810774410581035,0.15016564961294163,True
1.0,0.0,1.25,0.27241379310344827,-0.125,-0.13620689655172413,1.1836820224834779,0.1488129988941136,True
1.0,0.0,1.2666666666666668,0.27241379310344827,-0.13333333333333341,-0.13620689655172413,1.1862870350756392,0.14749566426458843,True
1.0,0.0,1.2833333333333334,0.27241379310344827,-0.14166666666666672,-0.13620689655172413,1.1888923352643463,0.14621214375845912,True
1.0,0.0,1.3,0.27241379310344827,-0.15000000000000002,-0.13620689655172413,1.1914977848102117,0.14496102321191162,True
1.0,0.0,1.3166666666666667,0.27241379310344827,-0.15833333333333333,-0.13620689655172413,1.194103250607975,0.14374096977272294,True
1.0,0.0,1.3333333333333335,0.27241379310344827,-0.16666666666666674,-0.13620689655172413,1.1967086044974464,0.14255072598687912,True
1.0,0.0,1.35,0.27241379310344827,-0.17500000000000004,-0.13620689655172413,1.1993137230818098,0.14138910440261207,True
1.0,0.0,1.3666666666666667,0.27241379310344827,-0.18333333333333335,-0.13620689655172413,1.2019184875529862,0.1402549826391738,True
1.0,0.0,1.3833333333333333,0.27241379310344827,-0.19166666666666665,-0.13620689655172413,1.204522783523777,0.1391472988737533,True
1.0,0.0,1.4000000000000001,0.27241379310344827,-0.20000000000000007,-0.13620689655172413,1.2071265008665173,0.13806504770525957,True
1.0,0.0,1.4166666666666667,0.27241379310344827,-0.20833333333333337,-0.13620689655172413,1.2097295335579767,0.1370072763583181,True
1.0,0.0,1.4333333333333333,0.27241379310344827,-0.21666666666666667,-0.13620689655172413,1.212331779530254,0.1359730811948902,True
1.0,0.0,1.45,0.27241379310344827,-0.22499999999999998,-0.13620689655172413,1.2149331405274284,0.13496160450446879,True
1.0,0.0,0.4833333333333333,0.30114942528735633,0.25833333333333336,-0.15057471264367817,1.0766024313278173,0.2972862973093256,False
1.0,0.0,0.5,0.30114942528735633,0.25,-0.15057471264367817,1.0789925357776229,0.28736264396263694,False
1.0,0.0,0.5166666666666667,0.30114942528735633,0.24166666666666664,-0.15057471264367817,1.0813985621228615,0.27835724067447004,False
1.0,0.0,0.5333333333333333,0.30114942528735633,0.23333333333333334,-0.15057471264367817,1.083819785840726,0.27013668968448634,False
1.0,0.0,0.55,0.30114942528735633,0.22499999999999998,-0.15057471264367817,1.0862555084677332,0.26259325528847294,False
1.0,0.0,0.5666666666666667,0.30114942528735633,0.21666666666666667,-0.15057471264367817,1.088705056805764,0.2556388445929908,False
1.0,0.0,0.5833333333333334,0.30114942528735633,0.20833333333333331,-0.15057471264367817,1.0911677821317556,0.24920062880509852,False
1.0,0.0,0.6,0.30114942528735633,0.2,-0.15057471264367817,1.0936430594141604,0.2432178015041484,False
1.0,0.0,0.6166666666666666,0.30114942528735633,0.1916666666666667,-0.15057471264367817,1.0961302865388167,0.2376391406629339,False
1.0,0.0,0.6333333333333333,0.30114942528735633,0.18333333333333335,-0.15057471264367817,1.098628883546459,0.23242114902722125,False
1.0,0.0,0.65,0.30114942528735633,0.175,-0.15057471264367817,1.1011382918836945,0.22752661738361502,False
1.0,0.0,0.6666666666666666,0.30114942528735633,0.16666666666666669,-0.15057471264367817,1.1036579736689582,0.22292350155780116,False
1.0,0.0,0.6833333333333333,0.30114942528735633,0.15833333333333333,-0.15057471264367817,1.106187410974628,0.21858403525827663,False
1.0,0.0,0.7,0.30114942528735633,0.15000000000000002,-0.15057471264367817,1.108726105126271,0.2144840223722092,False
1.0,0.0,0.7166666666666667,0.30114942528735633,0.14166666666666666,-0.15057471264367817,1.111273576019754,0.2106022673285868,False
1.0,0.0,0.7333333333333333,0.30114942528735633,0.13333333333333336,-0.15057471264367817,1.1138293614566384,0.2069201127802708,False
1.0,0.0,0.75,0.30114942528735633,0.125,-0.15057471264367817,1.116393016498562,0.20342106149649616,False
1.0,0.0,0.7666666666666666,0.30114942528735633,0.1166666666666667,-0.15057471264367817,1.118964112840273,0.20009046491638163,False
1.0,0.0,0.7833333333333333,0.30114942528735633,0.10833333333333334,-0.15057471264367817,1.121542238201984,0.19691526490206412,True
1.0,0.0,0.7999999999999999,0.30114942528735633,0.10000000000000003,-0.15057471264367817,1.1241269957405606,0.19388377827369233,True
1.0,0.0,0.8166666666666667,0.30114942528735633,0.09166666666666667,-0.15057471264367817,1.1267180034800002,0.19098551599277327,True
1.0,0.0,0.8333333333333333,0.30114942528735633,0.08333333333333337,-0.15057471264367817,1.1293148937602624,0.1882110305954359,True
1.0,0.0,0.85,0.30114942528735633,0.07500000000000001,-0.15057471264367817,1.1319173127049582,0.18555178680161713,True
1.0,0.0,0.8666666666666666,0.30114942528735633,0.06666666666666671,-0.15057471264367817,1.1345249197071574,0.18300005125068342,True
1.0,0.0,0.8833333333333333,0.30114942528735633,0.05833333333333335,-0.15057471264367817,1.1371373869330645,0.1805487981087101,True
1.0,0.0,0.9,0.30114942528735633,0.04999999999999999,-0.15057471264367817,1.1397543988434309,0.1781916279153695,True
1.0,0.0,0.9166666666666666,0.30114942528735633,0.041666666666666685,-0.15057471264367817,1.142375651731758,0.17592269753021297,True
1.0,0.0,0.9333333333333333,0.30114942528735633,0.033333333333333326,-0.15057471264367817,1.1450008532795202,0.17373665942676494,True
1.0,0.0,0.95,0.30114942528735633,0.025000000000000022,-0.15057471264367817,1.1476297221274858,0.17162860889513176,True
1.0,0.0,0.9666666666666667,0.30114942528735633,0.016666666666666663,-0.15057471264367817,1.150261987462892,0.16959403796317113,True
1.0,0.0,0.9833333333333333,0.30114942528735633,0.00833333333333336,-0.15057471264367817,1.1528973886219693,0.16762879504839007,True
1.0,0.0,1.0,0.30114942528735633,0.0,-0.15057471264367817,1.155535674707343,0.16572904951663006,True
1.0,0.0,1.0166666666666666,0.30114942528735633,-0.008333333333333304,-0.15057471264367817,1.1581766042198536,0.1638912604573453,True
1.0,0.0,1.0333333333333334,0.30114942528735633,-0.01666666666666672,-0.15057471264367817,1.1608199447043228,0.1621121490949565,True
1.0,0.0,1.05,0.30114942528735633,-0.025000000000000022,-0.15057471264367817,1.1634654724088083,0.16038867434608128,True
1.0,0.0,1.0666666666666667,0.30114942528735633,-0.033333333333333326,-0.15057471264367817,1.1661129719568817,0.15871801110717004,True
1.0,0.0,1.0833333333333333,0.30114942528735633,-0.04166666666666663,-0.15057471264367817,1.168762236032494,0.157097530919129,True
1.0,0.0,1.1,0.30114942528735633,-0.050000000000000044,-0.15057471264367817,1.1714130650769121,0.15552478470732636,True
1.0,0.0,1.1166666666666667,0.30114942528735633,-0.05833333333333335,-0.15057471264367817,1.1740652669974645,0.1539974873385634,True
1.0,0.0,1.1333333333333333,0.30114942528735633,-0.06666666666666665,-0.15057471264367817,1.1767186568874428,0.15251350377324693,True
1.0,0.0,1.1500000000000001,0.30114942528735633,-0.07500000000000007,-0.15057471264367817,1.1793730567569107,0.15107083662145634,True
1.0,0.0,1.1666666666666667,0.30114942528735633,-0.08333333333333337,-0.15057471264367817,1.1820282952738905,0.14966761493774572,True
1.0,0.0,1.1833333333333333,0.30114942528735633,-0.09166666666666667,-0.15057471264367817,1.184684207515921,0.14830208411129187,True
1.0,0.0,1.2000000000000002,0.30114942528735633,-0.10000000000000009,-0.15057471264367817,1.187340634730615,0.14697259672749166,True
1.0,0.0,1.2166666666666668,0.30114942528735633,-0.10833333333333339,-0.15057471264367817,1.1899974241062392,0.1456776042918844,True
1.0,0.0,1.2333333333333334,0.30114942528735633,-0.1166666666666667,-0.15057471264367817,1.1926544285508387,0.14441564972233095,True
1.0,0.0,1.25,0.30114942528735633,-0.125,-0.15057471264367817,1.195311506480044,0.14318536052631797,True
1.0,0.0,1.2666666666666668,0.30114942528735633,-0.13333333333333341,-0.15057471264367817,1.1979685216131415,0.14198544259071297,True
1.0,0.0,1.2833333333333334,0.30114942528735633,-0.14166666666666672,-0.15057471264367817,1.2006253427770741,0.14081467452001947,True
1.0,0.0,1.3,0.30114942528735633,-0.15000000000000002,-0.15057471264367817,1.2032818437180643,0.13967190246675948,True
1.0,0.0,1.3166666666666667,0.30114942528735633,-0.15833333333333333,-0.15057471264367817,1.205937902920558,0.1385560354041987,True
1.0,0.0,1.3333333333333335,0.30114942528735633,-0.16666666666666674,-0.15057471264367817,1.20859340343319,0.13746604079735344,True
1.0,0.0,1.35,0.30114942528735633,-0.17500000000000004,-0.15057471264367817,1.211248232701508,0.13640094063320163,True
1.0,0.0,1.3666666666666667,0.30114942528735633,-0.18333333333333335,-0.15057471264367817,1.2139022824071686,0.13535980777538673,True
1.0,0.0,1.3833333333333333,0.30114942528735633,-0.19166666666666665,-0.15057471264367817,1.216555448313353,0.1343417626125181,True
1.0,0.0,1.4000000000000001,0.30114942528735633,-0.20000000000000007,-0.15057471264367817,1.2192076301161583,0.13334596997250803,True
1.0,0.0,1.4166666666666667,0.30114942528735633,-0.20833333333333337,-0.15057471264367817,1.2218587313017142,0.13237163627834397,True
1.0,0.0,1.4333333333333333,0.30114942528735633,-0.21666666666666667,-0.15057471264367817,1.2245086590088026,0.13141800692327066,True
1.0,0.0,1.45,0.30114942528735633,-0.22499999999999998,-0.15057471264367817,1.2271573238967564,0.13048436384565085,True
1.0,0.0,0.43333333333333335,0.3298850574712644,0.2833333333333333,-0.1649425287356322,1.077728355407511,0.2924789234180665,False
1.0,0.0,0.44999999999999996,0.3298850574712644,0.275,-0.1649425287356322,1.0801638595160001,0.28286551556319,False
1.0,0.0,0.4666666666666667,0.3298850574712644,0.26666666666666666,-0.1649425287356322,1.0826157647680905,0.27412745753793405,False
1.0,0.0,0.4833333333333333,0.3298850574712644,0.25833333333333336,-0.1649425287356322,1.0850833217544902,0.26613950658319174,False
1.0,0.0,0.5,0.3298850574712644,0.25,-0.1649425287356322,1.087565807884808,0.25880017032934094,False
1.0,0.0,0.5166666666666667,0.3298850574712644,0.24166666666666664,-0.1649425287356322,1.0900625265940784,0.2520262109202999,False
1.0,0.0,0.5333333333333333,0.3298850574712644,0.23333333333333334,-0.1649425287356322,1.0925728065497182,0.2457486278826633,False
1.0,0.0,0.55,0.3298850574712644,0.22499999999999998,-0.1649425287356322,1.0950960008625221,0.239909671375387,False
1.0,0.0,0.5666666666666667,0.3298850574712644,0.21666666666666667,-0.1649425287356322,1.097631486304689,0.23446058734494699,False
1.0,0.0,0.5833333333333334,0.3298850574712644,0.20833333333333331,-0.1649425287356322,1.1001786625374579,0.22935989162840345,False
1.0,0.0,0.6,0.3298850574712644,0.2,-0.1649425287356322,1.1027369513504877,0.22457203233594109,False
1.0,0.0,0.6166666666666666,0.3298850574712644,0.1916666666666667,-0.1649425287356322,1.1053057959147519,0.2200663413174166,False
1.0,0.0,0.6333333333333333,0.3298850574712644,0.18333333333333335,-0.1649425287356322,1.1078846600503998,0.21581620365564566,False
1.0,0.0,0.65,0.3298850574712644,0.175,-0.1649425287356322,1.110473027510739,0.21179839355022612,False
1.0,0.0,0.6666666666666666,0.3298850574712644,0.16666666666666669,-0.1649425287356322,1.1130704012833692,0.20799253857175481,False
1.0,0.0,0.6833333333333333,0.3298850574712644,0.15833333333333333,-0.1649425287356322,1.1156763029088406,0.2043806839517891,False
1.0,0.0,0.7,0.3298850574712644,0.15000000000000002,-0.1649425287356322,1.1182902718179188,0.20094693555303245,False
1.0,0.0,0.7166666666666667,0.3298850574712644,0.14166666666666666,-0.1649425287356322,1.120911864687265,0.1976771652592433,True
1.0,0.0,0.7333333333333333,0.3298850574712644,0.13333333333333336,-0.1649425287356322,1.1235406548139788,0.19455876628201088,True
1.0,0.0,0.75,0.3298850574712644,0.125,-0.1649425287356322,1.1261762315092172,0.19158044868529717,True
1.0,0.0,0.7666666666666666,0.3298850574712644,0.1166666666666667,-0.1649425287356322,1.1288181995106246,0.18873206754072985,True
1.0,0.0,0.7833333333333333,0.3298850574712644,0.10833333333333334,-0.1649425287356322,1.1314661784136628,0.18600447773134074,True
1.0,0.0,0.7999999999999999,0.3298850574712644,0.10000000000000003,-0.1649425287356322,1.1341198021215972,0.18338941065263994,True
1.0,0.0,0.8166666666666667,0.3298850574712644,0.09166666666666667,-0.1649425287356322,1.136778718313853,0.180879369011346,True
1.0,0.0,0.8333333333333333,0.3298850574712644,0.08333333333333337,-0.1649425287356322,1.1394425879327346,0.17846753666290532,True
1.0,0.0,0.85,0.3298850574712644,0.07500000000000001,-0.1649425287356322,1.1421110846875486,0.1761477010112305,True
1.0,0.0,0.8666666666666666,0.3298850574712644,0.06666666666666671,-0.1649425287356322,1.1447838945765936,0.17391418595195207,True
1.0,0.0,0.8833333333333333,0.3298850574712644,0.05833333333333335,-0.1649425287356322,1.1474607154259329,0.17176179370698735,True
1.0,0.0,0.9,0.3298850574712644,0.04999999999999999,-0.1649425287356322,1.150141256444883,0.16968575418922854,True
1.0,0.0,0.9166666666666666,0.3298850574712644,0.041666666666666685,-0.1649425287356322,1.152825237797681,0.167681680771429,True
1.0,0.0,0.9333333333333333,0.3298850574712644,0.033333333333333326,-0.1649425287356322,1.1555123901908992,0.1657455315232162,True
1.0,0.0,0.95,0.3298850574712644,0.025000000000000022,-0.1649425287356322,1.1582024544761436,0.16387357513459921,True
1.0,0.0,0.9666666666666667,0.3298850574712644,0.016666666666666663,-0.1649425287356322,1.1608951812675863,0.16206236087050602,True
1.0,0.0,0.9833333333333333,0.3298850574712644,0.00833333333333336,-0.1649425287356322,1.1635903305738617,0.16030869200446762,True
1.0,0.0,1.0,0.3298850574712644,0.0,-0.1649425287356322,1.166287671443868,0.15860960226496332,True
1.0,0.0,1.0166666666666666,0.3298850574712644,-0.008333333333333304,-0.1649425287356322,1.168986981626024,0.15696233489866734,True
1.0,0.0,1.0333333333333334,0.3298850574712644,-0.01666666666666672,-0.1649425287356322,1.171688047240475,0.1553643240136863,True
1.0,0.0,1.05,0.3298850574712644,-0.025000000000000022,-0.1649425287356322,1.1743906624639247,0.15381317791486462,True
1.0,0.0,1.0666666666666667,0.3298850574712644,-0.033333333333333326,-0.1649425287356322,1.1770946292264926,0.15230666418455732,True
1.0,0.0,1.0833333333333333,0.3298850574712644,-0.04166666666666663,-0.1649425287356322,1.1797997569202798,0.15084269629669717,True
1.0,0.0,1.1,0.3298850574712644,-0.050000000000000044,-0.1649425287356322,1.1825058621191176,0.1494193215813182,True
1.0,0.0,1.1166666666666667,0.3298850574712644,-0.05833333333333335,-0.1649425287356322,1.185212768309472,0.14803471038116023,True
1.0,0.0,1.1333333333333333,0.3298850574712644,-0.06666666666666665,-0.1649425287356322,1.1879203056311014,0.1466871462637112,True
1.0,0.0,1.1500000000000001,0.3298850574712644,-0.07500000000000007,-0.1649425287356322,1.1906283106284985,0.14537501716867174,True
1.0,0.0,1.1666666666666667,0.3298850574712644,-0.08333333333333337,-0.1649425287356322,1.193336626011575,0.14409680738747785,True
1.0,0.0,1.1833333333333333,0.3298850574712644,-0.09166666666666667,-0.1649425287356322,1.1960451004257442,0.14285109028374054,True
1.0,0.0,1.2000000000000002,0.3298850574712644,-0.10000000000000009,-0.1649425287356322,1.1987535882309395,0.1416365216750614,True
1.0,0.0,1.2166666666666668,0.3298850574712644,-0.10833333333333339,-0.1649425287356322,1.2014619492892236,0.1404518338063318,True
1.0,0.0,1.2333333333333334,0.3298850574712644,-0.1166666666666667,-0.1649425287356322,1.2041700487606537,0.1392958298530189,True
1.0,0.0,1.25,0.3298850574712644,-0.125,-0.1649425287356322,1.2068777569070805,0.13816737890019706,True
1.0,0.0,1.2666666666666668,0.3298850574712644,-0.13333333333333341,-0.1649425287356322,1.2095849489035697,0.13706541134939967,True
1.0,0.0,1.2833333333333334,0.3298850574712644,-0.14166666666666672,-0.1649425287356322,1.212291504657144,0.135988914710847,True
1.0,0.0,1.3,0.3298850574712644,-0.15000000000000002,-0.1649425287356322,1.2149973086325594,0.13493692974339733,True
1.0,0.0,1.3166666666666667,0.3298850574712644,-0.15833333333333333,-0.1649425287356322,1.2177022496848295,0.13390854690875098,True
1.0,0.0,1.3333333333333335,0.3298850574712644,-0.16666666666666674,-0.1649425287356322,1.2204062208982378,0.1329029031101003,True
1.0,0.0,1.35,0.3298850574712644,-0.17500000000000004,-0.1649425287356322,1.2231091194315717,0.13191917868863506,True
1.0,0.0,1.3666666666666667,0.3298850574712644,-0.18333333333333335,-0.1649425287356322,1.2258108463693345,0.1309565946541439,True
1.0,0.0,1.3833333333333333,0.3298850574712644,-0.19166666666666665,-0.1649425287356322,1.228511306578692,0.13001441012843906,True
1.0,0.0,1.4000000000000001,0.3298850574712644,-0.20000000000000007,-0.1649425287356322,1.2312104085719384,0.12909191998253375,True
1.0,0.0,1.4166666666666667,0.3298850574712644,-0.20833333333333337,-0.1649425287356322,1.2339080643741882,0.12818845265047007,True
1.0,0.0,1.4333333333333333,0.3298850574712644,-0.21666666666666667,-0.1649425287356322,1.2366041893962842,0.12730336810432863,True
1.0,0.0,1.45,0.3298850574712644,-0.22499999999999998,-0.1649425287356322,1.2392987023123911,0.12643605597665972,True
1.0,0.0,0.3666666666666667,0.35862068965517246,0.31666666666666665,-0.17931034482758623,1.076069495756327,0.2996504403880353,False
1.0,0.0,0.3833333333333333,0.35862068965517246,0.30833333333333335,-0.17931034482758623,1.078530236506434,0.2892007325371006,False
1.0,0.0,0.4,0.35862068965517246,0.3,-0.17931034482758623,1.0810087680784926,0.2797559471196721,False
1.0,0.0,0.41666666666666663,0.35862068965517246,0.2916666666666667,-0.17931034482758623,1.083504283854664,0.27116469243018543,False
1.0,0.0,0.43333333333333335,0.35862068965517246,0.2833333333333333,-0.17931034482758623,1.0860160056804973,0.26330572100010186,False
1.0,0.0,0.44999999999999996,0.35862068965517246,0.275,-0.17931034482758623,1.0885431830822818,0.2560806241274335,False
1.0,0.0,0.4666666666666667,0.35862068965517246,0.26666666666666666,-0.17931034482758623,1.091085092476239,0.24940858032031282,False
1.0,0.0,0.4833333333333333,0.35862068965517246,0.25833333333333336,-0.17931034482758623,1.093641036374227,0.2432225082845237,False
1.0,0.0,0.5,0.35862068965517246,0.25,-0.17931034482758623,1.0962103425900473,0.23746620101813987,False
1.0,0.0,0.5166666666666667,0.35862068965517246,0.24166666666666664,-0.17931034482758623,1.0987923634498387,0.23209215836111102,False
1.0,0.0,0.5333333333333333,0.35862068965517246,0.23333333333333334,-0.17931034482758623,1.1013864750095366,0.2270599253296812,False
1.0,0.0,0.55,0.35862068965517246,0.22499999999999998,-0.17931034482758623,1.1039920762819235,0.22233480240129344,False
1.0,0.0,0.5666666666666667,0.35862068965517246,0.21666666666666667,-0.17931034482758623,1.106608588475356,0.21788683318396548,False
1.0,0.0,0.5833333333333334,0.35862068965517246,0.20833333333333331,-0.17931034482758623,1.1092354542459486,0.21369000160480875,False
1.0,0.0,0.6,0.35862068965517246,0.2,-0.17931034482758623,1.111872136964645,0.2097215892182642,False
1.0,0.0,0.6166666666666666,0.35862068965517246,0.1916666666666667,-0.17931034482758623,1.1145181200002763,0.20596165620499018,False
1.0,0.0,0.6333333333333333,0.35862068965517246,0.18333333333333335,-0.17931034482758623,1.1171729060197317,0.20239261887290222,False
1.0,0.0,0.65,0.35862068965517246,0.175,-0.17931034482758623,1.1198360163056,0.19899890314361002,True
1.0,0.0,0.6666666666666666,0.35862068965517246,0.16666666666666669,-0.17931034482758623,1.1225069900921516,0.19576665838099502,True
1.0,0.0,0.6833333333333333,0.35862068965517246,0.15833333333333333,-0.17931034482758623,1.1251853839198145,0.19268351952166077,True
1.0,0.0,0.7,0.35862068965517246,0.15000000000000002,-0.17931034482758623,1.1278707710084328,0.18973840815659437,True
1.0,0.0,0.7166666666666667,0.35862068965517246,0.14166666666666666,-0.17931034482758623,1.1305627406494025,0.18692136524201103,True
1.0,0.0,0.7333333333333333,0.35862068965517246,0.13333333333333336,-0.17931034482758623,1.1332608976166838,0.1842234096611002,True
1.0,0.0,0.75,0.35862068965517246,0.125,-0.17931034482758623,1.1359648615965359,0.18163641804337835,True
1.0,0.0,0.7666666666666666,0.35862068965517246,0.1166666666666667,-0.17931034482758623,1.1386742666361347,0.17915302216482692,True
1.0,0.0,0.7833333333333333,0.35862068965517246,0.10833333333333334,-0.17931034482758623,1.1413887606100255,0.17676652096787054,True
1.0,0.0,0.7999999999999999,0.35862068965517246,0.10000000000000003,-0.17931034482758623,1.1441080047053513,0.1744708047995762,True
1.0,0.0,0.8166666666666667,0.35862068965517246,0.09166666666666667,-0.17931034482758623,1.1468316729244046,0.17226028991234574,True
1.0,0.0,0.8333333333333333,0.35862068965517246,0.08333333333333337,-0.17931034482758623,1.1495594516047798,0.17012986162266286,True
1.0,0.0,0.85,0.35862068965517246,0.07500000000000001,-0.17931034482758623,1.1522910389565315,0.16807482480675123,True
1.0,0.0,0.8666666666666666,0.35862068965517246,0.06666666666666671,-0.17931034482758623,1.1550261446159613,0.16609086063915096,True
1.0,0.0,0.8833333333333333,0.35862068965517246,0.05833333333333335,-0.17931034482758623,1.1577644892155943,0.16417398866429855,True
1.0,0.0,0.9,0.35862068965517246,0.04999999999999999,-0.17931034482758623,1.160505803969914,0.16232053344087916,True
1.0,0.0,0.9166666666666666,0.35862068965517246,0.041666666666666685,-0.17931034482758623,1.163249830276396,0.16052709512113061,True
1.0,0.0,0.9333333333333333,0.35862068965517246,0.033333333333333326,-0.17931034482758623,1.165996319331388,0.1587905234277844,True
1.0,0.0,0.95,0.35862068965517246,0.025000000000000022,-0.17931034482758623,1.1687450317603842,0.15710789457427105,True
1.0,0.0,0.9666666666666667,0.35862068965517246,0.016666666666666663,-0.17931034482758623,1.1714957372622017,0.15547649074255437,True
1.0,0.0,0.9833333333333333,0.35862068965517246,0.00833333333333336,-0.17931034482758623,1.174248214266682,0.15389378179006094,True
1.0,0.0,1.0,0.35862068965517246,0.0,-0.17931034482758623,1.177002249605365,0.15235740890503285,True
1.0,0.0,1.0166666666666666,0.35862068965517246,-0.008333333333333304,-0.17931034482758623,1.1797576381947652,0.15086516996955446,True
1.0,0.0,1.0333333333333334,0.35862068965517246,-0.01666666666666672,-0.17931034482758623,1.182514182731718,0.14941500642327885,True
1.0,0.0,1.05,0.35862068965517246,-0.025000000000000022,-0.17931034482758623,1.185271693400757,0.14800499144906898,True
1.0,0.0,1.0666666666666667,0.35862068965517246,-0.033333333333333326,-0.17931034482758623,1.188029987592093,0.1466333193265798,True
1.0,0.0,1.0833333333333333,0.35862068965517246,-0.04166666666666663,-0.17931034482758623,1.1907888896312127,0.14529829581900813,True
1.0,0.0,1.1,0.35862068965517246,-0.050000000000000044,-0.17931034482758623,1.193548230518526,0.14399832947704733,True
1.0,0.0,1.1166666666666667,0.35862068965517246,-0.05833333333333335,-0.17931034482758623,1.1963078476792035,0.14273192375810848,True
1.0,0.0,1.1333333333333333,0.35862068965517246,-0.06666666666666665,-0.17931034482758623,1.1990675847227121,0.141497669871997,True
1.0,0.0,1.1500000000000001,0.35862068965517246,-0.07500000000000007,-0.17931034482758623,1.2018272912116879,0.14029424027517173,True
1.0,0.0,1.1666666666666667,0.35862068965517246,-0.08333333333333337,-0.17931034482758623,1.204586822439779,0.139120382745195,True
1.0,0.0,1.1833333333333333,0.35862068965517246,-0.09166666666666667,-0.17931034482758623,1.2073460392181286,0.13797491497516612,True
1.0,0.0,1.2000000000000002,0.35862068965517246,-0.10000000000000009,-0.17931034482758623,1.2101048076701457,0.13685671963504104,True
1.0,0.0,1.2166666666666668,0.35862068965517246,-0.10833333333333339,-0.17931034482758623,1.212862999034253,0.13576473985289209,True
1.0,0.0,1.2333333333333334,0.35862068965517246,-0.1166666666666667,-0.17931034482758623,1.2156204894742966,0.13469797507453085,True
1.0,0.0,1.25,0.35862068965517246,-0.125,-0.17931034482758623,1.2183771598973119,0.13365547726460086,True
1.0,0.0,1.2666666666666668,0.35862068965517246,-0.13333333333333341,-0.17931034482758623,1.2211328957783614,0.13263634741633284,True
1.0,0.0,1.2833333333333334,0.35862068965517246,-0.14166666666666672,-0.17931034482758623,1.223887586992159,0.13163973234074222,True
1.0,0.0,1.3,0.35862068965517246,-0.15000000000000002,-0.17931034482758623,1.226641127651218,0.13066482170919783,True
1.0,0.0,1.3166666666666667,0.35862068965517246,-0.15833333333333333,-0.17931034482758623,1.2293934159502278,0.12971084532606425,True
1.0,0.0,1.3333333333333335,0.35862068965517246,-0.16666666666666674,-0.17931034482758623,1.2321443540165977,0.12877707061049315,True
1.0,0.0,1.35,0.35862068965517246,-0.17500000000000004,-0.17931034482758623,1.2348938477663784,0.12786280026883726,True
1.0,0.0,1.3666666666666667,0.35862068965517246,-0.18333333333333335,-0.17931034482758623,1.2376418067662724,0.1269673701405619,True
1.0,0.0,1.3833333333333333,0.35862068965517246,-0.19166666666666665,-0.17931034482758623,1.2403881441005125,0.1260901472028771,True
1.0,0.0,1.4000000000000001,0.35862068965517246,-0.20000000000000007,-0.17931034482758623,1.2431327762430515,0.12523052772024879,True
1.0,0.0,1.4166666666666667,0.35862068965517246,-0.20833333333333337,-0.17931034482758623,1.2458756229346115,0.12438793552658739,True
1.0,0.0,1.4333333333333333,0.35862068965517246,-0.21666666666666667,-0.17931034482758623,1.2486166070644202,0.1235618204290053,True
1.0,0.0,1.45,0.35862068965517246,-0.22499999999999998,-0.17931034482758623,1.2513556545564968,0.12275165672308742,True
1.0,0.0,0.31666666666666665,0.3873563218390804,0.3416666666666667,-0.1936781609195402,1.0765113874930237,0.2976860121236958,False
1.0,0.0,0.33333333333333337,0.3873563218390804,0.3333333333333333,-0.1936781609195402,1.0790119735629173,0.2872861647745709,False
1.0,0.0,0.35,0.3873563218390804,0.325,-0.1936781609195402,1.081531075686254,0.277886739304201,False
1.0,0.0,0.3666666666666667,0.3873563218390804,0.31666666666666665,-0.1936781609195402,1.0840678536030555,0.269336983296198,False
1.0,0.0,0.3833333333333333,0.3873563218390804,0.30833333333333335,-0.1936781609195402,1.0866214964595424,0.2615161706674877,False
1.0,0.0,0.4,0.3873563218390804,0.3,-0.1936781609195402,1.089191222037614,0.25432632235806557,False
1.0,0.0,0.41666666666666663,0.3873563218390804,0.2916666666666667,-0.1936781609195402,1.0917762759706064,0.24768697425446376,False
1.0,0.0,0.43333333333333335,0.3873563218390804,0.2833333333333333,-0.1936781609195402,1.0943759309506937,0.2415313448816681,False
1.0,0.0,0.44999999999999996,0.3873563218390804,0.275,-0.1936781609195402,1.0969894859326301,0.2358034807383074,False
1.0,0.0,0.4666666666666667,0.3873563218390804,0.26666666666666666,-0.1936781609195402,1.0996162653378956,0.2304560975397077,False
1.0,0.0,0.4833333333333333,0.3873563218390804,0.25833333333333336,-0.1936781609195402,1.1022556182627266,0.22544892534874952,False
1.0,0.0,0.5,0.3873563218390804,0.25,-0.1936781609195402,1.10490691769301,0.2207474242274059,False
1.0,0.0,0.5166666666666667,0.3873563218390804,0.24166666666666664,-0.1936781609195402,1.107569559728551,0.21632177618303927,False
1.0,0.0,0.5333333333333333,0.3873563218390804,0.23333333333333334,-0.1936781609195402,1.110242962818851,0.21214608579475155,False
1.0,0.0,0.55,0.3873563218390804,0.22499999999999998,-0.1936781609195402,1.1129265670121544,0.20819774030707333,False
1.0,0.0,0.5666666666666667,0.3873563218390804,0.21666666666666667,-0.1936781609195402,1.1156198332192084,0.20445689290245236,False
1.0,0.0,0.5833333333333334,0.3873563218390804,0.20833333333333331,-0.1936781609195402,1.1183222424929575,0.20090604207118992,False
1.0,0.0,0.6,0.3873563218390804,0.2,-0.1936781609195402,1.121033295325088,0.19752968664366824,True
1.0,0.0,0.6166666666666666,0.3873563218390804,0.1916666666666667,-0.1936781609195402,1.1237525109600233,0.19431404090578686,True
1.0,0.0,0.6333333333333333,0.3873563218390804,0.18333333333333335,-0.1936781609195402,1.126479426727233,0.1912467978062227,True
1.0,0.0,0.65,0.3873563218390804,0.175,-0.1936781609195402,1.129213597391856,0.18831693094442828,True
1.0,0.0,0.6666666666666666,0.3873563218390804,0.16666666666666669,-0.1936781609195402,1.1319545945241296,0.18551452804790527,True
1.0,0.0,0.6833333333333333,0.3873563218390804,0.15833333333333333,-0.1936781609195402,1.1347020058876505,0.18283065018523237,True
1.0,0.0,0.7,0.3873563218390804,0.15000000000000002,-0.1936781609195402,1.1374554348464287,0.1802572121413203,True
1.0,0.0,0.7166666666666667,0.3873563218390804,0.14166666666666666,-0.1936781609195402,1.1402144997909311,0.17778688029410217,True
1.0,0.0,0.7333333333333333,0.3873563218390804,0.13333333333333336,-0.1936781609195402,1.142978833582446,0.1754129850444074,True
1.0,0.0,0.75,0.3873563218390804,0.125,-0.1936781609195402,1.1457480830161095,0.17312944540862657,True
1.0,0.0,0.7666666666666666,0.3873563218390804,0.1166666666666667,-0.1936781609195402,1.148521908301972,0.17093070382641415,True
1.0,0.0,0.7833333333333333,0.3873563218390804,0.10833333333333334,-0.1936781609195402,1.1512999825639112,0.1688116695866583,True
1.0,0.0,0.7999999999999999,0.3873563218390804,0.10000000000000003,-0.1936781609195402,1.1540819913560227,0.16676766955634612,True
1.0,0.0,0.8166666666666667,0.3873563218390804,0.09166666666666667,-0.1936781609195402,1.1568676321961056,0.16479440512332647,True
1.0,0.0,0.8333333333333333,0.3873563218390804,0.08333333333333337,-0.1936781609195402,1.1596566141158346,0.16288791444718798,True
1.0,0.0,0.85,0.3873563218390804,0.07500000000000001,-0.1936781609195402,1.162448657227204,0.16104453926150933,True
1.0,0.0,0.8666666666666666,0.3873563218390804,0.06666666666666671,-0.1936781609195402,1.1652434923047938,0.15926089559258738,True
1.0,0.0,0.8833333333333333,0.3873563218390804,0.05833333333333335,-0.1936781609195402,1.1680408603834256,0.157533847859813,True
1.0,0.0,0.9,0.3873563218390804,0.04999999999999999,-0.1936781609195402,1.1708405123707304,0.15586048590543713,True
1.0,0.0,0.9166666666666666,0.3873563218390804,0.041666666666666685,-0.1936781609195402,1.1736422086742135,0.15423810456984635,True
1.0,0.0,0.9333333333333333,0.3873563218390804,0.033333333333333326,-0.1936781609195402,1.1764457188423156,0.15266418548542116,True
1.0,0.0,0.95,0.3873563218390804,0.025000000000000022,-0.1936781609195402,1.1792508212190453,0.1511363808095385,True
1.0,0.0,0.9666666666666667,0.3873563218390804,0.016666666666666663,-0.1936781609195402,1.1820573026116603,0.14965249865718475,True
1.0,0.0,0.9833333333333333,0.3873563218390804,0.00833333333333336,-0.1936781609195402,1.1848649579713375,0.14821049002692704,True
1.0,0.0,1.0,0.3873563218390804,0.0,-0.1936781609195402,1.1876735900853912,0.14680843704303004,True
1.0,0.0,1.0166666666666666,0.3873563218390804,-0.008333333333333304,-0.1936781609195402,1.190483009282016,0.1454445423592074,True
1.0,0.0,1.0333333333333334,0.3873563218390804,-0.01666666666666672,-0.1936781609195402,1.1932930331460103,0.1441171195912128,True
1.0,0.0,1.05,0.3873563218390804,-0.025000000000000022,-0.1936781609195402,1.1961034862455435,0.14282458466199316,True
1.0,0.0,1.0666666666666667,0.3873563218390804,-0.033333333333333326,-0.1936781609195402,1.1989141998694939,0.1415654479582669,True
1.0,0.0,1.0833333333333333,0.3873563218390804,-0.04166666666666663,-0.1936781609195402,1.2017250117749496,0.14033830721009063,True
1.0,0.0,1.1,0.3873563218390804,-0.050000000000000044,-0.1936781609195402,1.2045357659444986,0.1391418410159099,True
1.0,0.0,1.1166666666666667,0.3873563218390804,-0.05833333333333335,-0.1936781609195402,1.2073463123529362,0.13797480294502626,True
1.0,0.0,1.1333333333333333,0.3873563218390804,-0.06666666666666665,-0.1936781609195402,1.2101565067430278,0.13683601615757096,True
1.0,0.0,1.1500000000000001,0.3873563218390804,-0.07500000000000007,-0.1936781609195402,1.2129662104099852,0.13572436848912875,True
1.0,0.0,1.1666666666666667,0.3873563218390804,-0.08333333333333337,-0.1936781609195402,1.2157752899943164,0.13463880795329927,True
1.0,0.0,1.1833333333333333,0.3873563218390804,-0.09166666666666667,-0.1936781609195402,1.2185836172827205,0.13357833862081847,True
1.0,0.0,1.2000000000000002,0.3873563218390804,-0.10000000000000009,-0.1936781609195402,1.2213910690167227,0.13254201683851652,True
1.0,0.0,1.2166666666666668,0.3873563218390804,-0.10833333333333339,-0.1936781609195402,1.224197526708735,0.13152894775547008,True
1.0,0.0,1.2333333333333334,0.3873563218390804,-0.1166666666666667,-0.1936781609195402,1.227002876465259,0.1305382821272638,True
1.0,0.0,1.25,0.3873563218390804,-0.125,-0.1936781609195402,1.2298070088169741,0.12956921337240662,True
1.0,0.0,1.2666666666666668,0.3873563218390804,-0.13333333333333341,-0.1936781609195402,1.232609818555228,0.128620974857781,True
1.0,0.0,1.2833333333333334,0.3873563218390804,-0.14166666666666672,-0.1936781609195402,1.2354112045752956,0.1276928373921461,True
1.0,0.0,1.3,0.3873563218390804,-0.15000000000000002,-0.1936781609195402,1.2382110697251407,0.12678410690942002,True
1.0,0.0,1.3166666666666667,0.3873563218390804,-0.15833333333333333,-0.1936781609195402,1.2410093206604185,0.12589412232468267,True
1.0,0.0,1.3333333333333335,0.3873563218390804,-0.16666666666666674,-0.1936781609195402,1.2438058677048474,0.12502225354806953,True
1.0,0.0,1.35,0.3873563218390804,-0.17500000000000004,-0.1936781609195402,1.2466006247162056,0.1241678996428489,True
1.0,0.0,1.3666666666666667,0.3873563218390804,-0.18333333333333335,-0.1936781609195402,1.249393508957114,0.1233304871156506,True
1.0,0.0,1.3833333333333333,0.3873563218390804,-0.19166666666666665,-0.1936781609195402,1.252184440971172,0.12250946832756111,True
1.0,0.0,1.4000000000000001,0.3873563218390804,-0.20000000000000007,-0.1936781609195402,1.2549733444635216,0.12170432001631357,True
1.0,0.0,1.4166666666666667,0.3873563218390804,-0.20833333333333337,-0.1936781609195402,1.2577601461861658,0.12091454192036535,True
1.0,0.0,1.4333333333333333,0.3873563218390804,-0.21666666666666667,-0.1936781609195402,1.2605447758275945,0.12013965549673021,True
1.0,0.0,1.45,0.3873563218390804,-0.22499999999999998,-0.1936781609195402,1.2633271659066254,0.1193792027250853,True
1.0,0.0,0.26666666666666666,0.4160919540229885,0.3666666666666667,-0.20804597701149424,1.076640433462771,0.29711995429300453,False
1.0,0.0,0.2833333333333333,0.4160919540229885,0.35833333333333334,-0.20804597701149424,1.079178168310016,0.28663487152368716,False
1.0,0.0,0.30000000000000004,0.4160919540229885,0.35,-0.20804597701149424,1.0817352630457893,0.2771666391101815,False
1.0,0.0,0.31666666666666665,0.4160919540229885,0.3416666666666667,-0.20804597701149424,1.0843108396222385,0.2685608535571627,False
1.0,0.0,0.33333333333333337,0.4160919540229885,0.3333333333333333,-0.20804597701149424,1.0869040504150365,0.2606940894748499,False
1.0,0.0,0.35,0.4160919540229885,0.325,-0.20804597701149424,1.0895140774722443,0.2534663374168597,False
1.0,0.0,0.3666666666666667,0.4160919540229885,0.31666666666666665,-0.20804597701149424,1.0921401317425952,0.24679558252881698,False
1.0,0.0,0.3833333333333333,0.4160919540229885,0.30833333333333335,-0.20804597701149424,1.094781452289385,0.24061384269586952,False
1.0,0.0,0.4,0.4160919540229885,0.3,-0.20804597701149424,1.0974373054954123,0.23486422341753632,False
1.0,0.0,0.41666666666666663,0.4160919540229885,0.2916666666666667,-0.20804597701149424,1.1001069842637163,0.22949869473703982,False
1.0,0.0,0.43333333333333335,0.4160919540229885,0.2833333333333333,-0.20804597701149424,1.102789807218209,0.22447638990113133,False
1.0,0.0,0.44999999999999996,0.4160919540229885,0.275,-0.20804597701149424,1.1054851179077319,0.21976228693694602,False
1.0,0.0,0.4666666666666667,0.4160919540229885,0.26666666666666666,-0.20804597701149424,1.1081922840165517,0.21532617527739423,False
1.0,0.0,0.4833333333333333,0.4160919540229885,0.25833333333333336,-0.20804597701149424,1.1109106965838558,0.21114183734055395,False
1.0,0.0,0.5,0.4160919540229885,0.25,-0.20804597701149424,1.113639769234554,0.20718639413428283,False
1.0,0.0,0.5166666666666667,0.4160919540229885,0.24166666666666664,-0.20804597701149424,1.1163789374227622,0.20343977739312855,False
1.0,0.0,0.5333333333333333,0.4160919540229885,0.23333333333333334,-0.20804597701149424,1.1191276576902132,0.19988430030723156,True
1.0,0.0,0.55,0.4160919540229885,0.22499999999999998,-0.20804597701149424,1.1218854069400266,0.19650430579065906,True
1.0,0.0,0.5666666666666667,0.4160919540229885,0.21666666666666667,-0.20804597701149424,1.1246516817274723,0.19328587625781207,True
1.0,0.0,0.5833333333333334,0.4160919540229885,0.20833333333333331,-0.20804597701149424,1.1274259975677587,0.19021659258512336,True
1.0,0.0,0.6,0.4160919540229885,0.2,-0.20804597701149424,1.1302078882623923,0.18728533269745876,True
1.0,0.0,0.6166666666666666,0.4160919540229885,0.1916666666666667,-0.20804597701149424,1.1329969052435693,0.18448210230283194,True
1.0,0.0,0.6333333333333333,0.4160919540229885,0.18333333333333335,-0.20804597701149424,1.1357926169373804,0.18179789187977718,True
1.0,0.0,0.65,0.4160919540229885,0.175,-0.20804597701149424,1.1385946081460911,0.17922455523557373,True
1.0,0.0,0.6666666666666666,0.4160919540229885,0.16666666666666669,-0.20804597701149424,1.1414024794487438,0.1767547058921482,True
1.0,0.0,0.6833333333333333,0.4160919540229885,0.15833333333333333,-0.20804597701149424,1.1442158466212742,0.17438162828497647,True
1.0,0.0,0.7,0.4160919540229885,0.15000000000000002,-0.20804597701149424,1.147034340074833,0.17209920133559198,True
1.0,0.0,0.7166666666666667,0.4160919540229885,0.14166666666666666,-0.20804597701149424,1.1498576043127888,0.1699018324091197,True
1.0,0.0,0.7333333333333333,0.4160919540229885,0.13333333333333336,-0.20804597701149424,1.1526852974059314,0.1677844000288221,True
1.0,0.0,0.75,0.4160919540229885,0.125,-0.20804597701149424,1.15551709048561,0.1657422040070943,True
1.0,0.0,0.7666666666666666,0.4160919540229885,0.1166666666666667,-0.20804597701149424,1.1583526672544593,0.16377092188376452,True
1.0,0.0,0.7833333333333333,0.4160919540229885,0.10833333333333334,-0.20804597701149424,1.1611917235143403,0.16186657074969646,True
1.0,0.0,0.7999999999999999,0.4160919540229885,0.10000000000000003,-0.20804597701149424,1.1640339667111008,0.16002547368582679,True
1.0,0.0,0.8166666666666667,0.4160919540229885,0.09166666666666667,-0.20804597701149424,1.1668791154957303,0.15824423017206188,True
1.0,0.0,0.8333333333333333,0.4160919540229885,0.08333333333333337,-0.20804597701149424,1.1697268993014869,0.15651968992248194,True
1.0,0.0,0.85,0.4160919540229885,0.07500000000000001,-0.20804597701149424,1.1725770579365395,0.15484892968743533,True
1.0,0.0,0.8666666666666666,0.4160919540229885,0.06666666666666671,-0.20804597701149424,1.1754293411916827,0.15322923263276267,True
1.0,0.0,0.8833333333333333,0.4160919540229885,0.05833333333333335,-0.20804597701149424,1.1782835084626724,0.15165806996431733,True
1.0,0.0,0.9,0.4160919540229885,0.04999999999999999,-0.20804597701149424,1.1811393283867215,0.1501330845143159,True
1.0,0.0,0.9166666666666666,0.4160919540229885,0.041666666666666685,-0.20804597701149424,1.1839965784926483,0.14865207604659628,True
1.0,0.0,0.9333333333333333,0.4160919540229885,0.033333333333333326,-0.20804597701149424,1.1868550448645596,0.14721298807173924,True
1.0,0.0,0.95,0.4160919540229885,0.025000000000000022,-0.20804597701149424,1.1897145218177596,0.14581389599238764,True
1.0,0.0,0.9666666666666667,0.4160919540229885,0.016666666666666663,-0.20804597701149424,1.1925748115876593,0.1444529964223731,True
1.0,0.0,0.9833333333333333,0.4160919540229885,0.00833333333333336,-0.20804597701149424,1.1954357240302642,0.143128597545089,True
1.0,0.0,1.0,0.4160919540229885,0.0,-0.20804597701149424,1.1982970763342689,0.14183911039342248,True
1.0,0.0,1.0166666666666666,0.4160919540229885,-0.008333333333333304,-0.20804597701149424,1.201158692744245,0.1405830409489092,True
1.0,0.0,1.0333333333333334,0.4160919540229885,-0.01666666666666672,-0.20804597701149424,1.2040204042945246,0.13935898297063046,True
1.0,0.0,1.05,0.4160919540229885,-0.025000000000000022,-0.20804597701149424,1.2068820485533758,0.1381656114754724,True
1.0,0.0,1.0666666666666667,0.4160919540229885,-0.033333333333333326,-0.20804597701149424,1.2097434693770983,0.1370016768009182,True
1.0,0.0,1.0833333333333333,0.4160919540229885,-0.04166666666666663,-0.20804597701149424,1.2126045166736565,0.13586599918981757,True
1.0,0.0,1.1,0.4160919540229885,-0.050000000000000044,-0.20804597701149424,1.2154650461754923,0.13475746384371984,True
1.0,0.0,1.1166666666666667,0.4160919540229885,-0.05833333333333335,-0.20804597701149424,1.2183249192211625,0.13367501639757481,True
1.0,0.0,1.1333333333333333,0.4160919540229885,-0.06666666666666665,-0.20804597701149424,1.221184002545469,0.13261765877400533,True
1.0,0.0,1.1500000000000001,0.4160919540229885,-0.07500000000000007,-0.20804597701149424,1.2240421680777407,0.13158444538007377,True
1.0,0.0,1.1666666666666667,0.4160919540229885,-0.08333333333333337,-0.20804597701149424,1.226899292747965,0.13057447961357735,True
1.0,0.0,1.1833333333333333,0.4160919540229885,-0.09166666666666667,-0.20804597701149424,1.2297552583004157,0.12958691064953434,True
1.0,0.0,1.2000000000000002,0.4160919540229885,-0.10000000000000009,-0.20804597701149424,1.232609951114699,0.12862093048060286,True
1.0,0.0,1.2166666666666668,0.4160919540229885,-0.10833333333333339,-0.20804597701149424,1.2354632620333066,0.12767577118824353,True
1.0,0.0,1.2333333333333334,0.4160919540229885,-0.1166666666666667,-0.20804597701149424,1.2383150861964618,0.12675070242331812,True
1.0,0.0,1.25,0.4160919540229885,-0.125,-0.20804597701149424,1.2411653228829103,0.1258450290777144,True
1.0,0.0,1.2666666666666668,0.4160919540229885,-0.13333333333333341,-0.20804597701149424,1.2440138753569487,0.12495808912994022,True
1.0,0.0,1.2833333333333334,0.4160919540229885,-0.14166666666666672,-0.20804597701149424,1.246860650721692,0.12408925164945038,True
1.0,0.0,1.3,0.4160919540229885,-0.15000000000000002,-0.20804597701149424,1.249705559777429,0.12323791494632709,True
1.0,0.0,1.3166666666666667,0.4160919540229885,-0.15833333333333333,-0.20804597701149424,1.2525485168860766,0.1224035048536108,True
1.0,0.0,1.3333333333333335,0.4160919540229885,-0.16666666666666674,-0.20804597701149424,1.2553894398403354,0.1215854731315089,True
1.0,0.0,1.35,0.4160919540229885,-0.17500000000000004,-0.20804597701149424,1.2582282497381807,0.12078329598316041,True
1.0,0.0,1.3666666666666667,0.4160919540229885,-0.18333333333333335,-0.20804597701149424,1.2610648708620613,0.11999647267296575,True
1.0,0.0,1.3833333333333333,0.4160919540229885,-0.19166666666666665,-0.20804597701149424,1.2638992305627461,0.11922452423917117,True
1.0,0.0,1.4000000000000001,0.4160919540229885,-0.20000000000000007,-0.20804597701149424,1.2667312591476105,0.11846699229320683,True
1.0,0.0,1.4166666666666667,0.4160919540229885,-0.20833333333333337,-0.20804597701149424,1.2695608897731314,0.11772343789896365,True
1.0,0.0,1.4333333333333333,0.4160919540229885,-0.21666666666666667,-0.20804597701149424,1.2723880583417373,0.11699344052571231,True
1.0,0.0,1.45,0.4160919540229885,-0.22499999999999998,-0.20804597701149424,1.2752127034020728,0.11627659706920554,True
1.0,0.0,0.21666666666666667,0.44482758620689655,0.39166666666666666,-0.22241379310344828,1.076462102836671,0.29790309753347255,False
1.0,0.0,0.23333333333333334,0.44482758620689655,0.3833333333333333,-0.22241379310344828,1.0790341255479152,0.28719908462284127,False
1.0,0.0,0.25,0.44482758620689655,0.375,-0.22241379310344828,1.0816264777737714,0.2775495544890392,False
1.0,0.0,0.26666666666666666,0.44482758620689655,0.3666666666666667,-0.22241379310344828,1.0842382394223373,0.2687920089786933,False
1.0,0.0,0.2833333333333333,0.44482758620689655,0.35833333333333334,-0.22241379310344828,1.0868685218995544,0.26079701084000534,False
1.0,0.0,0.30000000000000004,0.44482758620689655,0.35,-0.22241379310344828,1.0895164673875413,0.2534600055623257,False
1.0,0.0,0.31666666666666665,0.44482758620689655,0.3416666666666667,-0.22241379310344828,1.0921812480939075,0.24669548768853827,False
1.0,0.0,0.33333333333333337,0.44482758620689655,0.3333333333333333,-0.22241379310344828,1.0948620654792094,0.24043275650082183,False
1.0,0.0,0.35,0.44482758620689655,0.325,-0.22241379310344828,1.0975581494688886,0.23461277338523204,False
1.0,0.0,0.3666666666666667,0.44482758620689655,0.31666666666666665,-0.22241379310344828,1.1002687576552612,0.22918579809001638,False
1.0,0.0,0.3833333333333333,0.44482758620689655,0.30833333333333335,-0.22241379310344828,1.1029931744943888,0.224109585524187,False
1.0,0.0,0.4,0.44482758620689655,0.3,-0.22241379310344828,1.105730710502037,0.2193479924620404,False
1.0,0.0,0.41666666666666663,0.44482758620689655,0.2916666666666667,-0.22241379310344828,1.1084807014523361,0.21486988837890167,False
1.0,0.0,0.43333333333333335,0.44482758620689655,0.2833333333333333,-0.22241379310344828,1.1112425075822412,0.21064829493904288,False
1.0,0.0,0.44999999999999996,0.44482758620689655,0.275,-0.22241379310344828,1.1140155128046545,0.2066596994787053,False
1.0,0.0,0.4666666666666667,0.44482758620689655,0.26666666666666666,-0.22241379310344828,1.1167991239318222,0.2028835023709023,False
1.0,0.0,0.4833333333333333,0.44482758620689655,0.25833333333333336,-0.22241379310344828,1.1195927699119685,0.1993015684632382,True
1.0,0.0,0.5,0.44482758620689655,0.25,-0.22241379310344828,1.1223959010796514,0.19589786018793842,True
1.0,0.0,0.5166666666666667,0.44482758620689655,0.24166666666666664,-0.22241379310344828,1.1252079884217834,0.19265813532731735,True
1.0,0.0,0.5333333333333333,0.44482758620689655,0.23333333333333334,-0.22241379310344828,1.1280285228601288,0.18956969638339422,True
1.0,0.0,0.55,0.44482758620689655,0.22499999999999998,-0.22241379310344828,1.1308570145511243,0.1866211814489067,True
1.0,0.0,0.5666666666666667,0.44482758620689655,0.21666666666666667,-0.22241379310344828,1.1336929922036447,0.18380238869281942,True
1.0,0.0,0.5833333333333334,0.44482758620689655,0.20833333333333331,-0.22241379310344828,1.1365360024151097,0.18110412825408073,True
1.0,0.0,0.6,0.44482758620689655,0.2,-0.22241379310344828,1.1393856090265027,0.17851809662298215,True
1.0,0.0,0.6166666666666666,0.44482758620689655,0.1916666666666667,-0.22241379310344828,1.142241392495862,0.17603676958234088,True
1.0,0.0,0.6333333333333333,0.44482758620689655,0.18333333333333335,-0.22241379310344828,1.1451029492911533,0.17365331055060665,True
1.0,0.0,0.65,0.44482758620689655,0.175,-0.22241379310344828,1.1479698913017693,0.17136149177447496,True
1.0,0.0,0.6666666666666666,0.44482758620689655,0.16666666666666669,-0.22241379310344828,1.1508418452689304,0.16915562629383,True
1.0,0.0,0.6833333333333333,0.44482758620689655,0.15833333333333333,-0.22241379310344828,1.1537184522346853,0.16703050898032337,True
1.0,0.0,0.7,0.44482758620689655,0.15000000000000002,-0.22241379310344828,1.1565993670092911,0.16498136525264157,True
1.0,0.0,0.7166666666666667,0.44482758620689655,0.14166666666666666,-0.22241379310344828,1.1594842576566782,0.16300380631400968,True
1.0,0.0,0.7333333333333333,0.44482758620689655,0.13333333333333336,-0.22241379310344828,1.162372804997675,0.16109378995332002,True
1.0,0.0,0.75,0.44482758620689655,0.125,-0.22241379310344828,1.165264702130621,0.1592475861103014,True
1.0,0.0,0.7666666666666666,0.44482758620689655,0.1166666666666667,-0.22241379310344828,1.1681596539689862,0.15746174653490227,True
1.0,0.0,0.7833333333333333,0.44482758620689655,0.10833333333333334,-0.22241379310344828,1.171057376795574,0.15573307797746666,True
1.0,0.0,0.7999999999999999,0.44482758620689655,0.10000000000000003,-0.22241379310344828,1.1739575978328936,0.15405861843391092,True
1.0,0.0,0.8166666666666667,0.44482758620689655,0.09166666666666667,-0.22241379310344828,1.1768600548292283,0.15243561604263206,True
1.0,0.0,0.8333333333333333,0.44482758620689655,0.08333333333333337,-0.22241379310344828,1.179764495660004,0.15086151029005765,True
1.0,0.0,0.85,0.44482758620689655,0.07500000000000001,-0.22241379310344828,1.1826706779439575,0.14933391523203135,True
1.0,0.0,0.8666666666666666,0.44482758620689655,0.06666666666666671,-0.22241379310344828,1.1855783686736225,0.14785060448027174,True
1.0,0.0,0.8833333333333333,0.44482758620689655,0.05833333333333335,-0.22241379310344828,1.1884873438599552,0.1464094977383163,True
1.0,0.0,0.9,0.44482758620689655,0.04999999999999999,-0.22241379310344828,1.191397388189935,0.14500864870166913,True
1.0,0.0,0.9166666666666666,0.44482758620689655,0.041666666666666685,-0.22241379310344828,1.194308294697665,0.14364623416121214,True
1.0,0.0,0.9333333333333333,0.44482758620689655,0.033333333333333326,-0.22241379310344828,1.197219864447767,0.14232054417123363,True
1.0,0.0,0.95,0.44482758620689655,0.025000000000000022,-0.22241379310344828,1.2001319062309623,0.14102997316107752,True
1.0,0.0,0.9666666666666667,0.44482758620689655,0.016666666666666663,-0.22241379310344828,1.2030442362713538,0.13977301188518343,True
1.0,0.0,0.9833333333333333,0.44482758620689655,0.00833333333333336,-0.22241379310344828,1.2059566779449826,0.13854824011957967,True
1.0,0.0,1.0,0.44482758620689655,0.0,-0.22241379310344828,1.2088690615092512,0.1373543200243376,True
1.0,0.0,1.0166666666666666,0.44482758620689655,-0.008333333333333304,-0.22241379310344828,1.2117812238428243,0.1361899901013448,True
1.0,0.0,1.0333333333333334,0.44482758620689655,-0.01666666666666672,-0.22241379310344828,1.2146930081956007,0.1350540596852785,True
1.0,0.0,1.05,0.44482758620689655,-0.025000000000000022,-0.22241379310344828,1.2176042639483975,0.1339454039130112,True
1.0,0.0,1.0666666666666667,0.44482758620689655,-0.033333333333333326,-0.22241379310344828,1.2205148463819653,0.1328629591230836,True
1.0,0.0,1.0833333333333333,0.44482758620689655,-0.04166666666666663,-0.22241379310344828,1.223424616454984,0.13180571864243423,True
1.0,0.0,1.1,0.44482758620689655,-0.050000000000000044,-0.22241379310344828,1.2263334405906947,0.13077272892241798,True
1.0,0.0,1.1166666666666667,0.44482758620689655,-0.05833333333333335,-0.22241379310344828,1.2292411904718266,0.12976308599038616,True
1.0,0.0,1.1333333333333333,0.44482758620689655,-0.06666666666666665,-0.22241379310344828,1.2321477428435645,0.1287759321867761,True
1.0,0.0,1.1500000000000001,0.44482758620689655,-0.07500000000000007,-0.22241379310344828,1.2350529793240004,0.1278104531610195,True
1.0,0.0,1.1666666666666667,0.44482758620689655,-0.08333333333333337,-0.22241379310344828,1.2379567862222434,0.1268658751021875,True
1.0,0.0,1.1833333333333333,0.44482758620689655,-0.09166666666666667,-0.22241379310344828,1.2408590543633387,0.12594146218316235,True
1.0,0.0,1.2000000000000002,0.44482758620689655,-0.10000000000000009,-0.22241379310344828,1.2437596789201302,0.12503651419901238,True
1.0,0.0,1.2166666666666668,0.44482758620689655,-0.10833333333333339,-0.22241379310344828,1.2466585592516197,0.12415036438241325,True
1.0,0.0,1.2333333333333334,0.44482758620689655,-0.1166666666666667,-0.22241379310344828,1.249555598747536,0.12328237738064114,True
1.0,0.0,1.25,0.44482758620689655,-0.125,-0.22241379310344828,1.2524507046790867,0.12243194738013258,True
1.0,0.0,1.2666666666666668,0.44482758620689655,-0.13333333333333341,-0.22241379310344828,1.2553437880552731,0.1215984963661568,True
1.0,0.0,1.2833333333333334,0.44482758620689655,-0.14166666666666672,-0.22241379310344828,1.258234763484916,0.12078147250613845,True
1.0,0.0,1.3,0.44482758620689655,-0.15000000000000002,-0.22241379310344828,1.261123549043946,0.11998034864643492,True
1.0,0.0,1.3166666666666667,0.44482758620689655,-0.15833333333333333,-0.22241379310344828,1.2640100661478162,0.11919462091325571,True
1.0,0.0,1.3333333333333335,0.44482758620689655,-0.16666666666666674,-0.22241379310344828,1.2668942394288283,0.11842380740930174,True
1.0,0.0,1.35,0.44482758620689655,-0.17500000000000004,-0.22241379310344828,1.269775996618106,0.11766744699849453,True
1.0,0.0,1.3666666666666667,0.44482758620689655,-0.18333333333333335,-0.22241379310344828,1.2726552684323473,0.1169250981717625,True
1.0,0.0,1.3833333333333333,0.44482758620689655,-0.19166666666666665,-0.22241379310344828,1.2755319884644505,0.11619633798774692,True
1.0,0.0,1.4000000000000001,0.44482758620689655,-0.20000000000000007,-0.22241379310344828,1.2784060930787868,0.11548076108241932,True
1.0,0.0,1.4166666666666667,0.44482758620689655,-0.20833333333333337,-0.22241379310344828,1.2812775213101923,0.11477797874255277,True
1.0,0.0,1.4333333333333333,0.44482758620689655,-0.21666666666666667,-0.22241379310344828,1.2841462147668925,0.11408761803814821,True
1.0,0.0,1.45,0.44482758620689655,-0.22499999999999998,-0.22241379310344828,1.2870121175370965,0.11340932100946058,True
1.0,0.0,0.18333333333333335,0.4735632183908046,0.4083333333333333,-0.2367816091954023,1.0785858742712704,0.2889775532836982,False
1.0,0.0,0.2,0.4735632183908046,0.4,-0.2367816091954023,1.0812105550483706,0.2790291099781642,False
1.0,0.0,0.21666666666666667,0.4735632183908046,0.39166666666666666,-0.2367816091954023,1.0838557025306477,0.2700204396806259,False
1.0,0.0,0.23333333333333334,0.4735632183908046,0.3833333333333333,-0.2367816091954023,1.0865203828285688,0.2618123497700521,False
1.0,0.0,0.25,0.4735632183908046,0.375,-0.2367816091954023,1.0892036939801832,0.25429293010080867,False
1.0,0.0,0.26666666666666666,0.4735632183908046,0.3666666666666667,-0.2367816091954023,1.0919047652331224,0.24737103782739597,False
1.0,0.0,0.2833333333333333,0.4735632183908046,0.35833333333333334,-0.2367816091954023,1.0946227562955326,0.24097158861898488,False
1.0,0.0,0.30000000000000004,0.4735632183908046,0.35,-0.2367816091954023,1.0973568565633616,0.23503209065613068,False
1.0,0.0,0.31666666666666665,0.4735632183908046,0.3416666666666667,-0.2367816091954023,1.100106284330526,0.2295000514401315,False
1.0,0.0,0.33333333333333337,0.4735632183908046,0.3333333333333333,-0.2367816091954023,1.1028702859876878,0.22433100897962446,False
1.0,0.0,0.35,0.4735632183908046,0.325,-0.2367816091954023,1.105648135214644,0.2194870171001769,False
1.0,0.0,0.3666666666666667,0.4735632183908046,0.31666666666666665,-0.2367816091954023,1.1084391321706777,0.21493546604021216,False
1.0,0.0,0.3833333333333333,0.4735632183908046,0.30833333333333335,-0.2367816091954023,1.1112426026866258,0.21064815399482162,False
1.0,0.0,0.4,0.4735632183908046,0.3,-0.2367816091954023,1.1140578974620938,0.20660054883863366,False
1.0,0.0,0.41666666666666663,0.4735632183908046,0.2916666666666667,-0.2367816091954023,1.11688439127004,0.20277119563202578,False
1.0,0.0,0.43333333333333335,0.4735632183908046,0.2833333333333333,-0.2367816091954023,1.1197214821720387,0.19914123705860032,True
1.0,0.0,0.44999999999999996,0.4735632183908046,0.275,-0.2367816091954023,1.12256859074526,0.19569402220122506,True
1.0,0.0,0.4666666666666667,0.4735632183908046,0.26666666666666666,-0.2367816091954023,1.1254251593234166,0.19241478504236376,True
1.0,0.0,0.4833333333333333,0.4735632183908046,0.25833333333333336,-0.2367816091954023,1.1282906512528406,0.18929037845962535,True
1.0,0.0,0.5,0.4735632183908046,0.25,-0.2367816091954023,1.1311645501648442,0.18630905273636852,True
1.0,0.0,0.5166666666666667,0.4735632183908046,0.24166666666666664,-0.2367816091954023,1.1340463592652392,0.18346027004039808,True
1.0,0.0,0.5333333333333333,0.4735632183908046,0.23333333333333334,-0.2367816091954023,1.1369356006416491,0.1807345481633633,True
1.0,0.0,0.55,0.4735632183908046,0.22499999999999998,-0.2367816091954023,1.1398318145893482,0.17812332821650415,True
1.0,0.0,0.5666666666666667,0.4735632183908046,0.21666666666666667,-0.2367816091954023,1.142734558955519,0.17561886205859448,True
1.0,0.0,0.5833333333333334,0.4735632183908046,0.20833333333333331,-0.2367816091954023,1.1456434085026896,0.17321411606805326,True
1.0,0.0,0.6,0.4735632183908046,0.2,-0.2367816091954023,1.1485579542910622,0.17090268852600704,True
1.0,0.0,0.6166666666666666,0.4735632183908046,0.1916666666666667,-0.2367816091954023,1.1514778030799044,0.16867873839096487,True
1.0,0.0,0.6333333333333333,0.4735632183908046,0.18333333333333335,-0.2367816091954023,1.1544025767478807,0.1665369236533619,True
1.0,0.0,0.65,0.4735632183908046,0.175,-0.2367816091954023,1.1573319117321657,0.16447234778281053,True
1.0,0.0,0.6666666666666666,0.4735632183908046,0.16666666666666669,-0.2367816091954023,1.1602654584861245,0.1624805130411463,True
1.0,0.0,0.6833333333333333,0.4735632183908046,0.15833333333333333,-0.2367816091954023,1.1632028809552832,0.16055727964415129,True
1.0,0.0,0.7,0.4735632183908046,0.15000000000000002,-0.2367816091954023,1.1661438560712727,0.15869882992488024,True
1.0,0.0,0.7166666666666667,0.4735632183908046,0.14166666666666666,-0.2367816091954023,1.1690880732633926,0.15690163679002536,True
1.0,0.0,0.7333333333333333,0.4735632183908046,0.13333333333333336,-0.2367816091954023,1.1720352339874154,0.15516243587415268,True
1.0,0.0,0.75,0.4735632183908046,0.125,-0.2367816091954023,1.174985051271226,0.15347820088988615,True
1.0,0.0,0.7666666666666666,0.4735632183908046,0.1166666666666667,-0.2367816091954023,1.1779372492768505,0.15184612174916398,True
1.0,0.0,0.7833333333333333,0.4735632183908046,0.10833333333333334,-0.2367816091954023,1.1808915628784753,0.15026358509454454,True
1.0,0.0,0.7999999999999999,0.4735632183908046,0.10000000000000003,-0.2367816091954023,1.1838477372559253,0.14872815693283384,True
1.0,0.0,0.8166666666666667,0.4735632183908046,0.09166666666666667,-0.2367816091954023,1.1868055275035074,0.14723756710756322,True
1.0,0.0,0.8333333333333333,0.4735632183908046,0.08333333333333337,-0.2367816091954023,1.1897646982528263,0.1457896953848609,True
1.0,0.0,0.85,0.4735632183908046,0.07500000000000001,-0.2367816091954023,1.192725023310462,0.14438255895752686,True
1.0,0.0,0.8666666666666666,0.4735632183908046,0.06666666666666671,-0.2367816091954023,1.195686285308931,0.14301430119998224,True
1.0,0.0,0.8833333333333333,0.4735632183908046,0.05833333333333335,-0.2367816091954023,1.1986482753710057,0.14168318152843298,True
1.0,0.0,0.9,0.4735632183908046,0.04999999999999999,-0.2367816091954023,1.2016107927868291,0.1403875662400968,True
1.0,0.0,0.9166666666666666,0.4735632183908046,0.041666666666666685,-0.2367816091954023,1.2045736447033888,0.139125920221624,True
1.0,0.0,0.9333333333333333,0.4735632183908046,0.033333333333333326,-0.2367816091954023,1.2075366458259136,0.13789679943084146,True
1.0,0.0,0.95,0.4735632183908046,0.025000000000000022,-0.2367816091954023,1.210499618130775,0.13669884406794489,True
1.0,0.0,0.9666666666666667,0.4735632183908046,0.016666666666666663,-0.2367816091954023,1.2134623905894768,0.13553077236260017,True
1.0,0.0,0.9833333333333333,0.4735632183908046,0.00833333333333336,-0.2367816091954023,1.2164247989033223,0.13439137491232184,True
1.0,0.0,1.0,0.4735632183908046,0.0,-0.2367816091954023,1.2193866852483743,0.13327950951520082,True
1.0,0.0,1.0166666666666666,0.4735632183908046,-0.008333333333333304,-0.2367816091954023,1.2223478980303135,0.13219409644673488,True
1.0,0.0,1.0333333333333334,0.4735632183908046,-0.01666666666666672,-0.2367816091954023,1.225308291648832,0.13113411413632067,True
1.0,0.0,1.05,0.4735632183908046,-0.025000000000000022,-0.2367816091954023,1.2282677262711919,0.1300985952040222,True
1.0,0.0,1.0666666666666667,0.4735632183908046,-0.033333333333333326,-0.2367816091954023,1.2312260676146145,0.12908662282264033,True
1.0,0.0,1.0833333333333333,0.4735632183908046,-0.04166666666666663,-0.2367816091954023,1.2341831867370698,0.1280973273740022,True
1.0,0.0,1.1,0.4735632183908046,-0.050000000000000044,-0.2367816091954023,1.2371389598364104,0.12712988337165562,True
1.0,0.0,1.1166666666666667,0.4735632183908046,-0.05833333333333335,-0.2367816091954023,1.240093268057084,0.12618350662536576,True
1.0,0.0,1.1333333333333333,0.4735632183908046,-0.06666666666666665,-0.2367816091954023,1.243045997304549,0.12525745162513383,True
1.0,0.0,1.1500000000000001,0.4735632183908046,-0.07500000000000007,-0.2367816091954023,1.2459970380668635,0.12435100912499117,True
1.0,0.0,1.1666666666666667,0.4735632183908046,-0.08333333333333337,-0.2367816091954023,1.2489462852432096,0.12346350390876155,True
1.0,0.0,1.1833333333333333,0.4735632183908046,-0.09166666666666667,-0.2367816091954023,1.2518936379791148,0.12259429272179605,True
1.0,0.0,1.2000000000000002,0.4735632183908046,-0.10000000000000009,-0.2367816091954023,1.2548389995080487,0.12174276235431378,True
1.0,0.0,1.2166666666666668,0.4735632183908046,-0.10833333333333339,-0.2367816091954023,1.257782276999193,0.12090832786336572,True
1.0,0.0,1.2333333333333334,0.4735632183908046,-0.1166666666666667,-0.2367816091954023,1.260723381411105,0.12009043092173269,True
1.0,0.0,1.25,0.4735632183908046,-0.125,-0.2367816091954023,1.263662227351055,0.11928853828317443,True
1.0,0.0,1.2666666666666668,0.4735632183908046,-0.13333333333333341,-0.2367816091954023,1.2665987329398103,0.11850214035446044,True
1.0,0.0,1.2833333333333334,0.4735632183908046,-0.14166666666666672,-0.2367816091954023,1.2695328196815745,0.11773074986552702,True
1.0,0.0,1.3,0.4735632183908046,-0.15000000000000002,-0.2367816091954023,1.272464412339211,0.11697390062980097,True
1.0,0.0,1.3166666666666667,0.4735632183908046,-0.15833333333333333,-0.2367816091954023,1.2753934388137764,0.11623114638774339,True
1.0,0.0,1.3333333333333335,0.4735632183908046,-0.16666666666666674,-0.2367816091954023,1.2783198300292122,0.11550205972683414,True
1.0,0.0,1.35,0.4735632183908046,-0.17500000000000004,-0.2367816091954023,1.2812435198211394,0.11478623107230448,True
1.0,0.0,1.3666666666666667,0.4735632183908046,-0.18333333333333335,-0.2367816091954023,1.2841644448300245,0.11408326774309607,True
1.0,0.0,1.3833333333333333,0.4735632183908046,-0.19166666666666665,-0.2367816091954023,1.2870825443984177,0.11339279306815436,True
1.0,0.0,1.4000000000000001,0.4735632183908046,-0.20000000000000007,-0.2367816091954023,1.2899977604721113,0.11271444555854478,True
1.0,0.0,1.4166666666666667,0.4735632183908046,-0.20833333333333337,-0.2367816091954023,1.2929100375050646,0.11204787813127226,True
1.0,0.0,1.4333333333333333,0.4735632183908046,-0.21666666666666667,-0.2367816091954023,1.2958193223679497,0.11139275738102779,True
1.0,0.0,1.45,0.4735632183908046,-0.22499999999999998,-0.2367816091954023,1.29872556426016,0.11074876289640635,True
1.0,0.0,0.13333333333333333,0.5022988505747127,0.43333333333333335,-0.25114942528735634,1.0778402071499633,0.2920146149419882,False
1.0,0.0,0.15000000000000002,0.5022988505747127,0.425,-0.25114942528735634,1.0804940561279586,0.28163733817624925,False
1.0,0.0,0.16666666666666669,0.5022988505747127,0.41666666666666663,-0.25114942528735634,1.0831695679827347,0.27226890728739367,False
1.0,0.0,0.18333333333333335,0.5022988505747127,0.4083333333333333,-0.25114942528735634,1.0858657590933378,0.26375579426678947,False
1.0,0.0,0.2,0.5022988505747127,0.4,-0.25114942528735634,1.0885816789394946,0.25597534463253235,False
1.0,0.0,0.21666666666666667,0.5022988505747127,0.39166666666666666,-0.25114942528735634,1.0913164094318537,0.24882822352936673,False
1.0,0.0,0.23333333333333334,0.5022988505747127,0.3833333333333333,-0.25114942528735634,1.0940690641998208,0.24223300504227063,False
1.0,0.0,0.25,0.5022988505747127,0.375,-0.25114942528735634,1.0968387878457246,0.2361222211953812,False
1.0,0.0,0.26666666666666666,0.5022988505747127,0.3666666666666667,-0.25114942528735634,1.0996247551729372,0.23043942691254385,False
1.0,0.0,0.2833333333333333,0.5022988505747127,0.35833333333333334,-0.25114942528735634,1.1024261703947724,0.22513698592124,False
1.0,0.0,0.30000000000000004,0.5022988505747127,0.35,-0.25114942528735634,1.1052422663301087,0.220174377216524,False
1.0,0.0,0.31666666666666665,0.5022988505747127,0.3416666666666667,-0.25114942528735634,1.1080723035909743,0.21551688333961064,False
1.0,0.0,0.33333333333333337,0.5022988505747127,0.3333333333333333,-0.25114942528735634,1.1109155697666502,0.21113456272029318,False
1.0,0.0,0.35,0.5022988505747127,0.325,-0.25114942528735634,1.1137713786082983,0.20700143611819077,False
1.0,0.0,0.3666666666666667,0.5022988505747127,0.31666666666666665,-0.25114942528735634,1.1166390692174273,0.20309483635860778,False
1.0,0.0,0.3833333333333333,0.5022988505747127,0.30833333333333335,-0.25114942528735634,1.119518005241342,0.19939488398079785,True
1.0,0.0,0.4,0.5022988505747127,0.3,-0.25114942528735634,1.1224075740778756,0.19588406095684033,True
1.0,0.0,0.41666666666666663,0.5022988505747127,0.2916666666666667,-0.25114942528735634,1.125307186091677,0.1925468615099378,True
1.0,0.0,0.43333333333333335,0.5022988505747127,0.2833333333333333,-0.25114942528735634,1.1282162738437815,0.1893695040715905,True
1.0,0.0,0.44999999999999996,0.5022988505747127,0.275,-0.25114942528735634,1.131134291335957,0.18633969211239557,True
1.0,0.0,0.4666666666666667,0.5022988505747127,0.26666666666666666,-0.25114942528735634,1.1340607132710412,0.18344641433588024,True
1.0,0.0,0.4833333333333333,0.5022988505747127,0.25833333333333336,-0.25114942528735634,1.1369950343301773,0.18067977679863956,True
1.0,0.0,0.5,0.5022988505747127,0.25,-0.25114942528735634,1.1399367684679356,0.17803086109549418,True
1.0,0.0,0.5166666666666667,0.5022988505747127,0.24166666666666664,-0.25114942528735634,1.142885448225474,0.17549160395669483,True
1.0,0.0,0.5333333333333333,0.5022988505747127,0.23333333333333334,-0.25114942528735634,1.1458406240626136,0.1730546945365226,True
1.0,0.0,0.55,0.5022988505747127,0.22499999999999998,-0.25114942528735634,1.1488018637087931,0.17071348639994027,True
1.0,0.0,0.5666666666666667,0.5022988505747127,0.21666666666666667,-0.25114942528735634,1.151768751533172,0.16846192178335953,True
1.0,0.0,0.5833333333333334,0.5022988505747127,0.20833333333333331,-0.25114942528735634,1.1547408879338963,0.16629446615563837,True
1.0,0.0,0.6,0.5022988505747127,0.2,-0.25114942528735634,1.1577178887464794,0.16420605146293632,True
1.0,0.0,0.6166666666666666,0.5022988505747127,0.1916666666666667,-0.25114942528735634,1.160699384671172,0.1621920267269132,True
1.0,0.0,0.6333333333333333,0.5022988505747127,0.18333333333333335,-0.25114942528735634,1.1636850207191198,0.16024811489563837,True
1.0,0.0,0.65,0.5022988505747127,0.175,-0.25114942528735634,1.1666744556770614,0.15837037503243662,True
1.0,0.0,0.6666666666666666,0.5022988505747127,0.16666666666666669,-0.25114942528735634,1.169667361590258,0.1565551690789814,True
1.0,0.0,0.6833333333333333,0.5022988505747127,0.15833333333333333,-0.25114942528735634,1.1726634232633208,0.1547991325523324,True
1.0,0.0,0.7,0.5022988505747127,0.15000000000000002,-0.25114942528735634,1.1756623377785655,0.15309914863689542,True
1.0,0.0,0.7166666666666667,0.5022988505747127,0.14166666666666666,-0.25114942528735634,1.1786638140314802,0.15145232521578086,True
1.0,0.0,0.7333333333333333,0.5022988505747127,0.13333333333333336,-0.25114942528735634,1.1816675722829006,0.14985597445514978,True
1.0,0.0,0.75,0.5022988505747127,0.125,-0.25114942528735634,1.1846733437274186,0.14830759461263474,True
1.0,0.0,0.7666666666666666,0.5022988505747127,0.1166666666666667,-0.25114942528735634,1.187680870077864,0.14680485378873062,True
1.0,0.0,0.7833333333333333,0.5022988505747127,0.10833333333333334,-0.25114942528735634,1.1906899031646083,0.14534557538079007,True
1.0,0.0,0.7999999999999999,0.5022988505747127,0.10000000000000003,-0.25114942528735634,1.1937002045503762,0.14392772503206244,True
1.0,0.0,0.8166666666666667,0.5022988505747127,0.09166666666666667,-0.25114942528735634,1.196711545159168,0.1425493988977971,True
1.0,0.0,0.8333333333333333,0.5022988505747127,0.08333333333333337,-0.25114942528735634,1.1997237049192657,0.14120881307387487,True
1.0,0.0,0.85,0.5022988505747127,0.07500000000000001,-0.25114942528735634,1.2027364724197689,0.13990429405420313,True
1.0,0.0,0.8666666666666666,0.5022988505747127,0.06666666666666671,-0.25114942528735634,1.2057496445802156,0.13863427010053497,True
1.0,0.0,0.8833333333333333,0.5022988505747127,0.05833333333333335,-0.25114942528735634,1.2087630263328404,0.13739726342329783,True
1.0,0.0,0.9,0.5022988505747127,0.04999999999999999,-0.25114942528735634,1.2117764303170326,0.13619188308481459,True
1.0,0.0,0.9166666666666666,0.5022988505747127,0.041666666666666685,-0.25114942528735634,1.2147896765855595,0.1350168185472935,True
1.0,0.0,0.9333333333333333,0.5022988505747127,0.033333333333333326,-0.25114942528735634,1.2178025923221396,0.1338708337974337,True
1.0,0.0,0.95,0.5022988505747127,0.025000000000000022,-0.25114942528735634,1.2208150115699472,0.13275276198768007,True
1.0,0.0,0.9666666666666667,0.5022988505747127,0.016666666666666663,-0.25114942528735634,1.223826774970652,0.1316615005412438,True
1.0,0.0,0.9833333333333333,0.5022988505747127,0.00833333333333336,-0.25114942528735634,1.226837729513596,0.1305960066741613,True
1.0,0.0,1.0,0.5022988505747127,0.0,-0.25114942528735634,1.2298477282947118,0.12955529329302107,True
1.0,0.0,1.0166666666666666,0.5022988505747127,-0.008333333333333304,-0.25114942528735634,1.2328566302849724,0.1285384252315936,True
1.0,0.0,1.0333333333333334,0.5022988505747127,-0.01666666666666672,-0.25114942528735634,1.235864300107502,0.12754451579391257,True
1.0,0.0,1.05,0.5022988505747127,-0.025000000000000022,-0.25114942528735634,1.2388706078238971,0.12657272357444624,True
1.0,0.0,1.0666666666666667,0.5022988505747127,-0.033333333333333326,-0.25114942528735634,1.2418754287284615,0.12562224952976417,True
1.0,0.0,1.0833333333333333,0.5022988505747127,-0.04166666666666663,-0.25114942528735634,1.2448786431507273,0.12469233427830662,True
1.0,0.0,1.1,0.5022988505747127,-0.050000000000000044,-0.25114942528735634,1.2478801362654766,0.12378225560767567,True
1.0,0.0,1.1166666666666667,0.5022988505747127,-0.05833333333333335,-0.25114942528735634,1.2508797979104018,0.12289132617072235,True
1.0,0.0,1.1333333333333333,0.5022988505747127,-0.06666666666666665,-0.25114942528735634,1.253877522410712,0.12201889135386464,True
1.0,0.0,1.1500000000000001,0.5022988505747127,-0.07500000000000007,-0.25114942528735634,1.2568732084106449,0.12116432730255074,True
1.0,0.0,1.1666666666666667,0.5022988505747127,-0.08333333333333337,-0.25114942528735634,1.2598667587115329,0.1203270390903712,True
1.0,0.0,1.1833333333333333,0.5022988505747127,-0.09166666666666667,-0.25114942528735634,1.2628580801161744,0.119506459019623,True
1.0,0.0,1.2000000000000002,0.5022988505747127,-0.10000000000000009,-0.25114942528735634,1.2658470832792534,0.11870204504231138,True
1.0,0.0,1.2166666666666668,0.5022988505747127,-0.10833333333333339,-0.25114942528735634,1.2688336825635191,0.11791327929163907,True
1.0,0.0,1.2333333333333334,0.5022988505747127,-0.1166666666666667,-0.25114942528735634,1.271817795901813,0.11713966671487393,True
1.0,0.0,1.25,0.5022988505747127,-0.125,-0.25114942528735634,1.274799344663878,0.1163807337996361,True
1.0,0.0,1.2666666666666668,0.5022988505747127,-0.13333333333333341,-0.25114942528735634,1.277778253528978,0.11563602738584434,True
1.0,0.0,1.2833333333333334,0.5022988505747127,-0.14166666666666672,-0.25114942528735634,1.2807544503630035,0.11490511355686224,True
1.0,0.0,1.3,0.5022988505747127,-0.15000000000000002,-0.25114942528735634,1.2837278661004727,0.11418757660353475,True
1.0,0.0,1.3166666666666667,0.5022988505747127,-0.15833333333333333,-0.25114942528735634,1.286698434631059,0.1134830180555585,True
1.0,0.0,1.3333333333333335,0.5022988505747127,-0.16666666666666674,-0.25114942528735634,1.2896660926904795,0.1127910557750697,True
1.0,0.0,1.35,0.5022988505747127,-0.17500000000000004,-0.25114942528735634,1.2926307797555723,0.11211132310777835,True
1.0,0.0,1.3666666666666667,0.5022988505747127,-0.18333333333333335,-0.25114942528735634,1.2955924379433923,0.11144346808738148,True
1.0,0.0,1.3833333333333333,0.5022988505747127,-0.19166666666666665,-0.25114942528735634,1.2985510119141692,0.11078715268934364,True
1.0,0.0,1.4000000000000001,0.5022988505747127,-0.20000000000000007,-0.25114942528735634,1.3015064487779668,0.11014205213046915,True
1.0,0.0,1.4166666666666667,0.5022988505747127,-0.20833333333333337,-0.25114942528735634,1.304458698004897,0.10950785421097703,True
1.0,0.0,1.4333333333333333,0.5022988505747127,-0.21666666666666667,-0.25114942528735634,1.3074077113387512,0.1088842586960655,True
1.0,0.0,1.45,0.5022988505747127,-0.22499999999999998,-0.25114942528735634,1.3103534427139027,0.10827097673419564,True
1.0,0.0,0.1,0.5310344827586206,0.45,-0.2655172413793103,1.0794843230431692,0.28544718757439086,False
1.0,0.0,0.11666666666666667,0.5310344827586206,0.44166666666666665,-0.2655172413793103,1.082186917615303,0.27559448604582937,False
1.0,0.0,0.13333333333333333,0.5310344827586206,0.43333333333333335,-0.2655172413793103,1.0849114823889923,0.2666721822665863,False
1.0,0.0,0.15000000000000002,0.5310344827586206,0.425,-0.2655172413793103,1.0876570137617765,0.2585425293116424,False
1.0,0.0,0.16666666666666669,0.5310344827586206,0.41666666666666663,-0.2655172413793103,1.0904225417910454,0.25109477276733455,False
1.0,0.0,0.18333333333333335,0.5310344827586206,0.4083333333333333,-0.2655172413793103,1.0932071295366168,0.24423870579032134,False
1.0,0.0,0.2,0.5310344827586206,0.4,-0.2655172413793103,1.0960098723572271,0.2379000108796176,False
1.0,0.0,0.21666666666666667,0.5310344827586206,0.39166666666666666,-0.2655172413793103,1.0988298971699604,0.2320168309463384,False
1.0,0.0,0.23333333333333334,0.5310344827586206,0.3833333333333333,-0.2655172413793103,1.1016663616806839,0.22653720376026018,False
1.0,0.0,0.25,0.5310344827586206,0.375,-0.2655172413793103,1.104518453592584,0.22141711404667183,False
1.0,0.0,0.26666666666666666,0.5310344827586206,0.3666666666666667,-0.2655172413793103,1.107385389799088,0.21661899482931654,False
1.0,0.0,0.2833333333333333,0.5310344827586206,0.35833333333333334,-0.2655172413793103,1.1102664155666813,0.21211056046999965,False
1.0,0.0,0.30000000000000004,0.5310344827586206,0.35,-0.2655172413793103,1.1131608037124592,0.20786388797720265,False
1.0,0.0,0.31666666666666665,0.5310344827586206,0.3416666666666667,-0.2655172413793103,1.1160678537805981,0.20385468646958055,False
1.0,0.0,0.33333333333333337,0.5310344827586206,0.3333333333333333,-0.2655172413793103,1.1189868912214698,0.2000617108745149,False
1.0,0.0,0.35,0.5310344827586206,0.325,-0.2655172413793103,1.1219172665764572,0.19646628736308094,True
1.0,0.0,0.3666666666666667,0.5310344827586206,0.31666666666666665,-0.2655172413793103,1.1248583546711037,0.19305192619017306,True
1.0,0.0,0.3833333333333333,0.5310344827586206,0.30833333333333335,-0.2655172413793103,1.1278095538193371,0.18980400352429083,True
1.0,0.0,0.4,0.5310344827586206,0.3,-0.2655172413793103,1.13077028503991,0.18670949818989344,True
1.0,0.0,0.41666666666666663,0.5310344827586206,0.2916666666666667,-0.2655172413793103,1.1337399912874575,0.18375677245779903,True
1.0,0.0,0.43333333333333335,0.5310344827586206,0.2833333333333333,-0.2655172413793103,1.1367181366989898,0.18093538842776274,True
1.0,0.0,0.44999999999999996,0.5310344827586206,0.275,-0.2655172413793103,1.1397042058572757,0.17823595336627476,True
1.0,0.0,0.4666666666666667,0.5310344827586206,0.26666666666666666,-0.2655172413793103,1.1426977030714665,0.17564998875185664,True
1.0,0.0,0.4833333333333333,0.5310344827586206,0.25833333333333336,-0.2655172413793103,1.1456981516762283,0.1731698188471436,True
1.0,0.0,0.5,0.5310344827586206,0.25,-0.2655172413793103,1.1487050933493943,0.17078847544626705,True
1.0,0.0,0.5166666666666667,0.5310344827586206,0.24166666666666664,-0.2655172413793103,1.1517180874486939,0.1684996160923847,True
1.0,0.0,0.5333333333333333,0.5310344827586206,0.23333333333333334,-0.2655172413793103,1.154736710367713,0.1662974535694505,True
1.0,0.0,0.55,0.5310344827586206,0.22499999999999998,-0.2655172413793103,1.1577605549111687,0.16417669487535405,True
1.0,0.0,0.5666666666666667,0.5310344827586206,0.21666666666666667,-0.2655172413793103,1.1607892296894982,0.16213248820476087,True
1.0,0.0,0.5833333333333334,0.5310344827586206,0.20833333333333331,-0.2655172413793103,1.1638223585326617,0.16016037672750902,True
1.0,0.0,0.6,0.5310344827586206,0.2,-0.2655172413793103,1.166859579922996,0.158256258155994,True
1.0,0.0,0.6166666666666666,0.5310344827586206,0.1916666666666667,-0.2655172413793103,1.1699005464468846,0.15641634926324452,True
1.0,0.0,0.6333333333333333,0.5310344827586206,0.18333333333333335,-0.2655172413793103,1.1729449242649685,0.15463715465045078,True
1.0,0.0,0.65,0.5310344827586206,0.175,-0.2655172413793103,1.1759923926005693,0.1529154391749176,True
1.0,0.0,0.6666666666666666,0.5310344827586206,0.16666666666666669,-0.2655172413793103,1.1790426432459646,0.15124820354169216,True
1.0,0.0,0.6833333333333333,0.5310344827586206,0.15833333333333333,-0.2655172413793103,1.1820953800861094,0.14963266263835012,True
1.0,0.0,0.7,0.5310344827586206,0.15000000000000002,-0.2655172413793103,1.1851503186393908,0.14806622625564234,True
1.0,0.0,0.7166666666666667,0.5310344827586206,0.14166666666666666,-0.2655172413793103,1.1882071856152276,0.1465464818892584,True
1.0,0.0,0.7333333333333333,0.5310344827586206,0.13333333333333336,-0.2655172413793103,1.1912657184873305,0.14507117936248246,True
1.0,0.0,0.75,0.5310344827586206,0.125,-0.2655172413793103,1.1943256650832361,0.14363821704556534,True
1.0,0.0,0.7666666666666666,0.5310344827586206,0.1166666666666667,-0.2655172413793103,1.1973867831887859,0.14224562947973823,True
1.0,0.0,0.7833333333333333,0.5310344827586206,0.10833333333333334,-0.2655172413793103,1.2004488401674887,0.140891576239455,True
1.0,0.0,0.7999999999999999,0.5310344827586206,0.10000000000000003,-0.2655172413793103,1.2035116125942045,0.13957433188900117,True
1.0,0.0,0.8166666666666667,0.5310344827586206,0.09166666666666667,-0.2655172413793103,1.2065748859027075,0.13829227690852247,True
1.0,0.0,0.8333333333333333,0.5310344827586206,0.08333333333333337,-0.2655172413793103,1.209638454046658,0.13704388948071955,True
1.0,0.0,0.85,0.5310344827586206,0.07500000000000001,-0.2655172413793103,1.2127021191735363,0.13582773804329631,True
1.0,0.0,0.8666666666666666,0.5310344827586206,0.06666666666666671,-0.2655172413793103,1.2157656913110901,0.13464247452413547,True
1.0,0.0,0.8833333333333333,0.5310344827586206,0.05833333333333335,-0.2655172413793103,1.218828988065861,0.13348682818639146,True
1.0,0.0,0.9,0.5310344827586206,0.04999999999999999,-0.2655172413793103,1.2218918343333531,0.13235960001951974,True
1.0,0.0,0.9166666666666666,0.5310344827586206,0.041666666666666685,-0.2655172413793103,1.2249540620194315,0.1312596576198777,True
1.0,0.0,0.9333333333333333,0.5310344827586206,0.033333333333333326,-0.2655172413793103,1.2280155097725338,0.13018593051115168,True
1.0,0.0,0.95,0.5310344827586206,0.025000000000000022,-0.2655172413793103,1.2310760227263162,0.12913740586060388,True
1.0,0.0,0.9666666666666667,0.5310344827586206,0.016666666666666663,-0.2655172413793103,1.2341354522522237,0.12811312455218216,True
1.0,0.0,0.9833333333333333,0.5310344827586206,0.00833333333333336,-0.2655172413793103,1.2371936557219563,0.12711217758174892,True
1.0,0.0,1.0,0.5310344827586206,0.0,-0.2655172413793103,1.2402504962788985,0.12613370274381608,True
1.0,0.0,1.0166666666666666,0.5310344827586206,-0.008333333333333304,-0.2655172413793103,1.2433058426187014,0.125176881582148,True
1.0,0.0,1.0333333333333334,0.5310344827586206,-0.01666666666666672,-0.2655172413793103,1.2463595687783682,0.12424093657982695,True
1.0,0.0,1.05,0.5310344827586206,-0.025000000000000022,-0.2655172413793103,1.2494115539335788,0.12332512856683597,True
1.0,0.0,1.0666666666666667,0.5310344827586206,-0.033333333333333326,-0.2655172413793103,1.2524616822039936,0.12242875432550879,True
1.0,0.0,1.0833333333333333,0.5310344827586206,-0.04166666666666663,-0.2655172413793103,1.2555098424661055,0.12155114437626496,True
1.0,0.0,1.1,0.5310344827586206,-0.050000000000000044,-0.2655172413793103,1.2585559281734602,0.12069166092776364,True
1.0,0.0,1.1166666666666667,0.5310344827586206,-0.05833333333333335,-0.2655172413793103,1.2615998371838846,0.11984969597725284,True
1.0,0.0,1.1333333333333333,0.5310344827586206,-0.06666666666666665,-0.2655172413793103,1.2646414715934693,0.11902466954826434,True
1.0,0.0,1.1500000000000001,0.5310344827586206,-0.07500000000000007,-0.2655172413793103,1.2676807375770325,0.11821602805406786,True
1.0,0.0,1.1666666666666667,0.5310344827586206,-0.08333333333333337,-0.2655172413793103,1.2707175452347388,0.11742324277642611,True
1.0,0.0,1.1833333333333333,0.5310344827586206,-0.09166666666666667,-0.2655172413793103,1.2737518084449408,0.11664580845008944,True
1.0,0.0,1.2000000000000002,0.5310344827586206,-0.10000000000000009,-0.2655172413793103,1.2767834447223612,0.11588324194460503,True
1.0,0.0,1.2166666666666668,0.5310344827586206,-0.10833333333333339,-0.2655172413793103,1.2798123750821073,0.11513508103545717,True
1.0,0.0,1.2333333333333334,0.5310344827586206,-0.1166666666666667,-0.2655172413793103,1.2828385239088338,0.11440088325757644,True
1.0,0.0,1.25,0.5310344827586206,-0.125,-0.2655172413793103,1.2858618188309983,0.11368022483473392,True
1.0,0.0,1.2666666666666668,0.5310344827586206,-0.13333333333333341,-0.2655172413793103,1.2888821905999865,0.11297269967895616,True
1.0,0.0,1.2833333333333334,0.5310344827586206,-0.14166666666666672,-0.2655172413793103,1.29189957297391,0.11227791845461411,True
1.0,0.0,1.3,0.5310344827586206,-0.15000000000000002,-0.2655172413793103,1.2949139026058933,0.11159550770229758,True
1.0,0.0,1.3166666666666667,0.5310344827586206,-0.15833333333333333,-0.2655172413793103,1.2979251189366572,0.11092510901801755,True
1.0,0.0,1.3333333333333335,0.5310344827586206,-0.16666666666666674,-0.2655172413793103,1.300933164091241,0.11026637828364905,True
1.0,0.0,1.35,0.5310344827586206,-0.17500000000000004,-0.2655172413793103,1.3039379827796838,0.10961898494487908,True
1.0,0.0,1.3666666666666667,0.5310344827586206,-0.18333333333333335,-0.2655172413793103,1.3069395222015179,0.10898261133322934,True
1.0,0.0,1.3833333333333333,0.5310344827586206,-0.19166666666666665,-0.2655172413793103,1.3099377319539116,0.108356952029011,True
1.0,0.0,1.4000000000000001,0.5310344827586206,-0.20000000000000007,-0.2655172413793103,1.3129325639433163,0.10774171326232185,True
1.0,0.0,1.4166666666666667,0.5310344827586206,-0.20833333333333337,-0.2655172413793103,1.315923972300483,0.107136612349429,True
1.0,0.0,1.4333333333333333,0.5310344827586206,-0.21666666666666667,-0.2655172413793103,1.3189119132987088,0.10654137716209376,True
1.0,0.0,1.45,0.5310344827586206,-0.22499999999999998,-0.2655172413793103,1.3218963452751833,0.10595574562758732,True
1.0,0.0,0.1,0.5597701149425287,0.45,-0.27988505747126435,1.086437024153767,0.262057318673355,False
1.0,0.0,0.11666666666666667,0.5597701149425287,0.44166666666666665,-0.27988505747126435,1.0892302207776376,0.2542219534365515,False
1.0,0.0,0.13333333333333333,0.5597701149425287,0.43333333333333335,-0.27988505747126435,1.0920437541663954,0.2470307090973026,False
1.0,0.0,0.15000000000000002,0.5597701149425287,0.425,-0.27988505747126435,1.0948766658202285,0.24040000473129122,False
1.0,0.0,0.16666666666666669,0.5597701149425287,0.41666666666666663,-0.27988505747126435,1.0977280301843917,0.23426071515852556,False
1.0,0.0,0.18333333333333335,0.5597701149425287,0.4083333333333333,-0.27988505747126435,1.1005969539166063,0.22855510499795265,False
1.0,0.0,0.2,0.5597701149425287,0.4,-0.27988505747126435,1.103482575121806,0.22323452205460434,False
1.0,0.0,0.21666666666666667,0.5597701149425287,0.39166666666666666,-0.27988505747126435,1.106384062561747,0.21825763731045625,False
1.0,0.0,0.23333333333333334,0.5597701149425287,0.3833333333333333,-0.27988505747126435,1.1093006148461322,0.21358908472420915,False
1.0,0.0,0.25,0.5597701149425287,0.375,-0.27988505747126435,1.1122314596111404,0.20919839773518603,False
1.0,0.0,0.26666666666666666,0.5597701149425287,0.3666666666666667,-0.27988505747126435,1.115175852690404,0.20505916888052741,False
1.0,0.0,0.2833333333333333,0.5597701149425287,0.35833333333333334,-0.27988505747126435,1.118133077283252,0.20114837922425405,False
1.0,0.0,0.30000000000000004,0.5597701149425287,0.35,-0.27988505747126435,1.1211024431236278,0.19744585847192891,True
1.0,0.0,0.31666666666666665,0.5597701149425287,0.3416666666666667,-0.27988505747126435,1.1240832856535847,0.19393384669120903,True
1.0,0.0,0.33333333333333337,0.5597701149425287,0.3333333333333333,-0.27988505747126435,1.1270749652039815,0.19059663577982278,True
1.0,0.0,0.35,0.5597701149425287,0.325,-0.27988505747126435,1.1300768661849634,0.18742027407517747,True
1.0,0.0,0.3666666666666667,0.5597701149425287,0.31666666666666665,-0.27988505747126435,1.1330883962883436,0.18439232136661488,True
1.0,0.0,0.3833333333333333,0.5597701149425287,0.30833333333333335,-0.27988505747126435,1.1361089857036015,0.18150164444825154,True
1.0,0.0,0.4,0.5597701149425287,0.3,-0.27988505747126435,1.1391380863492426,0.17873824551200218,True
1.0,0.0,0.41666666666666663,0.5597701149425287,0.2916666666666667,-0.27988505747126435,1.1421751711200632,0.17609311732129826,True
1.0,0.0,0.43333333333333335,0.5597701149425287,0.2833333333333333,-0.27988505747126435,1.1452197331522536,0.1735581203594889,True
1.0,0.0,0.44999999999999996,0.5597701149425287,0.275,-0.27988505747126435,1.1482712851062264,0.171125878116989,True
1.0,0.0,0.4666666666666667,0.5597701149425287,0.26666666666666666,-0.27988505747126435,1.1513293584682252,0.1687896874328818,True
1.0,0.0,0.4833333333333333,0.5597701149425287,0.25833333333333336,-0.27988505747126435,1.1543935028709762,0.16654344139699942,True
1.0,0.0,0.5,0.5597701149425287,0.25,-0.27988505747126435,1.1574632854336755,0.1643815627834112,True
1.0,0.0,0.5166666666666667,0.5597701149425287,0.24166666666666664,-0.27988505747126435,1.1605382901214525,0.16229894635541933,True
1.0,0.0,0.5333333333333333,0.5597701149425287,0.23333333333333334,-0.27988505747126435,1.1636181171243514,0.16029090867699364,True
1.0,0.0,0.55,0.5597701149425287,0.22499999999999998,-0.27988505747126435,1.1667023822557823,0.1583531443024031,True
1.0,0.0,0.5666666666666667,0.5597701149425287,0.21666666666666667,-0.27988505747126435,1.1697907163703,0.15648168740713123,True
1.0,0.0,0.5833333333333334,0.5597701149425287,0.20833333333333331,-0.27988505747126435,1.172882764800517,0.15467287807850388,True
1.0,0.0,0.6,0.5597701149425287,0.2,-0.27988505747126435,1.1759781868128891,0.15292333261124255,True
1.0,0.0,0.6166666666666666,0.5597701149425287,0.1916666666666667,-0.27988505747126435,1.179076655082081,0.15122991725711854,True
1.0,0.0,0.6333333333333333,0.5597701149425287,0.18333333333333335,-0.27988505747126435,1.1821778551835134,0.14958972496354947,True
1.0,0.0,0.65,0.5597701149425287,0.175,-0.27988505747126435,1.18528148510376,0.14800005470677993,True
1.0,0.0,0.6666666666666666,0.5597701149425287,0.16666666666666669,-0.27988505747126435,1.188387254768594,0.14645839308407818,True
1.0,0.0,0.6833333333333333,0.5597701149425287,0.15833333333333333,-0.27988505747126435,1.1914948855875438,0.14496239787893206,True
1.0,0.0,0.7,0.5597701149425287,0.15000000000000002,-0.27988505747126435,1.1946041100155649,0.14350988335344533,True
1.0,0.0,0.7166666666666667,0.5597701149425287,0.14166666666666666,-0.27988505747126435,1.1977146711305153,0.14209880705764355,True
1.0,0.0,0.7333333333333333,0.5597701149425287,0.13333333333333336,-0.27988505747126435,1.2008263222263675,0.14072725797389357,True
1.0,0.0,0.75,0.5597701149425287,0.125,-0.27988505747126435,1.203938826421605,0.13939344583952876,True
1.0,0.0,0.7666666666666666,0.5597701149425287,0.1166666666666667,-0.27988505747126435,1.2070519562823376,0.13809569151165071,True
1.0,0.0,0.7833333333333333,0.5597701149425287,0.10833333333333334,-0.27988505747126435,1.210165493459669,0.1368324182558929,True
1.0,0.0,0.7999999999999999,0.5597701149425287,0.10000000000000003,-0.27988505747126435,1.2132792283408522,0.1356021438561496,True
1.0,0.0,0.8166666666666667,0.5597701149425287,0.09166666666666667,-0.27988505747126435,1.2163929597137724,0.13440347345530168,True
1.0,0.0,0.8333333333333333,0.5597701149425287,0.08333333333333337,-0.27988505747126435,1.219506494444303,0.13323509304816908,True
1.0,0.0,0.85,0.5597701149425287,0.07500000000000001,-0.27988505747126435,1.222619647166088,0.1320957635575582,True
1.0,0.0,0.8666666666666666,0.5597701149425287,0.06666666666666671,-0.27988505747126435,1.2257322399823103,0.13098431543259598,True
1.0,0.0,0.8833333333333333,0.5597701149425287,0.05833333333333335,-0.27988505747126435,1.2288441021790215,0.12989964371574853,True
1.0,0.0,0.9,0.5597701149425287,0.04999999999999999,-0.27988505747126435,1.2319550699496116,0.1288407035311764,True
1.0,0.0,0.9166666666666666,0.5597701149425287,0.041666666666666685,-0.27988505747126435,1.235064986129959,0.12780650595253043,True
1.0,0.0,0.9333333333333333,0.5597701149425287,0.033333333333333326,-0.27988505747126435,1.2381736999440383,0.12679611421296183,True
1.0,0.0,0.95,0.5597701149425287,0.025000000000000022,-0.27988505747126435,1.2412810667593077,0.1258086402244139,True
1.0,0.0,0.9666666666666667,0.5597701149425287,0.016666666666666663,-0.27988505747126435,1.2443869478517302,0.12484324137671618,True
1.0,0.0,0.9833333333333333,0.5597701149425287,0.00833333333333336,-0.27988505747126435,1.2474912101800675,0.12389911759026086,True
1.0,0.0,1.0,0.5597701149425287,0.0,-0.27988505747126435,1.2505937261689308,0.12297550859888905,True
1.0,0.0,1.0166666666666666,0.5597701149425287,-0.008333333333333304,-0.27988505747126435,1.253694373500263,0.12207169144201842,True
1.0,0.0,1.0333333333333334,0.5597701149425287,-0.01666666666666672,-0.27988505747126435,1.2567930349132137,0.12118697814713462,True
1.0,0.0,1.05,0.5597701149425287,-0.025000000000000022,-0.27988505747126435,1.2598895980116658,0.12032071358591137,True
1.0,0.0,1.0666666666666667,0.5597701149425287,-0.033333333333333326,-0.27988505747126435,1.262983955079395,0.11947227348870293,True
1.0,0.0,1.0833333333333333,0.5597701149425287,-0.04166666666666663,-0.27988505747126435,1.2660760029024591,0.11864106260378782,True
1.0,0.0,1.1,0.5597701149425287,-0.050000000000000044,-0.27988505747126435,1.269165642598482,0.11782651298906131,True
1.0,0.0,1.1166666666666667,0.5597701149425287,-0.05833333333333335,-0.27988505747126435,1.2722527794528877,0.11702808242496862,True
1.0,0.0,1.1333333333333333,0.5597701149425287,-0.06666666666666665,-0.27988505747126435,1.2753373227610263,0.11624525293883248,True
1.0,0.0,1.1500000000000001,0.5597701149425287,-0.07500000000000007,-0.27988505747126435,1.278419185677038,0.11547752943117834,True
1.0,0.0,1.1666666666666667,0.5597701149425287,-0.08333333333333337,-0.27988505747126435,1.2814982850682604,0.1147244383960518,True
1.0,0.0,1.1833333333333333,0.5597701149425287,-0.09166666666666667,-0.27988505747126435,1.2845745413754364,0.11398552672770275,True
1.0,0.0,1.2000000000000002,0.5597701149425287,-0.10000000000000009,-0.27988505747126435,1.2876478784783565,0.11326036060686001,True
1.0,0.0,1.2166666666666668,0.5597701149425287,-0.10833333333333339,-0.27988505747126435,1.2907182235667265,0.11254852446039403,True
1.0,0.0,1.2333333333333334,0.5597701149425287,-0.1166666666666667,-0.27988505747126435,1.2937855070160573,0.11184961998871683,True
1.0,0.0,1.25,0.5597701149425287,-0.125,-0.27988505747126435,1.2968496622683634,0.11116326525576914,True
1.0,0.0,1.2666666666666668,0.5597701149425287,-0.13333333333333341,-0.27988505747126435,1.2999106257174955,0.11048909383688475,True
1.0,0.0,1.2833333333333334,0.5597701149425287,-0.14166666666666672,-0.27988505747126435,1.3029683365988973,0.10982675402023599,True
1.0,0.0,1.3,0.5597701149425287,-0.15000000000000002,-0.27988505747126435,1.3060227368836281,0.1091759080579179,True
1.0,0.0,1.3166666666666667,0.5597701149425287,-0.15833333333333333,-0.27988505747126435,1.3090737711764673,0.10853623146306819,True
1.0,0.0,1.3333333333333335,0.5597701149425287,-0.16666666666666674,-0.27988505747126435,1.3121213866179409,0.10790741234971468,True
1.0,0.0,1.35,0.5597701149425287,-0.17500000000000004,-0.27988505747126435,1.3151655327901106,0.10728915081231245,True
1.0,0.0,1.3666666666666667,0.5597701149425287,-0.18333333333333335,-0.27988505747126435,1.3182061616259768,0.10668115834218322,True
1.0,0.0,1.3833333333333333,0.5597701149425287,-0.19166666666666665,-0.27988505747126435,1.321243227322347,0.10608315727828938,True
1.0,0.0,1.4000000000000001,0.5597701149425287,-0.20000000000000007,-0.27988505747126435,1.3242766862560311,0.10549488028998048,True
1.0,0.0,1.4166666666666667,0.5597701149425287,-0.20833333333333337,-0.27988505747126435,1.327306496903232,0.10491606988953815,True
1.0,0.0,1.4333333333333333,0.5597701149425287,-0.21666666666666667,-0.27988505747126435,1.3303326197619987,0.10434647797250833,True
1.0,0.0,1.45,0.5597701149425287,-0.22499999999999998,-0.27988505747126435,1.3333550172776294,0.10378586538397064,True
1.0,0.0,0.1,0.5885057471264368,0.45,-0.2942528735632184,1.0934464220373943,0.2436766406141402,False
1.0,0.0,0.11666666666666667,0.5885057471264368,0.44166666666666665,-0.2942528735632184,1.0963261361267864,0.23721675891851218,False
1.0,0.0,0.13333333333333333,0.5885057471264368,0.43333333333333335,-0.2942528735632184,1.0992246682121145,0.23122917840357893,False
1.0,0.0,0.15000000000000002,0.5885057471264368,0.425,-0.2942528735632184,1.1021411021048064,0.22565913758812006,False
1.0,0.0,0.16666666666666669,0.5885057471264368,0.41666666666666663,-0.2942528735632184,1.1050745537887274,0.2204603827416754,False
1.0,0.0,0.18333333333333335,0.5885057471264368,0.4083333333333333,-0.2942528735632184,1.108024170632896,0.21559353897367192,False
1.0,0.0,0.2,0.5885057471264368,0.4,-0.2942528735632184,1.1109891305822774,0.21102484714393543,False
1.0,0.0,0.21666666666666667,0.5885057471264368,0.39166666666666666,-0.2942528735632184,1.1139686413329482,0.206725173283746,False
1.0,0.0,0.23333333333333334,0.5885057471264368,0.3833333333333333,-0.2942528735632184,1.116961939497149,0.2026692236467437,False
1.0,0.0,0.25,0.5885057471264368,0.375,-0.2942528735632184,1.1199682897631245,0.1988349167623735,True
1.0,0.0,0.26666666666666666,0.5885057471264368,0.3666666666666667,-0.2942528735632184,1.1229869840539297,0.19520287666969197,True
1.0,0.0,0.2833333333333333,0.5885057471264368,0.35833333333333334,-0.2942528735632184,1.1260173406889498,0.1917560206218463,True
1.0,0.0,0.30000000000000004,0.5885057471264368,0.35,-0.2942528735632184,1.1290587035512822,0.18847922112298468,True
1.0,0.0,0.31666666666666665,0.5885057471264368,0.3416666666666667,-0.2942528735632184,1.1321104412637264,0.18535902695630724,True
1.0,0.0,0.33333333333333337,0.5885057471264368,0.3333333333333333,-0.2942528735632184,1.135171946375719,0.18238343140365473,True
1.0,0.0,0.35,0.5885057471264368,0.325,-0.2942528735632184,1.1382426345630712,0.17954167849974645,True
1.0,0.0,0.3666666666666667,0.5885057471264368,0.31666666666666665,-0.2942528735632184,1.1413219438425606,0.17682410015489786,True
1.0,0.0,0.3833333333333333,0.5885057471264368,0.30833333333333335,-0.2942528735632184,1.1444093338019854,0.1742219784953943,True
1.0,0.0,0.4,0.5885057471264368,0.3,-0.2942528735632184,1.1475042848475798,0.17172742893071297,True
1.0,0.0,0.41666666666666663,0.5885057471264368,0.2916666666666667,-0.2942528735632184,1.1506062974691738,0.169333300356139,True
1.0,0.0,0.43333333333333335,0.5885057471264368,0.2833333333333333,-0.2942528735632184,1.1537148915239412,0.167033089598473,True
1.0,0.0,0.44999999999999996,0.5885057471264368,0.275,-0.2942528735632184,1.1568296055392189,0.164820867761869,True
1.0,0.0,0.4666666666666667,0.5885057471264368,0.26666666666666666,-0.2942528735632184,1.1599499960347377,0.1626912165647017,True
1.0,0.0,0.4833333333333333,0.5885057471264368,0.25833333333333336,-0.2942528735632184,1.163075636864492,0.16063917310335005,True
1.0,0.0,0.5,0.5885057471264368,0.25,-0.2942528735632184,1.166206118578332,0.15866018175478575,True
1.0,0.0,0.5166666666666667,0.5885057471264368,0.24166666666666664,-0.2942528735632184,1.1693410478032848,0.15675005215189958,True
1.0,0.0,0.5333333333333333,0.5885057471264368,0.23333333333333334,-0.2942528735632184,1.1724800466445098,0.15490492234513906,True
1.0,0.0,0.55,0.5885057471264368,0.22499999999999998,-0.2942528735632184,1.175622752105719,0.15312122641011042,True
1.0,0.0,0.5666666666666667,0.5885057471264368,0.21666666666666667,-0.2942528735632184,1.178768815528846,0.15139566588016656,True
1.0,0.0,0.5833333333333334,0.5885057471264368,0.20833333333333331,-0.2942528735632184,1.1819179020526516,0.1497251844810348,True
1.0,0.0,0.6,0.5885057471264368,0.2,-0.2942528735632184,1.1850696900899185,0.14810694572537353,True
1.0,0.0,0.6166666666666666,0.5885057471264368,0.1916666666666667,-0.2942528735632184,1.1882238708231774,0.14653831299193795,True
1.0,0.0,0.6333333333333333,0.5885057471264368,0.18333333333333335,-0.2942528735632184,1.1913801477177421,0.14501683177030647,True
1.0,0.0,0.65,0.5885057471264368,0.175,-0.2942528735632184,1.194538236052789,0.1435402137976012,True
1.0,0.0,0.6666666666666666,0.5885057471264368,0.16666666666666669,-0.2942528735632184,1.1976978624690986,0.14210632285368693,True
1.0,0.0,0.6833333333333333,0.5885057471264368,0.15833333333333333,-0.2942528735632184,1.200858764533448,0.1407131620134057,True
1.0,0.0,0.7,0.5885057471264368,0.15000000000000002,-0.2942528735632184,1.2040206903190953,0.13935886218234905,True
1.0,0.0,0.7166666666666667,0.5885057471264368,0.14166666666666666,-0.2942528735632184,1.2071833980018811,0.13804167176606028,True
1.0,0.0,0.7333333333333333,0.5885057471264368,0.13333333333333336,-0.2942528735632184,1.210346655471489,0.13675994734245808,True
1.0,0.0,0.75,0.5885057471264368,0.125,-0.2942528735632184,1.2135102399573752,0.1355121452242565,True
1.0,0.0,0.7666666666666666,0.5885057471264368,0.1166666666666667,-0.2942528735632184,1.2166739376689153,0.13429681381264383,True
1.0,0.0,0.7833333333333333,0.5885057471264368,0.10833333333333334,-0.2942528735632184,1.2198375434492787,0.1331125866559346,True
1.0,0.0,0.7999999999999999,0.5885057471264368,0.10000000000000003,-0.2942528735632184,1.223000860442583,0.13195817613757665,True
1.0,0.0,0.8166666666666667,0.5885057471264368,0.09166666666666667,-0.2942528735632184,1.2261636997738703,0.13083236772712004,True
1.0,0.0,0.8333333333333333,0.5885057471264368,0.08333333333333337,-0.2942528735632184,1.2293258802414417,0.12973401473571017,True
1.0,0.0,0.85,0.5885057471264368,0.07500000000000001,-0.2942528735632184,1.23248722802114,0.12866203352455288,True
1.0,0.0,0.8666666666666666,0.5885057471264368,0.06666666666666671,-0.2942528735632184,1.2356475763820847,0.12761539912081327,True
1.0,0.0,0.8833333333333333,0.5885057471264368,0.05833333333333335,-0.2942528735632184,1.2388067654135806,0.1265931412005524,True
1.0,0.0,0.9,0.5885057471264368,0.04999999999999999,-0.2942528735632184,1.2419646417625616,0.12559434040297424,True
1.0,0.0,0.9166666666666666,0.5885057471264368,0.041666666666666685,-0.2942528735632184,1.2451210583814698,0.12461812494405436,True
1.0,0.0,0.9333333333333333,0.5885057471264368,0.033333333333333326,-0.2942528735632184,1.2482758742857814,0.12366366750132554,True
1.0,0.0,0.95,0.5885057471264368,0.025000000000000022,-0.2942528735632184,1.251428954321315,0.12273018234436499,True
1.0,0.0,0.9666666666666667,0.5885057471264368,0.016666666666666663,-0.2942528735632184,1.2545801689404763,0.12181692268852393,True
1.0,0.0,0.9833333333333333,0.5885057471264368,0.00833333333333336,-0.2942528735632184,1.2577293939873722,0.12092317825156826,True
1.0,0.0,1.0,0.5885057471264368,0.0,-0.2942528735632184,1.2608765104913597,0.12004827299511017,True
1.0,0.0,1.0166666666666666,0.5885057471264368,-0.008333333333333304,-0.2942528735632184,1.2640214044687088,0.11919156303452422,True
1.0,0.0,1.0333333333333334,0.5885057471264368,-0.01666666666666672,-0.2942528735632184,1.2671639667320675,0.11835243470268314,True
1.0,0.0,1.05,0.5885057471264368,-0.025000000000000022,-0.2942528735632184,1.2703040927073554,0.11753030275432164,True
1.0,0.0,1.0666666666666667,0.5885057471264368,-0.033333333333333326,-0.2942528735632184,1.2734416822580645,0.11672460869903863,True
1.0,0.0,1.0833333333333333,0.5885057471264368,-0.04166666666666663,-0.2942528735632184,1.2765766395161295,0.11593481925231701,True
1.0,0.0,1.1,0.5885057471264368,-0.050000000000000044,-0.2942528735632184,1.2797088727197132,0.11516042489465952,True
1.0,0.0,1.1166666666666667,0.5885057471264368,-0.05833333333333335,-0.2942528735632184,1.2828382940572343,0.1144009385301244,True
1.0,0.0,1.1333333333333333,0.5885057471264368,-0.06666666666666665,-0.2942528735632184,1.285964819517535,0.11365589423621983,True
1.0,0.0,1.1500000000000001,0.5885057471264368,-0.07500000000000007,-0.2942528735632184,1.2890883687459083,0.11292484609790007,True
1.0,0.0,1.1666666666666667,0.5885057471264368,-0.08333333333333337,-0.2942528735632184,1.2922088649057615,0.11220736711904992,True
1.0,0.0,1.1833333333333333,0.5885057471264368,-0.09166666666666667,-0.2942528735632184,1.2953262345456844,0.11150304820544528,True
1.0,0.0,1.2000000000000002,0.5885057471264368,-0.10000000000000009,-0.2942528735632184,1.2984404074716962,0.11081149721370938,True
1.0,0.0,1.2166666666666668,0.5885057471264368,-0.10833333333333339,-0.2942528735632184,1.3015513166244839,0.11013233806125435,True
1.0,0.0,1.2333333333333334,0.5885057471264368,-0.1166666666666667,-0.2942528735632184,1.3046588979614024,0.10946520989264676,True
1.0,0.0,1.25,0.5885057471264368,-0.125,-0.2942528735632184,1.3077630903430673,0.1088097662982124,True
1.0,0.0,1.2666666666666668,0.5885057471264368,-0.13333333333333341,-0.2942528735632184,1.3108638354243474,0.1081656745810548,True
1.0,0.0,1.2833333333333334,0.5885057471264368,-0.14166666666666672,-0.2942528735632184,1.313961077549567,0.10753261506898541,True
1.0,0.0,1.3,0.5885057471264368,-0.15000000000000002,-0.2942528735632184,1.3170547636517753,0.10691028046814291,True
1.0,0.0,1.3166666666666667,0.5885057471264368,-0.15833333333333333,-0.2942528735632184,1.320144843155888,0.10629837525535545,True
1.0,0.0,1.3333333333333335,0.5885057471264368,-0.16666666666666674,-0.2942528735632184,1.3232312678855667,0.1056966151065255,True
1.0,0.0,1.35,0.5885057471264368,-0.17500000000000004,-0.2942528735632184,1.3263139919736802,0.10510472635854372,True
1.0,0.0,1.3666666666666667,0.5885057471264368,-0.18333333333333335,-0.2942528735632184,1.329392971776192,0.10452244550243223,True
1.0,0.0,1.3833333333333333,0.5885057471264368,-0.19166666666666665,-0.2942528735632184,1.3324681657893562,0.10394951870559528,True
1.0,0.0,1.4000000000000001,0.5885057471264368,-0.20000000000000007,-0.2942528735632184,1.3355395345700716,0.10338570136122614,True
1.0,0.0,1.4166666666666667,0.5885057471264368,-0.20833333333333337,-0.2942528735632184,1.338607040659273,0.10283075766306216,True
1.0,0.0,1.4333333333333333,0.5885057471264368,-0.21666666666666667,-0.2942528735632184,1.3416706485082432,0.1022844602038215,True
1.0,0.0,1.45,0.5885057471264368,-0.22499999999999998,-0.2942528735632184,1.3447303244077193,0.10174658959577865,True
1.0,0.0,0.1,0.6172413793103448,0.45,-0.3086206896551724,1.1005011752440452,0.22873859910832195,False
1.0,0.0,0.11666666666666667,0.6172413793103448,0.44166666666666665,-0.3086206896551724,1.103463729471522,0.22326802057239578,False
1.0,0.0,0.13333333333333333,0.6172413793103448,0.43333333333333335,-0.3086206896551724,1.106443685659082,0.21815897726106334,False
1.0,0.0,0.15000000000000002,0.6172413793103448,0.425,-0.3086206896551724,1.1094401672961944,0.2133734543478641,False
1.0,0.0,0.16666666666666669,0.6172413793103448,0.41666666666666663,-0.3086206896551724,1.1124523292437245,0.2088788147806238,False
1.0,0.0,0.18333333333333335,0.6172413793103448,0.4083333333333333,-0.3086206896551724,1.1154793569072083,0.20464685801426827,False
1.0,0.0,0.2,0.6172413793103448,0.4,-0.3086206896551724,1.1185204653970646,0.20065307269023971,False
1.0,0.0,0.21666666666666667,0.6172413793103448,0.39166666666666666,-0.3086206896551724,1.1215748986807286,0.1968760377249757,True
1.0,0.0,0.23333333333333334,0.6172413793103448,0.3833333333333333,-0.3086206896551724,1.1246419287311924,0.19329693817875196,True
1.0,0.0,0.25,0.6172413793103448,0.375,-0.3086206896551724,1.127720854676743,0.18989917077311352,True
1.0,0.0,0.26666666666666666,0.6172413793103448,0.3666666666666667,-0.3086206896551724,1.1308110019543955,0.1866680200705066,True
1.0,0.0,0.2833333333333333,0.6172413793103448,0.35833333333333334,-0.3086206896551724,1.133911721470727,0.1835903908224174,True
1.0,0.0,0.30000000000000004,0.6172413793103448,0.35,-0.3086206896551724,1.1370223887723618,0.18065458531922948,True
1.0,0.0,0.31666666666666665,0.6172413793103448,0.3416666666666667,-0.3086206896551724,1.140142403228579,0.17785011706067427,True
1.0,0.0,0.33333333333333337,0.6172413793103448,0.3333333333333333,-0.3086206896551724,1.143271187227485,0.1751675539433606,True
1.0,0.0,0.35,0.6172413793103448,0.325,-0.3086206896551724,1.1464081853877046,0.17259838559091678,True
1.0,0.0,0.3666666666666667,0.6172413793103448,0.31666666666666665,-0.3086206896551724,1.149552863786594,0.1701349105514458,True
1.0,0.0,0.3833333333333333,0.6172413793103448,0.30833333333333335,-0.3086206896551724,1.1527047092060823,0.16777013993740283,True
1.0,0.0,0.4,0.6172413793103448,0.3,-0.3086206896551724,1.1558632283969295,0.16549771474692726,True
1.0,0.0,0.41666666666666663,0.6172413793103448,0.2916666666666667,-0.3086206896551724,1.159027947362009,0.16331183462728777,True
1.0,0.0,0.43333333333333335,0.6172413793103448,0.2833333333333333,-0.3086206896551724,1.1621984106590604,0.1612071962537761,True
1.0,0.0,0.44999999999999996,0.6172413793103448,0.275,-0.3086206896551724,1.1653741807232036,0.15917893982591985,True
1.0,0.0,0.4666666666666667,0.6172413793103448,0.26666666666666666,-0.3086206896551724,1.168554837209387,0.15722260244600214,True
1.0,0.0,0.4833333333333333,0.6172413793103448,0.25833333333333336,-0.3086206896551724,1.1717399763548175,0.15533407735681906,True
1.0,0.0,0.5,0.6172413793103448,0.25,-0.3086206896551724,1.1749292103613396,0.15350957818722644,True
1.0,0.0,0.5166666666666667,0.6172413793103448,0.24166666666666664,-0.3086206896551724,1.1781221667976323,0.15174560749373744,True
1.0,0.0,0.5333333333333333,0.6172413793103448,0.23333333333333334,-0.3086206896551724,1.1813184880210472,0.1500389290006981,True
1.0,0.0,0.55,0.6172413793103448,0.22499999999999998,-0.3086206896551724,1.184517830618772,0.14838654303551793,True
1.0,0.0,0.5666666666666667,0.6172413793103448,0.21666666666666667,-0.3086206896551724,1.1877198648680576,0.14678566473289623,True
1.0,0.0,0.5833333333333334,0.6172413793103448,0.20833333333333331,-0.3086206896551724,1.190924274215404,0.1452337046461585,True
1.0,0.0,0.6,0.6172413793103448,0.2,-0.3086206896551724,1.1941307547735753,0.1437282514577965,True
1.0,0.0,0.6166666666666666,0.6172413793103448,0.1916666666666667,-0.3086206896551724,1.1973390148370269,0.14226705652512994,True
1.0,0.0,0.6333333333333333,0.6172413793103448,0.18333333333333335,-0.3086206896551724,1.200548774414577,0.14084802003537186,True
1.0,0.0,0.65,0.6172413793103448,0.175,-0.3086206896551724,1.203759764779176,0.13946917857540755,True
1.0,0.0,0.6666666666666666,0.6172413793103448,0.16666666666666669,-0.3086206896551724,1.2069717280342491,0.1381286939484392,True
1.0,0.0,0.6833333333333333,0.6172413793103448,0.15833333333333333,-0.3086206896551724,1.2101844166961429,0.136824843092203,True
1.0,0.0,0.7,0.6172413793103448,0.15000000000000002,-0.3086206896551724,1.2133975932922014,0.13555600897267006,True
1.0,0.0,0.7166666666666667,0.6172413793103448,0.14166666666666666,-0.3086206896551724,1.2166110299739907,0.1343206723435155,True
1.0,0.0,0.7333333333333333,0.6172413793103448,0.13333333333333336,-0.3086206896551724,1.2198245081451922,0.13311740427565152,True
1.0,0.0,0.75,0.6172413793103448,0.125,-0.3086206896551724,1.223037818103688,0.13194485937312353,True
1.0,0.0,0.7666666666666666,0.6172413793103448,0.1166666666666667,-0.3086206896551724,1.2262507586973683,0.13080176960200657,True
1.0,0.0,0.7833333333333333,0.6172413793103448,0.10833333333333334,-0.3086206896551724,1.2294631369931879,0.12968693866784417,True
1.0,0.0,0.7999999999999999,0.6172413793103448,0.10000000000000003,-0.3086206896551724,1.2326747679590273,0.12859923688486993,True
1.0,0.0,0.8166666666666667,0.6172413793103448,0.09166666666666667,-0.3086206896551724,1.2358854741578547,0.12753759648694737,True
1.0,0.0,0.8333333333333333,0.6172413793103448,0.08333333333333337,-0.3086206896551724,1.2390950854538787,0.12650100733589953,True
1.0,0.0,0.85,0.6172413793103448,0.07500000000000001,-0.3086206896551724,1.242303438730046,0.12548851298806665,True
1.0,0.0,0.8666666666666666,0.6172413793103448,0.06666666666666671,-0.3086206896551724,1.2455103776167067,0.12449920708417951,True
1.0,0.0,0.8833333333333333,0.6172413793103448,0.05833333333333335,-0.3086206896551724,1.2487157522307837,0.12353223003165488,True
1.0,0.0,0.9,0.6172413793103448,0.04999999999999999,-0.3086206896551724,1.2519194189253136,0.12258676595162962,True
1.0,0.0,0.9166666666666666,0.6172413793103448,0.041666666666666685,-0.3086206896551724,1.2551212400487346,0.12166203986617122,True
1.0,0.0,0.9333333333333333,0.6172413793103448,0.033333333333333326,-0.3086206896551724,1.2583210837136856,0.120757315103598,True
1.0,0.0,0.95,0.6172413793103448,0.025000000000000022,-0.3086206896551724,1.2615188235748993,0.11987189090219724,True
1.0,0.0,0.9666666666666667,0.6172413793103448,0.016666666666666663,-0.3086206896551724,1.2647143386158548,0.11900510019464405,True
1.0,0.0,0.9833333333333333,0.6172413793103448,0.00833333333333336,-0.3086206896551724,1.2679075129438375,0.1181563075572277,True
1.0,0.0,1.0,0.6172413793103448,0.0,-0.3086206896551724,1.2710982355930007,0.11732490730959981,True
1.0,0.0,1.0166666666666666,0.6172413793103448,-0.008333333333333304,-0.3086206896551724,1.274286400335476,0.11651032175206248,True
1.0,0.0,1.0333333333333334,0.6172413793103448,-0.01666666666666672,-0.3086206896551724,1.2774719054994843,0.11571199952895819,True
1.0,0.0,1.05,0.6172413793103448,-0.025000000000000022,-0.3086206896551724,1.2806546537949848,0.11492941410743297,True
1.0,0.0,1.0666666666666667,0.6172413793103448,-0.033333333333333326,-0.3086206896551724,1.283834552146032,0.11416206236220454,True
1.0,0.0,1.0833333333333333,0.6172413793103448,-0.04166666666666663,-0.3086206896551724,1.287011511529762,0.11340946325766722,True
1.0,0.0,1.1,0.6172413793103448,-0.050000000000000044,-0.3086206896551724,1.290185446821712,0.1126711566195221,True
1.0,0.0,1.1166666666666667,0.6172413793103448,-0.05833333333333335,-0.3086206896551724,1.2933562766472193,0.11194670198883123,True
1.0,0.0,1.1333333333333333,0.6172413793103448,-0.06666666666666665,-0.3086206896551724,1.2965239232386543,0.11123567755203642,True
1.0,0.0,1.1500000000000001,0.6172413793103448,-0.07500000000000007,-0.3086206896551724,1.2996883122982568,0.11053767914105819,True
1.0,0.0,1.1666666666666667,0.6172413793103448,-0.08333333333333337,-0.3086206896551724,1.3028493728663395,0.1098523192981163,True
1.0,0.0,1.1833333333333333,0.6172413793103448,-0.09166666666666667,-0.3086206896551724,1.306007037194656,0.10917922640037442,True
1.0,0.0,1.2000000000000002,0.6172413793103448,-0.10000000000000009,-0.3086206896551724,1.309161240624709,0.10851804383993857,True
1.0,0.0,1.2166666666666668,0.6172413793103448,-0.10833333333333339,-0.3086206896551724,1.3123119214708132,0.10786842925511929,True
1.0,0.0,1.2333333333333334,0.6172413793103448,-0.1166666666666667,-0.3086206896551724,1.31545902090771,0.1072300538092104,True
1.0,0.0,1.25,0.6172413793103448,-0.125,-0.3086206896551724,1.3186024828625535,0.10660260151335459,True
1.0,0.0,1.2666666666666668,0.6172413793103448,-0.13333333333333341,-0.3086206896551724,1.3217422539110941,0.10598576859034249,True
1.0,0.0,1.2833333333333334,0.6172413793103448,-0.14166666666666672,-0.3086206896551724,1.3248782831778805,0.10537926287645553,True
1.0,0.0,1.3,0.6172413793103448,-0.15000000000000002,-0.3086206896551724,1.3280105222403351,0.10478280325869035,True
1.0,0.0,1.3166666666666667,0.6172413793103448,-0.15833333333333333,-0.3086206896551724,1.3311389250365189,0.10419611914492106,True
1.0,0.0,1.3333333333333335,0.6172413793103448,-0.16666666666666674,-0.3086206896551724,1.3342634477764688,0.10361894996474176,True
1.0,0.0,1.35,0.6172413793103448,-0.17500000000000004,-0.3086206896551724,1.3373840488569346,0.10305104469891528,True
1.0,0.0,1.3666666666666667,0.6172413793103448,-0.18333333333333335,-0.3086206896551724,1.3405006887793995,0.10249216143550877,True
1.0,0.0,1.3833333333333333,0.6172413793103448,-0.19166666666666665,-0.3086206896551724,1.3436133300712363,0.10194206695094767,True
1.0,0.0,1.4000000000000001,0.6172413793103448,-0.20000000000000007,-0.3086206896551724,1.3467219372098864,0.10140053631434978,True
1.0,0.0,1.4166666666666667,0.6172413793103448,-0.20833333333333337,-0.3086206896551724,1.3498264765499304,0.10086735251362966,True
1.0,0.0,1.4333333333333333,0.6172413793103448,-0.21666666666666667,-0.3086206896551724,1.3529269162529354,0.10034230610196944,True
1.0,0.0,1.45,0.6172413793103448,-0.22499999999999998,-0.3086206896551724,1.3560232262199767,0.09982519486335863,True
1.0,0.0,0.1,0.6459770114942528,0.45,-0.3229885057471264,1.1075915668982632,0.21628634566568908,False
1.0,0.0,0.11666666666666667,0.6459770114942528,0.44166666666666665,-0.3229885057471264,1.1106336374548256,0.21155671927091876,False
1.0,0.0,0.13333333333333333,0.6459770114942528,0.43333333333333335,-0.3229885057471264,1.1136917861665268,0.20711323026328732,False
1.0,0.0,0.15000000000000002,0.6459770114942528,0.425,-0.3229885057471264,1.116765173743812,0.20292827252840137,False
1.0,0.0,0.16666666666666669,0.6459770114942528,0.41666666666666663,-0.3229885057471264,1.1198529914587405,0.19897783465064234,True
1.0,0.0,0.18333333333333335,0.6459770114942528,0.4083333333333333,-0.3229885057471264,1.1229544602905093,0.195240918906129,True
1.0,0.0,0.2,0.6459770114942528,0.4,-0.3229885057471264,1.1260688300648436,0.19169907113665927,True
1.0,0.0,0.21666666666666667,0.6459770114942528,0.39166666666666666,-0.3229885057471264,1.1291953785916284,0.1883359973256033,True
1.0,0.0,0.23333333333333334,0.6459770114942528,0.3833333333333333,-0.3229885057471264,1.132333410804645,0.1851372485841581,True
1.0,0.0,0.25,0.6459770114942528,0.375,-0.3229885057471264,1.1354822579067037,0.18208996057009952,True
1.0,0.0,0.26666666666666666,0.6459770114942528,0.3666666666666667,-0.3229885057471264,1.1386412765233385,0.17918263655658825,True
1.0,0.0,0.2833333333333333,0.6459770114942528,0.35833333333333334,-0.3229885057471264,1.141809847866735,0.1764049657616759,True
1.0,0.0,0.30000000000000004,0.6459770114942528,0.35,-0.3229885057471264,1.1449873769131915,0.17374767035506794,True
1.0,0.0,0.31666666666666665,0.6459770114942528,0.3416666666666667,-0.3229885057471264,1.1481732915947025,0.17120237593956666,True
1.0,0.0,0.33333333333333337,0.6459770114942528,0.3333333333333333,-0.3229885057471264,1.1513670420067768,0.16876150136309379,True
1.0,0.0,0.35,0.6459770114942528,0.325,-0.3229885057471264,1.1545680996334649,0.16641816453986213,True
1.0,0.0,0.3666666666666667,0.6459770114942528,0.31666666666666665,-0.3229885057471264,1.157775956590561,0.16416610160086242,True
1.0,0.0,0.3833333333333333,0.6459770114942528,0.30833333333333335,-0.3229885057471264,1.160990124887723,0.1619995971986251,True
1.0,0.0,0.4,0.6459770114942528,0.3,-0.3229885057471264,1.164210135710064,0.15991342419085713,True
1.0,0.0,0.41666666666666663,0.6459770114942528,0.2916666666666667,-0.3229885057471264,1.1674355387195987,0.157902791245951,True
1.0,0.0,0.43333333333333335,0.6459770114942528,0.2833333333333333,-0.3229885057471264,1.1706659013768053,0.15596329716852597,True
1.0,0.0,0.44999999999999996,0.6459770114942528,0.275,-0.3229885057471264,1.1739008082824185,0.15409089094884823,True
1.0,0.0,0.4666666666666667,0.6459770114942528,0.26666666666666666,-0.3229885057471264,1.177139860539482,0.1522818367066267,True
1.0,0.0,0.4833333333333333,0.6459770114942528,0.25833333333333336,-0.3229885057471264,1.1803826751355841,0.15053268283542925,True
1.0,0.0,0.5,0.6459770114942528,0.25,-0.3229885057471264,1.1836288843451055,0.1488402347650731,True
1.0,0.0,0.5166666666666667,0.6459770114942528,0.24166666666666664,-0.3229885057471264,1.1868781351512439,0.14720153085068713,True
1.0,0.0,0.5333333333333333,0.6459770114942528,0.23333333333333334,-0.3229885057471264,1.1901300886877866,0.14561382097246411,True
1.0,0.0,0.55,0.6459770114942528,0.22499999999999998,-0.3229885057471264,1.1933844196996544,0.14407454749314433,True
1.0,0.0,0.5666666666666667,0.6459770114942528,0.21666666666666667,-0.3229885057471264,1.1966408160227107,0.1425813282716229,True
1.0,0.0,0.5833333333333334,0.6459770114942528,0.20833333333333331,-0.3229885057471264,1.199898978081778,0.14113194147540542,True
1.0,0.0,0.6,0.6459770114942528,0.2,-0.3229885057471264,1.2031586184067216,0.13972431197071067,True
1.0,0.0,0.6166666666666666,0.6459770114942528,0.1916666666666667,-0.3229885057471264,1.2064194611660963,0.13835649909998338,True
1.0,0.0,0.6333333333333333,0.6459770114942528,0.18333333333333335,-0.3229885057471264,1.209681241717898,0.13702668568255272,True
1.0,0.0,0.65,0.6459770114942528,0.175,-0.3229885057471264,1.2129437061769393,0.1357331680962341,True
1.0,0.0,0.6666666666666666,0.6459770114942528,0.16666666666666669,-0.3229885057471264,1.2162066109983787,0.13447434731641947,True
1.0,0.0,0.6833333333333333,0.6459770114942528,0.15833333333333333,-0.3229885057471264,1.2194697225769116,0.13324872080520117,True
1.0,0.0,0.7,0.6459770114942528,0.15000000000000002,-0.3229885057471264,1.2227328168611384,0.13205487515676612,True
1.0,0.0,0.7166666666666667,0.6459770114942528,0.14166666666666666,-0.3229885057471264,1.2259956789826234,0.13089147941703577,True
1.0,0.0,0.7333333333333333,0.6459770114942528,0.13333333333333336,-0.3229885057471264,1.2292581028991627,0.1297572790056338,True
1.0,0.0,0.75,0.6459770114942528,0.125,-0.3229885057471264,1.2325198910517898,0.12865109017697465,True
1.0,0.0,0.7666666666666666,0.6459770114942528,0.1166666666666667,-0.3229885057471264,1.2357808540350028,0.12757179496482127,True
1.0,0.0,0.7833333333333333,0.6459770114942528,0.10833333333333334,-0.3229885057471264,1.2390408102798849,0.12651833656113165,True
1.0,0.0,0.7999999999999999,0.6459770114942528,0.10000000000000003,-0.3229885057471264,1.2422995857494283,0.12548971508581752,True
1.0,0.0,0.8166666666666667,0.6459770114942528,0.09166666666666667,-0.3229885057471264,1.245557013645897,0.12448498370880981,True
1.0,0.0,0.8333333333333333,0.6459770114942528,0.08333333333333337,-0.3229885057471264,1.2488129341295002,0.12350324509032967,True
1.0,0.0,0.85,0.6459770114942528,0.07500000000000001,-0.3229885057471264,1.2520671940482588,0.12254364810884913,True
1.0,0.0,0.8666666666666666,0.6459770114942528,0.06666666666666671,-0.3229885057471264,1.2553196466783831,0.12160538484971539,True
1.0,0.0,0.8833333333333333,0.6459770114942528,0.05833333333333335,-0.3229885057471264,1.2585701514749184,0.12068768783018703,True
1.0,0.0,0.9,0.6459770114942528,0.04999999999999999,-0.3229885057471264,1.2618185738322185,0.11978982743925344,True
1.0,0.0,0.9166666666666666,0.6459770114942528,0.041666666666666685,-0.3229885057471264,1.2650647848538739,0.11891110957284948,True
1.0,0.0,0.9333333333333333,0.6459770114942528,0.033333333333333326,-0.3229885057471264,1.2683086611316674,0.1180508734470851,True
1.0,0.0,0.95,0.6459770114942528,0.025000000000000022,-0.3229885057471264,1.2715500845335517,0.11720848957377031,True
1.0,0.0,0.9666666666666667,0.6459770114942528,0.016666666666666663,-0.3229885057471264,1.2747889419994112,0.11638335788440181,True
1.0,0.0,0.9833333333333333,0.6459770114942528,0.00833333333333336,-0.3229885057471264,1.2780251253456112,0.11557490598958388,True
1.0,0.0,1.0,0.6459770114942528,0.0,-0.3229885057471264,1.2812585310767932,0.11478258756276159,True
1.0,0.0,1.0166666666666666,0.6459770114942528,-0.008333333333333304,-0.3229885057471264,1.2844890602052916,0.1140058808377449,True
1.0,0.0,1.0333333333333334,0.6459770114942528,-0.01666666666666672,-0.3229885057471264,1.2877166180776602,0.11324428721071934,True
1.0,0.0,1.05,0.6459770114942528,-0.025000000000000022,-0.3229885057471264,1.2909411142080538,0.11249732993825239,True
1.0,0.0,1.0666666666666667,0.6459770114942528,-0.033333333333333326,-0.3229885057471264,1.2941624621181893,0.11176455292359903,True
1.0,0.0,1.0833333333333333,0.6459770114942528,-0.04166666666666663,-0.3229885057471264,1.2973805791836224,0.1110455195843122,True
1.0,0.0,1.1,0.6459770114942528,-0.050000000000000044,-0.3229885057471264,1.300595386486082,0.11033981179479804,True
1.0,0.0,1.1166666666666667,0.6459770114942528,-0.05833333333333335,-0.3229885057471264,1.3038068086716221,0.10964702889802029,True
1.0,0.0,1.1333333333333333,0.6459770114942528,-0.06666666666666665,-0.3229885057471264,1.3070147738143554,0.10896678678107233,True
1.0,0.0,1.1500000000000001,0.6459770114942528,-0.07500000000000007,-0.3229885057471264,1.3102192132855386,0.10829871700979525,True
1.0,0.0,1.1666666666666667,0.6459770114942528,-0.08333333333333337,-0.3229885057471264,1.3134200616277998,0.1076424660180331,True
1.0,0.0,1.1833333333333333,0.6459770114942528,-0.09166666666666667,-0.3229885057471264,1.31661725643429,0.10699769434749756,True
1.0,0.0,1.2000000000000002,0.6459770114942528,-0.10000000000000009,-0.3229885057471264,1.3198107382325703,0.10636407593454576,True
1.0,0.0,1.2166666666666668,0.6459770114942528,-0.10833333333333339,-0.3229885057471264,1.3230004503730302,0.10574129744049232,True
1.0,0.0,1.2333333333333334,0.6459770114942528,-0.1166666666666667,-0.3229885057471264,1.3261863389216677,0.10512905762234404,True
1.0,0.0,1.25,0.6459770114942528,-0.125,-0.3229885057471264,1.3293683525570352,0.10452706674111113,True
1.0,0.0,1.2666666666666668,0.6459770114942528,-0.13333333333333341,-0.3229885057471264,1.3325464424712052,0.10393504600506602,True
1.0,0.0,1.2833333333333334,0.6459770114942528,-0.14166666666666672,-0.3229885057471264,1.33572056227457,0.10335272704554092,True
1.0,0.0,1.3,0.6459770114942528,-0.15000000000000002,-0.3229885057471264,1.3388906679043384,0.10277985142303825,True
1.0,0.0,1.3166666666666667,0.6459770114942528,-0.15833333333333333,-0.3229885057471264,1.342056717536567,0.10221617016160511,True
1.0,0.0,1.3333333333333335,0.6459770114942528,-0.16666666666666674,-0.3229885057471264,1.3452186715015901,0.10166144330958045,True
1.0,0.0,1.35,0.6459770114942528,-0.17500000000000004,-0.3229885057471264,1.3483764922027066,0.1011154395249681,True
1.0,0.0,1.3666666666666667,0.6459770114942528,-0.18333333333333335,-0.3229885057471264,1.351530144038001,0.10057793568381954,True
1.0,0.0,1.3833333333333333,0.6459770114942528,-0.19166666666666665,-0.3229885057471264,1.354679593325153,0.1000487165101368,True
1.0,0.0,1.4000000000000001,0.6459770114942528,-0.20000000000000007,-0.3229885057471264,1.3578248082291404,0.09952757422590738,True
1.0,0.0,1.4166666666666667,0.6459770114942528,-0.20833333333333337,-0.3229885057471264,1.3609657586926986,0.0990143082199939,True
1.0,0.0,1.4333333333333333,0.6459770114942528,-0.21666666666666667,-0.3229885057471264,1.3641024163694362,0.09850872473468864,True
1.0,0.0,1.45,0.6459770114942528,-0.22499999999999998,-0.3229885057471264,1.3672347545594936,0.09801063656883138,True
1.0,0.0,0.1,0.6747126436781609,0.45,-0.33735632183908043,1.1147092460146995,0.2056981337051516,False
1.0,0.0,0.11666666666666667,0.6747126436781609,0.44166666666666665,-0.33735632183908043,1.1178278171867768,0.20154136848358367,False
1.0,0.0,0.13333333333333333,0.6747126436781609,0.43333333333333335,-0.33735632183908043,1.1209612257070427,0.19761717463141848,True
1.0,0.0,0.15000000000000002,0.6747126436781609,0.425,-0.33735632183908043,1.1241086672295955,0.1939047680838822,True
1.0,0.0,0.16666666666666669,0.6747126436781609,0.41666666666666663,-0.33735632183908043,1.1272693671647545,0.19038587793184122,True
1.0,0.0,0.18333333333333335,0.6747126436781609,0.4083333333333333,-0.33735632183908043,1.1304425798056397,0.18704436821402343,True
1.0,0.0,0.2,0.6747126436781609,0.4,-0.33735632183908043,1.1336275874543904,0.18386592708303434,True
1.0,0.0,0.21666666666666667,0.6747126436781609,0.39166666666666666,-0.33735632183908043,1.136823699551685,0.1808378095997128,True
1.0,0.0,0.23333333333333334,0.6747126436781609,0.3833333333333333,-0.33735632183908043,1.1400302518129657,0.17794862354822027,True
1.0,0.0,0.25,0.6747126436781609,0.375,-0.33735632183908043,1.1432466053737922,0.17518815001476795,True
1.0,0.0,0.26666666666666666,0.6747126436781609,0.3666666666666667,-0.33735632183908043,1.1464721459470317,0.17254719224901807,True
1.0,0.0,0.2833333333333333,0.6747126436781609,0.35833333333333334,-0.33735632183908043,1.149706282993662,0.170017447683271,True
1.0,0.0,0.30000000000000004,0.6747126436781609,0.35,-0.33735632183908043,1.152948448908921,0.1675913990271149,True
1.0,0.0,0.31666666666666665,0.6747126436781609,0.3416666666666667,-0.33735632183908043,1.1561980982251745,0.16526222116397138,True
1.0,0.0,0.33333333333333337,0.6747126436781609,0.3333333333333333,-0.33735632183908043,1.1594547068326098,0.1630237012077207,True
1.0,0.0,0.35,0.6747126436781609,0.325,-0.33735632183908043,1.1627177712186443,0.16087016957461028,True
1.0,0.0,0.3666666666666667,0.6747126436781609,0.31666666666666665,-0.33735632183908043,1.1659868077267346,0.1587964403192655,True
1.0,0.0,0.3833333333333333,0.6747126436781609,0.30833333333333335,-0.33735632183908043,1.1692613518350863,0.15679775929731485,True
1.0,0.0,0.4,0.6747126436781609,0.3,-0.33735632183908043,1.172540957455617,0.1548697589686121,True
1.0,0.0,0.41666666666666663,0.6747126436781609,0.2916666666666667,-0.33735632183908043,1.1758251962533752,0.1530084188577845,True
1.0,0.0,0.43333333333333335,0.6747126436781609,0.2833333333333333,-0.33735632183908043,1.1791136569865175,0.15121003085315718,True
1.0,0.0,0.44999999999999996,0.6747126436781609,0.275,-0.33735632183908043,1.182405944866828,0.1494711686589838,True
1.0,0.0,0.4666666666666667,0.6747126436781609,0.26666666666666666,-0.33735632183908043,1.1857016809405887,0.14778866082555311,True
1.0,0.0,0.4833333333333333,0.6747126436781609,0.25833333333333336,-0.33735632183908043,1.1890005014900051,0.14615956687162923,True
1.0,0.0,0.5,0.6747126436781609,0.25,-0.33735632183908043,1.1923020574541074,0.1445811560887674,True
1.0,0.0,0.5166666666666667,0.6747126436781609,0.24166666666666664,-0.33735632183908043,1.195606013869921,0.14305088867782442,True
1.0,0.0,0.5333333333333333,0.6747126436781609,0.23333333333333334,-0.33735632183908043,1.1989120493326768,0.14156639892044035,True
1.0,0.0,0.55,0.6747126436781609,0.22499999999999998,-0.33735632183908043,1.2022198554750994,0.14012548013061965,True
1.0,0.0,0.5666666666666667,0.6747126436781609,0.21666666666666667,-0.33735632183908043,1.2055291364652587,0.13872607116790653,True
1.0,0.0,0.5833333333333334,0.6747126436781609,0.20833333333333331,-0.33735632183908043,1.2088396085225506,0.1373662443240053,True
1.0,0.0,0.6,0.6747126436781609,0.2,-0.33735632183908043,1.212150999451342,0.13604419442039734,True
1.0,0.0,0.6166666666666666,0.6747126436781609,0.1916666666666667,-0.33735632183908043,1.2154630481918225,0.1347582289762889,True
1.0,0.0,0.6333333333333333,0.6747126436781609,0.18333333333333335,-0.33735632183908043,1.218775504387558,0.13350675932477016,True
1.0,0.0,0.65,0.6747126436781609,0.175,-0.33735632183908043,1.2220881279692757,0.1322882925708673,True
1.0,0.0,0.6666666666666666,0.6747126436781609,0.16666666666666669,-0.33735632183908043,1.225400688754374,0.13110142429870622,True
1.0,0.0,0.6833333333333333,0.6747126436781609,0.15833333333333333,-0.33735632183908043,1.228712966061667,0.129944831946616,True
1.0,0.0,0.7,0.6747126436781609,0.15000000000000002,-0.33735632183908043,1.2320247483408864,0.1288172687789854,True
1.0,0.0,0.7166666666666667,0.6747126436781609,0.14166666666666666,-0.33735632183908043,1.2353358328163644,0.12771755839233678,True
1.0,0.0,0.7333333333333333,0.6747126436781609,0.13333333333333336,-0.33735632183908043,1.2386460251446554,0.1266445897004265,True
1.0,0.0,0.75,0.6747126436781609,0.125,-0.33735632183908043,1.241955139085217,0.12559731234986224,True
1.0,0.0,0.7666666666666666,0.6747126436781609,0.1166666666666667,-0.33735632183908043,1.2452629961841881,0.12457473252303662,True
1.0,0.0,0.7833333333333333,0.6747126436781609,0.10833333333333334,-0.33735632183908043,1.2485694254701787,0.12357590909044354,True
1.0,0.0,0.7999999999999999,0.6747126436781609,0.10000000000000003,-0.33735632183908043,1.2518742631623851,0.12259995007826538,True
1.0,0.0,0.8166666666666667,0.6747126436781609,0.09166666666666667,-0.33735632183908043,1.2551773523898846,0.12164600942132692,True
1.0,0.0,0.8333333333333333,0.6747126436781609,0.08333333333333337,-0.33735632183908043,1.2584785429220997,0.12071328397442661,True
1.0,0.0,0.85,0.6747126436781609,0.07500000000000001,-0.33735632183908043,1.2617776909098837,0.11980101075811196,True
1.0,0.0,0.8666666666666666,0.6747126436781609,0.06666666666666671,-0.33735632183908043,1.2650746586368329,0.11890846441745023,True
1.0,0.0,0.8833333333333333,0.6747126436781609,0.05833333333333335,-0.33735632183908043,1.2683693142803896,0.11803495487459657,True
1.0,0.0,0.9,0.6747126436781609,0.04999999999999999,-0.33735632183908043,1.2716615316826718,0.11717982515783874,True
1.0,0.0,0.9166666666666666,0.6747126436781609,0.041666666666666685,-0.33735632183908043,1.2749511901298098,0.11634244939185222,True
1.0,0.0,0.9333333333333333,0.6747126436781609,0.033333333333333326,-0.33735632183908043,1.2782381741407307,0.11552223093488301,True
1.0,0.0,0.95,0.6747126436781609,0.025000000000000022,-0.33735632183908043,1.2815223732638361,0.11471860065060957,True
1.0,0.0,0.9666666666666667,0.6747126436781609,0.016666666666666663,-0.33735632183908043,1.2848036818819386,0.11393101530315847,True
1.0,0.0,0.9833333333333333,0.6747126436781609,0.00833333333333336,-0.33735632183908043,1.288081999024904,0.11315895606508089,True
1.0,0.0,1.0,0.6747126436781609,0.0,-0.33735632183908043,1.2913572281897254,0.11240192712900111,True
1.0,0.0,1.0166666666666666,0.6747126436781609,-0.008333333333333304,-0.33735632183908043,1.2946292771677368,0.1116594544145251,True
1.0,0.0,1.0333333333333334,0.6747126436781609,-0.01666666666666672,-0.33735632183908043,1.2978980578786747,0.11093108436277795,True
1.0,0.0,1.05,0.6747126436781609,-0.025000000000000022,-0.33735632183908043,1.3011634862113148,0.11021638281163391,True
1.0,0.0,1.0666666666666667,0.6747126436781609,-0.033333333333333326,-0.33735632183908043,1.304425481870411,0.10951493394533238,True
1.0,0.0,1.0833333333333333,0.6747126436781609,-0.04166666666666663,-0.33735632183908043,1.3076839682296988,0.10882633931272936,True
1.0,0.0,1.1,0.6747126436781609,-0.050000000000000044,-0.33735632183908043,1.3109388721906976,0.10815021690895028,True
1.0,0.0,1.1166666666666667,0.6747126436781609,-0.05833333333333335,-0.33735632183908043,1.314190124047092,0.10748620031565533,True
1.0,0.0,1.1333333333333333,0.6747126436781609,-0.06666666666666665,-0.33735632183908043,1.3174376573544553,0.10683393789555087,True
1.0,0.0,1.1500000000000001,0.6747126436781609,-0.07500000000000007,-0.33735632183908043,1.320681408805108,0.1061930920371437,True
1.0,0.0,1.1666666666666667,0.6747126436781609,-0.08333333333333337,-0.33735632183908043,1.32392131810789,0.10556333844607835,True
1.0,0.0,1.1833333333333333,0.6747126436781609,-0.09166666666666667,-0.33735632183908043,1.3271573278726614,0.10494436547969764,True
1.0,0.0,1.2000000000000002,0.6747126436781609,-0.10000000000000009,-0.33735632183908043,1.3303893834993263,0.10433587352174624,True
1.0,0.0,1.2166666666666668,0.6747126436781609,-0.10833333333333339,-0.33735632183908043,1.3336174330712027,0.103737574394386,True
1.0,0.0,1.2333333333333334,0.6747126436781609,-0.1166666666666667,-0.33735632183908043,1.3368414272525628,0.10314919080492006,True
1.0,0.0,1.25,0.6747126436781609,-0.125,-0.33735632183908043,1.3400613191901658,0.10257045582483207,True
1.0,0.0,1.2666666666666668,0.6747126436781609,-0.13333333333333341,-0.33735632183908043,1.3432770644186298,0.10200111239893145,True
1.0,0.0,1.2833333333333334,0.6747126436781609,-0.14166666666666672,-0.33735632183908043,1.346488620769484,0.10144091288257218,True
1.0,0.0,1.3,0.6747126436781609,-0.15000000000000002,-0.33735632183908043,1.3496959482837498,0.10088961860506697,True
1.0,0.0,1.3166666666666667,0.6747126436781609,-0.15833333333333333,-0.33735632183908043,1.3528990091279063,0.10034699945756341,True
1.0,0.0,1.3333333333333335,0.6747126436781609,-0.16666666666666674,-0.33735632183908043,1.3560977675131116,0.09981283350377829,True
1.0,0.0,1.35,0.6747126436781609,-0.17500000000000004,-0.33735632183908043,1.3592921896175354,0.09928690661210836,True
1.0,0.0,1.3666666666666667,0.6747126436781609,-0.18333333333333335,-0.33735632183908043,1.362482243511688,0.09876901210774423,True
1.0,0.0,1.3833333333333333,0.6747126436781609,-0.19166666666666665,-0.33735632183908043,1.3656678990866167,0.09825895044351497,True
1.0,0.0,1.4000000000000001,0.6747126436781609,-0.20000000000000007,-0.33735632183908043,1.3688491279848627,0.09775652888828389,True
1.0,0.0,1.4166666666666667,0.6747126436781609,-0.20833333333333337,-0.33735632183908043,1.3720259035340552,0.09726156123180156,True
1.0,0.0,1.4333333333333333,0.6747126436781609,-0.21666666666666667,-0.33735632183908043,1.3751982006830497,0.09677386750499771,True
1.0,0.0,1.45,0.6747126436781609,-0.22499999999999998,-0.33735632183908043,1.378365995940496,0.09629327371476905,True
1.0,0.0,0.1,0.7034482758620689,0.45,-0.35172413793103446,1.1218470151923337,0.1965501493899019,True
1.0,0.0,0.11666666666666667,0.7034482758620689,0.44166666666666665,-0.35172413793103446,1.1250393408475923,0.192847771538673,True
1.0,0.0,0.13333333333333333,0.7034482758620689,0.43333333333333335,-0.35172413793103446,1.1282453379223336,0.1893385724009665,True
1.0,0.0,0.15000000000000002,0.7034482758620689,0.425,-0.35172413793103446,1.13146423491209,0.18600643530956465,True
1.0,0.0,0.16666666666666669,0.7034482758620689,0.41666666666666663,-0.35172413793103446,1.1346952892763202,0.18283706651439374,True
1.0,0.0,0.18333333333333335,0.7034482758620689,0.4083333333333333,-0.35172413793103446,1.137937786552698,0.17981773799324366,True
1.0,0.0,0.2,0.7034482758620689,0.4,-0.35172413793103446,1.1411910394761058,0.1769370733072108,True
1.0,0.0,0.21666666666666667,0.7034482758620689,0.39166666666666666,-0.35172413793103446,1.1444543871048005,0.17418486823422544,True
1.0,0.0,0.23333333333333334,0.7034482758620689,0.3833333333333333,-0.35172413793103446,1.147727193957103,0.1715519396927866,True
1.0,0.0,0.25,0.7034482758620689,0.375,-0.35172413793103446,1.1510088491604635,0.16902999782679592,True
1.0,0.0,0.26666666666666666,0.7034482758620689,0.3666666666666667,-0.35172413793103446,1.1542987656149706,0.1666115371662015,True
1.0,0.0,0.2833333333333333,0.7034482758620689,0.35833333333333334,-0.35172413793103446,1.1575963791728756,0.16428974358803386,True
1.0,0.0,0.30000000000000004,0.7034482758620689,0.35,-0.35172413793103446,1.1609011478354532,0.16205841443485705,True
1.0,0.0,0.31666666666666665,0.7034482758620689,0.3416666666666667,-0.35172413793103446,1.164212550968253,0.15991188964517036,True
1.0,0.0,0.33333333333333337,0.7034482758620689,0.3333333333333333,-0.35172413793103446,1.1675300885355877,0.15784499214423509,True
1.0,0.0,0.35,0.7034482758620689,0.325,-0.35172413793103446,1.1708532803548835,0.15585297605771972,True
1.0,0.0,0.3666666666666667,0.7034482758620689,0.31666666666666665,-0.35172413793103446,1.1741816653713697,0.15393148156216435,True
1.0,0.0,0.3833333333333333,0.7034482758620689,0.30833333333333335,-0.35172413793103446,1.1775148009534109,0.15207649538911033,True
1.0,0.0,0.4,0.7034482758620689,0.3,-0.35172413793103446,1.1808522622086586,0.1502843161641231,True
1.0,0.0,0.41666666666666663,0.7034482758620689,0.2916666666666667,-0.35172413793103446,1.18419364132109,0.14855152389583903,True
1.0,0.0,0.43333333333333335,0.7034482758620689,0.2833333333333333,-0.35172413793103446,1.1875385469088073,0.14687495303982448,True
1.0,0.0,0.44999999999999996,0.7034482758620689,0.275,-0.35172413793103446,1.1908866034028112,0.14525166865195216,True
1.0,0.0,0.4666666666666667,0.7034482758620689,0.26666666666666666,-0.35172413793103446,1.1942374504458477,0.14367894522098462,True
1.0,0.0,0.4833333333333333,0.7034482758620689,0.25833333333333336,-0.35172413793103446,1.197590742311901,0.1421542478310317,True
1.0,0.0,0.5,0.7034482758620689,0.25,-0.35172413793103446,1.2009461473454017,0.14067521535671765,True
1.0,0.0,0.5166666666666667,0.7034482758620689,0.24166666666666664,-0.35172413793103446,1.204303347420046,0.13923964543645861,True
1.0,0.0,0.5333333333333333,0.7034482758620689,0.23333333333333334,-0.35172413793103446,1.2076620374167735,0.1378454810054988,True
1.0,0.0,0.55,0.7034482758620689,0.22499999999999998,-0.35172413793103446,1.2110219247204728,0.13649079820071736,True
1.0,0.0,0.5666666666666667,0.7034482758620689,0.21666666666666667,-0.35172413793103446,1.2143827287349673,0.1351737954749057,True
1.0,0.0,0.5833333333333334,0.7034482758620689,0.20833333333333331,-0.35172413793103446,1.217744180415802,0.13389278377999134,True
1.0,0.0,0.6,0.7034482758620689,0.2,-0.35172413793103446,1.221106021820353,0.13264617769720521,True
1.0,0.0,0.6166666666666666,0.7034482758620689,0.1916666666666667,-0.35172413793103446,1.2244680056747634,0.13143248740799307,True
1.0,0.0,0.6333333333333333,0.7034482758620689,0.18333333333333335,-0.35172413793103446,1.2278298949572026,0.13025031141299168,True
1.0,0.0,0.65,0.7034482758620689,0.175,-0.35172413793103446,1.231191462496975,0.12909832991798117,True
1.0,0.0,0.6666666666666666,0.7034482758620689,0.16666666666666669,-0.35172413793103446,1.234552490588812,0.12797529881577188,True
1.0,0.0,0.6833333333333333,0.7034482758620689,0.15833333333333333,-0.35172413793103446,1.2379127706223194,0.12688004420137938,True
1.0,0.0,0.7,0.7034482758620689,0.15000000000000002,-0.35172413793103446,1.2412721027253146,0.12581145736570898,True
1.0,0.0,0.7166666666666667,0.7034482758620689,0.14166666666666666,-0.35172413793103446,1.2446302954213124,0.12476849021891025,True
1.0,0.0,0.7333333333333333,0.7034482758620689,0.13333333333333336,-0.35172413793103446,1.2479871653002497,0.12375015110057712,True
1.0,0.0,0.75,0.7034482758620689,0.125,-0.35172413793103446,1.2513425367021032,0.12275550093866003,True
1.0,0.0,0.7666666666666666,0.7034482758620689,0.1166666666666667,-0.35172413793103446,1.2546962414129237,0.12178364972327795,True
1.0,0.0,0.7833333333333333,0.7034482758620689,0.10833333333333334,-0.35172413793103446,1.2580481183728356,0.12083375326533956,True
1.0,0.0,0.7999999999999999,0.7034482758620689,0.10000000000000003,-0.35172413793103446,1.2613980133955505,0.11990501021316055,True
1.0,0.0,0.8166666666666667,0.7034482758620689,0.09166666666666667,-0.35172413793103446,1.2647457788989782,0.11899665930313234,True
1.0,0.0,0.8333333333333333,0.7034482758620689,0.08333333333333337,-0.35172413793103446,1.2680912736465015,0.11810797682303255,True
1.0,0.0,0.85,0.7034482758620689,0.07500000000000001,-0.35172413793103446,1.2714343624984283,0.11723827426881644,True
1.0,0.0,0.8666666666666666,0.7034482758620689,0.06666666666666671,-0.35172413793103446,1.2747749161736255,0.11638689617757741,True
1.0,0.0,0.8833333333333333,0.7034482758620689,0.05833333333333335,-0.35172413793103446,1.2781128110201403,0.11555321812141685,True
1.0,0.0,0.9,0.7034482758620689,0.04999999999999999,-0.35172413793103446,1.2814479287953495,0.11473664484807178,True
1.0,0.0,0.9166666666666666,0.7034482758620689,0.041666666666666685,-0.35172413793103446,1.2847801564546832,0.1139366085559039,True
1.0,0.0,0.9333333333333333,0.7034482758620689,0.033333333333333326,-0.35172413793103446,1.2881093859487975,0.11315256729187141,True
1.0,0.0,0.95,0.7034482758620689,0.025000000000000022,-0.35172413793103446,1.2914355140288194,0.11238400346225674,True
1.0,0.0,0.9666666666666667,0.7034482758620689,0.016666666666666663,-0.35172413793103446,1.2947584420593465,0.11163042244688463,True
1.0,0.0,0.9833333333333333,0.7034482758620689,0.00833333333333336,-0.35172413793103446,1.2980780758388928,0.11089135130843285,True
1.0,0.0,1.0,0.7034482758620689,0.0,-0.35172413793103446,1.3013943254274818,0.11016633758921665,True
1.0,0.0,1.0166666666666666,0.7034482758620689,-0.008333333333333304,-0.35172413793103446,1.304707104981091,0.1094549481885243,True
1.0,0.0,1.0333333333333334,0.7034482758620689,-0.01666666666666672,-0.35172413793103446,1.3080163325926863,0.10875676831420245,True
1.0,0.0,1.05,0.7034482758620689,-0.025000000000000022,-0.35172413793103446,1.3113219301395642,0.10807140050275876,True
1.0,0.0,1.0666666666666667,0.7034482758620689,-0.033333333333333326,-0.35172413793103446,1.3146238231367537,0.10739846370274882,True
1.0,0.0,1.0833333333333333,0.7034482758620689,-0.04166666666666663,-0.35172413793103446,1.3179219405962352,0.10673759241667137,True
1.0,0.0,1.1,0.7034482758620689,-0.050000000000000044,-0.35172413793103446,1.3212162148917272,0.10608843589701154,True
1.0,0.0,1.1166666666666667,0.7034482758620689,-0.05833333333333335,-0.35172413793103446,1.3245065816288324,0.10545065739243567,True
1.0,0.0,1.1333333333333333,0.7034482758620689,-0.06666666666666665,-0.35172413793103446,1.3277929795203038,0.10482393344048473,True
1.0,0.0,1.1500000000000001,0.7034482758620689,-0.07500000000000007,-0.35172413793103446,1.3310753502662407,0.10420795320341256,True
1.0,0.0,1.1666666666666667,0.7034482758620689,-0.08333333333333337,-0.35172413793103446,1.3343536384390018,0.10360241784409308,True
1.0,0.0,1.1833333333333333,0.7034482758620689,-0.09166666666666667,-0.35172413793103446,1.337627791372647,0.1030070399391717,True
1.0,0.0,1.2000000000000002,0.7034482758620689,-0.10000000000000009,-0.35172413793103446,1.3408977590567241,0.10242154292686183,True
1.0,0.0,1.2166666666666668,0.7034482758620689,-0.10833333333333339,-0.35172413793103446,1.344163494034218,0.1018456605869961,True
1.0,0.0,1.2333333333333334,0.7034482758620689,-0.1166666666666667,-0.35172413793103446,1.3474249513035013,0.1012791365511293,True
1.0,0.0,1.25,0.7034482758620689,-0.125,-0.35172413793103446,1.350682088224112,0.10072172384066236,True
1.0,0.0,1.2666666666666668,0.7034482758620689,-0.13333333333333341,-0.35172413793103446,1.3539348644262128,0.10017318443111396,True
1.0,0.0,1.2833333333333334,0.7034482758620689,-0.14166666666666672,-0.35172413793103446,1.3571832417235785,0.0996332888408067,True
1.0,0.0,1.3,0.7034482758620689,-0.15000000000000002,-0.35172413793103446,1.3604271840299602,0.09910181574237212,True
1.0,0.0,1.3166666666666667,0.7034482758620689,-0.15833333333333333,-0.35172413793103446,1.363666657278702,0.09857855159558988,True
1.0,0.0,1.3333333333333335,0.7034482758620689,-0.16666666666666674,-0.35172413793103446,1.366901629345471,0.09806329030019333,True
1.0,0.0,1.35,0.7034482758620689,-0.17500000000000004,-0.35172413793103446,1.3701320699739716,0.09755583286737131,True
1.0,0.0,1.3666666666666667,0.7034482758620689,-0.18333333333333335,-0.35172413793103446,1.373357950704532,0.09705598710878773,True
1.0,0.0,1.3833333333333333,0.7034482758620689,-0.19166666666666665,-0.35172413793103446,1.3765792448054353,0.09656356734202798,True
1.0,0.0,1.4000000000000001,0.7034482758620689,-0.20000000000000007,-0.35172413793103446,1.3797959272068971,0.09607839411145443,True
1.0,0.0,1.4166666666666667,0.7034482758620689,-0.20833333333333337,-0.35172413793103446,1.3830079744375703,0.09560029392353124,True
1.0,0.0,1.4333333333333333,0.7034482758620689,-0.21666666666666667,-0.35172413793103446,1.3862153645634838,0.0951290989957385,True
1.0,0.0,1.45,0.7034482758620689,-0.22499999999999998,-0.35172413793103446,1.3894180771293156,0.09466464701826102,True
1.0,0.0,0.1,0.732183908045977,0.45,-0.3660919540229885,1.1289986555189961,0.18854225276478484,True
1.0,0.0,0.11666666666666667,0.732183908045977,0.44166666666666665,-0.3660919540229885,1.132262226335207,0.18520796390882718,True
1.0,0.0,0.13333333333333333,0.732183908045977,0.43333333333333335,-0.3660919540229885,1.1355383703711364,0.18203704815996286,True
1.0,0.0,0.15000000000000002,0.732183908045977,0.425,-0.3660919540229885,1.138826347027783,0.1790166972694639,True
1.0,0.0,0.16666666666666669,0.732183908045977,0.41666666666666663,-0.3660919540229885,1.1421254438961952,0.17613546648780118,True
1.0,0.0,0.18333333333333335,0.732183908045977,0.4083333333333333,-0.3660919540229885,1.1454349758651705,0.17338309316532116,True
1.0,0.0,0.2,0.732183908045977,0.4,-0.3660919540229885,1.1487542842369312,0.17075034403515776,True
1.0,0.0,0.21666666666666667,0.732183908045977,0.39166666666666666,-0.3660919540229885,1.1520827358540093,0.16822888596467905,True
1.0,0.0,0.23333333333333334,0.732183908045977,0.3833333333333333,-0.3660919540229885,1.1554197222393456,0.16581117602646533,True
1.0,0.0,0.25,0.732183908045977,0.375,-0.3660919540229885,1.158764658751496,0.16349036756389104,True
1.0,0.0,0.26666666666666666,0.732183908045977,0.3666666666666667,-0.3660919540229885,1.1621169837564918,0.16126022956987854,True
1.0,0.0,0.2833333333333333,0.732183908045977,0.35833333333333334,-0.3660919540229885,1.165476157817622,0.15911507720323895,True
1.0,0.0,0.30000000000000004,0.732183908045977,0.35,-0.3660919540229885,1.1688416629041514,0.15704971166735315,True
1.0,0.0,0.31666666666666665,0.732183908045977,0.3416666666666667,-0.3660919540229885,1.1722130016197745,0.15505936799475828,True
1.0,0.0,0.33333333333333337,0.732183908045977,0.3333333333333333,-0.3660919540229885,1.1755896964514034,0.15313966953665,True
1.0,0.0,0.35,0.732183908045977,0.325,-0.3660919540229885,1.1789712890387238,0.15128658816210624,True
1.0,0.0,0.3666666666666667,0.732183908045977,0.31666666666666665,-0.3660919540229885,1.1823573394647957,0.1494964093385681,True
1.0,0.0,0.3833333333333333,0.732183908045977,0.30833333333333335,-0.3660919540229885,1.1857474255677891,0.14776570140088585,True
1.0,0.0,0.4,0.732183908045977,0.3,-0.3660919540229885,1.189141142274183,0.14609128842713215,True
1.0,0.0,0.41666666666666663,0.732183908045977,0.2916666666666667,-0.3660919540229885,1.1925381009526397,0.14447022623120276,True
1.0,0.0,0.43333333333333335,0.732183908045977,0.2833333333333333,-0.3660919540229885,1.1959379287894316,0.14289978105672646,True
1.0,0.0,0.44999999999999996,0.732183908045977,0.275,-0.3660919540229885,1.1993402681843077,0.14137741062028997,True
1.0,0.0,0.4666666666666667,0.732183908045977,0.26666666666666666,-0.3660919540229885,1.2027447761669654,0.1399007472033449,True
1.0,0.0,0.4833333333333333,0.732183908045977,0.25833333333333336,-0.3660919540229885,1.2061511238336733,0.1384675825359562,True
1.0,0.0,0.5,0.732183908045977,0.25,-0.3660919540229885,1.2095589958036768,0.13707585425197744,True
1.0,0.0,0.5166666666666667,0.732183908045977,0.24166666666666664,-0.3660919540229885,1.212968089694963,0.13572363372597074,True
1.0,0.0,0.5333333333333333,0.732183908045977,0.23333333333333334,-0.3660919540229885,1.2163781156189504,0.13440911512814202,True
1.0,0.0,0.55,0.732183908045977,0.22499999999999998,-0.3660919540229885,1.2197887956936295,0.1331306055555666,True
1.0,0.0,0.5666666666666667,0.732183908045977,0.21666666666666667,-0.3660919540229885,1.2231998635746713,0.13188651611669078,True
1.0,0.0,0.5833333333333334,0.732183908045977,0.20833333333333331,-0.3660919540229885,1.2266110640040124,0.13067535386204332,True
1.0,0.0,0.6,0.732183908045977,0.2,-0.3660919540229885,1.230022152375397,0.1294957144677529,True
1.0,0.0,0.6166666666666666,0.732183908045977,0.1916666666666667,-0.3660919540229885,1.233432894316421,0.12834627559014963,True
1.0,0.0,0.6333333333333333,0.732183908045977,0.18333333333333335,-0.3660919540229885,1.2368430652864002,0.12722579081987645,True
1.0,0.0,0.65,0.732183908045977,0.175,-0.3660919540229885,1.2402524501898615,0.12613308417246263,True
1.0,0.0,0.6666666666666666,0.732183908045977,0.16666666666666669,-0.3660919540229885,1.243660843004783,0.12506704506005004,True
1.0,0.0,0.6833333333333333,0.732183908045977,0.15833333333333333,-0.3660919540229885,1.2470680464253672,0.12402662369525427,True
1.0,0.0,0.7,0.732183908045977,0.15000000000000002,-0.3660919540229885,1.2504738715186365,0.12301082688396497,True
1.0,0.0,0.7166666666666667,0.732183908045977,0.14166666666666666,-0.3660919540229885,1.2538781373946535,0.1220187141686579,True
1.0,0.0,0.7333333333333333,0.732183908045977,0.13333333333333336,-0.3660919540229885,1.2572806708894533,0.12104939428830891,True
1.0,0.0,0.75,0.732183908045977,0.125,-0.3660919540229885,1.2606813062606474,0.12010202192450511,True
1.0,0.0,0.7666666666666666,0.732183908045977,0.1166666666666667,-0.3660919540229885,1.264079884894984,0.11917579470684549,True
1.0,0.0,0.7833333333333333,0.732183908045977,0.10833333333333334,-0.3660919540229885,1.2674762550275063,0.1182699504535207,True
1.0,0.0,0.7999999999999999,0.732183908045977,0.10000000000000003,-0.3660919540229885,1.2708702714717741,0.11738376462555786,True
1.0,0.0,0.8166666666666667,0.732183908045977,0.09166666666666667,-0.3660919540229885,1.2742617953610762,0.11651654797534591,True
1.0,0.0,0.8333333333333333,0.732183908045977,0.08333333333333337,-0.3660919540229885,1.277650693899544,0.11566764437231435,True
1.0,0.0,0.85,0.732183908045977,0.07500000000000001,-0.3660919540229885,1.2810368401235102,0.11483642879001416,True
1.0,0.0,0.8666666666666666,0.732183908045977,0.06666666666666671,-0.3660919540229885,1.2844201126722539,0.1140223054407344,True
1.0,0.0,0.8833333333333333,0.732183908045977,0.05833333333333335,-0.3660919540229885,1.2878003955679185,0.11322470604499538,True
1.0,0.0,0.9,0.732183908045977,0.04999999999999999,-0.3660919540229885,1.291177578004229,0.11244308822454073,True
1.0,0.0,0.9166666666666666,0.732183908045977,0.041666666666666685,-0.3660919540229885,1.2945515541436445,0.11167693400854349,True
1.0,0.0,0.9333333333333333,0.732183908045977,0.033333333333333326,-0.3660919540229885,1.2979222229226217,0.11092574844371068,True
1.0,0.0,0.95,0.732183908045977,0.025000000000000022,-0.3660919540229885,1.3012894878646595,0.1101890582998516,True
1.0,0.0,0.9666666666666667,0.732183908045977,0.016666666666666663,-0.3660919540229885,1.3046532569008131,0.10946641086325173,True
1.0,0.0,0.9833333333333333,0.732183908045977,0.00833333333333336,-0.3660919540229885,1.3080134421973773,0.10875737281089767,True
1.0,0.0,1.0,0.732183908045977,0.0,-0.3660919540229885,1.3113699599904463,0.10806152915922515,True
1.0,0.0,1.0166666666666666,0.732183908045977,-0.008333333333333304,-0.3660919540229885,1.3147227304270812,0.10737848228162618,True
1.0,0.0,1.0333333333333334,0.732183908045977,-0.01666666666666672,-0.3660919540229885,1.3180716774127963,0.10670785098946615,True
1.0,0.0,1.05,0.732183908045977,-0.025000000000000022,-0.3660919540229885,1.3214167284651341,0.10604926967180849,True
1.0,0.0,1.0666666666666667,0.732183908045977,-0.033333333333333326,-0.3660919540229885,1.3247578145730587,0.10540238748947037,True
1.0,0.0,1.0833333333333333,0.732183908045977,-0.04166666666666663,-0.3660919540229885,1.3280948700619386,0.10476686761939695,True
1.0,0.0,1.1,0.732183908045977,-0.050000000000000044,-0.3660919540229885,1.331427832463894,0.1041423865456842,True
1.0,0.0,1.1166666666666667,0.732183908045977,-0.05833333333333335,-0.3660919540229885,1.3347566423932826,0.10352863339388386,True
1.0,0.0,1.1333333333333333,0.732183908045977,-0.06666666666666665,-0.3660919540229885,1.3380812434271179,0.10292530930550382,True
1.0,0.0,1.1500000000000001,0.732183908045977,-0.07500000000000007,-0.3660919540229885,1.3414015819902159,0.10233212684986538,True
1.0,0.0,1.1666666666666667,0.732183908045977,-0.08333333333333337,-0.3660919540229885,1.3447176072448772,0.10174880947071083,True
1.0,0.0,1.1833333333333333,0.732183908045977,-0.09166666666666667,-0.3660919540229885,1.3480292709849226,0.10117509096516027,True
1.0,0.0,1.2000000000000002,0.732183908045977,-0.10000000000000009,-0.3660919540229885,1.351336527533894,0.10061071499280795,True
1.0,0.0,1.2166666666666668,0.732183908045977,-0.10833333333333339,-0.3660919540229885,1.3546393336472629,0.10005543461291888,True
1.0,0.0,1.2333333333333334,0.732183908045977,-0.1166666666666667,-0.3660919540229885,1.357937648418473,0.09950901184784547,True
1.0,0.0,1.25,0.732183908045977,-0.125,-0.3660919540229885,1.361231433188664,0.09897121727092763,True
1.0,0.0,1.2666666666666668,0.732183908045977,-0.13333333333333341,-0.3660919540229885,1.364520651459926,0.09844182961727029,True
1.0,0.0,1.2833333333333334,0.732183908045977,-0.14166666666666672,-0.3660919540229885,1.3678052688119398,0.09792063541591349,True
1.0,0.0,1.3,0.732183908045977,-0.15000000000000002,-0.3660919540229885,1.3710852528218653,0.09740742864202,True
1.0,0.0,1.3166666666666667,0.732183908045977,-0.15833333333333333,-0.3660919540229885,1.3743605729873472,0.09690201038780608,True
1.0,0.0,1.3333333333333335,0.732183908045977,-0.16666666666666674,-0.3660919540229885,1.3776312006525038,0.09640418855103572,True
1.0,0.0,1.35,0.732183908045977,-0.17500000000000004,-0.3660919540229885,1.380897108936793,0.09591377753997855,True
1.0,0.0,1.3666666666666667,0.732183908045977,-0.18333333333333335,-0.3660919540229885,1.3841582726666204,0.09543059799381788,True
1.0,0.0,1.3833333333333333,0.732183908045977,-0.19166666666666665,-0.3660919540229885,1.3874146683095931,0.09495447651755917,True
1.0,0.0,1.4000000000000001,0.732183908045977,-0.20000000000000007,-0.3660919540229885,1.3906662739113012,0.0944852454305611,True
1.0,0.0,1.4166666666666667,0.732183908045977,-0.20833333333333337,-0.3660919540229885,1.393913069034507,0.09402274252787356,True
1.0,0.0,1.4333333333333333,0.732183908045977,-0.21666666666666667,-0.3660919540229885,1.3971550347008186,0.09356681085359375,True
1.0,0.0,1.45,0.732183908045977,-0.22499999999999998,-0.3660919540229885,1.40039215333425,0.09311729848560325,True
1.0,0.0,0.1,0.7609195402298851,0.45,-0.38045977011494253,1.136158781465082,0.181455150716794,True
1.0,0.0,0.11666666666666667,0.7609195402298851,0.44166666666666665,-0.38045977011494253,1.1394912969419775,0.17842434973882118,True
1.0,0.0,0.13333333333333333,0.7609195402298851,0.43333333333333335,-0.38045977011494253,1.142835348862262,0.17553382585112887,True
1.0,0.0,0.15000000000000002,0.7609195402298851,0.425,-0.38045977011494253,1.146190225751136,0.17277318669210354,True
1.0,0.0,0.16666666666666669,0.7609195402298851,0.41666666666666663,-0.38045977011494253,1.1495552435724365,0.17013308662196722,True
1.0,0.0,0.18333333333333335,0.7609195402298851,0.4083333333333333,-0.38045977011494253,1.15292974483312,0.16760509475759167,True
1.0,0.0,0.2,0.7609195402298851,0.4,-0.38045977011494253,1.15631309769949,0.16518158281276274,True
1.0,0.0,0.21666666666666667,0.7609195402298851,0.39166666666666666,-0.38045977011494253,1.1597046951273553,0.1628556293218153,True
1.0,0.0,0.23333333333333334,0.7609195402298851,0.3833333333333333,-0.38045977011494253,1.1631039540079335,0.16062093748942208,True
1.0,0.0,0.25,0.7609195402298851,0.375,-0.38045977011494253,1.1665103143310094,0.15847176443142663,True
1.0,0.0,0.26666666666666666,0.7609195402298851,0.3666666666666667,-0.38045977011494253,1.1699232383665732,0.15640285998441733,True
1.0,0.0,0.2833333333333333,0.7609195402298851,0.35833333333333334,-0.38045977011494253,1.1733422098659303,0.15440941359017948,True
1.0,0.0,0.30000000000000004,0.7609195402298851,0.35,-0.38045977011494253,1.1767667332830365,0.15248700802409215,True
1.0,0.0,0.31666666666666665,0.7609195402298851,0.3416666666666667,-0.38045977011494253,1.1801963330166338,0.15063157894818754,True
1.0,0.0,0.33333333333333337,0.7609195402298851,0.3333333333333333,-0.38045977011494253,1.183630552673601,0.14883937944091657,True
1.0,0.0,0.35,0.7609195402298851,0.325,-0.38045977011494253,1.1870689543536819,0.14710694879510994,True
1.0,0.0,0.3666666666666667,0.7609195402298851,0.31666666666666665,-0.38045977011494253,1.190511117956021,0.14543108498939553,True
1.0,0.0,0.3833333333333333,0.7609195402298851,0.30833333333333335,-0.38045977011494253,1.193956640506891,0.14380882033243306,True
1.0,0.0,0.4,0.7609195402298851,0.3,-0.38045977011494253,1.1974051355093143,0.1422373998558642,True
1.0,0.0,0.41666666666666663,0.7609195402298851,0.2916666666666667,-0.38045977011494253,1.2008562323137826,0.14071426209661228,True
1.0,0.0,0.43333333333333335,0.7609195402298851,0.2833333333333333,-0.38045977011494253,1.2043095755101234,0.13923702196196985,True
1.0,0.0,0.44999999999999996,0.7609195402298851,0.275,-0.38045977011494253,1.2077648243401458,0.13780345541559225,True
1.0,0.0,0.4666666666666667,0.7609195402298851,0.26666666666666666,-0.38045977011494253,1.2112216521307053,0.13641148575979378,True
1.0,0.0,0.4833333333333333,0.7609195402298851,0.25833333333333336,-0.38045977011494253,1.2146797457467993,0.13505917132093329,True
1.0,0.0,0.5,0.7609195402298851,0.25,-0.38045977011494253,1.2181388050642596,0.133744694371192,True
1.0,0.0,0.5166666666666667,0.7609195402298851,0.24166666666666664,-0.38045977011494253,1.221598542461583,0.1324663511425059,True
1.0,0.0,0.5333333333333333,0.7609195402298851,0.23333333333333334,-0.38045977011494253,1.2250586823304206,0.13122254280750217,True
1.0,0.0,0.55,0.7609195402298851,0.22499999999999998,-0.38045977011494253,1.2285189606042277,0.13001176731856817,True
1.0,0.0,0.5666666666666667,0.7609195402298851,0.21666666666666667,-0.38045977011494253,1.2319791243045815,0.12883261201008583,True
1.0,0.0,0.5833333333333334,0.7609195402298851,0.20833333333333331,-0.38045977011494253,1.2354389311045484,0.1276837468808405,True
1.0,0.0,0.6,0.7609195402298851,0.2,-0.38045977011494253,1.2388981489088802,0.12656391848373694,True
1.0,0.0,0.6166666666666666,0.7609195402298851,0.1916666666666667,-0.38045977011494253,1.2423565554500158,0.12547194435906786,True
1.0,0.0,0.6333333333333333,0.7609195402298851,0.18333333333333335,-0.38045977011494253,1.245813937899924,0.1244067079548748,True
1.0,0.0,0.65,0.7609195402298851,0.175,-0.38045977011494253,1.2492700924967584,0.1233671539849185,True
1.0,0.0,0.6666666666666666,0.7609195402298851,0.16666666666666669,-0.38045977011494253,1.2527248241862936,0.12235228418020622,True
1.0,0.0,0.6833333333333333,0.7609195402298851,0.15833333333333333,-0.38045977011494253,1.2561779462772316,0.12136115339531846,True
1.0,0.0,0.7,0.7609195402298851,0.15000000000000002,-0.38045977011494253,1.2596292801101212,0.12039286603494156,True
1.0,0.0,0.7166666666666667,0.7609195402298851,0.14166666666666666,-0.38045977011494253,1.2630786547393242,0.1194465727699364,True
1.0,0.0,0.7333333333333333,0.7609195402298851,0.13333333333333336,-0.38045977011494253,1.2665259066275663,0.11852146751559203,True
1.0,0.0,0.75,0.7609195402298851,0.125,-0.38045977011494253,1.2699708793525417,0.11761678464767546,True
1.0,0.0,0.7666666666666666,0.7609195402298851,0.1166666666666667,-0.38045977011494253,1.2734134233253918,0.1167317964343869,True
1.0,0.0,0.7833333333333333,0.7609195402298851,0.10833333333333334,-0.38045977011494253,1.2768533955200725,0.11586581066482328,True
1.0,0.0,0.7999999999999999,0.7609195402298851,0.10000000000000003,-0.38045977011494253,1.280290659213804,0.11501816845626255,True
1.0,0.0,0.8166666666666667,0.7609195402298851,0.09166666666666667,-0.38045977011494253,1.2837250837377618,0.11418824222463503,True
1.0,0.0,0.8333333333333333,0.7609195402298851,0.08333333333333337,-0.38045977011494253,1.2871565442377697,0.11337543380397481,True
1.0,0.0,0.85,0.7609195402298851,0.07500000000000001,-0.38045977011494253,1.2905849214445821,0.11257917270209288,True
1.0,0.0,0.8666666666666666,0.7609195402298851,0.06666666666666671,-0.38045977011494253,1.2940101014533694,0.11179891448095752,True
1.0,0.0,0.8833333333333333,0.7609195402298851,0.05833333333333335,-0.38045977011494253,1.2974319755120427,0.11103413925137381,True
1.0,0.0,0.9,0.7609195402298851,0.04999999999999999,-0.38045977011494253,1.300850439818075,0.11028435027254492,True
1.0,0.0,0.9166666666666666,0.7609195402298851,0.041666666666666685,-0.38045977011494253,1.3042653953234682,0.10954907264798361,True
1.0,0.0,0.9333333333333333,0.7609195402298851,0.033333333333333326,-0.38045977011494253,1.3076767475475457,0.10882785211003237,True
1.0,0.0,0.95,0.7609195402298851,0.025000000000000022,-0.38045977011494253,1.3110844063972527,0.1081202538859636,True
1.0,0.0,0.9666666666666667,0.7609195402298851,0.016666666666666663,-0.38045977011494253,1.314488285994659,0.10742586163926168,True
1.0,0.0,0.9833333333333333,0.7609195402298851,0.00833333333333336,-0.38045977011494253,1.3178883045113763,0.10674427648026732,True
1.0,0.0,1.0,0.7609195402298851,0.0,-0.38045977011494253,1.3212843840096022,0.10607511604087412,True
1.0,0.0,1.0166666666666666,0.7609195402298851,-0.008333333333333304,-0.38045977011494253,1.3246764502895312,0.10541801360843257,True
1.0,0.0,1.0333333333333334,0.7609195402298851,-0.01666666666666672,-0.38045977011494253,1.3280644327428577,0.10477261731443739,True
1.0,0.0,1.05,0.7609195402298851,-0.025000000000000022,-0.38045977011494253,1.3314482642121384,0.10413858937394632,True
1.0,0.0,1.0666666666666667,0.7609195402298851,-0.033333333333333326,-0.38045977011494253,1.3348278808557623,0.10351560537202587,True
1.0,0.0,1.0833333333333333,0.7609195402298851,-0.04166666666666663,-0.38045977011494253,1.3382032220183007,0.10290335359382563,True
1.0,0.0,1.1,0.7609195402298851,-0.050000000000000044,-0.38045977011494253,1.341574230106024,0.10230153439516167,True
1.0,0.0,1.1166666666666667,0.7609195402298851,-0.05833333333333335,-0.38045977011494253,1.3449408504673603,0.10170985961074942,True
1.0,0.0,1.1333333333333333,0.7609195402298851,-0.06666666666666665,-0.38045977011494253,1.348303031278104,0.10112805199745115,True
1.0,0.0,1.1500000000000001,0.7609195402298851,-0.07500000000000007,-0.38045977011494253,1.3516607234311737,0.1005558447101169,True
1.0,0.0,1.1666666666666667,0.7609195402298851,-0.08333333333333337,-0.38045977011494253,1.3550138804307346,0.09999298080778933,True
1.0,0.0,1.1833333333333333,0.7609195402298851,-0.09166666666666667,-0.38045977011494253,1.3583624582905067,0.09943921278821402,True
1.0,0.0,1.2000000000000002,0.7609195402298851,-0.10000000000000009,-0.38045977011494253,1.3617064154360812,0.09889430214876187,True
1.0,0.0,1.2166666666666668,0.7609195402298851,-0.10833333333333339,-0.38045977011494253,1.3650457126110898,0.09835801897200726,True
1.0,0.0,1.2333333333333334,0.7609195402298851,-0.1166666666666667,-0.38045977011494253,1.3683803127870626,0.09783014153434569,True
1.0,0.0,1.25,0.7609195402298851,-0.125,-0.38045977011494253,1.3717101810768249,0.09731045593615359,True
1.0,0.0,1.2666666666666668,0.7609195402298851,-0.13333333333333341,-0.38045977011494253,1.3750352846512883,0.09679875575210141,True
1.0,0.0,1.2833333333333334,0.7609195402298851,-0.14166666666666672,-0.38045977011494253,1.3783555926594955,0.09629484170033867,True
1.0,0.0,1.3,0.7609195402298851,-0.15000000000000002,-0.38045977011494253,1.3816710761517927,0.09579852132935658,True
1.0,0.0,1.3166666666666667,0.7609195402298851,-0.15833333333333333,-0.38045977011494253,1.3849817080059874,0.0953096087214279,True
1.0,0.0,1.3333333333333335,0.7609195402298851,-0.16666666666666674,-0.38045977011494253,1.3882874628563904,0.0948279242115923,True
1.0,0.0,1.35,0.7609195402298851,-0.17500000000000004,-0.38045977011494253,1.3915883170256134,0.09435329412123751,True
1.0,0.0,1.3666666666666667,0.7609195402298851,-0.18333333333333335,-0.38045977011494253,1.3948842484589343,0.09388555050539986,True
1.0,0.0,1.3833333333333333,0.7609195402298851,-0.19166666666666665,-0.38045977011494253,1.3981752366614706,0.09342453091290881,True
1.0,0.0,1.4000000000000001,0.7609195402298851,-0.20000000000000007,-0.38045977011494253,1.401461262637305,0.09297007815871584,True
1.0,0.0,1.4166666666666667,0.7609195402298851,-0.20833333333333337,-0.38045977011494253,1.4047423088314257,0.09252204010755337,True
1.0,0.0,1.4333333333333333,0.7609195402298851,-0.21666666666666667,-0.38045977011494253,1.408018359073644,0.09208026946836377,True
1.0,0.0,1.45,0.7609195402298851,-0.22499999999999998,-0.38045977011494253,1.4112893985247323,0.09164462359882634,True
1.0,0.0,0.1,0.7896551724137931,0.45,-0.39482758620689656,1.1433227200611766,0.17512440082471112,True
1.0,0.0,0.11666666666666667,0.7896551724137931,0.44166666666666665,-0.39482758620689656,1.1467220645264506,0.17234760316868544,True
1.0,0.0,0.13333333333333333,0.7896551724137931,0.43333333333333335,-0.39482758620689656,1.1501319645089971,0.1696928192862145,True
1.0,0.0,0.15000000000000002,0.7896551724137931,0.425,-0.39482758620689656,1.1535517360202712,0.1671514661440028,True
1.0,0.0,0.16666666666666669,0.7896551724137931,0.41666666666666663,-0.39482758620689656,1.1569807217828638,0.16471578233754106,True
1.0,0.0,0.18333333333333335,0.7896551724137931,0.4083333333333333,-0.39482758620689656,1.1604182903351907,0.16237872950565607,True
1.0,0.0,0.2,0.7896551724137931,0.4,-0.39482758620689656,1.1638638351507398,0.1601339078466286,True
1.0,0.0,0.21666666666666667,0.7896551724137931,0.39166666666666666,-0.39482758620689656,1.167316773773667,0.15797548341054066,True
1.0,0.0,0.23333333333333334,0.7896551724137931,0.3833333333333333,-0.39482758620689656,1.1707765469722167,0.15589812527419822,True
1.0,0.0,0.25,0.7896551724137931,0.375,-0.39482758620689656,1.1742426179111682,0.15389695104801343,True
1.0,0.0,0.26666666666666666,0.7896551724137931,0.3666666666666667,-0.39482758620689656,1.1777144713442655,0.1519674794384791,True
1.0,0.0,0.2833333333333333,0.7896551724137931,0.35833333333333334,-0.39482758620689656,1.1811916128273712,0.15010558881039673,True
1.0,0.0,0.30000000000000004,0.7896551724137931,0.35,-0.39482758620689656,1.1846735679528955,0.14830748087133128,True
1.0,0.0,0.31666666666666665,0.7896551724137931,0.3416666666666667,-0.39482758620689656,1.1881598816057926,0.14656964874572348,True
1.0,0.0,0.33333333333333337,0.7896551724137931,0.3333333333333333,-0.39482758620689656,1.1916501172416696,0.14488884882426892,True
1.0,0.0,0.35,0.7896551724137931,0.325,-0.39482758620689656,1.1951438561864982,0.1432620758717797,True
1.0,0.0,0.3666666666666667,0.7896551724137931,0.31666666666666665,-0.39482758620689656,1.198640696958638,0.14168654095616462,True
1.0,0.0,0.3833333333333333,0.7896551724137931,0.30833333333333335,-0.39482758620689656,1.2021402546125362,0.14015965182809878,True
1.0,0.0,0.4,0.7896551724137931,0.3,-0.39482758620689656,1.205642160104141,0.13867899543569615,True
1.0,0.0,0.41666666666666663,0.7896551724137931,0.2916666666666667,-0.39482758620689656,1.2091460596777241,0.13724232230465597,True
1.0,0.0,0.43333333333333335,0.7896551724137931,0.2833333333333333,-0.39482758620689656,1.2126516142737842,0.1358475325528765,True
1.0,0.0,0.44999999999999996,0.7896551724137931,0.275,-0.39482758620689656,1.2161584989576677,0.13449266334094642,True
1.0,0.0,0.4666666666666667,0.7896551724137931,0.26666666666666666,-0.39482758620689656,1.219666402368497,0.1331758775872755,True
1.0,0.0,0.4833333333333333,0.7896551724137931,0.25833333333333336,-0.39482758620689656,1.2231750261879484,0.13189545379979173,True
1.0,0.0,0.5,0.7896551724137931,0.25,-0.39482758620689656,1.2266840846284195,0.1306497768957894,True
1.0,0.0,0.5166666666666667,0.7896551724137931,0.24166666666666664,-0.39482758620689656,1.2301933039400834,0.12943732989828377,True
1.0,0.0,0.5333333333333333,0.7896551724137931,0.23333333333333334,-0.39482758620689656,1.2337024219363595,0.1282566864115264,True
1.0,0.0,0.55,0.7896551724137931,0.22499999999999998,-0.39482758620689656,1.2372111875371334,0.12710650379067434,True
1.0,0.0,0.5666666666666667,0.7896551724137931,0.21666666666666667,-0.39482758620689656,1.240719360329486,0.12598551693100604,True
1.0,0.0,0.5833333333333334,0.7896551724137931,0.20833333333333331,-0.39482758620689656,1.244226710145061,0.12489253261137447,True
1.0,0.0,0.6,0.7896551724137931,0.2,-0.39482758620689656,1.247733016653773,0.12382642433424564,True
1.0,0.0,0.6166666666666666,0.7896551724137931,0.1916666666666667,-0.39482758620689656,1.2512380689733238,0.12278612761155681,True
1.0,0.0,0.6333333333333333,0.7896551724137931,0.18333333333333335,-0.39482758620689656,1.2547416652936914,0.12177063565161199,True
1.0,0.0,0.65,0.7896551724137931,0.175,-0.39482758620689656,1.258243612516633,0.12077899540711617,True
1.0,0.0,0.6666666666666666,0.7896551724137931,0.16666666666666669,-0.39482758620689656,1.2617437259091246,0.11981030394926116,True
1.0,0.0,0.6833333333333333,0.7896551724137931,0.15833333333333333,-0.39482758620689656,1.2652418287705738,0.11886370513642232,True
1.0,0.0,0.7,0.7896551724137931,0.15000000000000002,-0.39482758620689656,1.2687377521131353,0.11793838654960614,True
1.0,0.0,0.7166666666666667,0.7896551724137931,0.14166666666666666,-0.39482758620689656,1.2722313343549785,0.11703357666966077,True
1.0,0.0,0.7333333333333333,0.7896551724137931,0.13333333333333336,-0.39482758620689656,1.2757224210252607,0.11614854227419938,True
1.0,0.0,0.75,0.7896551724137931,0.125,-0.39482758620689656,1.2792108644814635,0.11528258603402196,True
1.0,0.0,0.7666666666666666,0.7896551724137931,0.1166666666666667,-0.39482758620689656,1.2826965236376437,0.11443504429143524,True
1.0,0.0,0.7833333333333333,0.7896551724137931,0.10833333333333334,-0.39482758620689656,1.286179263703721,0.11360528500428299,True
1.0,0.0,0.7999999999999999,0.7896551724137931,0.10000000000000003,-0.39482758620689656,1.289658955935191,0.11279270584130789,True
1.0,0.0,0.8166666666666667,0.7896551724137931,0.09166666666666667,-0.39482758620689656,1.2931354773929133,0.11199673241583309,True
1.0,0.0,0.8333333333333333,0.7896551724137931,0.08333333333333337,-0.39482758620689656,1.2966087107125368,0.11121681664604809,True
1.0,0.0,0.85,0.7896551724137931,0.07500000000000001,-0.39482758620689656,1.3000785438832159,0.1104524352312992,True
1.0,0.0,0.8666666666666666,0.7896551724137931,0.06666666666666671,-0.39482758620689656,1.30354487003523,0.10970308823480825,True
1.0,0.0,0.8833333333333333,0.7896551724137931,0.05833333333333335,-0.39482758620689656,1.3070075872361546,0.10896829776413756,True
1.0,0.0,0.9,0.7896551724137931,0.04999999999999999,-0.39482758620689656,1.310466598295243,0.10824760674153167,True
1.0,0.0,0.9166666666666666,0.7896551724137931,0.041666666666666685,-0.39482758620689656,1.3139218105756776,0.10754057775698535,True
1.0,0.0,0.9333333333333333,0.7896551724137931,0.033333333333333326,-0.39482758620689656,1.317373135814394,0.10684679199753816,True
1.0,0.0,0.95,0.7896551724137931,0.025000000000000022,-0.39482758620689656,1.3208204899491411,0.10616584824687977,True
1.0,0.0,0.9666666666666667,0.7896551724137931,0.016666666666666663,-0.39482758620689656,1.3242637929525067,0.10549736194987162,True
1.0,0.0,0.9833333333333333,0.7896551724137931,0.00833333333333336,-0.39482758620689656,1.3277029686726152,0.10484096433706264,True
1.0,0.0,1.0,0.7896551724137931,0.0,-0.39482758620689656,1.331137944680219,0.10419630160470716,True
1.0,0.0,1.0166666666666666,0.7896551724137931,-0.008333333333333304,-0.39482758620689656,1.3345686521219313,0.10356303414617152,True
1.0,0.0,1.0333333333333334,0.7896551724137931,-0.01666666666666672,-0.39482758620689656,1.337995025579346,0.10294083583096594,True
1.0,0.0,1.05,0.7896551724137931,-0.025000000000000022,-0.39482758620689656,1.3414170029337924,0.10232939332795585,True
1.0,0.0,1.0666666666666667,0.7896551724137931,-0.033333333333333326,-0.39482758620689656,1.3448345252365126,0.10172840546958513,True
1.0,0.0,1.0833333333333333,0.7896551724137931,-0.04166666666666663,-0.39482758620689656,1.348247536584017,0.10113758265421077,True
1.0,0.0,1.1,0.7896551724137931,-0.050000000000000044,-0.39482758620689656,1.3516559839984197,0.10055664628387574,True
1.0,0.0,1.1166666666666667,0.7896551724137931,-0.05833333333333335,-0.39482758620689656,1.3550598173125437,0.099985328235065,True
1.0,0.0,1.1333333333333333,0.7896551724137931,-0.06666666666666665,-0.39482758620689656,1.3584589890595973,0.09942337036018357,True
1.0,0.0,1.1500000000000001,0.7896551724137931,-0.07500000000000007,-0.39482758620689656,1.361853454367234,0.09887052401767099,True
1.0,0.0,1.1666666666666667,0.7896551724137931,-0.08333333333333337,-0.39482758620689656,1.3652431708558193,0.09832654962882957,True
1.0,0.0,1.1833333333333333,0.7896551724137931,-0.09166666666666667,-0.39482758620689656,1.3686280985407273,0.09779121625959021,True
1.0,0.0,1.2000000000000002,0.7896551724137931,-0.10000000000000009,-0.39482758620689656,1.3720081997385005,0.09726430122557686,True
1.0,0.0,1.2166666666666668,0.7896551724137931,-0.10833333333333339,-0.39482758620689656,1.3753834389767166,0.09674558971895028,True
1.0,0.0,1.2333333333333334,0.7896551724137931,-0.1166666666666667,-0.39482758620689656,1.378753782907409,0.09623487445562721,True
1.0,0.0,1.25,0.7896551724137931,-0.125,-0.39482758620689656,1.3821192002238911,0.0957319553415757,True
1.0,0.0,1.2666666666666668,0.7896551724137931,-0.13333333333333341,-0.39482758620689656,1.3854796615808551,0.09523663915697692,True
1.0,0.0,1.2833333333333334,0.7896551724137931,-0.14166666666666672,-0.39482758620689656,1.3888351395175988,0.09474873925713849,True
1.0,0.0,1.3,0.7896551724137931,-0.15000000000000002,-0.39482758620689656,1.392185608384273,0.0942680752891162,True
1.0,0.0,1.3166666666666667,0.7896551724137931,-0.15833333333333333,-0.39482758620689656,1.3955310442708975,0.09379447292309745,True
1.0,0.0,1.3333333333333335,0.7896551724137931,-0.16666666666666674,-0.39482758620689656,1.398871424939496,0.09332776359758352,True
1.0,0.0,1.35,0.7896551724137931,-0.17500000000000004,-0.39482758620689656,1.402206729758303,0.0928677842776665,True
1.0,0.0,1.3666666666666667,0.7896551724137931,-0.18333333333333335,-0.39482758620689656,1.4055369396390545,0.09241437722546633,True
1.0,0.0,1.3833333333333333,0.7896551724137931,-0.19166666666666665,-0.39482758620689656,1.4088620369764424,0.09196738978211877,True
1.0,0.0,1.4000000000000001,0.7896551724137931,-0.20000000000000007,-0.39482758620689656,1.4121820055899705,0.09152667416059024,True
1.0,0.0,1.4166666666666667,0.7896551724137931,-0.20833333333333337,-0.39482758620689656,1.4154968306680649,0.09109208724869909,True
1.0,0.0,1.4333333333333333,0.7896551724137931,-0.21666666666666667,-0.39482758620689656,1.4188064987143283,0.09066349042175594,True
1.0,0.0,1.45,0.7896551724137931,-0.22499999999999998,-0.39482758620689656,1.422110997495868,0.09024074936427172,True
1.0,0.0,0.1,0.8183908045977011,0.45,-0.40919540229885054,1.1504864098346077,0.16942394996428845,True
1.0,0.0,0.11666666666666667,0.8183908045977011,0.44166666666666665,-0.40919540229885054,1.1539506317957062,0.166862497924807,True
1.0,0.0,0.13333333333333333,0.8183908045977011,0.43333333333333335,-0.40919540229885054,1.1574244792610302,0.1644083637740174,True
1.0,0.0,0.15000000000000002,0.8183908045977011,0.425,-0.40919540229885054,1.1609072942214447,0.1620543493662929,True
1.0,0.0,0.16666666666666669,0.8183908045977011,0.41666666666666663,-0.40919540229885054,1.164398444676466,0.15979391404097443,True
1.0,0.0,0.18333333333333335,0.8183908045977011,0.4083333333333333,-0.40919540229885054,1.1678973237416286,0.1576210992598272,True
1.0,0.0,0.2,0.8183908045977011,0.4,-0.40919540229885054,1.1714033487727626,0.15553046355527406,True
1.0,0.0,0.21666666666666667,0.8183908045977011,0.39166666666666666,-0.40919540229885054,1.1749159605086448,0.15351702616116322,True
1.0,0.0,0.23333333333333334,0.8183908045977011,0.3833333333333333,-0.40919540229885054,1.1784346222332063,0.1515762179876335,True
1.0,0.0,0.25,0.8183908045977011,0.375,-0.40919540229885054,1.1819588189582346,0.1497038388343201,True
1.0,0.0,0.26666666666666666,0.8183908045977011,0.3666666666666667,-0.40919540229885054,1.1854880566273076,0.147896019923991,True
1.0,0.0,0.2833333333333333,0.8183908045977011,0.35833333333333334,-0.40919540229885054,1.1890218613413253,0.14614919099128193,True
1.0,0.0,0.30000000000000004,0.8183908045977011,0.35,-0.40919540229885054,1.1925597786065267,0.14446005128523337,True
1.0,0.0,0.31666666666666665,0.8183908045977011,0.3416666666666667,-0.40919540229885054,1.1961013726042649,0.14282554394702165,True
1.0,0.0,0.33333333333333337,0.8183908045977011,0.3333333333333333,-0.40919540229885054,1.1996462254836346,0.14124283330725504,True
1.0,0.0,0.35,0.8183908045977011,0.325,-0.40919540229885054,1.2031939366762552,0.13970928471747293,True
1.0,0.0,0.3666666666666667,0.8183908045977011,0.31666666666666665,-0.40919540229885054,1.2067441222333384,0.1382224465876883,True
1.0,0.0,0.3833333333333333,0.8183908045977011,0.30833333333333335,-0.40919540229885054,1.2102964141847896,0.13678003435003774,True
1.0,0.0,0.4,0.8183908045977011,0.3,-0.40919540229885054,1.2138504599200675,0.1353799161088238,True
1.0,0.0,0.41666666666666663,0.8183908045977011,0.2916666666666667,-0.40919540229885054,1.2174059215904582,0.13402009977104257,True
1.0,0.0,0.43333333333333335,0.8183908045977011,0.2833333333333333,-0.40919540229885054,1.2209624755323893,0.13269872147998274,True
1.0,0.0,0.44999999999999996,0.8183908045977011,0.275,-0.40919540229885054,1.2245198117113425,0.13141403519859848,True
1.0,0.0,0.4666666666666667,0.8183908045977011,0.26666666666666666,-0.40919540229885054,1.2280776331859165,0.13016440330981024,True
1.0,0.0,0.4833333333333333,0.8183908045977011,0.25833333333333336,-0.40919540229885054,1.2316356555915684,0.1289482881183004,True
1.0,0.0,0.5,0.8183908045977011,0.25,-0.40919540229885054,1.2351936066433806,0.1277642441533007,True
1.0,0.0,0.5166666666666667,0.8183908045977011,0.24166666666666664,-0.40919540229885054,1.2387512256577646,0.1266109111844056,True
1.0,0.0,0.5333333333333333,0.8183908045977011,0.23333333333333334,-0.40919540229885054,1.2423082630918425,0.1254870078737729,True
1.0,0.0,0.55,0.8183908045977011,0.22499999999999998,-0.40919540229885054,1.2458644801007646,0.12439132599698367,True
1.0,0.0,0.5666666666666667,0.8183908045977011,0.21666666666666667,-0.40919540229885054,1.2494196481117075,0.12332272517345427,True
1.0,0.0,0.5833333333333334,0.8183908045977011,0.20833333333333331,-0.40919540229885054,1.2529735484146518,0.12228012805390333,True
1.0,0.0,0.6,0.8183908045977011,0.2,-0.40919540229885054,1.2565259717688677,0.12126251591884298,True
1.0,0.0,0.6166666666666666,0.8183908045977011,0.1916666666666667,-0.40919540229885054,1.2600767180248735,0.12026892464711679,True
1.0,0.0,0.6333333333333333,0.8183908045977011,0.18333333333333335,-0.40919540229885054,1.2636255957612554,0.11929844101825292,True
1.0,0.0,0.65,0.8183908045977011,0.175,-0.40919540229885054,1.2671724219358111,0.11835019931642177,True
1.0,0.0,0.6666666666666666,0.8183908045977011,0.16666666666666669,-0.40919540229885054,1.2707170215504602,0.11742337820733084,True
1.0,0.0,0.6833333333333333,0.8183908045977011,0.15833333333333333,-0.40919540229885054,1.2742592273297162,0.116517197862409,True
1.0,0.0,0.7,0.8183908045977011,0.15000000000000002,-0.40919540229885054,1.2777988794116164,0.1156309173075945,True
1.0,0.0,0.7166666666666667,0.8183908045977011,0.14166666666666666,-0.40919540229885054,1.2813358250513103,0.11476383197610797,True
1.0,0.0,0.7333333333333333,0.8183908045977011,0.13333333333333336,-0.40919540229885054,1.2848699183364047,0.11391527144700117,True
1.0,0.0,0.75,0.8183908045977011,0.125,-0.40919540229885054,1.2884010199137603,0.11308459735299836,True
1.0,0.0,0.7666666666666666,0.8183908045977011,0.1166666666666667,-0.40919540229885054,1.2919289967272862,0.11227120144284264,True
1.0,0.0,0.7833333333333333,0.8183908045977011,0.10833333333333334,-0.40919540229885054,1.2954537217662905,0.1114745037848371,True
1.0,0.0,0.7999999999999999,0.8183908045977011,0.10000000000000003,-0.40919540229885054,1.2989750738239811,0.1106939510995702,True
1.0,0.0,0.8166666666666667,0.8183908045977011,0.09166666666666667,-0.40919540229885054,1.3024929372657246,0.10992901521098017,True
1.0,0.0,0.8333333333333333,0.8183908045977011,0.08333333333333337,-0.40919540229885054,1.3060072018066538,0.10917919160595844,True
1.0,0.0,0.85,0.8183908045977011,0.07500000000000001,-0.40919540229885054,1.3095177622982725,0.10844399809360665,True
1.0,0.0,0.8666666666666666,0.8183908045977011,0.06666666666666671,-0.40919540229885054,1.3130245185236833,0.10772297355610096,True
1.0,0.0,0.8833333333333333,0.8183908045977011,0.05833333333333335,-0.40919540229885054,1.3165273750010946,0.10701567678385258,True
1.0,0.0,0.9,0.8183908045977011,0.04999999999999999,-0.40919540229885054,1.3200262407952748,0.1063216853883214,True
1.0,0.0,0.9166666666666666,0.8183908045977011,0.041666666666666685,-0.40919540229885054,1.3235210293366217,0.105640594786438,True
1.0,0.0,0.9333333333333333,0.8183908045977011,0.033333333333333326,-0.40919540229885054,1.3270116582475482,0.10497201725112223,True
1.0,0.0,0.95,0.8183908045977011,0.025000000000000022,-0.40919540229885054,1.3304980491758773,0.10431558102287536,True
1.0,0.0,0.9666666666666667,0.8183908045977011,0.016666666666666663,-0.40919540229885054,1.333980127634959,0.10367092947785642,True
1.0,0.0,0.9833333333333333,0.8183908045977011,0.00833333333333336,-0.40919540229885054,1.3374578228502398,0.10303772034824532,True
1.0,0.0,1.0,0.8183908045977011,0.0,-0.40919540229885054,1.340931067612011,0.10241562499105505,True
1.0,0.0,1.0166666666666666,0.8183908045977011,-0.008333333333333304,-0.40919540229885054,1.3443997981340887,0.1018043277018735,True
1.0,0.0,1.0333333333333334,0.8183908045977011,-0.01666666666666672,-0.40919540229885054,1.347863953918176,0.10120352507030907,True
1.0,0.0,1.05,0.8183908045977011,-0.025000000000000022,-0.40919540229885054,1.351323477623674,0.10061292537417917,True
1.0,0.0,1.0666666666666667,0.8183908045977011,-0.033333333333333326,-0.40919540229885054,1.3547783149427148,0.10003224800971912,True
1.0,0.0,1.0833333333333333,0.8183908045977011,-0.04166666666666663,-0.40919540229885054,1.3582284144802081,0.09946122295530785,True
1.0,0.0,1.1,0.8183908045977011,-0.050000000000000044,-0.40919540229885054,1.3616737276386823,0.09889959026640743,True
1.0,0.0,1.1166666666666667,0.8183908045977011,-0.05833333333333335,-0.40919540229885054,1.3651142085077332,0.09834709959959147,True
1.0,0.0,1.1333333333333333,0.8183908045977011,-0.06666666666666665,-0.40919540229885054,1.3685498137578764,0.09780350976370542,True
1.0,0.0,1.1500000000000001,0.8183908045977011,-0.07500000000000007,-0.40919540229885054,1.3719805025386438,0.09726858829634778,True
1.0,0.0,1.1666666666666667,0.8183908045977011,-0.08333333333333337,-0.40919540229885054,1.3754062363807165,0.09674211106400686,True
1.0,0.0,1.1833333333333333,0.8183908045977011,-0.09166666666666667,-0.40919540229885054,1.378826979101962,0.0962238618843036,True
1.0,0.0,1.2000000000000002,0.8183908045977011,-0.10000000000000009,-0.40919540229885054,1.3822426967171828,0.09571363216891574,True
1.0,0.0,1.2166666666666668,0.8183908045977011,-0.10833333333333339,-0.40919540229885054,1.3856533573514507,0.09521122058585593,True
1.0,0.0,1.2333333333333334,0.8183908045977011,-0.1166666666666667,-0.40919540229885054,1.389058931156859,0.09471643273987963,True
1.0,0.0,1.25,0.8183908045977011,-0.125,-0.40919540229885054,1.3924593902325775,0.09422908086988194,True
1.0,0.0,1.2666666666666668,0.8183908045977011,-0.13333333333333341,-0.40919540229885054,1.3958547085479356,0.0937489835622456,True
1.0,0.0,1.2833333333333334,0.8183908045977011,-0.14166666666666672,-0.40919540229885054,1.3992448618688917,0.09327596547909121,True
1.0,0.0,1.3,0.8183908045977011,-0.15000000000000002,-0.40919540229885054,1.4026298276868086,0.09280985710065189,True
1.0,0.0,1.3166666666666667,0.8183908045977011,-0.15833333333333333,-0.40919540229885054,1.40600958515055,0.09235049448076371,True
1.0,0.0,1.3333333333333335,0.8183908045977011,-0.16666666666666674,-0.40919540229885054,1.40938411500096,0.09189771901479879,True
1.0,0.0,1.35,0.8183908045977011,-0.17500000000000004,-0.40919540229885054,1.4127533995079704,0.09145137721925445,True
1.0,0.0,1.3666666666666667,0.8183908045977011,-0.18333333333333335,-0.40919540229885054,1.4161174224101487,0.09101132052232531,True
1.0,0.0,1.3833333333333333,0.8183908045977011,-0.19166666666666665,-0.40919540229885054,1.4194761688565962,0.09057740506481565,True
1.0,0.0,1.4000000000000001,0.8183908045977011,-0.20000000000000007,-0.40919540229885054,1.42282962535111,0.09014949151079515,True
1.0,0.0,1.4166666666666667,0.8183908045977011,-0.20833333333333337,-0.40919540229885054,1.4261777796984973,0.0897274448674415,True
1.0,0.0,1.4333333333333333,0.8183908045977011,-0.21666666666666667,-0.40919540229885054,1.429520620952973,0.08931113431354719,True
1.0,0.0,1.45,0.8183908045977011,-0.22499999999999998,-0.40919540229885054,1.4328581393685489,0.08890043303620289,True
1.0,0.0,0.1,0.8471264367816091,0.45,-0.4235632183908046,1.157646315901004,0.16425533306230475,True
1.0,0.0,0.11666666666666667,0.8471264367816091,0.44166666666666665,-0.4235632183908046,1.1611736102089372,0.16187850948308538,True
1.0,0.0,0.13333333333333333,0.8471264367816091,0.43333333333333335,-0.4235632183908046,1.1647096465367504,0.15959699789462178,True
1.0,0.0,0.15000000000000002,0.8471264367816091,0.425,-0.4235632183908046,1.1682537914675684,0.15740468042846562,True
1.0,0.0,0.16666666666666669,0.8471264367816091,0.41666666666666663,-0.4235632183908046,1.1718054369159852,0.1552959742732479,True
1.0,0.0,0.18333333333333335,0.8471264367816091,0.4083333333333333,-0.4235632183908046,1.1753639992400153,0.15326577289463802,True
1.0,0.0,0.2,0.8471264367816091,0.4,-0.4235632183908046,1.1789289183719485,0.1513093949716585,True
1.0,0.0,0.21666666666666667,0.8471264367816091,0.39166666666666666,-0.4235632183908046,1.1824996569692763,0.14942253987888557,True
1.0,0.0,0.23333333333333334,0.8471264367816091,0.3833333333333333,-0.4235632183908046,1.186075699586649,0.1476012487443608,True
1.0,0.0,0.25,0.8471264367816091,0.375,-0.4235632183908046,1.18965655186935,0.14584187027547538,True
1.0,0.0,0.26666666666666666,0.8471264367816091,0.3666666666666667,-0.4235632183908046,1.193241739769474,0.14414103067683626,True
1.0,0.0,0.2833333333333333,0.8471264367816091,0.35833333333333334,-0.4235632183908046,1.1968308087839927,0.1424956070932413,True
1.0,0.0,0.30000000000000004,0.8471264367816091,0.35,-0.4235632183908046,1.2004233232161328,0.14090270409865394,True
1.0,0.0,0.31666666666666665,0.8471264367816091,0.3416666666666667,-0.4235632183908046,1.2040188654593296,0.13935963282655492,True
1.0,0.0,0.33333333333333337,0.8471264367816091,0.3333333333333333,-0.4235632183908046,1.207617035304031,0.13786389239743208,True
1.0,0.0,0.35,0.8471264367816091,0.325,-0.4235632183908046,1.2112174492671337,0.13641315335010515,True
1.0,0.0,0.3666666666666667,0.8471264367816091,0.31666666666666665,-0.4235632183908046,1.2148197399438543,0.13500524282596424,True
1.0,0.0,0.3833333333333333,0.8471264367816091,0.30833333333333335,-0.4235632183908046,1.2184235553817213,0.13363813129081326,True
1.0,0.0,0.4,0.8471264367816091,0.3,-0.4235632183908046,1.2220285584763548,0.1323099206089757,True
1.0,0.0,0.41666666666666663,0.8471264367816091,0.2916666666666667,-0.4235632183908046,1.2256344263886159,0.13101883330966313,True
1.0,0.0,0.43333333333333335,0.8471264367816091,0.2833333333333333,-0.4235632183908046,1.2292408499826966,0.12976320290706994,True
1.0,0.0,0.44999999999999996,0.8471264367816091,0.275,-0.4235632183908046,1.23284753328468,0.12854146515392856,True
1.0,0.0,0.4666666666666667,0.8471264367816091,0.26666666666666666,-0.4235632183908046,1.236454192961003,0.12735215012386025,True
1.0,0.0,0.4833333333333333,0.8471264367816091,0.25833333333333336,-0.4235632183908046,1.2400605578164916,0.12619387503110338,True
1.0,0.0,0.5,0.8471264367816091,0.25,-0.4235632183908046,1.24366636831113,0.1250653377078022,True
1.0,0.0,0.5166666666666667,0.8471264367816091,0.24166666666666664,-0.4235632183908046,1.2472713760953182,0.12396531066867729,True
1.0,0.0,0.5333333333333333,0.8471264367816091,0.23333333333333334,-0.4235632183908046,1.2508753435628066,0.12289263570157298,True
1.0,0.0,0.55,0.8471264367816091,0.22499999999999998,-0.4235632183908046,1.2544780434211007,0.1218462189295243,True
1.0,0.0,0.5666666666666667,0.8471264367816091,0.21666666666666667,-0.4235632183908046,1.2580792582782716,0.12082502629661306,True
1.0,0.0,0.5833333333333334,0.8471264367816091,0.20833333333333331,-0.4235632183908046,1.2616787802461207,0.11982807943510689,True
1.0,0.0,0.6,0.8471264367816091,0.2,-0.4235632183908046,1.26527641055886,0.11885445187642923,True
1.0,0.0,0.6166666666666666,0.8471264367816091,0.1916666666666667,-0.4235632183908046,1.2688719592068014,0.11790326557261675,True
1.0,0.0,0.6333333333333333,0.8471264367816091,0.18333333333333335,-0.4235632183908046,1.2724652445848026,0.11697368769853148,True
1.0,0.0,0.65,0.8471264367816091,0.175,-0.4235632183908046,1.2760560931542435,0.11606492770858703,True
1.0,0.0,0.6666666666666666,0.8471264367816091,0.16666666666666669,-0.4235632183908046,1.2796443391190184,0.11517623462412332,True
1.0,0.0,0.6833333333333333,0.8471264367816091,0.15833333333333333,-0.4235632183908046,1.2832298241141706,0.11430689453055824,True
1.0,0.0,0.7,0.8471264367816091,0.15000000000000002,-0.4235632183908046,1.286812396907151,0.1134562282652828,True
1.0,0.0,0.7166666666666667,0.8471264367816091,0.14166666666666666,-0.4235632183908046,1.2903919131110788,0.11262358927937671,True
1.0,0.0,0.7333333333333333,0.8471264367816091,0.13333333333333336,-0.4235632183908046,1.2939682349095731,0.11180836165788804,True
1.0,0.0,0.75,0.8471264367816091,0.125,-0.4235632183908046,1.2975412307926943,0.11100995828496146,True
1.0,0.0,0.7666666666666666,0.8471264367816091,0.1166666666666667,-0.4235632183908046,1.301110775303572,0.11022781914144181,True
1.0,0.0,0.7833333333333333,0.8471264367816091,0.10833333333333334,-0.4235632183908046,1.3046767487952895,0.1094614097237915,True
1.0,0.0,0.7999999999999999,0.8471264367816091,0.10000000000000003,-0.4235632183908046,1.3082390371976236,0.10871021957423123,True
1.0,0.0,0.8166666666666667,0.8471264367816091,0.09166666666666667,-0.4235632183908046,1.3117975317932515,0.10797376091296494,True
1.0,0.0,0.8333333333333333,0.8471264367816091,0.08333333333333337,-0.4235632183908046,1.315352129003029,0.10725156736421727,True
1.0,0.0,0.85,0.8471264367816091,0.07500000000000001,-0.4235632183908046,1.3189027301799938,0.10654319276856489,True
1.0,0.0,0.8666666666666666,0.8471264367816091,0.06666666666666671,-0.4235632183908046,1.3224492414117275,0.10584821007473783,True
1.0,0.0,0.8833333333333333,0.8471264367816091,0.05833333333333335,-0.4235632183908046,1.325991573330737,0.10516621030468143,True
1.0,0.0,0.9,0.8471264367816091,0.04999999999999999,-0.4235632183908046,1.3295296409325417,0.10449680158621899,True
1.0,0.0,0.9166666666666666,0.8471264367816091,0.041666666666666685,-0.4235632183908046,1.3330633634011289,0.10383960824816064,True
1.0,0.0,0.9333333333333333,0.8471264367816091,0.033333333333333326,-0.4235632183908046,1.3365926639414942,0.10319426997314748,True
1.0,0.0,0.95,0.8471264367816091,0.025000000000000022,-0.4235632183908046,1.3401174696189695,0.10256044100392744,True
1.0,0.0,0.9666666666666667,0.8471264367816091,0.016666666666666663,-0.4235632183908046,1.3436377112050533,0.10193778939912597,True
1.0,0.0,0.9833333333333333,0.8471264367816091,0.00833333333333336,-0.4235632183908046,1.34715332302948,0.10132599633490612,True
1.0,0.0,1.0,0.8471264367816091,0.0,-0.4235632183908046,1.3506642428382722,0.10072475544920931,True
1.0,0.0,1.0166666666666666,0.8471264367816091,-0.008333333333333304,-0.4235632183908046,1.3541704116575268,0.10013377222554502,True
1.0,0.0,1.0333333333333334,0.8471264367816091,-0.01666666666666672,-0.4235632183908046,1.357671773662687,0.09955276341354229,True
1.0,0.0,1.05,0.8471264367816091,-0.025000000000000022,-0.4235632183908046,1.3611682760530925,0.0989814564836975,True
1.0,0.0,1.0666666666666667,0.8471264367816091,-0.033333333333333326,-0.4235632183908046,1.3646598689315754,0.0984195891139613,True
1.0,0.0,1.0833333333333333,0.8471264367816091,-0.04166666666666663,-0.4235632183908046,1.3681465051888886,0.0978669087059933,True
1.0,0.0,1.1,0.8471264367816091,-0.050000000000000044,-0.4235632183908046,1.37162814039278,0.09732317192907687,True
1.0,0.0,1.1166666666666667,0.8471264367816091,-0.05833333333333335,-0.4235632183908046,1.3751047326815102,0.09678814428984867,True
1.0,0.0,1.1333333333333333,0.8471264367816091,-0.06666666666666665,-0.4235632183908046,1.3785762426616304,0.09626159972613312,True
1.0,0.0,1.1500000000000001,0.8471264367816091,-0.07500000000000007,-0.4235632183908046,1.3820426333098468,0.09574332022330351,True
1.0,0.0,1.1666666666666667,0.8471264367816091,-0.08333333333333337,-0.4235632183908046,1.3855038698787954,0.09523309545171008,True
1.0,0.0,1.1833333333333333,0.8471264367816091,-0.09166666666666667,-0.4235632183908046,1.388959919806577,0.09473072242382054,True
1.0,0.0,1.2000000000000002,0.8471264367816091,-0.10000000000000009,-0.4235632183908046,1.3924107526298968,0.09423600516982054,True
1.0,0.0,1.2166666666666668,0.8471264367816091,-0.10833333333333339,-0.4235632183908046,1.3958563399005468,0.09374875443052705,True
1.0,0.0,1.2333333333333334,0.8471264367816091,-0.1166666666666667,-0.4235632183908046,1.3992966551055328,0.09326878736647397,True
1.0,0.0,1.25,0.8471264367816091,-0.125,-0.4235632183908046,1.4027316735898132,0.09279592728229494,True
1.0,0.0,1.2666666666666668,0.8471264367816091,-0.13333333333333341,-0.4235632183908046,1.4061613724825992,0.09233000336531917,True
1.0,0.0,1.2833333333333334,0.8471264367816091,-0.14166666666666672,-0.4235632183908046,1.4095857306262969,0.0918708504376272,True
1.0,0.0,1.3,0.8471264367816091,-0.15000000000000002,-0.4235632183908046,1.4130047285083132,0.09141830872071217,True
1.0,0.0,1.3166666666666667,0.8471264367816091,-0.15833333333333333,-0.4235632183908046,1.416418348195525,0.09097222361200798,True
1.0,0.0,1.3333333333333335,0.8471264367816091,-0.16666666666666674,-0.4235632183908046,1.4198265732713395,0.09053244547257971,True
1.0,0.0,1.35,0.8471264367816091,-0.17500000000000004,-0.4235632183908046,1.423229388775194,0.09009882942533057,True
1.0,0.0,1.3666666666666667,0.8471264367816091,-0.18333333333333335,-0.4235632183908046,1.426626781144434,0.08967123516310996,True
1.0,0.0,1.3833333333333333,0.8471264367816091,-0.19166666666666665,-0.4235632183908046,1.4300187381584606,0.0892495267661582,True
1.0,0.0,1.4000000000000001,0.8471264367816091,-0.20000000000000007,-0.4235632183908046,1.4334052488850348,0.08883357252835655,True
1.0,0.0,1.4166666666666667,0.8471264367816091,-0.20833333333333337,-0.4235632183908046,1.4367863036286912,0.08842324479178258,True
1.0,0.0,1.4333333333333333,0.8471264367816091,-0.21666666666666667,-0.4235632183908046,1.440161893881133,0.08801841978911094,True
1.0,0.0,1.45,0.8471264367816091,-0.22499999999999998,-0.4235632183908046,1.443532012273556,0.08761897749342146,True
1.0,0.0,0.1,0.8758620689655172,0.45,-0.4379310344827586,1.1647993583262475,0.1595403673181769,True
1.0,0.0,0.11666666666666667,0.8758620689655172,0.44166666666666665,-0.4379310344827586,1.1683880507115483,0.1573233998322122,True
1.0,0.0,0.13333333333333333,0.8758620689655172,0.43333333333333335,-0.4379310344827586,1.1719846442577988,0.15519180478992023,True
1.0,0.0,0.15000000000000002,0.8758620689655172,0.425,-0.4379310344827586,1.1755885288622119,0.1531403211045646,True
1.0,0.0,0.16666666666666669,0.8758620689655172,0.41666666666666663,-0.4379310344827586,1.1791991191013749,0.15116412960738002,True
1.0,0.0,0.18333333333333335,0.8758620689655172,0.4083333333333333,-0.4379310344827586,1.1828158533492792,0.14925880638207104,True
1.0,0.0,0.2,0.8758620689655172,0.4,-0.4379310344827586,1.1864381929159011,0.14742028199366614,True
1.0,0.0,0.21666666666666667,0.8758620689655172,0.39166666666666666,-0.4379310344827586,1.1900656212074538,0.14564480575049482,True
1.0,0.0,0.23333333333333334,0.8758620689655172,0.3833333333333333,-0.4379310344827586,1.1936976429084316,0.14392891428051136,True
1.0,0.0,0.25,0.8758620689655172,0.375,-0.4379310344827586,1.1973337831868813,0.14226940381850287,True
1.0,0.0,0.26666666666666666,0.8758620689655172,0.3666666666666667,-0.4379310344827586,1.2009735869223603,0.14066330569689744,True
1.0,0.0,0.2833333333333333,0.8758620689655172,0.35833333333333334,-0.4379310344827586,1.2046166179572397,0.13910786461076505,True
1.0,0.0,0.30000000000000004,0.8758620689655172,0.35,-0.4379310344827586,1.2082624583712847,0.13760051929296785,True
1.0,0.0,0.31666666666666665,0.8758620689655172,0.3416666666666667,-0.4379310344827586,1.2119107077794606,0.1361388852894385,True
1.0,0.0,0.33333333333333337,0.8758620689655172,0.3333333333333333,-0.4379310344827586,1.2155609826528155,0.13472073956972808,True
1.0,0.0,0.35,0.8758620689655172,0.325,-0.4379310344827586,1.2192129156621923,0.13334400674581448,True
1.0,0.0,0.3666666666666667,0.8758620689655172,0.31666666666666665,-0.4379310344827586,1.2228661550444861,0.1320067467039731,True
1.0,0.0,0.3833333333333333,0.8758620689655172,0.30833333333333335,-0.4379310344827586,1.2265203639910514,0.1307071434813922,True
1.0,0.0,0.4,0.8758620689655172,0.3,-0.4379310344827586,1.2301752200578697,0.12944349524193505,True
1.0,0.0,0.41666666666666663,0.8758620689655172,0.2916666666666667,-0.4379310344827586,1.2338304145970083,0.12821420522479032,True
1.0,0.0,0.43333333333333335,0.8758620689655172,0.2833333333333333,-0.4379310344827586,1.2374856522088604,0.12701777355621144,True
1.0,0.0,0.44999999999999996,0.8758620689655172,0.275,-0.4379310344827586,1.2411406502147313,0.12585278982858827,True
1.0,0.0,0.4666666666666667,0.8758620689655172,0.26666666666666666,-0.4379310344827586,1.2447951381491054,0.12471792636321884,True
1.0,0.0,0.4833333333333333,0.8758620689655172,0.25833333333333336,-0.4379310344827586,1.2484488572711643,0.12361193208343593,True
1.0,0.0,0.5,0.8758620689655172,0.25,-0.4379310344827586,1.2521015600949406,0.12253362693373045,True
1.0,0.0,0.5166666666666667,0.8758620689655172,0.24166666666666664,-0.4379310344827586,1.2557530099375434,0.12148189678821411,True
1.0,0.0,0.5333333333333333,0.8758620689655172,0.23333333333333334,-0.4379310344827586,1.2594029804849007,0.1204556887984442,True
1.0,0.0,0.55,0.8758620689655172,0.22499999999999998,-0.4379310344827586,1.2630512553744424,0.11945400713644566,True
1.0,0.0,0.5666666666666667,0.8758620689655172,0.21666666666666667,-0.4379310344827586,1.2666976277941724,0.11847590909380806,True
1.0,0.0,0.5833333333333334,0.8758620689655172,0.20833333333333331,-0.4379310344827586,1.2703419000974885,0.11752050150216907,True
1.0,0.0,0.6,0.8758620689655172,0.2,-0.4379310344827586,1.2739838834334911,0.11658693744414522,True
1.0,0.0,0.6166666666666666,0.8758620689655172,0.1916666666666667,-0.4379310344827586,1.2776233973916946,0.11567441322736731,True
1.0,0.0,0.6333333333333333,0.8758620689655172,0.18333333333333335,-0.4379310344827586,1.2812602696611877,0.11478216559694147,True
1.0,0.0,0.65,0.8758620689655172,0.175,-0.4379310344827586,1.2848943357033669,0.11390946916450795,True
1.0,0.0,0.6666666666666666,0.8758620689655172,0.16666666666666669,-0.4379310344827586,1.2885254384378437,0.11305563403424247,True
1.0,0.0,0.6833333333333333,0.8758620689655172,0.15833333333333333,-0.4379310344827586,1.2921534279410216,0.1122200036082015,True
1.0,0.0,0.7,0.8758620689655172,0.15000000000000002,-0.4379310344827586,1.2957781611568553,0.11140195255520643,True
1.0,0.0,0.7166666666666667,0.8758620689655172,0.14166666666666666,-0.4379310344827586,1.299399501619327,0.1106008849290427,True
1.0,0.0,0.7333333333333333,0.8758620689655172,0.13333333333333336,-0.4379310344827586,1.3030173191861754,0.10981623242316806,True
1.0,0.0,0.75,0.8758620689655172,0.125,-0.4379310344827586,1.3066314897834432,0.1090474527503692,True
1.0,0.0,0.7666666666666666,0.8758620689655172,0.1166666666666667,-0.4379310344827586,1.3102418951604136,0.10829402813692486,True
1.0,0.0,0.7833333333333333,0.8758620689655172,0.10833333333333334,-0.4379310344827586,1.3138484226545177,0.10755546392183123,True
1.0,0.0,0.7999999999999999,0.8758620689655172,0.10000000000000003,-0.4379310344827586,1.3174509649658255,0.10683128725252707,True
1.0,0.0,0.8166666666666667,0.8758620689655172,0.09166666666666667,-0.4379310344827586,1.3210494199407128,0.10612104586936168,True
1.0,0.0,0.8333333333333333,0.8758620689655172,0.08333333333333337,-0.4379310344827586,1.3246436903643595,0.1054243069717494,True
1.0,0.0,0.85,0.8758620689655172,0.07500000000000001,-0.4379310344827586,1.3282336837616981,0.10474065615960315,True
1.0,0.0,0.8666666666666666,0.8758620689655172,0.06666666666666671,-0.4379310344827586,1.3318193122064794,0.10406969644420914,True
1.0,0.0,0.8833333333333333,0.8758620689655172,0.05833333333333335,-0.4379310344827586,1.335400492138118,0.10341104732322007,True
1.0,0.0,0.9,0.8758620689655172,0.04999999999999999,-0.4379310344827586,1.3389771441860032,0.10276434391491432,True
1.0,0.0,0.9166666666666666,0.8758620689655172,0.041666666666666685,-0.4379310344827586,1.3425491930009572,0.102129236147284,True
1.0,0.0,0.9333333333333333,0.8758620689655172,0.033333333333333326,-0.4379310344827586,1.3461165670935569,0.1015053879978949,True
1.0,0.0,0.95,0.8758620689655172,0.025000000000000022,-0.4379310344827586,1.3496791986790353,0.10089247678080379,True
1.0,0.0,0.9666666666666667,0.8758620689655172,0.016666666666666663,-0.4379310344827586,1.353237023528474,0.10029019247713203,True
1.0,0.0,0.9833333333333333,0.8758620689655172,0.00833333333333336,-0.4379310344827586,1.3567899808260475,0.09969823710616837,True
1.0,0.0,1.0,0.8758620689655172,0.0,-0.4379310344827586,1.3603380130320482,0.09911632413413804,True
1.0,0.0,1.0166666666666666,0.8758620689655172,-0.008333333333333304,-0.4379310344827586,1.3638810657514697,0.09854417791799727,True
1.0,0.0,1.0333333333333334,0.8758620689655172,-0.01666666666666672,-0.4379310344827586,1.3674190876079038,0.09798153318183205,True
1.0,0.0,1.05,0.8758620689655172,-0.025000000000000022,-0.4379310344827586,1.3709520301225269,0.09742813452362656,True
1.0,0.0,1.0666666666666667,0.8758620689655172,-0.033333333333333326,-0.4379310344827586,1.3744798475979871,0.09688373595033974,True
1.0,0.0,1.0833333333333333,0.8758620689655172,-0.04166666666666663,-0.4379310344827586,1.378002497006956,0.09634810043939569,True
1.0,0.0,1.1,0.8758620689655172,-0.050000000000000044,-0.4379310344827586,1.3815199378851761,0.09582099952482949,True
1.0,0.0,1.1166666666666667,0.8758620689655172,-0.05833333333333335,-0.4379310344827586,1.3850321322288,0.09530221290647166,True
1.0,0.0,1.1333333333333333,0.8758620689655172,-0.06666666666666665,-0.4379310344827586,1.388539044395859,0.09479152808066807,True
1.0,0.0,1.1500000000000001,0.8758620689655172,-0.07500000000000007,-0.4379310344827586,1.3920406410116788,0.09428873999115117,True
1.0,0.0,1.1666666666666667,0.8758620689655172,-0.08333333333333337,-0.4379310344827586,1.3955368908780121,0.09379365069878534,True
1.0,0.0,1.1833333333333333,0.8758620689655172,-0.09166666666666667,-0.4379310344827586,1.3990277648860432,0.09330606906895005,True
1.0,0.0,1.2000000000000002,0.8758620689655172,-0.10000000000000009,-0.4379310344827586,1.402513235932431,0.09282581047555373,True
1.0,0.0,1.2166666666666668,0.8758620689655172,-0.10833333333333339,-0.4379310344827586,1.405993278839123,0.0923526965205251,True
1.0,0.0,1.2333333333333334,0.8758620689655172,-0.1166666666666667,-0.4379310344827586,1.4094678702761243,0.09188655476792613,True
1.0,0.0,1.25,0.8758620689655172,-0.125,-0.4379310344827586,1.4129369886873862,0.09142721849175663,True
1.0,0.0,1.2666666666666668,0.8758620689655172,-0.13333333333333341,-0.4379310344827586,1.4164006142196277,0.09097452643663323,True
1.0,0.0,1.2833333333333334,0.8758620689655172,-0.14166666666666672,-0.4379310344827586,1.419858728653973,0.09052832259057504,True
1.0,0.0,1.3,0.8758620689655172,-0.15000000000000002,-0.4379310344827586,1.423311315340285,0.0900884559691784,True
1.0,0.0,1.3166666666666667,0.8758620689655172,-0.15833333333333333,-0.4379310344827586,1.4267583591340909,0.0896547804105147,True
1.0,0.0,1.3333333333333335,0.8758620689655172,-0.16666666666666674,-0.4379310344827586,1.4301998463359762,0.08922715438012808,True
1.0,0.0,1.35,0.8758620689655172,-0.17500000000000004,-0.4379310344827586,1.4336357646333746,0.08880544078554892,True
1.0,0.0,1.3666666666666667,0.8758620689655172,-0.18333333333333335,-0.4379310344827586,1.437066103044625,0.08838950679978447,True
1.0,0.0,1.3833333333333333,0.8758620689655172,-0.19166666666666665,-0.4379310344827586,1.440490851865225,0.08797922369327404,True
1.0,0.0,1.4000000000000001,0.8758620689655172,-0.20000000000000007,-0.4379310344827586,1.443910002616178,0.08757446667383784,True
1.0,0.0,1.4166666666666667,0.8758620689655172,-0.20833333333333337,-0.4379310344827586,1.4473235479943616,0.08717511473417082,True
1.0,0.0,1.4333333333333333,0.8758620689655172,-0.21666666666666667,-0.4379310344827586,1.4507314818248138,0.08678105050647039,True
1.0,0.0,1.45,0.8758620689655172,-0.22499999999999998,-0.4379310344827586,1.4541337990148897,0.08639216012380199,True
1.0,0.0,0.1,0.9045977011494253,0.45,-0.45229885057471264,1.1719428514404007,0.15521607937876036,True
1.0,0.0,0.11666666666666667,0.9045977011494253,0.44166666666666665,-0.45229885057471264,1.175591385057226,0.1531387272323796,True
1.0,0.0,0.13333333333333333,0.9045977011494253,0.43333333333333335,-0.45229885057471264,1.1792470181177062,0.15113842143722925,True
1.0,0.0,0.15000000000000002,0.9045977011494253,0.425,-0.45229885057471264,1.1829091626540238,0.1492105904841311,True
1.0,0.0,0.16666666666666669,0.9045977011494253,0.41666666666666663,-0.45229885057471264,1.1865772547501772,0.14735103267345115,True
1.0,0.0,0.18333333333333335,0.9045977011494253,0.4083333333333333,-0.45229885057471264,1.1902507536673832,0.14555587848070453,True
1.0,0.0,0.2,0.9045977011494253,0.4,-0.45229885057471264,1.1939291409910622,0.14382155750758557,True
1.0,0.0,0.21666666666666667,0.9045977011494253,0.39166666666666666,-0.45229885057471264,1.1976119198010569,0.14214476937121706,True
1.0,0.0,0.23333333333333334,0.9045977011494253,0.3833333333333333,-0.45229885057471264,1.2012986138646915,0.1405224579884315,True
1.0,0.0,0.25,0.9045977011494253,0.375,-0.45229885057471264,1.204988766853488,0.1389517887960588,True
1.0,0.0,0.26666666666666666,0.9045977011494253,0.3666666666666667,-0.45229885057471264,1.2086819415835808,0.13743012851864525,True
1.0,0.0,0.2833333333333333,0.9045977011494253,0.35833333333333334,-0.45229885057471264,1.2123777192798884,0.13595502715318256,True
1.0,0.0,0.30000000000000004,0.9045977011494253,0.35,-0.45229885057471264,1.2160756988639811,0.13452420188895334,True
1.0,0.0,0.31666666666666665,0.9045977011494253,0.3416666666666667,-0.45229885057471264,1.2197754962654688,0.1331355227212105,True
1.0,0.0,0.33333333333333337,0.9045977011494253,0.3333333333333333,-0.45229885057471264,1.223476743756668,0.13178699955149076,True
1.0,0.0,0.35,0.9045977011494253,0.325,-0.45229885057471264,1.2271790893102283,0.13047677059610402,True
1.0,0.0,0.3666666666666667,0.9045977011494253,0.31666666666666665,-0.45229885057471264,1.2308821959793144,0.129203091948639,True
1.0,0.0,0.3833333333333333,0.9045977011494253,0.30833333333333335,-0.45229885057471264,1.2345857413000534,0.1279643281628847,True
1.0,0.0,0.4,0.9045977011494253,0.3,-0.45229885057471264,1.238289416715362,0.12675894374029748,True
1.0,0.0,0.41666666666666663,0.9045977011494253,0.2916666666666667,-0.45229885057471264,1.2419929270203773,0.12558549542072586,True
1.0,0.0,0.43333333333333335,0.9045977011494253,0.2833333333333333,-0.45229885057471264,1.2456959898280873,0.12444262518846703,True
1.0,0.0,0.44999999999999996,0.9045977011494253,0.275,-0.45229885057471264,1.2493983350555051,0.12332905391614722,True
1.0,0.0,0.4666666666666667,0.9045977011494253,0.26666666666666666,-0.45229885057471264,1.253099704428937,0.1222435755789644,True
1.0,0.0,0.4833333333333333,0.9045977011494253,0.25833333333333336,-0.45229885057471264,1.2567998510085168,0.12118505197949166,True
1.0,0.0,0.5,0.9045977011494253,0.25,-0.45229885057471264,1.260498538730999,0.12015240793068616,True
1.0,0.0,0.5166666666666667,0.9045977011494253,0.24166666666666664,-0.45229885057471264,1.2641955419703728,0.11914462685069965,True
1.0,0.0,0.5333333333333333,0.9045977011494253,0.23333333333333334,-0.45229885057471264,1.267890645115699,0.11816074672847861,True
1.0,0.0,0.55,0.9045977011494253,0.22499999999999998,-0.45229885057471264,1.2715836421654851,0.11719985642380863,True
1.0,0.0,0.5666666666666667,0.9045977011494253,0.21666666666666667,-0.45229885057471264,1.2752743363384715,0.11626109226937759,True
1.0,0.0,0.5833333333333334,0.9045977011494253,0.20833333333333331,-0.45229885057471264,1.278962539699411,0.11534363494632224,True
1.0,0.0,0.6,0.9045977011494253,0.2,-0.45229885057471264,1.2826480728002176,0.1144467066073754,True
1.0,0.0,0.6166666666666666,0.9045977011494253,0.1916666666666667,-0.45229885057471264,1.2863307643353463,0.11356956822486651,True
1.0,0.0,0.6333333333333333,0.9045977011494253,0.18333333333333335,-0.45229885057471264,1.290010450811093,0.11271151714302774,True
1.0,0.0,0.65,0.9045977011494253,0.175,-0.45229885057471264,1.2936869762282361,0.1118718848162599,True
1.0,0.0,0.6666666666666666,0.9045977011494253,0.16666666666666669,-0.45229885057471264,1.2973601917775475,0.11105003471686539,True
1.0,0.0,0.6833333333333333,0.9045977011494253,0.15833333333333333,-0.45229885057471264,1.3010299555476477,0.11024536039743961,True
1.0,0.0,0.7,0.9045977011494253,0.15000000000000002,-0.45229885057471264,1.304696132244753,0.10945728369457494,True
1.0,0.0,0.7166666666666667,0.9045977011494253,0.14166666666666666,-0.45229885057471264,1.3083585929238335,0.10868525306185109,True
1.0,0.0,0.7333333333333333,0.9045977011494253,0.13333333333333336,-0.45229885057471264,1.312017214730739,0.10792874202124869,True
1.0,0.0,0.75,0.9045977011494253,0.125,-0.45229885057471264,1.315671880654857,0.10718724772316718,True
1.0,0.0,0.7666666666666666,0.9045977011494253,0.1166666666666667,-0.45229885057471264,1.3193224792918743,0.10646028960615414,True
1.0,0.0,0.7833333333333333,0.9045977011494253,0.10833333333333334,-0.45229885057471264,1.3229689046162543,0.10574740814828223,True
1.0,0.0,0.7999999999999999,0.9045977011494253,0.10000000000000003,-0.45229885057471264,1.3266110557630095,0.10504816370286095,True
1.0,0.0,0.8166666666666667,0.9045977011494253,0.09166666666666667,-0.45229885057471264,1.3302488368184189,0.10436213541182575,True
1.0,0.0,0.8333333333333333,0.9045977011494253,0.08333333333333337,-0.45229885057471264,1.3338821566193084,0.10368892019075568,True
1.0,0.0,0.85,0.9045977011494253,0.07500000000000001,-0.45229885057471264,1.3375109285605447,0.10302813178000429,True
1.0,0.0,0.8666666666666666,0.9045977011494253,0.06666666666666671,-0.45229885057471264,1.3411350704104137,0.10237939985691212,True
1.0,0.0,0.8833333333333333,0.9045977011494253,0.05833333333333335,-0.45229885057471264,1.3447545041335476,0.10174236920450977,True
1.0,0.0,0.9,0.9045977011494253,0.04999999999999999,-0.45229885057471264,1.348369155721097,0.10111669893251059,True
1.0,0.0,0.9166666666666666,0.9045977011494253,0.041666666666666685,-0.45229885057471264,1.3519789550278405,0.10050206174675178,True
1.0,0.0,0.9333333333333333,0.9045977011494253,0.033333333333333326,-0.45229885057471264,1.3555838356159504,0.09989814326356274,True
1.0,0.0,0.95,0.9045977011494253,0.025000000000000022,-0.45229885057471264,1.3591837346051314,0.09930464136583299,True
1.0,0.0,0.9666666666666667,0.9045977011494253,0.016666666666666663,-0.45229885057471264,1.3627785925288738,0.09872126559781577,True
1.0,0.0,0.9833333333333333,0.9045977011494253,0.00833333333333336,-0.45229885057471264,1.366368353196553,0.09814773659594571,True
1.0,0.0,1.0,0.9045977011494253,0.0,-0.45229885057471264,1.3699529635611543,0.09758378555316365,True
1.0,0.0,1.0166666666666666,0.9045977011494253,-0.008333333333333304,-0.45229885057471264,1.3735323735923561,0.09702915371444755,True
1.0,0.0,1.0333333333333334,0.9045977011494253,-0.01666666666666672,-0.45229885057471264,1.3771065361547838,0.09648359190141972,True
1.0,0.0,1.05,0.9045977011494253,-0.025000000000000022,-0.45229885057471264,1.380675406891183,0.09594686006407677,True
1.0,0.0,1.0666666666666667,0.9045977011494253,-0.033333333333333326,-0.45229885057471264,1.384238944110333,0.09541872685783032,True
1.0,0.0,1.0833333333333333,0.9045977011494253,-0.04166666666666663,-0.45229885057471264,1.3877971086794878,0.09489896924418947,True
1.0,0.0,1.1,0.9045977011494253,-0.050000000000000044,-0.45229885057471264,1.391349863921162,0.09438737211353987,True
1.0,0.0,1.1166666666666667,0.9045977011494253,-0.05833333333333335,-0.45229885057471264,1.39489717551405,0.09388372792859422,True
1.0,0.0,1.1333333333333333,0.9045977011494253,-0.06666666666666665,-0.45229885057471264,1.3984390113980787,0.09338783638716658,True
1.0,0.0,1.1500000000000001,0.9045977011494253,-0.07500000000000007,-0.45229885057471264,1.4019753416829441,0.09289950410311033,True
1.0,0.0,1.1666666666666667,0.9045977011494253,-0.08333333333333337,-0.45229885057471264,1.4055061385607073,0.09241854430418056,True
1.0,0.0,1.1833333333333333,0.9045977011494253,-0.09166666666666667,-0.45229885057471264,1.4090313762216553,0.09194477654585229,True
1.0,0.0,1.2000000000000002,0.9045977011494253,-0.10000000000000009,-0.45229885057471264,1.4125510307735911,0.0914780264400731,True
1.0,0.0,1.2166666666666668,0.9045977011494253,-0.10833333333333339,-0.45229885057471264,1.4160650801643393,0.0910181253980451,True
1.0,0.0,1.2333333333333334,0.9045977011494253,-0.1166666666666667,-0.45229885057471264,1.4195735041073418,0.09056491038618876,True
1.0,0.0,1.25,0.9045977011494253,-0.125,-0.45229885057471264,1.4230762840102278,0.09011822369449708,True
1.0,0.0,1.2666666666666668,0.9045977011494253,-0.13333333333333341,-0.45229885057471264,1.4265734029061952,0.08967791271654857,True
1.0,0.0,1.2833333333333334,0.9045977011494253,-0.14166666666666672,-0.45229885057471264,1.4300648453881393,0.0892438297404873,True
1.0,0.0,1.3,0.9045977011494253,-0.15000000000000002,-0.45229885057471264,1.43355059754537,0.08881583175033597,True
1.0,0.0,1.3166666666666667,0.9045977011494253,-0.15833333333333333,-0.45229885057471264,1.4370306469028395,0.08839378023704172,True
1.0,0.0,1.3333333333333335,0.9045977011494253,-0.16666666666666674,-0.45229885057471264,1.44050498236277,0.08797754101869683,True
1.0,0.0,1.35,0.9045977011494253,-0.17500000000000004,-0.45229885057471264,1.4439735941485654,0.08756698406941683,True
1.0,0.0,1.3666666666666667,0.9045977011494253,-0.18333333333333335,-0.45229885057471264,1.44743647375095,0.08716198335638362,True
1.0,0.0,1.3833333333333333,0.9045977011494253,-0.19166666666666665,-0.45229885057471264,1.4508936138762014,0.08676241668460202,True
1.0,0.0,1.4000000000000001,0.9045977011494253,-0.20000000000000007,-0.45229885057471264,1.4543450083964191,0.08636816554894185,True
1.0,0.0,1.4166666666666667,0.9045977011494253,-0.20833333333333337,-0.45229885057471264,1.457790652301747,0.08597911499306231,True
1.0,0.0,1.4333333333333333,0.9045977011494253,-0.21666666666666667,-0.45229885057471264,1.4612305416544427,0.08559515347485087,True
1.0,0.0,1.45,0.9045977011494253,-0.22499999999999998,-0.45229885057471264,1.4646646735447535,0.08521617273801826,True
1.0,0.0,0.1,0.9333333333333333,0.45,-0.4666666666666667,1.179074452230565,0.15123110140925172,True
1.0,0.0,0.11666666666666667,0.9333333333333333,0.44166666666666665,-0.4666666666666667,1.1827813759070736,0.14927663368751284,True
1.0,0.0,0.13333333333333333,0.9333333333333333,0.43333333333333335,-0.4666666666666667,1.186494633334393,0.14739216445545433,True
1.0,0.0,0.15000000000000002,0.9333333333333333,0.425,-0.4666666666666667,1.1902136575904478,0.1455736845104507,True
1.0,0.0,0.16666666666666669,0.9333333333333333,0.41666666666666663,-0.4666666666666667,1.1939379052014987,0.14381749775592606,True
1.0,0.0,0.18333333333333335,0.9333333333333333,0.4083333333333333,-0.4666666666666667,1.1976668552751881,0.14212019042211865,True
1.0,0.0,0.2,0.9333333333333333,0.4,-0.4666666666666667,1.2014000086573076,0.14047860391185849,True
1.0,0.0,0.21666666666666667,0.9333333333333333,0.39166666666666666,-0.4666666666666667,1.205136887112044,0.13888981077699838,True
1.0,0.0,0.23333333333333334,0.9333333333333333,0.3833333333333333,-0.4666666666666667,1.2088770325263158,0.13735109340699428,True
1.0,0.0,0.25,0.9333333333333333,0.375,-0.4666666666666667,1.2126200061383168,0.13585992507456585,True
1.0,0.0,0.26666666666666666,0.9333333333333333,0.3666666666666667,-0.4666666666666667,1.216365387790315,0.13441395303597597,True
1.0,0.0,0.2833333333333333,0.9333333333333333,0.35833333333333334,-0.4666666666666667,1.2201127752056256,0.13301098342742604,True
1.0,0.0,0.30000000000000004,0.9333333333333333,0.35,-0.4666666666666667,1.2238617832895877,0.13164896773591775,True
1.0,0.0,0.31666666666666665,0.9333333333333333,0.3416666666666667,-0.4666666666666667,1.2276120434542783,0.13032599065393588,True
1.0,0.0,0.33333333333333337,0.9333333333333333,0.3333333333333333,-0.4666666666666667,1.231363202966614,0.12904025915349182,True
1.0,0.0,0.35,0.9333333333333333,0.325,-0.4666666666666667,1.235114924319642,0.1277900926371651,True
1.0,0.0,0.3666666666666667,0.9333333333333333,0.31666666666666665,-0.4666666666666667,1.2388668846259505,0.12657391404290771,True
1.0,0.0,0.3833333333333333,0.9333333333333333,0.30833333333333335,-0.4666666666666667,1.2426187750337823,0.12539024179485553,True
1.0,0.0,0.4,0.9333333333333333,0.3,-0.4666666666666667,1.2463703001643005,0.12423768250684726,True
1.0,0.0,0.41666666666666663,0.9333333333333333,0.2916666666666667,-0.4666666666666667,1.2501211775699255,0.12311492435660214,True
1.0,0.0,0.43333333333333335,0.9333333333333333,0.2833333333333333,-0.4666666666666667,1.2538711372133176,0.12202073105876242,True
1.0,0.0,0.44999999999999996,0.9333333333333333,0.275,-0.4666666666666667,1.257619920966081,0.12095393637387453,True
1.0,0.0,0.4666666666666667,0.9333333333333333,0.26666666666666666,-0.4666666666666667,1.2613672821268345,0.11991343909774356,True
1.0,0.0,0.4833333333333333,0.9333333333333333,0.25833333333333336,-0.4666666666666667,1.2651129849579843,0.11889819848222857,True
1.0,0.0,0.5,0.9333333333333333,0.25,-0.4666666666666667,1.2688568042405453,0.1179072300442109,True
1.0,0.0,0.5166666666666667,0.9333333333333333,0.24166666666666664,-0.4666666666666667,1.2725985248467189,0.11693960172431368,True
1.0,0.0,0.5333333333333333,0.9333333333333333,0.23333333333333334,-0.4666666666666667,1.2763379413289395,0.1159944303615259,True
1.0,0.0,0.55,0.9333333333333333,0.22499999999999998,-0.4666666666666667,1.280074857525775,0.11507087845321183,True
1.0,0.0,0.5666666666666667,0.9333333333333333,0.21666666666666667,-0.4666666666666667,1.283809086183265,0.1141681511737658,True
1.0,0.0,0.5833333333333334,0.9333333333333333,0.20833333333333331,-0.4666666666666667,1.2875404485915807,0.11328549362773226,True
1.0,0.0,0.6,0.9333333333333333,0.2,-0.4666666666666667,1.291268774236309,0.11242218831591606,True
1.0,0.0,0.6166666666666666,0.9333333333333333,0.1916666666666667,-0.4666666666666667,1.2949939004638482,0.11157755279521253,True
1.0,0.0,0.6333333333333333,0.9333333333333333,0.18333333333333335,-0.4666666666666667,1.298715672160369,0.11075093751488196,True
1.0,0.0,0.65,0.9333333333333333,0.175,-0.4666666666666667,1.30243394144384,0.10994172381374266,True
1.0,0.0,0.6666666666666666,0.9333333333333333,0.16666666666666669,-0.4666666666666667,1.306148567368601,0.1091493220643204,True
1.0,0.0,0.6833333333333333,0.9333333333333333,0.15833333333333333,-0.4666666666666667,1.3098594156420065,0.10837316995136738,True
1.0,0.0,0.7,0.9333333333333333,0.15000000000000002,-0.4666666666666667,1.3135663583526553,0.10761273087339678,True
1.0,0.0,0.7166666666666667,0.9333333333333333,0.14166666666666666,-0.4666666666666667,1.3172692737097578,0.10686749245697087,True
1.0,0.0,0.7333333333333333,0.9333333333333333,0.13333333333333336,-0.4666666666666667,1.3209680457931927,0.10613696517445759,True
1.0,0.0,0.75,0.9333333333333333,0.125,-0.4666666666666667,1.3246625643138175,0.10542068105684362,True
1.0,0.0,0.7666666666666666,0.9333333333333333,0.1166666666666667,-0.4666666666666667,1.328352724383633,0.10471819249396906,True
1.0,0.0,0.7833333333333333,0.9333333333333333,0.10833333333333334,-0.4666666666666667,1.3320384262953837,0.10402907111525388,True
1.0,0.0,0.7999999999999999,0.9333333333333333,0.10000000000000003,-0.4666666666666667,1.3357195753112274,0.10335290674460508,True
1.0,0.0,0.8166666666666667,0.9333333333333333,0.09166666666666667,-0.4666666666666667,1.339396081460087,0.10268930642376771,True
1.0,0.0,0.8333333333333333,0.9333333333333333,0.08333333333333337,-0.4666666666666667,1.3430678593433354,0.10203789349888097,True
1.0,0.0,0.85,0.9333333333333333,0.07500000000000001,-0.4666666666666667,1.346734827948468,0.10139830676546285,True
1.0,0.0,0.8666666666666666,0.9333333333333333,0.06666666666666671,-0.4666666666666667,1.350396910470432,0.10077019966745727,True
1.0,0.0,0.8833333333333333,0.9333333333333333,0.05833333333333335,-0.4666666666666667,1.3540540341402922,0.10015323954635089,True
1.0,0.0,0.9,0.9333333333333333,0.04999999999999999,-0.4666666666666667,1.3577061300609319,0.0995471069367024,True
1.0,0.0,0.9166666666666666,0.9333333333333333,0.041666666666666685,-0.4666666666666667,1.3613531330494915,0.09895149490473318,True
1.0,0.0,0.9333333333333333,0.9333333333333333,0.033333333333333326,-0.4666666666666667,1.3649949814862663,0.09836610842690352,True
1.0,0.0,0.95,0.9333333333333333,0.025000000000000022,-0.4666666666666667,1.368631617169794,0.09779066380565,True
1.0,0.0,0.9666666666666667,0.9333333333333333,0.016666666666666663,-0.4666666666666667,1.372262985177866,0.09722488811968828,True
1.0,0.0,0.9833333333333333,0.9333333333333333,0.00833333333333336,-0.4666666666666667,1.3758890337342249,0.09666851870648996,True
1.0,0.0,1.0,0.9333333333333333,0.0,-0.4666666666666667,1.3795097140807009,0.09612130267473455,True
1.0,0.0,1.0166666666666666,0.9333333333333333,-0.008333333333333304,-0.4666666666666667,1.3831249803545607,0.09558299644470727,True
1.0,0.0,1.0333333333333334,0.9333333333333333,-0.01666666666666672,-0.4666666666666667,1.386734789470853,0.09505336531477024,True
1.0,0.0,1.05,0.9333333333333333,-0.025000000000000022,-0.4666666666666667,1.3903391010095412,0.09453218305217795,True
1.0,0.0,1.0666666666666667,0.9333333333333333,-0.033333333333333326,-0.4666666666666667,1.3939378771072417,0.09401923150663707,True
1.0,0.0,1.0833333333333333,0.9333333333333333,-0.04166666666666663,-0.4666666666666667,1.3975310823531821,0.09351430024516011,True
1.0,0.0,1.1,0.9333333333333333,-0.050000000000000044,-0.4666666666666667,1.40111868368985,0.09301718620675092,True
1.0,0.0,1.1166666666666667,0.9333333333333333,-0.05833333333333335,-0.4666666666666667,1.404700650316953,0.09252769337582584,True
1.0,0.0,1.1333333333333333,0.9333333333333333,-0.06666666666666665,-0.4666666666666667,1.4082769535998534,0.09204563247300548,True
1.0,0.0,1.1500000000000001,0.9333333333333333,-0.07500000000000007,-0.4666666666666667,1.411847566981419,0.09157082066231478,True
1.0,0.0,1.1666666666666667,0.9333333333333333,-0.08333333333333337,-0.4666666666666667,1.415412465897475,0.09110308127372792,True
1.0,0.0,1.1833333333333333,0.9333333333333333,-0.09166666666666667,-0.4666666666666667,1.4189716276956537,0.09064224354012801,True
1.0,0.0,1.2000000000000002,0.9333333333333333,-0.10000000000000009,-0.4666666666666667,1.4225250315575022,0.090188142347803,True
1.0,0.0,1.2166666666666668,0.9333333333333333,-0.10833333333333339,-0.4666666666666667,1.4260726584237082,0.08974061799966558,True
1.0,0.0,1.2333333333333334,0.9333333333333333,-0.1166666666666667,-0.4666666666666667,1.4296144909223134,0.08929951599043855,True
1.0,0.0,1.25,0.9333333333333333,-0.125,-0.4666666666666667,1.433150513299794,0.08886468679309693,True
1.0,0.0,1.2666666666666668,0.9333333333333333,-0.13333333333333341,-0.4666666666666667,1.4366807113548905,0.08843598565590938,True
1.0,0.0,1.2833333333333334,0.9333333333333333,-0.14166666666666672,-0.4666666666666667,1.4402050723750637,0.08801327240946442,True
1.0,0.0,1.3,0.9333333333333333,-0.15000000000000002,-0.4666666666666667,1.443723585075483,0.08759641128310425,True
1.0,0.0,1.3166666666666667,0.9333333333333333,-0.15833333333333333,-0.4666666666666667,1.4472362395404201,0.08718527073023462,True
1.0,0.0,1.3333333333333335,0.9333333333333333,-0.16666666666666674,-0.4666666666666667,1.4507430271669803,0.08677972326200308,True
1.0,0.0,1.35,0.9333333333333333,-0.17500000000000004,-0.4666666666666667,1.4542439406110397,0.08637964528888298,True
1.0,0.0,1.3666666666666667,0.9333333333333333,-0.18333333333333335,-0.4666666666666667,1.4577389737353292,0.08598491696971845,True
1.0,0.0,1.3833333333333333,0.9333333333333333,-0.19166666666666665,-0.4666666666666667,1.461228121559553,0.08559542206782358,True
1.0,0.0,1.4000000000000001,0.9333333333333333,-0.20000000000000007,-0.4666666666666667,1.4647113802124707,0.08521104781374816,True
1.0,0.0,1.4166666666666667,0.9333333333333333,-0.20833333333333337,-0.4666666666666667,1.468188746885867,0.08483168477434846,True
1.0,0.0,1.4333333333333333,0.9333333333333333,-0.21666666666666667,-0.4666666666666667,1.471660219790311,0.08445722672782681,True
1.0,0.0,1.45,0.9333333333333333,-0.22499999999999998,-0.4666666666666667,1.4751257981126884,0.08408757054441583,True
1.0,0.0,0.1,0.9620689655172413,0.45,-0.48103448275862065,1.1861921162927953,0.14754305857173788,True
1.0,0.0,0.11666666666666667,0.9620689655172413,0.44166666666666665,-0.48103448275862065,1.1899560742365296,0.14569750162274525,True
1.0,0.0,0.13333333333333333,0.9620689655172413,0.43333333333333335,-0.48103448275862065,1.1937256334664474,0.14391592116644825,True
1.0,0.0,0.15000000000000002,0.9620689655172413,0.425,-0.48103448275862065,1.1975002470989558,0.14219477192443394,True
1.0,0.0,0.16666666666666669,0.9620689655172413,0.41666666666666663,-0.48103448275862065,1.2012793911179174,0.14053077650813273,True
1.0,0.0,0.18333333333333335,0.9620689655172413,0.4083333333333333,-0.48103448275862065,1.205062563516776,0.13892089992715728,True
1.0,0.0,0.2,0.9620689655172413,0.4,-0.48103448275862065,1.2088492834649571,0.13736232700602624,True
1.0,0.0,0.21666666666666667,0.9620689655172413,0.39166666666666666,-0.48103448275862065,1.2126390904988225,0.13585244232453778,True
1.0,0.0,0.23333333333333334,0.9620689655172413,0.3833333333333333,-0.48103448275862065,1.216431543737352,0.13438881235464856,True
1.0,0.0,0.25,0.9620689655172413,0.375,-0.48103448275862065,1.2202262211225998,0.132969169514735,True
1.0,0.0,0.26666666666666666,0.9620689655172413,0.3666666666666667,-0.48103448275862065,1.224022718684823,0.1315913979023063,True
1.0,0.0,0.2833333333333333,0.9620689655172413,0.35833333333333334,-0.48103448275862065,1.2278206498321211,0.13025352049997177,True
1.0,0.0,0.30000000000000004,0.9620689655172413,0.35,-0.48103448275862065,1.2316196446643295,0.1289536876779066,True
1.0,0.0,0.31666666666666665,0.9620689655172413,0.3416666666666667,-0.48103448275862065,1.2354193493106371,0.12769016684018228,True
1.0,0.0,0.33333333333333337,0.9620689655172413,0.3333333333333333,-0.48103448275862065,1.2392194252911013,0.12646133308247223,True
1.0,0.0,0.35,0.9620689655172413,0.325,-0.48103448275862065,1.2430195489006377,0.12526566074653353,True
1.0,0.0,0.3666666666666667,0.9620689655172413,0.31666666666666665,-0.48103448275862065,1.246819410615971,0.12410171577103303,True
1.0,0.0,0.3833333333333333,0.9620689655172413,0.30833333333333335,-0.48103448275862065,1.2506187145243521,0.1229681487515318,True
1.0,0.0,0.4,0.9620689655172413,0.3,-0.48103448275862065,1.2544171777738624,0.12186368863299633,True
1.0,0.0,0.41666666666666663,0.9620689655172413,0.2916666666666667,-0.48103448275862065,1.2582145300444558,0.12078713696779271,True
1.0,0.0,0.43333333333333335,0.9620689655172413,0.2833333333333333,-0.48103448275862065,1.2620105130393524,0.11973736268007155,True
1.0,0.0,0.44999999999999996,0.9620689655172413,0.275,-0.48103448275862065,1.2658048799960677,0.11871329728455444,True
1.0,0.0,0.4666666666666667,0.9620689655172413,0.26666666666666666,-0.48103448275862065,1.2695973952164565,0.11771393051378172,True
1.0,0.0,0.4833333333333333,0.9620689655172413,0.25833333333333336,-0.48103448275862065,1.273387833615398,0.11673830631309687,True
1.0,0.0,0.5,0.9620689655172413,0.25,-0.48103448275862065,1.2771759802870037,0.11578551916745271,True
1.0,0.0,0.5166666666666667,0.9620689655172413,0.24166666666666664,-0.48103448275862065,1.2809616300883606,0.11485471072784269,True
1.0,0.0,0.5333333333333333,0.9620689655172413,0.23333333333333334,-0.48103448275862065,1.2847445872397614,0.11394506670896802,True
1.0,0.0,0.55,0.9620689655172413,0.22499999999999998,-0.48103448275862065,1.2885246649410256,0.113055814032667,True
1.0,0.0,0.5666666666666667,0.9620689655172413,0.21666666666666667,-0.48103448275862065,1.2923016850032962,0.11218621819440973,True
1.0,0.0,0.5833333333333334,0.9620689655172413,0.20833333333333331,-0.48103448275862065,1.2960754774957342,0.11133558083254116,True
1.0,0.0,0.6,0.9620689655172413,0.2,-0.48103448275862065,1.2998458804065687,0.11050323748206115,True
1.0,0.0,0.6166666666666666,0.9620689655172413,0.1916666666666667,-0.48103448275862065,1.3036127393179557,0.10968855549659787,True
1.0,0.0,0.6333333333333333,0.9620689655172413,0.18333333333333335,-0.48103448275862065,1.307375907094111,0.10889093212387756,True
1.0,0.0,0.65,0.9620689655172413,0.175,-0.48103448275862065,1.3111352435822163,0.10810979272145962,True
1.0,0.0,0.6666666666666666,0.9620689655172413,0.16666666666666669,-0.48103448275862065,1.3148906153255902,0.10734458910080485,True
1.0,0.0,0.6833333333333333,0.9620689655172413,0.15833333333333333,-0.48103448275862065,1.3186418952886398,0.1065947979889043,True
1.0,0.0,0.7,0.9620689655172413,0.15000000000000002,-0.48103448275862065,1.3223889625931349,0.105859919597723,True
1.0,0.0,0.7166666666666667,0.9620689655172413,0.14166666666666666,-0.48103448275862065,1.3261317022653405,0.10513947629263998,True
1.0,0.0,0.7333333333333333,0.9620689655172413,0.13333333333333336,-0.48103448275862065,1.3298700049935699,0.10443301135188575,True
1.0,0.0,0.75,0.9620689655172413,0.125,-0.48103448275862065,1.3336037668957474,0.10374008780971301,True
1.0,0.0,0.7666666666666666,0.9620689655172413,0.1166666666666667,-0.48103448275862065,1.3373328892965606,0.10306028737670438,True
1.0,0.0,0.7833333333333333,0.9620689655172413,0.10833333333333334,-0.48103448275862065,1.341057278513809,0.10239320943120975,True
1.0,0.0,0.7999999999999999,0.9620689655172413,0.10000000000000003,-0.48103448275862065,1.3447768456535865,0.10173847007643831,True
1.0,0.0,0.8166666666666667,0.9620689655172413,0.09166666666666667,-0.48103448275862065,1.3484915064139051,0.10109570125821639,True
1.0,0.0,0.8333333333333333,0.9620689655172413,0.08333333333333337,-0.48103448275862065,1.3522011808964411,0.1004645499388499,True
1.0,0.0,0.85,0.9620689655172413,0.07500000000000001,-0.48103448275862065,1.3559057934260392,0.09984467732292486,True
1.0,0.0,0.8666666666666666,0.9620689655172413,0.06666666666666671,-0.48103448275862065,1.3596052723776715,0.09923575813123067,True
1.0,0.0,0.8833333333333333,0.9620689655172413,0.05833333333333335,-0.48103448275862065,1.3632995500105216,0.09863747991931371,True
1.0,0.0,0.9,0.9620689655172413,0.04999999999999999,-0.48103448275862065,1.3669885623089142,0.0980495424374529,True
1.0,0.0,0.9166666666666666,0.9620689655172413,0.041666666666666685,-0.48103448275862065,1.370672248829788,0.09747165702911917,True
1.0,0.0,0.9333333333333333,0.9620689655172413,0.033333333333333326,-0.48103448275862065,1.374350552556443,0.09690354606521313,True
1.0,0.0,0.95,0.9620689655172413,0.025000000000000022,-0.48103448275862065,1.3780234197583037,0.09634494241159391,True
1.0,0.0,0.9666666666666667,0.9620689655172413,0.016666666666666663,-0.48103448275862065,1.381690799856427,0.09579558892761388,True
1.0,0.0,0.9833333333333333,0.9620689655172413,0.00833333333333336,-0.48103448275862065,1.385352645294546,0.09525523799354305,True
1.0,0.0,1.0,0.9620689655172413,0.0,-0.48103448275862065,1.389008911415371,0.09472365106494642,True
1.0,0.0,1.0166666666666666,0.9620689655172413,-0.008333333333333304,-0.48103448275862065,1.3926595563419848,0.09420059825220825,True
1.0,0.0,1.0333333333333334,0.9620689655172413,-0.01666666666666672,-0.48103448275862065,1.3963045408639818,0.09368585792356493,True
1.0,0.0,1.05,0.9620689655172413,-0.025000000000000022,-0.48103448275862065,1.3999438283285341,0.09317921633005663,True
1.0,0.0,1.0666666666666667,0.9620689655172413,-0.033333333333333326,-0.48103448275862065,1.4035773845354322,0.0926804672510856,True
1.0,0.0,1.0833333333333333,0.9620689655172413,-0.04166666666666663,-0.48103448275862065,1.4072051776368388,0.0921894116591352,True
1.0,0.0,1.1,0.9620689655172413,-0.050000000000000044,-0.48103448275862065,1.4108271780408845,0.09170585740252929,True
1.0,0.0,1.1166666666666667,0.9620689655172413,-0.05833333333333335,-0.48103448275862065,1.4144433583192244,0.09122961890506005,True
1.0,0.0,1.1333333333333333,0.9620689655172413,-0.06666666666666665,-0.48103448275862065,1.4180536931183445,0.09076051688144175,True
1.0,0.0,1.1500000000000001,0.9620689655172413,-0.07500000000000007,-0.48103448275862065,1.4216581590744506,0.09029837806761712,True
1.0,0.0,1.1666666666666667,0.9620689655172413,-0.08333333333333337,-0.48103448275862065,1.425256734731786,0.08984303496501075,True
1.0,0.0,1.1833333333333333,0.9620689655172413,-0.09166666666666667,-0.48103448275862065,1.4288494004642658,0.0893943255978825,True
1.0,0.0,1.2000000000000002,0.9620689655172413,-0.10000000000000009,-0.48103448275862065,1.4324361384002315,0.08895209328300278,True
1.0,0.0,1.2166666666666668,0.9620689655172413,-0.10833333333333339,-0.48103448275862065,1.436016932350257,0.0885161864109124,True
1.0,0.0,1.2333333333333334,0.9620689655172413,-0.1166666666666667,-0.48103448275862065,1.4395917677378367,0.08808645823808932,True
1.0,0.0,1.25,0.9620689655172413,-0.125,-0.48103448275862065,1.4431606315328562,0.08766276668938497,True
1.0,0.0,1.2666666666666668,0.9620689655172413,-0.13333333333333341,-0.48103448275862065,1.4467235121877113,0.08724497417013882,True
1.0,0.0,1.2833333333333334,0.9620689655172413,-0.14166666666666672,-0.48103448275862065,1.4502803995759914,0.08683294738741386,True
1.0,0.0,1.3,0.9620689655172413,-0.15000000000000002,-0.48103448275862065,1.453831284933599,0.086426557179838,True
1.0,0.0,1.3166666666666667,0.9620689655172413,-0.15833333333333333,-0.48103448275862065,1.457376160802209,0.08602567835556657,True
1.0,0.0,1.3333333333333335,0.9620689655172413,-0.16666666666666674,-0.48103448275862065,1.4609150209749824,0.0856301895379111,True
1.0,0.0,1.35,0.9620689655172413,-0.17500000000000004,-0.48103448275862065,1.4644478604444164,0.08523997301821308,True
1.0,0.0,1.3666666666666667,0.9620689655172413,-0.18333333333333335,-0.48103448275862065,1.4679746753522849,0.08485491461556194,True
1.0,0.0,1.3833333333333333,0.9620689655172413,-0.19166666666666665,-0.48103448275862065,1.471495462941528,0.08447490354298832,True
1.0,0.0,1.4000000000000001,0.9620689655172413,-0.20000000000000007,-0.48103448275862065,1.4750102215100862,0.0840998322797781,True
1.0,0.0,1.4166666666666667,0.9620689655172413,-0.20833333333333337,-0.48103448275862065,1.4785189503664005,0.08372959644959789,True
1.0,0.0,1.4333333333333333,0.9620689655172413,-0.21666666666666667,-0.48103448275862065,1.482021649787008,0.08336409470407335,True
1.0,0.0,1.45,0.9620689655172413,-0.22499999999999998,-0.48103448275862065,1.4855183209753742,0.08300322861161342,True
1.0,0.0,0.1,0.9908045977011494,0.45,-0.4954022988505747,1.1932940601038209,0.1441166409806164,True
1.0,0.0,0.11666666666666667,0.9908045977011494,0.44166666666666665,-0.4954022988505747,1.1971137828524128,0.1423682148877186,True
1.0,0.0,0.13333333333333333,0.9908045977011494,0.43333333333333335,-0.4954022988505747,1.200938405136417,0.14067857625934274,True
1.0,0.0,0.15000000000000002,0.9908045977011494,0.425,-0.4954022988505747,1.20476739917757,0.13904456662796313,True
1.0,0.0,0.16666666666666669,0.9908045977011494,0.41666666666666663,-0.4954022988505747,1.208600259506325,0.13746325890349484,True
1.0,0.0,0.18333333333333335,0.9908045977011494,0.4083333333333333,-0.4954022988505747,1.2124365021133225,0.13593193602013642,True
1.0,0.0,0.2,0.9908045977011494,0.4,-0.4954022988505747,1.2162756636259553,0.13444807194741815,True
1.0,0.0,0.21666666666666667,0.9908045977011494,0.39166666666666666,-0.4954022988505747,1.2201173005101942,0.1330093147617293,True
1.0,0.0,0.23333333333333334,0.9908045977011494,0.3833333333333333,-0.4954022988505747,1.223960988297718,0.13161347151878955,True
1.0,0.0,0.25,0.9908045977011494,0.375,-0.4954022988505747,1.2278063208382533,0.13025849470457748,True
1.0,0.0,0.26666666666666666,0.9908045977011494,0.3666666666666667,-0.4954022988505747,1.2316529095769713,0.12894247007337514,True
1.0,0.0,0.2833333333333333,0.9908045977011494,0.35833333333333334,-0.4954022988505747,1.2355003828564612,0.12766360570796537,True
1.0,0.0,0.30000000000000004,0.9908045977011494,0.35,-0.4954022988505747,1.239348385243519,0.12642022215902846,True
1.0,0.0,0.31666666666666665,0.9908045977011494,0.3416666666666667,-0.4954022988505747,1.2431965768793503,0.12521074354023812,True
1.0,0.0,0.33333333333333337,0.9908045977011494,0.3333333333333333,-0.4954022988505747,1.2470446328537224,0.12403368947101757,True
1.0,0.0,0.35,0.9908045977011494,0.325,-0.4954022988505747,1.2508922426018763,0.12288766777326629,True
1.0,0.0,0.3666666666666667,0.9908045977011494,0.31666666666666665,-0.4954022988505747,1.2547391093240519,0.12177136783982928,True
1.0,0.0,0.3833333333333333,0.9908045977011494,0.30833333333333335,-0.4954022988505747,1.2585849494267425,0.1206835546028699,True
1.0,0.0,0.4,0.9908045977011494,0.3,-0.4954022988505747,1.2624294919853434,0.11962306303888319,True
1.0,0.0,0.41666666666666663,0.9908045977011494,0.2916666666666667,-0.4954022988505747,1.266272478227436,0.1185887931547808,True
1.0,0.0,0.43333333333333335,0.9908045977011494,0.2833333333333333,-0.4954022988505747,1.2701136610360895,0.11757970540598402,True
1.0,0.0,0.44999999999999996,0.9908045977011494,0.275,-0.4954022988505747,1.2739528044727866,0.11659481650309714,True
1.0,0.0,0.4666666666666667,0.9908045977011494,0.26666666666666666,-0.4954022988505747,1.2777896833188818,0.11563319556886793,True
1.0,0.0,0.4833333333333333,0.9908045977011494,0.25833333333333336,-0.4954022988505747,1.28162408263548,0.11469396061120744,True
1.0,0.0,0.5,0.9908045977011494,0.25,-0.4954022988505747,1.2854557973407923,0.11377627528204098,True
1.0,0.0,0.5166666666666667,0.9908045977011494,0.24166666666666664,-0.4954022988505747,1.2892846318044717,0.11287934589495312,True
1.0,0.0,0.5333333333333333,0.9908045977011494,0.23333333333333334,-0.4954022988505747,1.2931103994583097,0.11200241867753433,True
1.0,0.0,0.55,0.9908045977011494,0.22499999999999998,-0.4954022988505747,1.296932922422693,0.11114477723688652,True
1.0,0.0,0.5666666666666667,0.9908045977011494,0.21666666666666667,-0.4954022988505747,1.3007520311482526,0.11030574021899422,True
1.0,0.0,0.5833333333333334,0.9908045977011494,0.20833333333333331,-0.4954022988505747,1.3045675640721264,0.10948465914466456,True
1.0,0.0,0.6,0.9908045977011494,0.2,-0.4954022988505747,1.308379367288283,0.10868091640649316,True
1.0,0.0,0.6166666666666666,0.9908045977011494,0.1916666666666667,-0.4954022988505747,1.3121872942313757,0.10789392341287138,True
1.0,0.0,0.6333333333333333,0.9908045977011494,0.18333333333333335,-0.4954022988505747,1.3159912053735818,0.10712311886644235,True
1.0,0.0,0.65,0.9908045977011494,0.175,-0.4954022988505747,1.3197909679339384,0.10636796716563407,True
1.0,0.0,0.6666666666666666,0.9908045977011494,0.16666666666666669,-0.4954022988505747,1.3235864555996717,0.10562795691899826,True
1.0,0.0,0.6833333333333333,0.9908045977011494,0.15833333333333333,-0.4954022988505747,1.3273775482590329,0.10490259956306561,True
1.0,0.0,0.7,0.9908045977011494,0.15000000000000002,-0.4954022988505747,1.3311641317451905,0.10419142807529234,True
1.0,0.0,0.7166666666666667,0.9908045977011494,0.14166666666666666,-0.4954022988505747,1.3349460975907301,0.10349399577446083,True
1.0,0.0,0.7333333333333333,0.9908045977011494,0.13333333333333336,-0.4954022988505747,1.3387233427923164,0.10280987520159729,True
1.0,0.0,0.75,0.9908045977011494,0.125,-0.4954022988505747,1.342495769585121,0.10213865707509248,True
1.0,0.0,0.7666666666666666,0.9908045977011494,0.1166666666666667,-0.4954022988505747,1.3462632852265948,0.10147994931428288,True
1.0,0.0,0.7833333333333333,0.9908045977011494,0.10833333333333334,-0.4954022988505747,1.3500258017892177,0.10083337612625065,True
1.0,0.0,0.7999999999999999,0.9908045977011494,0.10000000000000003,-0.4954022988505747,1.3537832359618345,0.10019857715106435,True
1.0,0.0,0.8166666666666667,0.9908045977011494,0.09166666666666667,-0.4954022988505747,1.3575355088592354,0.09957520666109025,True
1.0,0.0,0.8333333333333333,0.9908045977011494,0.08333333333333337,-0.4954022988505747,1.3612825458396254,0.09896293281038002,True
1.0,0.0,0.85,0.9908045977011494,0.07500000000000001,-0.4954022988505747,1.3650242763296636,0.09836143693047569,True
1.0,0.0,0.8666666666666666,0.9908045977011494,0.06666666666666671,-0.4954022988505747,1.368760633656738,0.09777041286927937,True
1.0,0.0,0.8833333333333333,0.9908045977011494,0.05833333333333335,-0.4954022988505747,1.3724915548881953,0.09718956636991016,True
1.0,0.0,0.9,0.9908045977011494,0.04999999999999999,-0.4954022988505747,1.3762169806772053,0.09661861448672432,True
1.0,0.0,0.9166666666666666,0.9908045977011494,0.041666666666666685,-0.4954022988505747,1.3799368551150102,0.09605728503589783,True
1.0,0.0,0.9333333333333333,0.9908045977011494,0.033333333333333326,-0.4954022988505747,1.383651125589257,0.09550531607818595,True
1.0,0.0,0.95,0.9908045977011494,0.025000000000000022,-0.4954022988505747,1.3873597426481856,0.09496245543165366,True
1.0,0.0,0.9666666666666667,0.9908045977011494,0.016666666666666663,-0.4954022988505747,1.3910626598704032,0.09442846021235023,True
1.0,0.0,0.9833333333333333,0.9908045977011494,0.00833333333333336,-0.4954022988505747,1.3947598337399931,0.09390309640105902,True
1.0,0.0,1.0,0.9908045977011494,0.0,-0.4954022988505747,1.3984512235269266,0.09338613843436427,True
1.0,0.0,1.0166666666666666,0.9908045977011494,-0.008333333333333304,-0.4954022988505747,1.4021367911719829,0.09287736881851949,True
1.0,0.0,1.0333333333333334,0.9908045977011494,-0.01666666666666672,-0.4954022988505747,1.4058165011768633,0.0923765777645118,True
1.0,0.0,1.05,0.9908045977011494,-0.025000000000000022,-0.4954022988505747,1.4094903204985032,0.09188356284306796,True
1.0,0.0,1.0666666666666667,0.9908045977011494,-0.033333333333333326,-0.4954022988505747,1.4131582184477969,0.09139812865827514,True
1.0,0.0,1.0833333333333333,0.9908045977011494,-0.04166666666666663,-0.4954022988505747,1.4168201665924423,0.09092008653865782,True
1.0,0.0,1.1,0.9908045977011494,-0.050000000000000044,-0.4954022988505747,1.4204761386637546,0.09044925424461575,True
1.0,0.0,1.1166666666666667,0.9908045977011494,-0.05833333333333335,-0.4954022988505747,1.424126110467259,0.08998545569121415,True
1.0,0.0,1.1333333333333333,0.9908045977011494,-0.06666666666666665,-0.4954022988505747,1.4277700597969347,0.0895285206853795,True
1.0,0.0,1.1500000000000001,0.9908045977011494,-0.07500000000000007,-0.4954022988505747,1.4314079663529216,0.08907828467663097,True
1.0,0.0,1.1666666666666667,0.9908045977011494,-0.08333333333333337,-0.4954022988505747,1.4350398116625684,0.08863458852053002,True
1.0,0.0,1.1833333333333333,0.9908045977011494,-0.09166666666666667,-0.4954022988505747,1.4386655790046756,0.08819727825408906,True
1.0,0.0,1.2000000000000002,0.9908045977011494,-0.10000000000000009,-0.4954022988505747,1.4422852533367874,0.08776620488243603,True
1.0,0.0,1.2166666666666668,0.9908045977011494,-0.10833333333333339,-0.4954022988505747,1.445898821225434,0.08734122417606964,True
1.0,0.0,1.2333333333333334,0.9908045977011494,-0.1166666666666667,-0.4954022988505747,1.449506270779153,0.0869221964780984,True
1.0,0.0,1.25,0.9908045977011494,-0.125,-0.4954022988505747,1.4531075915842342,0.08650898652088058,True
1.0,0.0,1.2666666666666668,0.9908045977011494,-0.13333333333333341,-0.4954022988505747,1.4567027746430146,0.08610146325153636,True
1.0,0.0,1.2833333333333334,0.9908045977011494,-0.14166666666666672,-0.4954022988505747,1.4602918123146644,0.0856994996658248,True
1.0,0.0,1.3,0.9908045977011494,-0.15000000000000002,-0.4954022988505747,1.4638746982583308,0.0853029726499207,True
1.0,0.0,1.3166666666666667,0.9908045977011494,-0.15833333333333333,-0.4954022988505747,1.4674514273785806,0.08491176282964744,True
1.0,0.0,1.3333333333333335,0.9908045977011494,-0.16666666666666674,-0.4954022988505747,1.4710219957728485,0.0845257544267759,True
1.0,0.0,1.35,0.9908045977011494,-0.17500000000000004,-0.4954022988505747,1.4745864006814409,0.0841448351219367,True
1.0,0.0,1.3666666666666667,0.9908045977011494,-0.18333333333333335,-0.4954022988505747,1.4781446404387628,0.08376889592391712,True
1.0,0.0,1.3833333333333333,0.9908045977011494,-0.19166666666666665,-0.4954022988505747,1.4816967144273514,0.08339783104482583,True
1.0,0.0,1.4000000000000001,0.9908045977011494,-0.20000000000000007,-0.4954022988505747,1.4852426230330096,0.08303153778098206,True
1.0,0.0,1.4166666666666667,0.9908045977011494,-0.20833333333333337,-0.4954022988505747,1.4887823676021175,0.08266991639910672,True
1.0,0.0,1.4333333333333333,0.9908045977011494,-0.21666666666666667,-0.4954022988505747,1.492315950400494,0.08231287002759455,True
1.0,0.0,1.45,0.9908045977011494,-0.22499999999999998,-0.4954022988505747,1.4958433745739437,0.08196030455258231,True
1.0,0.0,0.1,1.0195402298850575,0.45,-0.5097701149425288,1.2003787285982688,0.14092215785512793,True
1.0,0.0,0.11666666666666667,1.0195402298850575,0.44166666666666665,-0.5097701149425288,1.2042530250392518,0.13926084816673884,True
1.0,0.0,0.13333333333333333,1.0195402298850575,0.43333333333333335,-0.5097701149425288,1.2081315477124437,0.13765382041279745,True
1.0,0.0,0.15000000000000002,1.0195402298850575,0.425,-0.5097701149425288,1.2120137870792755,0.1360982417318378,True
1.0,0.0,0.16666666666666669,1.0195402298850575,0.41666666666666663,-0.5097701149425288,1.2158992553722587,0.13459148081848826,True
1.0,0.0,0.18333333333333335,1.0195402298850575,0.4083333333333333,-0.5097701149425288,1.219787485756133,0.13313108985228722,True
1.0,0.0,0.2,1.0195402298850575,0.4,-0.5097701149425288,1.2236780315148317,0.1317147883713922,True
1.0,0.0,0.21666666666666667,1.0195402298850575,0.39166666666666666,-0.5097701149425288,1.2275704652643062,0.13034044884814655,True
1.0,0.0,0.23333333333333334,1.0195402298850575,0.3833333333333333,-0.5097701149425288,1.2314643781910881,0.12900608375790765,True
1.0,0.0,0.25,1.0195402298850575,0.375,-0.5097701149425288,1.2353593793165887,0.1277098339614555,True
1.0,0.0,0.26666666666666666,1.0195402298850575,0.3666666666666667,-0.5097701149425288,1.2392550947862713,0.12644995824606545,True
1.0,0.0,0.2833333333333333,1.0195402298850575,0.35833333333333334,-0.5097701149425288,1.243151167184309,0.12522482389059073,True
1.0,0.0,0.30000000000000004,1.0195402298850575,0.35,-0.5097701149425288,1.2470472548723341,0.12403289813822979,True
1.0,0.0,0.31666666666666665,1.0195402298850575,0.3416666666666667,-0.5097701149425288,1.2509430313523093,0.12287274047524284,True
1.0,0.0,0.33333333333333337,1.0195402298850575,0.3333333333333333,-0.5097701149425288,1.254838184652997,0.12174299562696789,True
1.0,0.0,0.35,1.0195402298850575,0.325,-0.5097701149425288,1.2587324167392218,0.12064238719363854,True
1.0,0.0,0.3666666666666667,1.0195402298850575,0.31666666666666665,-0.5097701149425288,1.2626254429435673,0.11956971185789182,True
1.0,0.0,0.3833333333333333,1.0195402298850575,0.30833333333333335,-0.5097701149425288,1.2665169914197927,0.11852383410418829,True
1.0,0.0,0.4,1.0195402298850575,0.3,-0.5097701149425288,1.2704068026172977,0.11750368139745701,True
1.0,0.0,0.41666666666666663,1.0195402298850575,0.2916666666666667,-0.5097701149425288,1.2742946287762875,0.11650823977436472,True
1.0,0.0,0.43333333333333335,1.0195402298850575,0.2833333333333333,-0.5097701149425288,1.2781802334424683,0.11553654980618704,True
1.0,0.0,0.44999999999999996,1.0195402298850575,0.275,-0.5097701149425288,1.2820633910011912,0.11458770289664191,True
1.0,0.0,0.4666666666666667,1.0195402298850575,0.26666666666666666,-0.5097701149425288,1.2859438862300727,0.11366083788236486,True
1.0,0.0,0.4833333333333333,1.0195402298850575,0.25833333333333336,-0.5097701149425288,1.2898215138695555,0.11275513790715766,True
1.0,0.0,0.5,1.0195402298850575,0.25,-0.5097701149425288,1.2936960782107818,0.11186982754430044,True
1.0,0.0,0.5166666666666667,1.0195402298850575,0.24166666666666664,-0.5097701149425288,1.297567392700152,0.11100417014397014,True
1.0,0.0,0.5333333333333333,1.0195402298850575,0.23333333333333334,-0.5097701149425288,1.3014352795599702,0.11015746538522073,True
1.0,0.0,0.55,1.0195402298850575,0.22499999999999998,-0.5097701149425288,1.3052995694245675,0.10932904701412771,True
1.0,0.0,0.5666666666666667,1.0195402298850575,0.21666666666666667,-0.5097701149425288,1.3091601009913443,0.1085182807515724,True
1.0,0.0,0.5833333333333334,1.0195402298850575,0.20833333333333331,-0.5097701149425288,1.3130167206861332,0.1077245623558264,True
1.0,0.0,0.6,1.0195402298850575,0.2,-0.5097701149425288,1.3168692823423584,0.10694731582656489,True
1.0,0.0,0.6166666666666666,1.0195402298850575,0.1916666666666667,-0.5097701149425288,1.320717646893442,0.10618599173826072,True
1.0,0.0,0.6333333333333333,1.0195402298850575,0.18333333333333335,-0.5097701149425288,1.3245616820779218,0.10544006569208411,True
1.0,0.0,0.65,1.0195402298850575,0.175,-0.5097701149425288,1.3284012621568062,0.10470903687646466,True
1.0,0.0,0.6666666666666666,1.0195402298850575,0.16666666666666669,-0.5097701149425288,1.3322362676426454,0.10399242672741779,True
1.0,0.0,0.6833333333333333,1.0195402298850575,0.15833333333333333,-0.5097701149425288,1.3360665850398656,0.10328977768055927,True
1.0,0.0,0.7,1.0195402298850575,0.15000000000000002,-0.5097701149425288,1.3398921065958944,0.1026006520074836,True
1.0,0.0,0.7166666666666667,1.0195402298850575,0.14166666666666666,-0.5097701149425288,1.343712730062653,0.10192463072984373,True
1.0,0.0,0.7333333333333333,1.0195402298850575,0.13333333333333336,-0.5097701149425288,1.3475283584679663,0.10126131260507756,True
1.0,0.0,0.75,1.0195402298850575,0.125,-0.5097701149425288,1.3513388998965092,0.10061031317825585,True
1.0,0.0,0.7666666666666666,1.0195402298850575,0.1166666666666667,-0.5097701149425288,1.3551442672798608,0.09997126389502287,True
1.0,0.0,0.7833333333333333,1.0195402298850575,0.10833333333333334,-0.5097701149425288,1.3589443781953203,0.0993438112710276,True
1.0,0.0,0.7999999999999999,1.0195402298850575,0.10000000000000003,-0.5097701149425288,1.362739154673092,0.09872761611364593,True
1.0,0.0,0.8166666666666667,1.0195402298850575,0.09166666666666667,-0.5097701149425288,1.3665285230115065,0.09812235279214854,True
1.0,0.0,0.8333333333333333,1.0195402298850575,0.08333333333333337,-0.5097701149425288,1.3703124135999234,0.09752770855279189,True
1.0,0.0,0.85,1.0195402298850575,0.07500000000000001,-0.5097701149425288,1.3740907607490145,0.09694338287560106,True
1.0,0.0,0.8666666666666666,1.0195402298850575,0.06666666666666671,-0.5097701149425288,1.3778635025280919,0.09636908686988109,True
1.0,0.0,0.8833333333333333,1.0195402298850575,0.05833333333333335,-0.5097701149425288,1.3816305806091997,0.09580454270573283,True
1.0,0.0,0.9,1.0195402298850575,0.04999999999999999,-0.5097701149425288,1.3853919401176784,0.09524948307906582,True
1.0,0.0,0.9166666666666666,1.0195402298850575,0.041666666666666685,-0.5097701149425288,1.389147529488922,0.09470365070780583,True
1.0,0.0,0.9333333333333333,1.0195402298850575,0.033333333333333326,-0.5097701149425288,1.392897300331084,0.09416679785716714,True
1.0,0.0,0.95,1.0195402298850575,0.025000000000000022,-0.5097701149425288,1.396641207293386,0.09363868589204458,True
1.0,0.0,0.9666666666666667,1.0195402298850575,0.016666666666666663,-0.5097701149425288,1.4003792079401272,0.09311908485466888,True
1.0,0.0,0.9833333333333333,1.0195402298850575,0.00833333333333336,-0.5097701149425288,1.4041112626294512,0.09260777306595366,True
1.0,0.0,1.0,1.0195402298850575,0.0,-0.5097701149425288,1.4078373343975488,0.09210453674886505,True
1.0,0.0,1.0166666666666666,1.0195402298850575,-0.008333333333333304,-0.5097701149425288,1.4115573888473978,0.09160916967247806,True
1.0,0.0,1.0333333333333334,1.0195402298850575,-0.01666666666666672,-0.5097701149425288,1.4152713940421329,0.09112147281535744,True
1.0,0.0,1.05,1.0195402298850575,-0.025000000000000022,-0.5097701149425288,1.418979320402791,0.09064125404704226,True
1.0,0.0,1.0666666666666667,1.0195402298850575,-0.033333333333333326,-0.5097701149425288,1.422681140610263,0.09016832782649653,True
1.0,0.0,1.0833333333333333,1.0195402298850575,-0.04166666666666663,-0.5097701149425288,1.4263768295112442,0.08970251491647102,True
1.0,0.0,1.1,1.0195402298850575,-0.050000000000000044,-0.5097701149425288,1.4300663640280449,0.08924364211279369,True
1.0,0.0,1.1166666666666667,1.0195402298850575,-0.05833333333333335,-0.5097701149425288,1.433749723072071,0.08879154198767847,True
1.0,0.0,1.1333333333333333,1.0195402298850575,-0.06666666666666665,-0.5097701149425288,1.4374268874608527,0.08834605264620134,True
1.0,0.0,1.1500000000000001,1.0195402298850575,-0.07500000000000007,-0.5097701149425288,1.4410978398384215,0.08790701749515903,True
1.0,0.0,1.1666666666666667,1.0195402298850575,-0.08333333333333337,-0.5097701149425288,1.4447625645989475,0.08747428502356944,True
1.0,0.0,1.1833333333333333,1.0195402298850575,-0.09166666666666667,-0.5097701149425288,1.4484210478134678,0.08704770859413095,True
1.0,0.0,1.2000000000000002,1.0195402298850575,-0.10000000000000009,-0.5097701149425288,1.452073277159582,0.0866271462450023,True
1.0,0.0,1.2166666666666668,1.0195402298850575,-0.10833333333333339,-0.5097701149425288,1.4557192418539902,0.08621246050130305,True
1.0,0.0,1.2333333333333334,1.0195402298850575,-0.1166666666666667,-0.5097701149425288,1.4593589325877665,0.08580351819577997,True
1.0,0.0,1.25,1.0195402298850575,-0.125,-0.5097701149425288,1.4629923414642216,0.08540019029811872,True
1.0,0.0,1.2666666666666668,1.0195402298850575,-0.13333333333333341,-0.5097701149425288,1.4666194619392723,0.08500235175241234,True
1.0,0.0,1.2833333333333334,1.0195402298850575,-0.14166666666666672,-0.5097701149425288,1.4702402887643196,0.08460988132231899,True
1.0,0.0,1.3,1.0195402298850575,-0.15000000000000002,-0.5097701149425288,1.473854817931065,0.084222661443534,True
1.0,0.0,1.3166666666666667,1.0195402298850575,-0.15833333333333333,-0.5097701149425288,1.477463046619141,0.08384057808307085,True
1.0,0.0,1.3333333333333335,1.0195402298850575,-0.16666666666666674,-0.5097701149425288,1.4810649731451089,0.08346352060512274,True
1.0,0.0,1.35,1.0195402298850575,-0.17500000000000004,-0.5097701149425288,1.484660596914186,0.08309138164299854,True
1.0,0.0,1.3666666666666667,1.0195402298850575,-0.18333333333333335,-0.5097701149425288,1.4882499183734026,0.08272405697693344,True
1.0,0.0,1.3833333333333333,1.0195402298850575,-0.19166666666666665,-0.5097701149425288,1.4918329389668323,0.08236144541738709,True
1.0,0.0,1.4000000000000001,1.0195402298850575,-0.20000000000000007,-0.5097701149425288,1.4954096610926846,0.08200344869355503,True
1.0,0.0,1.4166666666666667,1.0195402298850575,-0.20833333333333337,-0.5097701149425288,1.498980088061778,0.08164997134686032,True
1.0,0.0,1.4333333333333333,1.0195402298850575,-0.21666666666666667,-0.5097701149425288,1.5025442240580509,0.0813009206290958,True
1.0,0.0,1.45,1.0195402298850575,-0.22499999999999998,-0.5097701149425288,1.5061020741004292,0.08095620640503699,True
1.0,0.0,0.1,1.0482758620689656,0.45,-0.5241379310344828,1.207444767216142,0.13793443756088086,True
1.0,0.0,0.11666666666666667,1.0482758620689656,0.44166666666666665,-0.5241379310344828,1.211372517528497,0.13635166542805904,True
1.0,0.0,0.13333333333333333,1.0482758620689656,0.43333333333333335,-0.5241379310344828,1.2153038471698046,0.13481923593196016,True
1.0,0.0,0.15000000000000002,1.0482758620689656,0.425,-0.5241379310344828,1.2192382640370676,0.13333459268301384,True
1.0,0.0,0.16666666666666669,1.0482758620689656,0.41666666666666663,-0.5241379310344828,1.2231752972808154,0.1318953562381386,True
1.0,0.0,0.18333333333333335,1.0482758620689656,0.4083333333333333,-0.5241379310344828,1.227114496476192,0.1304993086635719,True
1.0,0.0,0.2,1.0482758620689656,0.4,-0.5241379310344828,1.2310554308204678,0.12914437971510134,True
1.0,0.0,0.21666666666666667,1.0482758620689656,0.39166666666666666,-0.5241379310344828,1.234997688356972,0.12782863443880157,True
1.0,0.0,0.23333333333333334,1.0482758620689656,0.3833333333333333,-0.5241379310344828,1.2389408752249644,0.126550262022678,True
1.0,0.0,0.25,1.0482758620689656,0.375,-0.5241379310344828,1.2428846149356445,0.12530756575235882,True
1.0,0.0,0.26666666666666666,1.0482758620689656,0.3666666666666667,-0.5241379310344828,1.2468285476734589,0.12409895394382277,True
1.0,0.0,0.2833333333333333,1.0482758620689656,0.35833333333333334,-0.5241379310344828,1.250772329622438,0.12292293174256091,True
1.0,0.0,0.30000000000000004,1.0482758620689656,0.35,-0.5241379310344828,1.2547156323172535,0.1217780936927822,True
1.0,0.0,0.31666666666666665,1.0482758620689656,0.3416666666666667,-0.5241379310344828,1.2586581420181349,0.12066311699259265,True
1.0,0.0,0.33333333333333337,1.0482758620689656,0.3333333333333333,-0.5241379310344828,1.2625995591093162,0.1195767553613612,True
1.0,0.0,0.35,1.0482758620689656,0.325,-0.5241379310344828,1.2665395975203086,0.11851783345459195,True
1.0,0.0,0.3666666666666667,1.0482758620689656,0.31666666666666665,-0.5241379310344828,1.2704779841693274,0.1174852417693831,True
1.0,0.0,0.3833333333333333,1.0482758620689656,0.30833333333333335,-0.5241379310344828,1.2744144584285229,0.11647793199019833,True
1.0,0.0,0.4,1.0482758620689656,0.3,-0.5241379310344828,1.2783487716098156,0.11549491273073964,True
1.0,0.0,0.41666666666666663,1.0482758620689656,0.2916666666666667,-0.5241379310344828,1.2822806864712708,0.11453524563249515,True
1.0,0.0,0.43333333333333335,1.0482758620689656,0.2833333333333333,-0.5241379310344828,1.2862099767429922,0.11359804178521894,True
1.0,0.0,0.44999999999999996,1.0482758620689656,0.275,-0.5241379310344828,1.2901364266719946,0.112682458438347,True
1.0,0.0,0.4666666666666667,1.0482758620689656,0.26666666666666666,-0.5241379310344828,1.2940598305854003,0.11178769597577744,True
1.0,0.0,0.4833333333333333,1.0482758620689656,0.25833333333333336,-0.5241379310344828,1.2979799924713107,0.1109129951294196,True
1.0,0.0,0.5,1.0482758620689656,0.25,-0.5241379310344828,1.3018967255767186,0.11005763440953034,True
1.0,0.0,0.5166666666666667,1.0482758620689656,0.24166666666666664,-0.5241379310344828,1.3058098520218404,0.10922092773216399,True
1.0,0.0,0.5333333333333333,1.0482758620689656,0.23333333333333334,-0.5241379310344828,1.3097192024302609,0.10840222222609422,True
1.0,0.0,0.55,1.0482758620689656,0.22499999999999998,-0.5241379310344828,1.3136246155742908,0.10760089620336813,True
1.0,0.0,0.5666666666666667,1.0482758620689656,0.21666666666666667,-0.5241379310344828,1.3175259380349555,0.10681635727924506,True
1.0,0.0,0.5833333333333334,1.0482758620689656,0.20833333333333331,-0.5241379310344828,1.3214230238760474,0.10604804062868872,True
1.0,0.0,0.6,1.0482758620689656,0.2,-0.5241379310344828,1.3253157343317,0.10529540736783286,True
1.0,0.0,0.6166666666666666,1.0482758620689656,0.1916666666666667,-0.5241379310344828,1.3292039375069369,0.10455794304996859,True
1.0,0.0,0.6333333333333333,1.0482758620689656,0.18333333333333335,-0.5241379310344828,1.3330875080906852,0.10383515626659205,True
1.0,0.0,0.65,1.0482758620689656,0.175,-0.5241379310344828,1.3369663270807461,0.10312657734494553,True
1.0,0.0,0.6666666666666666,1.0482758620689656,0.16666666666666669,-0.5241379310344828,1.3408402815202498,0.1024317571342798,True
1.0,0.0,0.6833333333333333,1.0482758620689656,0.15833333333333333,-0.5241379310344828,1.3447092642451104,0.10175026587378393,True
1.0,0.0,0.7,1.0482758620689656,0.15000000000000002,-0.5241379310344828,1.3485731736420379,0.10108169213576476,True
1.0,0.0,0.7166666666666667,1.0482758620689656,0.14166666666666666,-0.5241379310344828,1.3524319134166758,0.10042564183823463,True
1.0,0.0,0.7333333333333333,1.0482758620689656,0.13333333333333336,-0.5241379310344828,1.3562853923714309,0.0997817373215854,True
1.0,0.0,0.75,1.0482758620689656,0.125,-0.5241379310344828,1.3601335241926082,0.09914961648449,True
1.0,0.0,0.7666666666666666,1.0482758620689656,0.1166666666666667,-0.5241379310344828,1.3639762272464433,0.0985289319745958,True
1.0,0.0,0.7833333333333333,1.0482758620689656,0.10833333333333334,-0.5241379310344828,1.3678134243836755,0.09791935042995065,True
1.0,0.0,0.7999999999999999,1.0482758620689656,0.10000000000000003,-0.5241379310344828,1.3716450427522986,0.09732055176744663,True
1.0,0.0,0.8166666666666667,1.0482758620689656,0.09166666666666667,-0.5241379310344828,1.3754710136181267,0.09673222851488146,True
1.0,0.0,0.8333333333333333,1.0482758620689656,0.08333333333333337,-0.5241379310344828,1.379291272192877,0.09615408518350797,True
1.0,0.0,0.85,1.0482758620689656,0.07500000000000001,-0.5241379310344828,1.3831057574694212,0.0955858376782106,True
1.0,0.0,0.8666666666666666,1.0482758620689656,0.06666666666666671,-0.5241379310344828,1.3869144120639156,0.09502721274267052,True
1.0,0.0,0.8833333333333333,1.0482758620689656,0.05833333333333335,-0.5241379310344828,1.3907171820645163,0.09447794743709458,True
1.0,0.0,0.9,1.0482758620689656,0.04999999999999999,-0.5241379310344828,1.3945140168864227,0.0939377886462725,True
1.0,0.0,0.9166666666666666,1.0482758620689656,0.041666666666666685,-0.5241379310344828,1.398304869132782,0.09340649261593227,True
1.0,0.0,0.9333333333333333,1.0482758620689656,0.033333333333333326,-0.5241379310344828,1.4020896944618526,0.09288382451540309,True
1.0,0.0,0.95,1.0482758620689656,0.025000000000000022,-0.5241379310344828,1.4058684514589836,0.09236955802500092,True
1.0,0.0,0.9666666666666667,1.0482758620689656,0.016666666666666663,-0.5241379310344828,1.4096411015145014,0.09186347494633133,True
1.0,0.0,0.9833333333333333,1.0482758620689656,0.00833333333333336,-0.5241379310344828,1.4134076087063734,0.09136536483413707,True
1.0,0.0,1.0,1.0482758620689656,0.0,-0.5241379310344828,1.4171679396877919,0.090875024648255,True
1.0,0.0,1.0166666666666666,1.0482758620689656,-0.008333333333333304,-0.5241379310344828,1.420922063579397,0.09039225842440704,True
1.0,0.0,1.0333333333333334,1.0482758620689656,-0.01666666666666672,-0.5241379310344828,1.4246699518659551,0.08991687696263294,True
1.0,0.0,1.05,1.0482758620689656,-0.025000000000000022,-0.5241379310344828,1.42841157829729,0.08944869753226192,True
1.0,0.0,1.0666666666666667,1.0482758620689656,-0.033333333333333326,-0.5241379310344828,1.4321469187932911,0.08898754359239612,True
1.0,0.0,1.0833333333333333,1.0482758620689656,-0.04166666666666663,-0.5241379310344828,1.4358759513528285,0.08853324452695382,True
1.0,0.0,1.1,1.0482758620689656,-0.050000000000000044,-0.5241379310344828,1.4395986559664056,0.08808563539338447,True
1.0,0.0,1.1166666666666667,1.0482758620689656,-0.05833333333333335,-0.5241379310344828,1.443315014532388,0.08764455668423396,True
1.0,0.0,1.1333333333333333,1.0482758620689656,-0.06666666666666665,-0.5241379310344828,1.4470250107766605,0.08720985410078957,True
1.0,0.0,1.1500000000000001,1.0482758620689656,-0.07500000000000007,-0.5241379310344828,1.4507286301755715,0.08678137833809045,True
1.0,0.0,1.1666666666666667,1.0482758620689656,-0.08333333333333337,-0.5241379310344828,1.4544258598820086,0.0863589848806382,True
1.0,0.0,1.1833333333333333,1.0482758620689656,-0.09166666666666667,-0.5241379310344828,1.4581166886544994,0.08594253380818201,True
1.0,0.0,1.2000000000000002,1.0482758620689656,-0.10000000000000009,-0.5241379310344828,1.4618011067891796,0.08553188961100144,True
1.0,0.0,1.2166666666666668,1.0482758620689656,-0.10833333333333339,-0.5241379310344828,1.4654791060545358,0.08512692101414085,True
1.0,0.0,1.2333333333333334,1.0482758620689656,-0.1166666666666667,-0.5241379310344828,1.4691506796287928,0.0847275008100899,True
1.0,0.0,1.25,1.0482758620689656,-0.125,-0.5241379310344828,1.4728158220398162,0.08433350569943804,True
1.0,0.0,1.2666666666666668,1.0482758620689656,-0.13333333333333341,-0.5241379310344828,1.476474529107487,0.08394481613905161,True
1.0,0.0,1.2833333333333334,1.0482758620689656,-0.14166666666666672,-0.5241379310344828,1.4801267978883015,0.0835613161973744,True
1.0,0.0,1.3,1.0482758620689656,-0.15000000000000002,-0.5241379310344828,1.4837726266223923,0.08318289341643036,True
1.0,0.0,1.3166666666666667,1.0482758620689656,-0.15833333333333333,-0.5241379310344828,1.487412014682453,0.08280943868020849,True
1.0,0.0,1.3333333333333335,1.0482758620689656,-0.16666666666666674,-0.5241379310344828,1.4910449625248754,0.08244084608904631,True
1.0,0.0,1.35,1.0482758620689656,-0.17500000000000004,-0.5241379310344828,1.4946714716427805,0.08207701283971366,True
1.0,0.0,1.3666666666666667,1.0482758620689656,-0.18333333333333335,-0.5241379310344828,1.4982915445209524,0.08171783911088745,True
1.0,0.0,1.3833333333333333,1.0482758620689656,-0.19166666666666665,-0.5241379310344828,1.5019051845925542,0.08136322795373664,True
1.0,0.0,1.4000000000000001,1.0482758620689656,-0.20000000000000007,-0.5241379310344828,1.5055123961975998,0.08101308518734775,True
1.0,0.0,1.4166666666666667,1.0482758620689656,-0.20833333333333337,-0.5241379310344828,1.5091131845430539,0.08066731929874495,True
1.0,0.0,1.4333333333333333,1.0482758620689656,-0.21666666666666667,-0.5241379310344828,1.5127075556645437,0.08032584134726385,True
1.0,0.0,1.45,1.0482758620689656,-0.22499999999999998,-0.5241379310344828,1.5162955163895748,0.07998856487306252,True
1.0,0.0,0.1,1.0770114942528737,0.45,-0.5385057471264368,1.21449099773193,0.13513197983518846,True
1.0,0.0,0.11666666666666667,1.0770114942528737,0.44166666666666665,-0.5385057471264368,1.2184711471241758,0.13362034484068916,True
1.0,0.0,0.13333333333333333,1.0770114942528737,0.43333333333333335,-0.5385057471264368,1.2224542534879286,0.13215558637453687,True
1.0,0.0,0.15000000000000002,1.0770114942528737,0.425,-0.5385057471264368,1.2264398414076556,0.13073538466373508,True
1.0,0.0,0.16666666666666669,1.0770114942528737,0.41666666666666663,-0.5385057471264368,1.2304274562229076,0.12935757638053577,True
1.0,0.0,0.18333333333333335,1.0770114942528737,0.4083333333333333,-0.5385057471264368,1.2344166632095408,0.12802014134243747,True
1.0,0.0,0.2,1.0770114942528737,0.4,-0.5385057471264368,1.2384070467878545,0.12672119057063955,True
1.0,0.0,0.21666666666666667,1.0770114942528737,0.39166666666666666,-0.5385057471264368,1.2423982097574997,0.12545895554565759,True
1.0,0.0,0.23333333333333334,1.0770114942528737,0.3833333333333333,-0.5385057471264368,1.246389772558942,0.12423177852052561,True
1.0,0.0,0.25,1.0770114942528737,0.375,-0.5385057471264368,1.2503813725605988,0.12303810377065202,True
1.0,0.0,0.26666666666666666,1.0770114942528737,0.3666666666666667,-0.5385057471264368,1.254372663372191,0.12187646967467994,True
1.0,0.0,0.2833333333333333,1.0770114942528737,0.35833333333333334,-0.5385057471264368,1.2583633141827624,0.12074550153478941,True
1.0,0.0,0.30000000000000004,1.0770114942528737,0.35,-0.5385057471264368,1.262353009123458,0.11964390505589942,True
1.0,0.0,0.31666666666666665,1.0770114942528737,0.3416666666666667,-0.5385057471264368,1.26634144665427,0.11857046041341356,True
1.0,0.0,0.33333333333333337,1.0770114942528737,0.3333333333333333,-0.5385057471264368,1.2703283389740776,0.11752401684765736,True
1.0,0.0,0.35,1.0770114942528737,0.325,-0.5385057471264368,1.274313411453636,0.11650348773046339,True
1.0,0.0,0.3666666666666667,1.0770114942528737,0.31666666666666665,-0.5385057471264368,1.2782964020903278,0.11550784605597982,True
1.0,0.0,0.3833333333333333,1.0770114942528737,0.30833333333333335,-0.5385057471264368,1.2822770609845744,0.11453612031306211,True
1.0,0.0,0.4,1.0770114942528737,0.3,-0.5385057471264368,1.286255149836884,0.11358739070168804,True
1.0,0.0,0.41666666666666663,1.0770114942528737,0.2916666666666667,-0.5385057471264368,1.290230441464983,0.11266078565994464,True
1.0,0.0,0.43333333333333335,1.0770114942528737,0.2833333333333333,-0.5385057471264368,1.2942027193403438,0.11175547867186558,True
1.0,0.0,0.44999999999999996,1.0770114942528737,0.275,-0.5385057471264368,1.2981717771434416,0.11087068532963544,True
1.0,0.0,0.4666666666666667,1.0770114942528737,0.26666666666666666,-0.5385057471264368,1.3021374183370786,0.11000566062651998,True
1.0,0.0,0.4833333333333333,1.0770114942528737,0.25833333333333336,-0.5385057471264368,1.306099455757132,0.10915969645938654,True
1.0,0.0,0.5,1.0770114942528737,0.25,-0.5385057471264368,1.3100577112200782,0.10833211932188419,True
1.0,0.0,0.5166666666666667,1.0770114942528737,0.24166666666666664,-0.5385057471264368,1.3140120151466756,0.10752228817130081,True
1.0,0.0,0.5333333333333333,1.0770114942528737,0.23333333333333334,-0.5385057471264368,1.3179622062011962,0.10672959245383926,True
1.0,0.0,0.55,1.0770114942528737,0.22499999999999998,-0.5385057471264368,1.321908130945595,0.1059534502745862,True
1.0,0.0,0.5666666666666667,1.0770114942528737,0.21666666666666667,-0.5385057471264368,1.325849643508058,0.10519330669979521,True
1.0,0.0,0.5833333333333334,1.0770114942528737,0.20833333333333331,-0.5385057471264368,1.329786605265339,0.10444863218032434,True
1.0,0.0,0.6,1.0770114942528737,0.2,-0.5385057471264368,1.3337188845383685,0.10371892108612964,True
1.0,0.0,0.6166666666666666,1.0770114942528737,0.1916666666666667,-0.5385057471264368,1.3376463563005645,0.10300369034268889,True
1.0,0.0,0.6333333333333333,1.0770114942528737,0.18333333333333335,-0.5385057471264368,1.341568901898374,0.10230247816107284,True
1.0,0.0,0.65,1.0770114942528737,0.175,-0.5385057471264368,1.3454864087835108,0.10161484285416052,True
1.0,0.0,0.6666666666666666,1.0770114942528737,0.16666666666666669,-0.5385057471264368,1.3493987702564347,0.10094036173217205,True
1.0,0.0,0.6833333333333333,1.0770114942528737,0.15833333333333333,-0.5385057471264368,1.3533058852205992,0.1002786300713153,True
1.0,0.0,0.7,1.0770114942528737,0.15000000000000002,-0.5385057471264368,1.357207657947017,0.09962926014989477,True
1.0,0.0,0.7166666666666667,1.0770114942528737,0.14166666666666666,-0.5385057471264368,1.3611039978487283,0.09899188034672843,True
1.0,0.0,0.7333333333333333,1.0770114942528737,0.13333333333333336,-0.5385057471264368,1.3649948192647394,0.09836613429717057,True
1.0,0.0,0.75,1.0770114942528737,0.125,-0.5385057471264368,1.3688800412530526,0.09775168010244022,True
1.0,0.0,0.7666666666666666,1.0770114942528737,0.1166666666666667,-0.5385057471264368,1.3727595873923852,0.09714818958832551,True
1.0,0.0,0.7833333333333333,1.0770114942528737,0.10833333333333334,-0.5385057471264368,1.3766333855922261,0.09655534760966017,True
1.0,0.0,0.7999999999999999,1.0770114942528737,0.10000000000000003,-0.5385057471264368,1.3805013679108709,0.09597285139727318,True
1.0,0.0,0.8166666666666667,1.0770114942528737,0.09166666666666667,-0.5385057471264368,1.384363470381094,0.09540040994438069,True
1.0,0.0,0.8333333333333333,1.0770114942528737,0.08333333333333337,-0.5385057471264368,1.388219632843137,0.09483774342963897,True
1.0,0.0,0.85,1.0770114942528737,0.07500000000000001,-0.5385057471264368,1.3920697987847004,0.09428458267429837,True
1.0,0.0,0.8666666666666666,1.0770114942528737,0.06666666666666671,-0.5385057471264368,1.3959139151876108,0.09374066863110944,True
1.0,0.0,0.8833333333333333,1.0770114942528737,0.05833333333333335,-0.5385057471264368,1.3997519323810548,0.09320575190278603,True
1.0,0.0,0.9,1.0770114942528737,0.04999999999999999,-0.5385057471264368,1.4035838039006203,0.09267959228809482,True
1.0,0.0,0.9166666666666666,1.0770114942528737,0.041666666666666685,-0.5385057471264368,1.4074094863536093,0.09216195835362329,True
1.0,0.0,0.9333333333333333,1.0770114942528737,0.033333333333333326,-0.5385057471264368,1.4112289392897415,0.09165262702961038,True
1.0,0.0,0.95,1.0770114942528737,0.025000000000000022,-0.5385057471264368,1.4150421250773044,0.0911513832282236,True
1.0,0.0,0.9666666666666667,1.0770114942528737,0.016666666666666663,-0.5385057471264368,1.4188490087844683,0.09065801948283139,True
1.0,0.0,0.9833333333333333,1.0770114942528737,0.00833333333333336,-0.5385057471264368,1.422649558065524,0.09017233560692445,True
1.0,0.0,1.0,1.0770114942528737,0.0,-0.5385057471264368,1.4264437430518513,0.08969413837143438,True
1.0,0.0,1.0166666666666666,1.0770114942528737,-0.008333333333333304,-0.5385057471264368,1.4302315362474107,0.0892232411992896,True
1.0,0.0,1.0333333333333334,1.0770114942528737,-0.01666666666666672,-0.5385057471264368,1.4340129124285645,0.08875946387613305,True
1.0,0.0,1.05,1.0770114942528737,-0.025000000000000022,-0.5385057471264368,1.43778784854803,0.08830263227620525,True
1.0,0.0,1.0666666666666667,1.0770114942528737,-0.033333333333333326,-0.5385057471264368,1.4415563236428153,0.08785257810245845,True
1.0,0.0,1.0833333333333333,1.0770114942528737,-0.04166666666666663,-0.5385057471264368,1.4453183187459424,0.08740913864004422,True
1.0,0.0,1.1,1.0770114942528737,-0.050000000000000044,-0.5385057471264368,1.4490738168018062,0.08697215652236591,True
1.0,0.0,1.1166666666666667,1.0770114942528737,-0.05833333333333335,-0.5385057471264368,1.452822802585019,0.0865414795089517,True
1.0,0.0,1.1333333333333333,1.0770114942528737,-0.06666666666666665,-0.5385057471264368,1.456565262622575,0.08611696027444697,True
1.0,0.0,1.1500000000000001,1.0770114942528737,-0.07500000000000007,-0.5385057471264368,1.4603011851192238,0.08569845620807717,True
1.0,0.0,1.1666666666666667,1.0770114942528737,-0.08333333333333337,-0.5385057471264368,1.4640305598858834,0.08528582922297463,True
1.0,0.0,1.1833333333333333,1.0770114942528737,-0.09166666666666667,-0.5385057471264368,1.467753378271013,0.08487894557479807,True
1.0,0.0,1.2000000000000002,1.0770114942528737,-0.10000000000000009,-0.5385057471264368,1.4714696330946209,0.08447767568913747,True
1.0,0.0,1.2166666666666668,1.0770114942528737,-0.10833333333333339,-0.5385057471264368,1.4751793185853945,0.08408189399714233,True
1.0,0.0,1.2333333333333334,1.0770114942528737,-0.1166666666666667,-0.5385057471264368,1.4788824303197035,0.0836914787790344,True
1.0,0.0,1.25,1.0770114942528737,-0.125,-0.5385057471264368,1.48257896516383,0.08330631201491262,True
1.0,0.0,1.2666666666666668,1.0770114942528737,-0.13333333333333341,-0.5385057471264368,1.4862689212179452,0.0829262792425925,True
1.0,0.0,1.2833333333333334,1.0770114942528737,-0.14166666666666672,-0.5385057471264368,1.4899522977626845,0.08255126942199763,True
1.0,0.0,1.3,1.0770114942528737,-0.15000000000000002,-0.5385057471264368,1.4936290952077727,0.08218117480579529,True
1.0,0.0,1.3166666666666667,1.0770114942528737,-0.15833333333333333,-0.5385057471264368,1.4972993150427505,0.08181589081592575,True
1.0,0.0,1.3333333333333335,1.0770114942528737,-0.16666666666666674,-0.5385057471264368,1.50096295978967,0.0814553159257166,True
1.0,0.0,1.35,1.0770114942528737,-0.17500000000000004,-0.5385057471264368,1.50462003295771,0.08109935154728337,True
1.0,0.0,1.3666666666666667,1.0770114942528737,-0.18333333333333335,-0.5385057471264368,1.5082705389996067,0.08074790192394159,True
1.0,0.0,1.3833333333333333,1.0770114942528737,-0.19166666666666665,-0.5385057471264368,1.5119144832698517,0.08040087402736708,True
1.0,0.0,1.4000000000000001,1.0770114942528737,-0.20000000000000007,-0.5385057471264368,1.5155518719845318,0.08005817745926513,True
1.0,0.0,1.4166666666666667,1.0770114942528737,-0.20833333333333337,-0.5385057471264368,1.5191827121828236,0.07971972435730866,True
1.0,0.0,1.4333333333333333,1.0770114942528737,-0.21666666666666667,-0.5385057471264368,1.5228070116899857,0.07938542930513867,True
1.0,0.0,1.45,1.0770114942528737,-0.22499999999999998,-0.5385057471264368,1.5264247790818628,0.079055209246213,True
1.0,0.0,0.1,1.1057471264367817,0.45,-0.5528735632183909,1.2215163972932748,0.13249629460827647,True
1.0,0.0,0.11666666666666667,1.1057471264367817,0.44166666666666665,-0.5528735632183909,1.2255479504325808,0.13104937203606254,True
1.0,0.0,0.13333333333333333,1.1057471264367817,0.43333333333333335,-0.5528735632183909,1.229581861049101,0.12964625848477487,True
1.0,0.0,0.15000000000000002,1.1057471264367817,0.425,-0.5528735632183909,1.2336176697177645,0.12828483816083414,True
1.0,0.0,0.16666666666666669,1.1057471264367817,0.41666666666666663,-0.5528735632183909,1.2376549372882903,0.1269631344889332,True
1.0,0.0,0.18333333333333335,1.1057471264367817,0.4083333333333333,-0.5528735632183909,1.2416932440767103,0.1256792985634783,True
1.0,0.0,0.2,1.1057471264367817,0.4,-0.5528735632183909,1.2457321890841118,0.12443159875144344,True
1.0,0.0,0.21666666666666667,1.1057471264367817,0.39166666666666666,-0.5528735632183909,1.249771389242556,0.12321841131306209,True
1.0,0.0,0.23333333333333334,1.1057471264367817,0.3833333333333333,-0.5528735632183909,1.253810478687641,0.12203821192448748,True
1.0,0.0,0.25,1.1057471264367817,0.375,-0.5528735632183909,1.257849108057305,0.12088956800147437,True
1.0,0.0,0.26666666666666666,1.1057471264367817,0.3666666666666667,-0.5528735632183909,1.261886943816354,0.11977113173598933,True
1.0,0.0,0.2833333333333333,1.1057471264367817,0.35833333333333334,-0.5528735632183909,1.265923667606147,0.11868163376866124,True
1.0,0.0,0.30000000000000004,1.1057471264367817,0.35,-0.5528735632183909,1.2699589756187837,0.11761987742947644,True
1.0,0.0,0.31666666666666665,1.1057471264367817,0.3416666666666667,-0.5528735632183909,1.2739925779954029,0.11658473348721765,True
1.0,0.0,0.33333333333333337,1.1057471264367817,0.3333333333333333,-0.5528735632183909,1.278024198247479,0.11557513535540222,True
1.0,0.0,0.35,1.1057471264367817,0.325,-0.5528735632183909,1.282053572700935,0.1145900747083553,True
1.0,0.0,0.3666666666666667,1.1057471264367817,0.31666666666666665,-0.5528735632183909,1.2860804499620857,0.11362859746659552,True
1.0,0.0,0.3833333333333333,1.1057471264367817,0.30833333333333335,-0.5528735632183909,1.2901045904048227,0.11268980011524167,True
1.0,0.0,0.4,1.1057471264367817,0.3,-0.5528735632183909,1.2941257656783367,0.11177282632324041,True
1.0,0.0,0.41666666666666663,1.1057471264367817,0.2916666666666667,-0.5528735632183909,1.2981437582346953,0.1108768638347474,True
1.0,0.0,0.43333333333333335,1.1057471264367817,0.2833333333333333,-0.5528735632183909,1.3021583608755756,0.11000114160712025,True
1.0,0.0,0.44999999999999996,1.1057471264367817,0.275,-0.5528735632183909,1.3061693763174975,0.10914492717269476,True
1.0,0.0,0.4666666666666667,1.1057471264367817,0.26666666666666666,-0.5528735632183909,1.310176616774867,0.10830752420394242,True
1.0,0.0,0.4833333333333333,1.1057471264367817,0.25833333333333336,-0.5528735632183909,1.314179903560195,0.10748827026370993,True
1.0,0.0,0.5,1.1057471264367817,0.25,-0.5528735632183909,1.3181790667008395,0.1066865347241299,True
1.0,0.0,0.5166666666666667,1.1057471264367817,0.24166666666666664,-0.5528735632183909,1.3221739445716358,0.10590171683944648,True
1.0,0.0,0.5333333333333333,1.1057471264367817,0.23333333333333334,-0.5528735632183909,1.3261643835428267,0.10513324395946835,True
1.0,0.0,0.55,1.1057471264367817,0.22499999999999998,-0.5528735632183909,1.3301502376426664,0.10438056987167697,True
1.0,0.0,0.5666666666666667,1.1057471264367817,0.21666666666666667,-0.5528735632183909,1.3341313682341418,0.10364317326117337,True
1.0,0.0,0.5833333333333334,1.1057471264367817,0.20833333333333331,-0.5528735632183909,1.3381076437052433,0.10292055627868639,True
1.0,0.0,0.6,1.1057471264367817,0.2,-0.5528735632183909,1.3420789391722263,0.102212243207795,True
1.0,0.0,0.6166666666666666,1.1057471264367817,0.1916666666666667,-0.5528735632183909,1.346045136195363,0.1015177792233342,True
1.0,0.0,0.6333333333333333,1.1057471264367817,0.18333333333333335,-0.5528735632183909,1.3500061225066446,0.10083672923370646,True
1.0,0.0,0.65,1.1057471264367817,0.175,-0.5528735632183909,1.3539617917489701,0.10016867680047428,True
1.0,0.0,0.6666666666666666,1.1057471264367817,0.16666666666666669,-0.5528735632183909,1.357912043226324,0.09951322312921328,True
1.0,0.0,0.6833333333333333,1.1057471264367817,0.15833333333333333,-0.5528735632183909,1.3618567816645,0.09886998612613597,True
1.0,0.0,0.7,1.1057471264367817,0.15000000000000002,-0.5528735632183909,1.3657959169819236,0.09823859951548121,True
1.0,0.0,0.7166666666666667,1.1057471264367817,0.14166666666666666,-0.5528735632183909,1.3697293640701516,0.0976187120130981,True
1.0,0.0,0.7333333333333333,1.1057471264367817,0.13333333333333336,-0.5528735632183909,1.3736570425836359,0.09700998655204832,True
1.0,0.0,0.75,1.1057471264367817,0.125,-0.5528735632183909,1.3775788767383743,0.0964120995563984,True
1.0,0.0,0.7666666666666666,1.1057471264367817,0.1166666666666667,-0.5528735632183909,1.381494795119045,0.09582474025970633,True
1.0,0.0,0.7833333333333333,1.1057471264367817,0.10833333333333334,-0.5528735632183909,1.3854047304942954,0.09524761006498297,True
1.0,0.0,0.7999999999999999,1.1057471264367817,0.10000000000000003,-0.5528735632183909,1.389308619639808,0.09468042194318649,True
1.0,0.0,0.8166666666666667,1.1057471264367817,0.09166666666666667,-0.5528735632183909,1.3932064031688458,0.09412289986753362,True
1.0,0.0,0.8333333333333333,1.1057471264367817,0.08333333333333337,-0.5528735632183909,1.3970980253698582,0.09357477828115264,True
1.0,0.0,0.85,1.1057471264367817,0.07500000000000001,-0.5528735632183909,1.4009834340511558,0.09303580159573774,True
1.0,0.0,0.8666666666666666,1.1057471264367817,0.06666666666666671,-0.5528735632183909,1.404862580391711,0.09250572371918463,True
1.0,0.0,0.8833333333333333,1.1057471264367817,0.05833333333333335,-0.5528735632183909,1.4087354187986407,0.09198430761013965,True
1.0,0.0,0.9,1.1057471264367817,0.04999999999999999,-0.5528735632183909,1.412601906770434,0.09147132485775776,True
1.0,0.0,0.9166666666666666,1.1057471264367817,0.041666666666666685,-0.5528735632183909,1.4164620047659886,0.0909665552849624,True
1.0,0.0,0.9333333333333333,1.1057471264367817,0.033333333333333326,-0.5528735632183909,1.420315676079114,0.0904697865736832,True
1.0,0.0,0.95,1.1057471264367817,0.025000000000000022,-0.5528735632183909,1.4241628867183012,0.0899808139106458,True
1.0,0.0,0.9666666666666667,1.1057471264367817,0.016666666666666663,-0.5528735632183909,1.4280036052915028,0.08949943965240022,True
1.0,0.0,0.9833333333333333,1.1057471264367817,0.00833333333333336,-0.5528735632183909,1.4318378028957277,0.08902547300836497,True
1.0,0.0,1.0,1.1057471264367817,0.0,-0.5528735632183909,1.4356654530112383,0.08855872974075563,True
1.0,0.0,1.0166666666666666,1.1057471264367817,-0.008333333333333304,-0.5528735632183909,1.439486531400148,0.08809903188034736,True
1.0,0.0,1.0333333333333334,1.1057471264367817,-0.01666666666666672,-0.5528735632183909,1.4433010160092328,0.08764620745709593,True
1.0,0.0,1.05,1.1057471264367817,-0.025000000000000022,-0.5528735632183909,1.447108886876786,0.08720009024470712,True
1.0,0.0,1.0666666666666667,1.1057471264367817,-0.033333333333333326,-0.5528735632183909,1.4509101260433206,0.0867605195183152,True
1.0,0.0,1.0833333333333333,1.1057471264367817,-0.04166666666666663,-0.5528735632183909,1.4547047174659755,0.08632733982448053,True
1.0,0.0,1.1,1.1057471264367817,-0.050000000000000044,-0.5528735632183909,1.4584926469364559,0.08590040076277633,True
1.0,0.0,1.1166666666666667,1.1057471264367817,-0.05833333333333335,-0.5528735632183909,1.4622739020023656,0.08547955677828228,True
1.0,0.0,1.1333333333333333,1.1057471264367817,-0.06666666666666665,-0.5528735632183909,1.46604847189176,0.08506466696435029,True
1.0,0.0,1.1500000000000001,1.1057471264367817,-0.07500000000000007,-0.5528735632183909,1.4698163474408847,0.08465559487503793,True
1.0,0.0,1.1666666666666667,1.1057471264367817,-0.08333333333333337,-0.5528735632183909,1.4735775210246818,0.08425220834668641,True
1.0,0.0,1.1833333333333333,1.1057471264367817,-0.09166666666666667,-0.5528735632183909,1.4773319864904797,0.08385437932806462,True
1.0,0.0,1.2000000000000002,1.1057471264367817,-0.10000000000000009,-0.5528735632183909,1.4810797390939692,0.0834619837186798,True
1.0,0.0,1.2166666666666668,1.1057471264367817,-0.10833333333333339,-0.5528735632183909,1.484820775438257,0.08307490121470366,True
1.0,0.0,1.2333333333333334,1.1057471264367817,-0.1166666666666667,-0.5528735632183909,1.488555093415043,0.08269301516217901,True
1.0,0.0,1.25,1.1057471264367817,-0.125,-0.5528735632183909,1.492282692148368,0.08231621241705053,True
1.0,0.0,1.2666666666666668,1.1057471264367817,-0.13333333333333341,-0.5528735632183909,1.4960035719406757,0.08194438321166432,True
1.0,0.0,1.2833333333333334,1.1057471264367817,-0.14166666666666672,-0.5528735632183909,1.4997177342209502,0.08157742102740087,True
1.0,0.0,1.3,1.1057471264367817,-0.15000000000000002,-0.5528735632183909,1.5034251814949497,0.08121522247310108,True
1.0,0.0,1.3166666666666667,1.1057471264367817,-0.15833333333333333,-0.5528735632183909,1.50712591729779,0.0808576871689446,True
1.0,0.0,1.3333333333333335,1.1057471264367817,-0.16666666666666674,-0.5528735632183909,1.5108199461479226,0.08050471763557737,True
1.0,0.0,1.35,1.1057471264367817,-0.17500000000000004,-0.5528735632183909,1.5145072735033678,0.08015621918812328,True
1.0,0.0,1.3666666666666667,1.1057471264367817,-0.18333333333333335,-0.5528735632183909,1.518187905719569,0.07981209983487973,True
1.0,0.0,1.3833333333333333,1.1057471264367817,-0.19166666666666665,-0.5528735632183909,1.5218618500089696,0.07947227018043942,True
1.0,0.0,1.4000000000000001,1.1057471264367817,-0.20000000000000007,-0.5528735632183909,1.525529114402213,0.07913664333301454,True
1.0,0.0,1.4166666666666667,1.1057471264367817,-0.20833333333333337,-0.5528735632183909,1.5291897077109164,0.07880513481574918,True
1.0,0.0,1.4333333333333333,1.1057471264367817,-0.21666666666666667,-0.5528735632183909,1.5328436394918645,0.07847766248182748,True
1.0,0.0,1.45,1.1057471264367817,-0.22499999999999998,-0.5528735632183909,1.5364909200129047,0.07815414643315634,True
1.0,0.0,0.1,1.1344827586206898,0.45,-0.5672413793103449,1.2285200801933747,0.1300113807556931,True
1.0,0.0,0.11666666666666667,1.1344827586206898,0.44166666666666665,-0.5672413793103449,1.2326020962358981,0.1286235601486346,True
1.0,0.0,0.13333333333333333,1.1344827586206898,0.43333333333333335,-0.5672413793103449,1.2366858915941574,0.12727681929400833,True
1.0,0.0,0.15000000000000002,1.1344827586206898,0.425,-0.5672413793103449,1.2407710221832557,0.12596921941727549,True
1.0,0.0,0.16666666666666669,1.1344827586206898,0.41666666666666663,-0.5672413793103449,1.244857063730047,0.12469894637107996,True
1.0,0.0,0.18333333333333335,1.1344827586206898,0.4083333333333333,-0.5672413793103449,1.2489436109749554,0.12346430053530186,True
1.0,0.0,0.2,1.1344827586206898,0.4,-0.5672413793103449,1.253030276901412,0.122263687701174,True
1.0,0.0,0.21666666666666667,1.1344827586206898,0.39166666666666666,-0.5672413793103449,1.2571166919926273,0.12109561082788013,True
1.0,0.0,0.23333333333333334,1.1344827586206898,0.3833333333333333,-0.5672413793103449,1.2612025035152425,0.11995866257445321,True
1.0,0.0,0.25,1.1344827586206898,0.375,-0.5672413793103449,1.265287374829327,0.11885151852209355,True
1.0,0.0,0.26666666666666666,1.1344827586206898,0.3666666666666667,-0.5672413793103449,1.2693709847240944,0.11777293101259945,True
1.0,0.0,0.2833333333333333,1.1344827586206898,0.35833333333333334,-0.5672413793103449,1.2734530267789597,0.11672172353762271,True
1.0,0.0,0.30000000000000004,1.1344827586206898,0.35,-0.5672413793103449,1.2775332087488065,0.11569678562150588,True
1.0,0.0,0.31666666666666665,1.1344827586206898,0.3416666666666667,-0.5672413793103449,1.2816112519733867,0.11469706814696828,True
1.0,0.0,0.33333333333333337,1.1344827586206898,0.3333333333333333,-0.5672413793103449,1.2856868908097043,0.11372157907908349,True
1.0,0.0,0.35,1.1344827586206898,0.325,-0.5672413793103449,1.2897598720869174,0.11276937954794092,True
1.0,0.0,0.3666666666666667,1.1344827586206898,0.31666666666666665,-0.5672413793103449,1.2938299545829637,0.1118395802549328,True
1.0,0.0,0.3833333333333333,1.1344827586206898,0.30833333333333335,-0.5672413793103449,1.297896908522233,0.11093133817148888,True
1.0,0.0,0.4,1.1344827586206898,0.3,-0.5672413793103449,1.3019605150935734,0.1100438535025064,True
1.0,0.0,0.41666666666666663,1.1344827586206898,0.2916666666666667,-0.5672413793103449,1.306020565987914,0.10917636688972801,True
1.0,0.0,0.43333333333333335,1.1344827586206898,0.2833333333333333,-0.5672413793103449,1.3100768629548378,0.10832815683294336,True
1.0,0.0,0.44999999999999996,1.1344827586206898,0.275,-0.5672413793103449,1.3141292173773866,0.10749853730923087,True
1.0,0.0,0.4666666666666667,1.1344827586206898,0.26666666666666666,-0.5672413793103449,1.3181774498644534,0.10668685557248989,True
1.0,0.0,0.4833333333333333,1.1344827586206898,0.25833333333333336,-0.5672413793103449,1.3222213898600892,0.10589249011733506,True
1.0,0.0,0.5,1.1344827586206898,0.25,-0.5672413793103449,1.326260875269078,0.10511484879302806,True
1.0,0.0,0.5166666666666667,1.1344827586206898,0.24166666666666664,-0.5672413793103449,1.3302957520981589,0.10435336705454114,True
1.0,0.0,0.5333333333333333,1.1344827586206898,0.23333333333333334,-0.5672413793103449,1.334325874112278,0.10360750633911822,True
1.0,0.0,0.55,1.1344827586206898,0.22499999999999998,-0.5672413793103449,1.3383511025052768,0.10287675255782157,True
1.0,0.0,0.5666666666666667,1.1344827586206898,0.21666666666666667,-0.5672413793103449,1.3423713055844393,0.10216061469255795,True
1.0,0.0,0.5833333333333334,1.1344827586206898,0.20833333333333331,-0.5672413793103449,1.3463863584683364,0.10145862348997405,True
1.0,0.0,0.6,1.1344827586206898,0.2,-0.5672413793103449,1.3503961427974354,0.10077033024441248,True
1.0,0.0,0.6166666666666666,1.1344827586206898,0.1916666666666667,-0.5672413793103449,1.3544005464569357,0.10009530566284032,True
1.0,0.0,0.6333333333333333,1.1344827586206898,0.18333333333333335,-0.5672413793103449,1.3583994633113439,0.0994331388053014,True
1.0,0.0,0.65,1.1344827586206898,0.175,-0.5672413793103449,1.3623927929502817,0.0987834360950281,True
1.0,0.0,0.6666666666666666,1.1344827586206898,0.16666666666666669,-0.5672413793103449,1.3663804404450766,0.0981458203928628,True
1.0,0.0,0.6833333333333333,1.1344827586206898,0.15833333333333333,-0.5672413793103449,1.3703623161156682,0.09751993013111167,True
1.0,0.0,0.7,1.1344827586206898,0.15000000000000002,-0.5672413793103449,1.3743383353074006,0.096905418502375,True
1.0,0.0,0.7166666666666667,1.1344827586206898,0.14166666666666666,-0.5672413793103449,1.3783084181772864,0.09630195269927791,True
1.0,0.0,0.7333333333333333,1.1344827586206898,0.13333333333333336,-0.5672413793103449,1.3822724894893321,0.09570921320137302,True
1.0,0.0,0.75,1.1344827586206898,0.125,-0.5672413793103449,1.386230478418546,0.09512689310579554,True
1.0,0.0,0.7666666666666666,1.1344827586206898,0.1166666666666667,-0.5672413793103449,1.3901823183632511,0.09455469749853843,True
1.0,0.0,0.7833333333333333,1.1344827586206898,0.10833333333333334,-0.5672413793103449,1.394127946765378,0.0939923428634618,True
1.0,0.0,0.7999999999999999,1.1344827586206898,0.10000000000000003,-0.5672413793103449,1.398067304938228,0.09343955652641757,True
1.0,0.0,0.8166666666666667,1.1344827586206898,0.09166666666666667,-0.5672413793103449,1.4020003379019057,0.09289607613197966,True
1.0,0.0,0.8333333333333333,1.1344827586206898,0.08333333333333337,-0.5672413793103449,1.4059269942251353,0.09236164915067539,True
1.0,0.0,0.85,1.1344827586206898,0.07500000000000001,-0.5672413793103449,1.4098472258742696,0.0918360324144985,True
1.0,0.0,0.8666666666666666,1.1344827586206898,0.06666666666666671,-0.5672413793103449,1.4137609880684283,0.09131899167890452,True
1.0,0.0,0.8833333333333333,1.1344827586206898,0.05833333333333335,-0.5672413793103449,1.4176682391407969,0.09081030120948935,True
1.0,0.0,0.9,1.1344827586206898,0.04999999999999999,-0.5672413793103449,1.421568940405767,0.09030974339173141,True
1.0,0.0,0.9166666666666666,1.1344827586206898,0.041666666666666685,-0.5672413793103449,1.425463056031677,0.08981710836229315,True
1.0,0.0,0.9333333333333333,1.1344827586206898,0.033333333333333326,-0.5672413793103449,1.4293505529188972,0.08933219366049332,True
1.0,0.0,0.95,1.1344827586206898,0.025000000000000022,-0.5672413793103449,1.4332314005830322,0.088854803898659,True
1.0,0.0,0.9666666666666667,1.1344827586206898,0.016666666666666663,-0.5672413793103449,1.437105571043024,0.08838475045016458,True
1.0,0.0,0.9833333333333333,1.1344827586206898,0.00833333333333336,-0.5672413793103449,1.4409730387139468,0.08792185115404628,True
1.0,0.0,1.0,1.1344827586206898,0.0,-0.5672413793103449,1.444833780304272,0.08746593003516799,True
1.0,0.0,1.0166666666666666,1.1344827586206898,-0.008333333333333304,-0.5672413793103449,1.4486877747174463,0.08701681703897694,True
1.0,0.0,1.0333333333333334,1.1344827586206898,-0.01666666666666672,-0.5672413793103449,1.4525350029575526,0.08657434777996528,True
1.0,0.0,1.05,1.1344827586206898,-0.025000000000000022,-0.5672413793103449,1.4563754480389144,0.08613836330300738,True
1.0,0.0,1.0666666666666667,1.1344827586206898,-0.033333333333333326,-0.5672413793103449,1.460209094899462,0.08570870985680298,True
1.0,0.0,1.0833333333333333,1.1344827586206898,-0.04166666666666663,-0.5672413793103449,1.4640359303176884,0.08528523867871161,True
1.0,0.0,1.1,1.1344827586206898,-0.050000000000000044,-0.5672413793103449,1.4678559428330802,0.08486780579030313,True
1.0,0.0,1.1166666666666667,1.1344827586206898,-0.05833333333333335,-0.5672413793103449,1.4716691226696925,0.08445627180302219,True
1.0,0.0,1.1333333333333333,1.1344827586206898,-0.06666666666666665,-0.5672413793103449,1.4754754616632908,0.08405050173332149,True
1.0,0.0,1.1500000000000001,1.1344827586206898,-0.07500000000000007,-0.5672413793103449,1.4792749531908551,0.08365036482683674,True
1.0,0.0,1.1666666666666667,1.1344827586206898,-0.08333333333333337,-0.5672413793103449,1.4830675921036913,0.08325573439094594,True
1.0,0.0,1.1833333333333333,1.1344827586206898,-0.09166666666666667,-0.5672413793103449,1.4868533746627504,0.0828664876353742,True
1.0,0.0,1.2000000000000002,1.1344827586206898,-0.10000000000000009,-0.5672413793103449,1.490632298476902,0.08248250552030752,True
1.0,0.0,1.2166666666666668,1.1344827586206898,-0.10833333333333339,-0.5672413793103449,1.4944043624436507,0.08210367261164069,True
1.0,0.0,1.2333333333333334,1.1344827586206898,-0.1166666666666667,-0.5672413793103449,1.4981695666922996,0.08172987694295693,True
1.0,0.0,1.25,1.1344827586206898,-0.125,-0.5672413793103449,1.5019279125294192,0.08136100988387747,True
1.0,0.0,1.2666666666666668,1.1344827586206898,-0.13333333333333341,-0.5672413793103449,1.505679402386585,0.08099696601443222,True
1.0,0.0,1.2833333333333334,1.1344827586206898,-0.14166666666666672,-0.5672413793103449,1.5094240397702068,0.08063764300513693,True
1.0,0.0,1.3,1.1344827586206898,-0.15000000000000002,-0.5672413793103449,1.513161829213443,0.08028294150246627,True
1.0,0.0,1.3166666666666667,1.1344827586206898,-0.15833333333333333,-0.5672413793103449,1.5168927762300342,0.0799327650194468,True
1.0,0.0,1.3333333333333335,1.1344827586206898,-0.16666666666666674,-0.5672413793103449,1.5206168872700518,0.07958701983109538,True
1.0,0.0,1.35,1.1344827586206898,-0.17500000000000004,-0.5672413793103449,1.5243341696774244,0.0792456148744576,True
1.0,0.0,1.3666666666666667,1.1344827586206898,-0.18333333333333335,-0.5672413793103449,1.5280446316491878,0.07890846165300706,True
1.0,0.0,1.3833333333333333,1.1344827586206898,-0.19166666666666665,-0.5672413793103449,1.531748282196327,0.07857547414519007,True
1.0,0.0,1.4000000000000001,1.1344827586206898,-0.20000000000000007,-0.5672413793103449,1.5354451311064927,0.07824656871687345,True
1.0,0.0,1.4166666666666667,1.1344827586206898,-0.20833333333333337,-0.5672413793103449,1.539135188907653,0.07792166403757689,True
1.0,0.0,1.4333333333333333,1.1344827586206898,-0.21666666666666667,-0.5672413793103449,1.5428184668338316,0.07760068100019618,True
1.0,0.0,1.45,1.1344827586206898,-0.22499999999999998,-0.5672413793103449,1.5464949767918452,0.07728354264413173,True
1.0,0.0,0.1,1.1632183908045979,0.45,-0.5816091954022989,1.2355012819793354,0.1276633110826613,True
1.0,0.0,0.11666666666666667,1.1632183908045979,0.44166666666666665,-0.5816091954022989,1.239632870125126,0.12632966647698002,True
1.0,0.0,0.13333333333333333,1.1632183908045979,0.43333333333333335,-0.5816091954022989,1.2437656793634766,0.12503466131810728,True
1.0,0.0,0.15000000000000002,1.1632183908045979,0.425,-0.5816091954022989,1.24789928034198,0.12377651139986992,True
1.0,0.0,0.16666666666666669,1.1632183908045979,0.41666666666666663,-0.5816091954022989,1.252033263073311,0.12255354469392872,True
1.0,0.0,0.18333333333333335,1.1632183908045979,0.4083333333333333,-0.5816091954022989,1.2561672361475753,0.12136419245808731,True
1.0,0.0,0.2,1.1632183908045979,0.4,-0.5816091954022989,1.2603008259720168,0.12020698119230329,True
1.0,0.0,0.21666666666666667,1.1632183908045979,0.39166666666666666,-0.5816091954022989,1.2644336760387402,0.11908052534804274,True
1.0,0.0,0.23333333333333334,1.1632183908045979,0.3833333333333333,-0.5816091954022989,1.2685654462191873,0.11798352070902551,True
1.0,0.0,0.25,1.1632183908045979,0.375,-0.5816091954022989,1.272695812085285,0.11691473837123399,True
1.0,0.0,0.26666666666666666,1.1632183908045979,0.3666666666666667,-0.5816091954022989,1.276824464255942,0.11587301925916586,True
1.0,0.0,0.2833333333333333,1.1632183908045979,0.35833333333333334,-0.5816091954022989,1.2809511077691849,0.11485726912245289,True
1.0,0.0,0.30000000000000004,1.1632183908045979,0.35,-0.5816091954022989,1.285075461478388,0.11386645396401103,True
1.0,0.0,0.31666666666666665,1.1632183908045979,0.3416666666666667,-0.5816091954022989,1.2891972574723736,0.1128995958562382,True
1.0,0.0,0.33333333333333337,1.1632183908045979,0.3333333333333333,-0.5816091954022989,1.2933162405185101,0.11195576910689813,True
1.0,0.0,0.35,1.1632183908045979,0.325,-0.5816091954022989,1.2974321675281018,0.11103409674061396,True
1.0,0.0,0.3666666666666667,1.1632183908045979,0.31666666666666665,-0.5816091954022989,1.3015448070433455,0.11013374726567522,True
1.0,0.0,0.3833333333333333,1.1632183908045979,0.30833333333333335,-0.5816091954022989,1.3056539387451336,0.10925393169917881,True
1.0,0.0,0.4,1.1632183908045979,0.3,-0.5816091954022989,1.309759352980966,0.10839390082643052,True
1.0,0.0,0.41666666666666663,1.1632183908045979,0.2916666666666667,-0.5816091954022989,1.3138608503122755,0.10755294267308631,True
1.0,0.0,0.43333333333333335,1.1632183908045979,0.2833333333333333,-0.5816091954022989,1.3179582410804545,0.10673038017076945,True
1.0,0.0,0.44999999999999996,1.1632183908045979,0.275,-0.5816091954022989,1.3220513449908855,0.10592556899888743,True
1.0,0.0,0.4666666666666667,1.1632183908045979,0.26666666666666666,-0.5816091954022989,1.3261399907143119,0.10513789558712727,True
1.0,0.0,0.4833333333333333,1.1632183908045979,0.25833333333333336,-0.5816091954022989,1.330224015504877,0.10436677526467232,True
1.0,0.0,0.5,1.1632183908045979,0.25,-0.5816091954022989,1.3343032648341824,0.10361165054356299,True
1.0,0.0,0.5166666666666667,1.1632183908045979,0.24166666666666664,-0.5816091954022989,1.3383775920407501,0.10287198952485183,True
1.0,0.0,0.5333333333333333,1.1632183908045979,0.23333333333333334,-0.5816091954022989,1.3424468579942603,0.10214728441730397,True
1.0,0.0,0.55,1.1632183908045979,0.22499999999999998,-0.5816091954022989,1.3465109307739824,0.10143705015936406,True
1.0,0.0,0.5666666666666667,1.1632183908045979,0.21666666666666667,-0.5816091954022989,1.3505696853608296,0.10074082313598601,True
1.0,0.0,0.5833333333333334,1.1632183908045979,0.20833333333333331,-0.5816091954022989,1.354623003342454,0.10005815998270573,True
1.0,0.0,0.6,1.1632183908045979,0.2,-0.5816091954022989,1.3586707726308886,0.09938863647002584,True
1.0,0.0,0.6166666666666666,1.1632183908045979,0.1916666666666667,-0.5816091954022989,1.3627128871921743,0.09873184646182169,True
1.0,0.0,0.6333333333333333,1.1632183908045979,0.18333333333333335,-0.5816091954022989,1.3667492467874918,0.0980874009420322,True
1.0,0.0,0.65,1.1632183908045979,0.175,-0.5816091954022989,1.3707797567253284,0.09745492710440588,True
1.0,0.0,0.6666666666666666,1.1632183908045979,0.16666666666666669,-0.5816091954022989,1.3748043276241813,0.09683406750053895,True
1.0,0.0,0.6833333333333333,1.1632183908045979,0.15833333333333333,-0.5816091954022989,1.3788228751853866,0.09622447924183956,True
1.0,0.0,0.7,1.1632183908045979,0.15000000000000002,-0.5816091954022989,1.3828353199756185,0.09562583325143793,True
1.0,0.0,0.7166666666666667,1.1632183908045979,0.14166666666666666,-0.5816091954022989,1.386841587218664,0.09503781356238918,True
1.0,0.0,0.7333333333333333,1.1632183908045979,0.13333333333333336,-0.5816091954022989,1.3908416065960574,0.0944601166588253,True
1.0,0.0,0.75,1.1632183908045979,0.125,-0.5816091954022989,1.3948353120562442,0.0938924508569823,True
1.0,0.0,0.7666666666666666,1.1632183908045979,0.1166666666666667,-0.5816091954022989,1.398822641631699,0.09333453572331082,True
1.0,0.0,0.7833333333333333,1.1632183908045979,0.10833333333333334,-0.5816091954022989,1.4028035372642684,0.09278610152699342,True
1.0,0.0,0.7999999999999999,1.1632183908045979,0.10000000000000003,-0.5816091954022989,1.4067779446372881,0.0922468887246401,True
1.0,0.0,0.8166666666666667,1.1632183908045979,0.09166666666666667,-0.5816091954022989,1.4107458130153934,0.09171664747479158,True
1.0,0.0,0.8333333333333333,1.1632183908045979,0.08333333333333337,-0.5816091954022989,1.414707095090863,0.09119513718032642,True
1.0,0.0,0.85,1.1632183908045979,0.07500000000000001,-0.5816091954022989,1.4186617468365421,0.09068212605685544,True
1.0,0.0,0.8666666666666666,1.1632183908045979,0.06666666666666671,-0.5816091954022989,1.422609727364996,0.09017739072538888,True
1.0,0.0,0.8833333333333333,1.1632183908045979,0.05833333333333335,-0.5816091954022989,1.42655099879363,0.08968071582768002,True
1.0,0.0,0.9,1.1632183908045979,0.04999999999999999,-0.5816091954022989,1.430485526115507,0.08919189366277416,True
1.0,0.0,0.9166666666666666,1.1632183908045979,0.041666666666666685,-0.5816091954022989,1.4344132770756295,0.08871072384339382,True
1.0,0.0,0.9333333333333333,1.1632183908045979,0.033333333333333326,-0.5816091954022989,1.4383342220524398,0.08823701297089846,True
1.0,0.0,0.95,1.1632183908045979,0.025000000000000022,-0.5816091954022989,1.442248333944312,0.08777057432764512,True
1.0,0.0,0.9666666666666667,1.1632183908045979,0.016666666666666663,-0.5816091954022989,1.4461555880608283,0.08731122758566186,True
1.0,0.0,0.9833333333333333,1.1632183908045979,0.00833333333333336,-0.5816091954022989,1.4500559620186189,0.08685879853062406,True
1.0,0.0,1.0,1.1632183908045979,0.0,-0.5816091954022989,1.4539494356415756,0.08641311880019517,True
1.0,0.0,1.0166666666666666,1.1632183908045979,-0.008333333333333304,-0.5816091954022989,1.4578359908652563,0.08597402563585758,True
1.0,0.0,1.0333333333333334,1.1632183908045979,-0.01666666666666672,-0.5816091954022989,1.4617156116452839,0.08554136164742206,True
1.0,0.0,1.05,1.1632183908045979,-0.025000000000000022,-0.5816091954022989,1.4655882838695775,0.08511497458946005,True
1.0,0.0,1.0666666666666667,1.1632183908045979,-0.033333333333333326,-0.5816091954022989,1.4694539952742542,0.08469471714895135,True
1.0,0.0,1.0833333333333333,1.1632183908045979,-0.04166666666666663,-0.5816091954022989,1.4733127353630209,0.08428044674349441,True
1.0,0.0,1.1,1.1632183908045979,-0.050000000000000044,-0.5816091954022989,1.4771644953299723,0.0838720253294561,True
1.0,0.0,1.1166666666666667,1.1632183908045979,-0.05833333333333335,-0.5816091954022989,1.4810092679854614,0.08346931921951142,True
1.0,0.0,1.1333333333333333,1.1632183908045979,-0.06666666666666665,-0.5816091954022989,1.484847047685288,0.08307219890899524,True
1.0,0.0,1.1500000000000001,1.1632183908045979,-0.07500000000000007,-0.5816091954022989,1.488677830262571,0.08268053891062017,True
1.0,0.0,1.1666666666666667,1.1632183908045979,-0.08333333333333337,-0.5816091954022989,1.4925016129625874,0.08229421759704963,True
1.0,0.0,1.1833333333333333,1.1632183908045979,-0.09166666666666667,-0.5816091954022989,1.4963183943802996,0.08191311705090476,True
1.0,0.0,1.2000000000000002,1.1632183908045979,-0.10000000000000009,-0.5816091954022989,1.50012817440034,0.08153712292180665,True
1.0,0.0,1.2166666666666668,1.1632183908045979,-0.10833333333333339,-0.5816091954022989,1.5039309541397363,0.08116612429003142,True
1.0,0.0,1.2333333333333334,1.1632183908045979,-0.1166666666666667,-0.5816091954022989,1.5077267358925759,0.0808000135364854,True
1.0,0.0,1.25,1.1632183908045979,-0.125,-0.5816091954022989,1.511515523077408,0.08043868621857557,True
1.0,0.0,1.2666666666666668,1.1632183908045979,-0.13333333333333341,-0.5816091954022989,1.515297320186487,0.08008204095173616,True
1.0,0.0,1.2833333333333334,1.1632183908045979,-0.14166666666666672,-0.5816091954022989,1.5190721327372048,0.07972997929627018,True
1.0,0.0,1.3,1.1632183908045979,-0.15000000000000002,-0.5816091954022989,1.5228399672255277,0.0793824056492366,True
1.0,0.0,1.3166666666666667,1.1632183908045979,-0.15833333333333333,-0.5816091954022989,1.5266008310812982,0.07903922714112525,True
1.0,0.0,1.3333333333333335,1.1632183908045979,-0.16666666666666674,-0.5816091954022989,1.530354732625397,0.07870035353706388,True
1.0,0.0,1.35,1.1632183908045979,-0.17500000000000004,-0.5816091954022989,1.5341016810285524,0.07836569714233965,True
1.0,0.0,1.3666666666666667,1.1632183908045979,-0.18333333333333335,-0.5816091954022989,1.537841686272139,0.07803517271197612,True
1.0,0.0,1.3833333333333333,1.1632183908045979,-0.19166666666666665,-0.5816091954022989,1.5415747591100828,0.07770869736423341,True
1.0,0.0,1.4000000000000001,1.1632183908045979,-0.20000000000000007,-0.5816091954022989,1.5453009110327256,0.07738619049775541,True
1.0,0.0,1.4166666666666667,1.1632183908045979,-0.20833333333333337,-0.5816091954022989,1.5490201542319912,0.07706757371223265,True
1.0,0.0,1.4333333333333333,1.1632183908045979,-0.21666666666666667,-0.5816091954022989,1.5527325015679716,0.07675277073239221,True
1.0,0.0,1.45,1.1632183908045979,-0.22499999999999998,-0.5816091954022989,1.5564379665368928,0.07644170733515102,True
1.0,0.0,0.1,1.1919540229885057,0.45,-0.5959770114942529,1.2424593455628201,0.12543989886993911,True
1.0,0.0,0.11666666666666667,1.1919540229885057,0.44166666666666665,-0.5959770114942529,1.246639661070074,0.12415608359163997,True
1.0,0.0,0.13333333333333333,1.1919540229885057,0.43333333333333335,-0.5959770114942529,1.2508206581114336,0.12290871586679328,True
1.0,0.0,0.15000000000000002,1.1919540229885057,0.425,-0.5959770114942529,1.255001921498441,0.12169614722281188,True
1.0,0.0,0.16666666666666669,1.1919540229885057,0.41666666666666663,-0.5959770114942529,1.259183054976825,0.12051683067073957,True
1.0,0.0,0.18333333333333335,1.1919540229885057,0.4083333333333333,-0.5959770114942529,1.2633636804487713,0.119369312829472,True
1.0,0.0,0.2,1.1919540229885057,0.4,-0.5959770114942529,1.267543437223448,0.11825222678511296,True
1.0,0.0,0.21666666666666667,1.1919540229885057,0.39166666666666666,-0.5959770114942529,1.2717219812951062,0.11716428560560514,True
1.0,0.0,0.23333333333333334,1.1919540229885057,0.3833333333333333,-0.5959770114942529,1.2758989846486253,0.11610427644048843,True
1.0,0.0,0.25,1.1919540229885057,0.375,-0.5959770114942529,1.2800741345909936,0.1150710551444983,True
1.0,0.0,0.26666666666666666,1.1919540229885057,0.3666666666666667,-0.5959770114942529,1.284247133108977,0.11406354137060047,True
1.0,0.0,0.2833333333333333,1.1919540229885057,0.35833333333333334,-0.5959770114942529,1.2884176962516958,0.1130807140848252,True
1.0,0.0,0.30000000000000004,1.1919540229885057,0.35,-0.5959770114942529,1.2925855535375748,0.11212160746060151,True
1.0,0.0,0.31666666666666665,1.1919540229885057,0.3416666666666667,-0.5959770114942529,1.2967504473849172,0.11118530711515996,True
1.0,0.0,0.33333333333333337,1.1919540229885057,0.3333333333333333,-0.5959770114942529,1.30091213256535,0.11027094665477785,True
1.0,0.0,0.35,1.1919540229885057,0.325,-0.5959770114942529,1.3050703756793833,0.10937770449931493,True
1.0,0.0,0.3666666666666667,1.1919540229885057,0.31666666666666665,-0.5959770114942529,1.3092249546533634,0.10850480095970255,True
1.0,0.0,0.3833333333333333,1.1919540229885057,0.30833333333333335,-0.5959770114942529,1.3133756582570575,0.10765149554488872,True
1.0,0.0,0.4,1.1919540229885057,0.3,-0.5959770114942529,1.317522285641137,0.10681708447722119,True
1.0,0.0,0.41666666666666663,1.1919540229885057,0.2916666666666667,-0.5959770114942529,1.3216646458938521,0.1060008983974475,True
1.0,0.0,0.43333333333333335,1.1919540229885057,0.2833333333333333,-0.5959770114942529,1.3258025576161687,0.10520230024244859,True
1.0,0.0,0.44999999999999996,1.1919540229885057,0.275,-0.5959770114942529,1.3299358485146884,0.10442068328053457,True
1.0,0.0,0.4666666666666667,1.1919540229885057,0.26666666666666666,-0.5959770114942529,1.3340643550116464,0.10365546929065565,True
1.0,0.0,0.4833333333333333,1.1919540229885057,0.25833333333333336,-0.5959770114942529,1.338187921871353,0.10290610687321977,True
1.0,0.0,0.5,1.1919540229885057,0.25,-0.5959770114942529,1.3423064018424067,0.10217206988142025,True
1.0,0.0,0.5166666666666667,1.1919540229885057,0.24166666666666664,-0.5959770114942529,1.3464196553150627,0.10145285596303515,True
1.0,0.0,0.5333333333333333,1.1919540229885057,0.23333333333333334,-0.5959770114942529,1.350527549993143,0.10074798520361931,True
1.0,0.0,0.55,1.1919540229885057,0.22499999999999998,-0.5959770114942529,1.3546299605799004,0.10005699886285842,True
1.0,0.0,0.5666666666666667,1.1919540229885057,0.21666666666666667,-0.5959770114942529,1.3587267684772597,0.09937945819661795,True
1.0,0.0,0.5833333333333334,1.1919540229885057,0.20833333333333331,-0.5959770114942529,1.3628178614978856,0.09871494335790393,True
1.0,0.0,0.6,1.1919540229885057,0.2,-0.5959770114942529,1.3669031335895492,0.09806305237056148,True
1.0,0.0,0.6166666666666666,1.1919540229885057,0.1916666666666667,-0.5959770114942529,1.370982484571265,0.0974234001700941,True
1.0,0.0,0.6333333333333333,1.1919540229885057,0.18333333333333335,-0.5959770114942529,1.3750558198807235,0.09679561770647536,True
1.0,0.0,0.65,1.1919540229885057,0.175,-0.5959770114942529,1.3791230503325183,0.0961793511042776,True
1.0,0.0,0.6666666666666666,1.1919540229885057,0.16666666666666669,-0.5959770114942529,1.3831840918867275,0.09557426087584142,True
1.0,0.0,0.6833333333333333,1.1919540229885057,0.15833333333333333,-0.5959770114942529,1.3872388654274002,0.094980021183574,True
1.0,0.0,0.7,1.1919540229885057,0.15000000000000002,-0.5959770114942529,1.3912872965505234,0.0943963191477964,True
1.0,0.0,0.7166666666666667,1.1919540229885057,0.14166666666666666,-0.5959770114942529,1.3953293153610948,0.09382285419684955,True
1.0,0.0,0.7333333333333333,1.1919540229885057,0.13333333333333336,-0.5959770114942529,1.3993648562786964,0.09325933745647794,True
1.0,0.0,0.75,1.1919540229885057,0.125,-0.5959770114942529,1.4033938578518683,0.09270549117562617,True
1.0,0.0,0.7666666666666666,1.1919540229885057,0.1166666666666667,-0.5959770114942529,1.4074162625797135,0.09216104818627431,True
1.0,0.0,0.7833333333333333,1.1919540229885057,0.10833333333333334,-0.5959770114942529,1.411432016741717,0.09162575139478282,True
1.0,0.0,0.7999999999999999,1.1919540229885057,0.10000000000000003,-0.5959770114942529,1.415441070234557,0.09109935330271458,True
1.0,0.0,0.8166666666666667,1.1919540229885057,0.09166666666666667,-0.5959770114942529,1.4194433764159309,0.09058161555509739,True
1.0,0.0,0.8333333333333333,1.1919540229885057,0.08333333333333337,-0.5959770114942529,1.4234388919550474,0.09007230851429666,True
1.0,0.0,0.85,1.1919540229885057,0.07500000000000001,-0.5959770114942529,1.4274275766894735,0.0895712108578061,True
1.0,0.0,0.8666666666666666,1.1919540229885057,0.06666666666666671,-0.5959770114942529,1.4314093934880847,0.08907810919838623,True
1.0,0.0,0.8833333333333333,1.1919540229885057,0.05833333333333335,-0.5959770114942529,1.4353843081198245,0.08859279772510217,True
1.0,0.0,0.9,1.1919540229885057,0.04999999999999999,-0.5959770114942529,1.4393522891280555,0.08811507786391638,True
1.0,0.0,0.9166666666666666,1.1919540229885057,0.041666666666666685,-0.5959770114942529,1.443313307710218,0.08764475795659483,True
1.0,0.0,0.9333333333333333,1.1919540229885057,0.033333333333333326,-0.5959770114942529,1.447267337602603,0.08718165295676943,True
1.0,0.0,0.95,1.1919540229885057,0.025000000000000022,-0.5959770114942529,1.4512143549699892,0.0867255841420895,True
1.0,0.0,0.9666666666666667,1.1919540229885057,0.016666666666666663,-0.5959770114942529,1.4551543382999446,0.08627637884146544,True
1.0,0.0,0.9833333333333333,1.1919540229885057,0.00833333333333336,-0.5959770114942529,1.459087268301594,0.08583387017648114,True
1.0,0.0,1.0,1.1919540229885057,0.0,-0.5959770114942529,1.463013127808643,0.0853978968161166,True
1.0,0.0,1.0166666666666666,1.1919540229885057,-0.008333333333333304,-0.5959770114942529,1.4669319016864668,0.08496830274398119,True
1.0,0.0,1.0333333333333334,1.1919540229885057,-0.01666666666666672,-0.5959770114942529,1.470843576743245,0.08454493703729632,True
1.0,0.0,1.05,1.1919540229885057,-0.025000000000000022,-0.5959770114942529,1.474748141644499,0.0841276536569841,True
1.0,0.0,1.0666666666666667,1.1919540229885057,-0.033333333333333326,-0.5959770114942529,1.4786455868314998,0.08371631124814537,True
1.0,0.0,1.0833333333333333,1.1919540229885057,-0.04166666666666663,-0.5959770114942529,1.4825359044431905,0.08331077295034647,True
1.0,0.0,1.1,1.1919540229885057,-0.050000000000000044,-0.5959770114942529,1.4864190882409325,0.08291090621720747,True
1.0,0.0,1.1166666666666667,1.1919540229885057,-0.05833333333333335,-0.5959770114942529,1.4902951335367784,0.08251658264467424,True
1.0,0.0,1.1333333333333333,1.1919540229885057,-0.06666666666666665,-0.5959770114942529,1.4941640371245892,0.08212767780754078,True
1.0,0.0,1.1500000000000001,1.1919540229885057,-0.07500000000000007,-0.5959770114942529,1.4980257972140327,0.08174407110374254,True
1.0,0.0,1.1666666666666667,1.1919540229885057,-0.08333333333333337,-0.5959770114942529,1.5018804133673307,0.0813656456059901,True
1.0,0.0,1.1833333333333333,1.1919540229885057,-0.09166666666666667,-0.5959770114942529,1.5057278864386316,0.08099228792033929,True
1.0,0.0,1.2000000000000002,1.1919540229885057,-0.10000000000000009,-0.5959770114942529,1.5095682185158925,0.08062388805132074,True
1.0,0.0,1.2166666666666668,1.1919540229885057,-0.10833333333333339,-0.5959770114942529,1.5134014128651747,0.08026033927327038,True
1.0,0.0,1.2333333333333334,1.1919540229885057,-0.1166666666666667,-0.5959770114942529,1.517227473877233,0.07990153800753129,True
1.0,0.0,1.25,1.1919540229885057,-0.125,-0.5959770114942529,1.5210464070163172,0.07954738370521176,True
1.0,0.0,1.2666666666666668,1.1919540229885057,-0.13333333333333341,-0.5959770114942529,1.5248582187710884,0.07919777873520582,True
1.0,0.0,1.2833333333333334,1.1919540229885057,-0.14166666666666672,-0.5959770114942529,1.5286629166075436,0.07885262827720269,True
1.0,0.0,1.3,1.1919540229885057,-0.15000000000000002,-0.5959770114942529,1.5324605089238397,0.07851184021942721,True
1.0,0.0,1.3166666666666667,1.1919540229885057,-0.15833333333333333,-0.5959770114942529,1.5362510050072005,0.07817532506084345,True
1.0,0.0,1.3333333333333335,1.1919540229885057,-0.16666666666666674,-0.5959770114942529,1.540034414992149,0.07784299581765303,True
1.0,0.0,1.35,1.1919540229885057,-0.17500000000000004,-0.5959770114942529,1.5438107498209093,0.07751476793378954,True
1.0,0.0,1.3666666666666667,1.1919540229885057,-0.18333333333333335,-0.5959770114942529,1.5475800212051634,0.07719055919527172,True
1.0,0.0,1.3833333333333333,1.1919540229885057,-0.19166666666666665,-0.5959770114942529,1.551342241589461,0.07687028964819083,True
1.0,0.0,1.4000000000000001,1.1919540229885057,-0.20000000000000007,-0.5959770114942529,1.5550974241161046,0.07655388152016167,True
1.0,0.0,1.4166666666666667,1.1919540229885057,-0.20833333333333337,-0.5959770114942529,1.5588455825914829,0.0762412591450628,True
1.0,0.0,1.4333333333333333,1.1919540229885057,-0.21666666666666667,-0.5959770114942529,1.5625867314537607,0.07593234889090816,True
1.0,0.0,1.45,1.1919540229885057,-0.22499999999999998,-0.5959770114942529,1.5663208857419018,0.075627079090695,True
1.0,0.0,0.1,1.2206896551724138,0.45,-0.6103448275862069,1.2493937090519782,0.12333042769282757,True
1.0,0.0,0.11666666666666667,1.2206896551724138,0.44166666666666665,-0.6103448275862069,1.2536219496542653,0.12209258838705257,True
1.0,0.0,0.13333333333333333,1.2206896551724138,0.43333333333333335,-0.6103448275862069,1.2578503497317364,0.12088921953403776,True
1.0,0.0,0.15000000000000002,1.2206896551724138,0.425,-0.6103448275862069,1.262078507727349,0.11971879248428052,True
1.0,0.0,0.16666666666666669,1.2206896551724138,0.41666666666666663,-0.6103448275862069,1.2663060406019502,0.11857987082766354,True
1.0,0.0,0.18333333333333335,1.2206896551724138,0.4083333333333333,-0.6103448275862069,1.270532583066707,0.1174711033778746,True
1.0,0.0,0.2,1.2206896551724138,0.4,-0.6103448275862069,1.2747577868441602,0.11639121779866171,True
1.0,0.0,0.21666666666666667,1.2206896551724138,0.39166666666666666,-0.6103448275862069,1.2789813199567577,0.11533901480365882,True
1.0,0.0,0.23333333333333334,1.2206896551724138,0.3833333333333333,-0.6103448275862069,1.2832028660427826,0.11431336286951839,True
1.0,0.0,0.25,1.2206896551724138,0.375,-0.6103448275862069,1.2874221236986472,0.11331319340949543,True
1.0,0.0,0.26666666666666666,1.2206896551724138,0.3666666666666667,-0.6103448275862069,1.291638805846927,0.11233749636072664,True
1.0,0.0,0.2833333333333333,1.2206896551724138,0.35833333333333334,-0.6103448275862069,1.295852639129415,0.11138531614386492,True
1.0,0.0,0.30000000000000004,1.2206896551724138,0.35,-0.6103448275862069,1.300063363324395,0.11045574795845046,True
1.0,0.0,0.31666666666666665,1.2206896551724138,0.3416666666666667,-0.6103448275862069,1.304270730787419,0.10954793438147878,True
1.0,0.0,0.33333333333333337,1.2206896551724138,0.3333333333333333,-0.6103448275862069,1.3084745059147813,0.10866106224023593,True
1.0,0.0,0.35,1.2206896551724138,0.325,-0.6103448275862069,1.312674464628943,0.10779435973360402,True
1.0,0.0,0.3666666666666667,1.2206896551724138,0.31666666666666665,-0.6103448275862069,1.3168703938851556,0.1069470937788082,True
1.0,0.0,0.3833333333333333,1.2206896551724138,0.30833333333333335,-0.6103448275862069,1.3210620911984952,0.10611856756301477,True
1.0,0.0,0.4,1.2206896551724138,0.3,-0.6103448275862069,1.325249364190599,0.10530811828132157,True
1.0,0.0,0.41666666666666663,1.2206896551724138,0.2916666666666667,-0.6103448275862069,1.3294320301553568,0.1045151150445888,True
1.0,0.0,0.43333333333333335,1.2206896551724138,0.2833333333333333,-0.6103448275862069,1.3336099156428376,0.10373895694222893,True
1.0,0.0,0.44999999999999996,1.2206896551724138,0.275,-0.6103448275862069,1.3377828560607603,0.10297907124656189,True
1.0,0.0,0.4666666666666667,1.2206896551724138,0.26666666666666666,-0.6103448275862069,1.341950695292817,0.10223491174666324,True
1.0,0.0,0.4833333333333333,1.2206896551724138,0.25833333333333336,-0.6103448275862069,1.3461132853331876,0.10150595720080582,True
1.0,0.0,0.5,1.2206896551724138,0.25,-0.6103448275862069,1.3502704859365995,0.10079170989764252,True
1.0,0.0,0.5166666666666667,1.2206896551724138,0.24166666666666664,-0.6103448275862069,1.3544221642832992,0.10009169431721225,True
1.0,0.0,0.5333333333333333,1.2206896551724138,0.23333333333333334,-0.6103448275862069,1.3585681946583328,0.09940545588368531,True
1.0,0.0,0.55,1.2206896551724138,0.22499999999999998,-0.6103448275862069,1.3627084581445472,0.09873255980250918,True
1.0,0.0,0.5666666666666667,1.2206896551724138,0.21666666666666667,-0.6103448275862069,1.3668428423287373,0.09807258997529081,True
1.0,0.0,0.5833333333333334,1.2206896551724138,0.20833333333333331,-0.6103448275862069,1.3709712410204002,0.09742514798634544,True
1.0,0.0,0.6,1.2206896551724138,0.2,-0.6103448275862069,1.3750935539825582,0.09678985215538902,True
1.0,0.0,0.6166666666666666,1.2206896551724138,0.1916666666666667,-0.6103448275862069,1.3792096866741468,0.0961663366513325,True
1.0,0.0,0.6333333333333333,1.2206896551724138,0.18333333333333335,-0.6103448275862069,1.3833195500034738,0.09555425066257825,True
1.0,0.0,0.65,1.2206896551724138,0.175,-0.6103448275862069,1.387423060092271,0.09495325761961299,True
1.0,0.0,0.6666666666666666,1.2206896551724138,0.16666666666666669,-0.6103448275862069,1.3915201380499107,0.0943630344660452,True
1.0,0.0,0.6833333333333333,1.2206896551724138,0.15833333333333333,-0.6103448275862069,1.3956107097573371,0.09378327097456482,True
1.0,0.0,0.7,1.2206896551724138,0.15000000000000002,-0.6103448275862069,1.3996947056601177,0.09321366910461683,True
1.0,0.0,0.7166666666666667,1.2206896551724138,0.14166666666666666,-0.6103448275862069,1.4037720605708888,0.09265394239872743,True
1.0,0.0,0.7333333333333333,1.2206896551724138,0.13333333333333336,-0.6103448275862069,1.4078427134795635,0.09210381541493258,True
1.0,0.0,0.75,1.2206896551724138,0.125,-0.6103448275862069,1.4119066073722923,0.09156302319261166,True
1.0,0.0,0.7666666666666666,1.2206896551724138,0.1166666666666667,-0.6103448275862069,1.4159636890579257,0.09103131074954351,True
1.0,0.0,0.7833333333333333,1.2206896551724138,0.10833333333333334,-0.6103448275862069,1.420013909001971,0.0905084326080144,True
1.0,0.0,0.7999999999999999,1.2206896551724138,0.10000000000000003,-0.6103448275862069,1.4240572211676743,0.08999415234802317,True
1.0,0.0,0.8166666666666667,1.2206896551724138,0.09166666666666667,-0.6103448275862069,1.4280935828639014,0.08948824218577577,True
1.0,0.0,0.8333333333333333,1.2206896551724138,0.08333333333333337,-0.6103448275862069,1.4321229545995344,0.08899048257579704,True
1.0,0.0,0.85,1.2206896551724138,0.07500000000000001,-0.6103448275862069,1.4361452999440911,0.08850066183511553,True
1.0,0.0,0.8666666666666666,1.2206896551724138,0.06666666666666671,-0.6103448275862069,1.4401605853942976,0.08801857578809041,True
1.0,0.0,0.8833333333333333,1.2206896551724138,0.05833333333333335,-0.6103448275862069,1.4441687802463525,0.08754402743055766,True
1.0,0.0,0.9,1.2206896551724138,0.04999999999999999,-0.6103448275862069,1.448169856473638,0.08707682661206796,True
1.0,0.0,0.9166666666666666,1.2206896551724138,0.041666666666666685,-0.6103448275862069,1.452163788609629,0.08661678973507883,True
1.0,0.0,0.9333333333333333,1.2206896551724138,0.033333333333333326,-0.6103448275862069,1.4561505536357946,0.08616373947004348,True
1.0,0.0,0.95,1.2206896551724138,0.025000000000000022,-0.6103448275862069,1.4601301308742378,0.08571750448541811,True
1.0,0.0,0.9666666666666667,1.2206896551724138,0.016666666666666663,-0.6103448275862069,1.4641025018849188,0.08527791919167119,True
1.0,0.0,0.9833333333333333,1.2206896551724138,0.00833333333333336,-0.6103448275862069,1.4680676503672212,0.08484482349845006,True
1.0,0.0,1.0,1.2206896551724138,0.0,-0.6103448275862069,1.472025562065558,0.08441806258412841,True
1.0,0.0,1.0166666666666666,1.2206896551724138,-0.008333333333333304,-0.6103448275862069,1.4759762246793522,0.08399748667694201,True
1.0,0.0,1.0333333333333334,1.2206896551724138,-0.01666666666666672,-0.6103448275862069,1.4799196277761997,0.08358295084713939,True
1.0,0.0,1.05,1.2206896551724138,-0.025000000000000022,-0.6103448275862069,1.483855762709336,0.08317431480936721,True
1.0,0.0,1.0666666666666667,1.2206896551724138,-0.033333333333333326,-0.6103448275862069,1.4877846225380866,0.08277144273482016,True
1.0,0.0,1.0833333333333333,1.2206896551724138,-0.04166666666666663,-0.6103448275862069,1.4917062019519531,0.08237420307251114,True
1.0,0.0,1.1,1.2206896551724138,-0.050000000000000044,-0.6103448275862069,1.4956204971976153,0.08198246837920217,True
1.0,0.0,1.1166666666666667,1.2206896551724138,-0.05833333333333335,-0.6103448275862069,1.499527506009474,0.08159611515743079,True
1.0,0.0,1.1333333333333333,1.2206896551724138,-0.06666666666666665,-0.6103448275862069,1.5034272275424005,0.0812150237012985,True
1.0,0.0,1.1500000000000001,1.2206896551724138,-0.07500000000000007,-0.6103448275862069,1.507319662307997,0.08083907794945057,True
1.0,0.0,1.1666666666666667,1.2206896551724138,-0.08333333333333337,-0.6103448275862069,1.5112048121129993,0.0804681653449723,True
1.0,0.0,1.1833333333333333,1.2206896551724138,-0.09166666666666667,-0.6103448275862069,1.5150826800005353,0.08010217670174631,True
1.0,0.0,1.2000000000000002,1.2206896551724138,-0.10000000000000009,-0.6103448275862069,1.5189532701937174,0.07974100607695939,True
1.0,0.0,1.2166666666666668,1.2206896551724138,-0.10833333333333339,-0.6103448275862069,1.5228165880416147,0.07938455064941567,True
1.0,0.0,1.2333333333333334,1.2206896551724138,-0.1166666666666667,-0.6103448275862069,1.5266726399674517,0.07903271060335101,True
1.0,0.0,1.25,1.2206896551724138,-0.125,-0.6103448275862069,1.5305214334188917,0.07868538901746394,True
1.0,0.0,1.2666666666666668,1.2206896551724138,-0.13333333333333341,-0.6103448275862069,1.5343629768207132,0.07834249175885244,True
1.0,0.0,1.2833333333333334,1.2206896551724138,-0.14166666666666672,-0.6103448275862069,1.5381972795287495,0.07800392738169573,True
1.0,0.0,1.3,1.2206896551724138,-0.15000000000000002,-0.6103448275862069,1.542024351786541,0.07766960703029994,True
1.0,0.0,1.3166666666666667,1.2206896551724138,-0.15833333333333333,-0.6103448275862069,1.5458442046832277,0.0773394443464081,True
1.0,0.0,1.3333333333333335,1.2206896551724138,-0.16666666666666674,-0.6103448275862069,1.5496568501133816,0.07701335538048838,True
1.0,0.0,1.35,1.2206896551724138,-0.17500000000000004,-0.6103448275862069,1.5534623007384678,0.07669125850682255,True
1.0,0.0,1.3666666666666667,1.2206896551724138,-0.18333333333333335,-0.6103448275862069,1.557260569949887,0.07637307434220197,True
1.0,0.0,1.3833333333333333,1.2206896551724138,-0.19166666666666665,-0.6103448275862069,1.5610516718335323,0.07605872566805201,True
1.0,0.0,1.4000000000000001,1.2206896551724138,-0.20000000000000007,-0.6103448275862069,1.564835621135823,0.0757481373558144,True
1.0,0.0,1.4166666666666667,1.2206896551724138,-0.20833333333333337,-0.6103448275862069,1.5686124332311058,0.07544123629543138,True
1.0,0.0,1.4333333333333333,1.2206896551724138,-0.21666666666666667,-0.6103448275862069,1.5723821240904143,0.07513795132677858,True
1.0,0.0,1.45,1.2206896551724138,-0.22499999999999998,-0.6103448275862069,1.5761447102514983,0.07483821317390531,True
1.0,0.0,0.1,1.2494252873563219,0.45,-0.6247126436781609,1.2563038950679288,0.12132543079820264,True
1.0,0.0,0.11666666666666667,1.2494252873563219,0.44166666666666665,-0.6247126436781609,1.2605792977459778,0.12013013665594394,True
1.0,0.0,0.13333333333333333,1.2494252873563219,0.43333333333333335,-0.6247126436781609,1.264854354271891,0.11896752259170196,True
1.0,0.0,0.15000000000000002,1.2494252873563219,0.425,-0.6247126436781609,1.269128676220327,0.11783616625255422,True
1.0,0.0,0.16666666666666669,1.2494252873563219,0.41666666666666663,-0.6247126436781609,1.2734018932816475,0.11673472948727315,True
1.0,0.0,0.18333333333333335,1.2494252873563219,0.4083333333333333,-0.6247126436781609,1.277673652504368,0.11566195206411185,True
1.0,0.0,0.2,1.2494252873563219,0.4,-0.6247126436781609,1.2819436175664376,0.1146166459524241,True
1.0,0.0,0.21666666666666667,1.2494252873563219,0.39166666666666666,-0.6247126436781609,1.2862114680742223,0.11359769010926575,True
1.0,0.0,0.23333333333333334,1.2494252873563219,0.3833333333333333,-0.6247126436781609,1.2904768988887139,0.11260402571896139,True
1.0,0.0,0.25,1.2494252873563219,0.375,-0.6247126436781609,1.2947396194781697,0.11163465183977987,True
1.0,0.0,0.26666666666666666,1.2494252873563219,0.3666666666666667,-0.6247126436781609,1.2989993532964226,0.1106886214171332,True
1.0,0.0,0.2833333333333333,1.2494252873563219,0.35833333333333334,-0.6247126436781609,1.303255837186107,0.10976503762731743,True
1.0,0.0,0.30000000000000004,1.2494252873563219,0.35,-0.6247126436781609,1.3075088208059986,0.10886305051984367,True
1.0,0.0,0.31666666666666665,1.2494252873563219,0.3416666666666667,-0.6247126436781609,1.3117580660816837,0.107981853929921,True
1.0,0.0,0.33333333333333337,1.2494252873563219,0.3333333333333333,-0.6247126436781609,1.3160033466787873,0.1071206826357366,True
1.0,0.0,0.35,1.2494252873563219,0.325,-0.6247126436781609,1.3202444474979524,0.10627880973789783,True
1.0,0.0,0.3666666666666667,1.2494252873563219,0.31666666666666665,-0.6247126436781609,1.3244811641908125,0.10545554424077884,True
1.0,0.0,0.3833333333333333,1.2494252873563219,0.30833333333333335,-0.6247126436781609,1.3287133026961893,0.10465022881762237,True
1.0,0.0,0.4,1.2494252873563219,0.3,-0.6247126436781609,1.3329406787957527,0.10386223774311062,True
1.0,0.0,0.41666666666666663,1.2494252873563219,0.2916666666666667,-0.6247126436781609,1.3371631176884256,0.1030909749787576,True
1.0,0.0,0.43333333333333335,1.2494252873563219,0.2833333333333333,-0.6247126436781609,1.3413804535827871,0.10233587239794566,True
1.0,0.0,0.44999999999999996,1.2494252873563219,0.275,-0.6247126436781609,1.3455925293067952,0.10159638813871508,True
1.0,0.0,0.4666666666666667,1.2494252873563219,0.26666666666666666,-0.6247126436781609,1.3497991959341278,0.1008720050735793,True
1.0,0.0,0.4833333333333333,1.2494252873563219,0.25833333333333336,-0.6247126436781609,1.3540003124264732,0.10016222938666054,True
1.0,0.0,0.5,1.2494252873563219,0.25,-0.6247126436781609,1.358195745291142,0.09946658924935987,True
1.0,0.0,0.5166666666666667,1.2494252873563219,0.24166666666666664,-0.6247126436781609,1.3623853682533558,0.09878463358659757,True
1.0,0.0,0.5333333333333333,1.2494252873563219,0.23333333333333334,-0.6247126436781609,1.3665690619426154,0.09811593092639473,True
1.0,0.0,0.55,1.2494252873563219,0.22499999999999998,-0.6247126436781609,1.3707467135925637,0.09746006832622191,True
1.0,0.0,0.5666666666666667,1.2494252873563219,0.21666666666666667,-0.6247126436781609,1.3749182167537757,0.09681665037013766,True
1.0,0.0,0.5833333333333334,1.2494252873563219,0.20833333333333331,-0.6247126436781609,1.379083471018927,0.09618529823126713,True
1.0,0.0,0.6,1.2494252873563219,0.2,-0.6247126436781609,1.383242381759829,0.09556564879465021,True
1.0,0.0,0.6166666666666666,1.2494252873563219,0.1916666666666667,-0.6247126436781609,1.3873948598758084,0.09495735383592295,True
1.0,0.0,0.6333333333333333,1.2494252873563219,0.18333333333333335,-0.6247126436781609,1.3915408215529597,0.09436007925168206,True
1.0,0.0,0.65,1.2494252873563219,0.175,-0.6247126436781609,1.3956801880338265,0.09377350433773103,True
1.0,0.0,0.6666666666666666,1.2494252873563219,0.16666666666666669,-0.6247126436781609,1.3998128853968383,0.09319732111176281,True
1.0,0.0,0.6833333333333333,1.2494252873563219,0.15833333333333333,-0.6247126436781609,1.4039388443457879,0.09263123367718744,True
1.0,0.0,0.7,1.2494252873563219,0.15000000000000002,-0.6247126436781609,1.4080580000076663,0.09207495762535449,True
1.0,0.0,0.7166666666666667,1.2494252873563219,0.14166666666666666,-0.6247126436781609,1.4121702917398353,0.0915282194732881,True
1.0,0.0,0.7333333333333333,1.2494252873563219,0.13333333333333336,-0.6247126436781609,1.4162756629452447,0.09099075613458515,True
1.0,0.0,0.75,1.2494252873563219,0.125,-0.6247126436781609,1.4203740608956676,0.09046231442115348,True
1.0,0.0,0.7666666666666666,1.2494252873563219,0.1166666666666667,-0.6247126436781609,1.4244654365625697,0.08994265057369398,True
1.0,0.0,0.7833333333333333,1.2494252873563219,0.10833333333333334,-0.6247126436781609,1.4285497444552513,0.08943152981899538,True
1.0,0.0,0.7999999999999999,1.2494252873563219,0.10000000000000003,-0.6247126436781609,1.4326269424659617,0.0889287259522504,True
1.0,0.0,0.8166666666666667,1.2494252873563219,0.09166666666666667,-0.6247126436781609,1.4366969917216705,0.08843402094274494,True
1.0,0.0,0.8333333333333333,1.2494252873563219,0.08333333333333337,-0.6247126436781609,1.4407598564422177,0.08794720456139017,True
1.0,0.0,0.85,1.2494252873563219,0.07500000000000001,-0.6247126436781609,1.4448155038045298,0.08746807402868975,True
1.0,0.0,0.8666666666666666,1.2494252873563219,0.06666666666666671,-0.6247126436781609,1.448863903812686,0.08699643368182677,True
1.0,0.0,0.8833333333333333,1.2494252873563219,0.05833333333333335,-0.6247126436781609,1.452905029173528,0.0865320946596643,True
1.0,0.0,0.9,1.2494252873563219,0.04999999999999999,-0.6247126436781609,1.4569388551775975,0.08607487460453032,True
1.0,0.0,0.9166666666666666,1.2494252873563219,0.041666666666666685,-0.6247126436781609,1.4609653595851635,0.08562459737974416,True
1.0,0.0,0.9333333333333333,1.2494252873563219,0.033333333333333326,-0.6247126436781609,1.4649845225171174,0.08518109280191324,True
1.0,0.0,0.95,1.2494252873563219,0.025000000000000022,-0.6247126436781609,1.4689963263505261,0.08474419638709911,True
1.0,0.0,0.9666666666666667,1.2494252873563219,0.016666666666666663,-0.6247126436781609,1.4730007556185247,0.08431374911002532,True
1.0,0.0,0.9833333333333333,1.2494252873563219,0.00833333333333336,-0.6247126436781609,1.476997796914763,0.08388959717550203,True
1.0,0.0,1.0,1.2494252873563219,0.0,-0.6247126436781609,1.4809874388014632,0.08347159180142223,True
1.0,0.0,1.0166666666666666,1.2494252873563219,-0.008333333333333304,-0.6247126436781609,1.484969671721817,0.08305958901255293,True
1.0,0.0,1.0333333333333334,1.2494252873563219,-0.01666666666666672,-0.6247126436781609,1.4889444879157825,0.08265344944457187,True
1.0,0.0,1.05,1.2494252873563219,-0.025000000000000022,-0.6247126436781609,1.4929118813395852,0.08225303815770943,True
1.0,0.0,1.0666666666666667,1.2494252873563219,-0.033333333333333326,-0.6247126436781609,1.4968718475886176,0.08185822445946017,True
1.0,0.0,1.0833333333333333,1.2494252873563219,-0.04166666666666663,-0.6247126436781609,1.5008243838235102,0.08146888173585733,True
1.0,0.0,1.1,1.2494252873563219,-0.050000000000000044,-0.6247126436781609,1.5047694886994196,0.08108488729080791,True
1.0,0.0,1.1166666666666667,1.2494252873563219,-0.05833333333333335,-0.6247126436781609,1.5087071622982113,0.08070612219305878,True
1.0,0.0,1.1333333333333333,1.2494252873563219,-0.06666666666666665,-0.6247126436781609,1.5126374060635417,0.08033247113035538,True
1.0,0.0,1.1500000000000001,1.2494252873563219,-0.07500000000000007,-0.6247126436781609,1.516560222738632,0.07996382227040855,True
1.0,0.0,1.1666666666666667,1.2494252873563219,-0.08333333333333337,-0.6247126436781609,1.5204756163066675,0.07960006712829218,True
1.0,0.0,1.1833333333333333,1.2494252873563219,-0.09166666666666667,-0.6247126436781609,1.5243835919336999,0.07924110043992603,True
1.0,0.0,1.2000000000000002,1.2494252873563219,-0.10000000000000009,-0.6247126436781609,1.5282841559139093,0.07888682004132051,True
1.0,0.0,1.2166666666666668,1.2494252873563219,-0.10833333333333339,-0.6247126436781609,1.5321773156171232,0.07853712675327683,True
1.0,0.0,1.2333333333333334,1.2494252873563219,-0.1166666666666667,-0.6247126436781609,1.5360630794387575,0.078191924271233,True
1.0,0.0,1.25,1.2494252873563219,-0.125,-0.6247126436781609,1.539941456751372,0.07785111906004717,True
1.0,0.0,1.2666666666666668,1.2494252873563219,-0.13333333333333341,-0.6247126436781609,1.5438124578587449,0.07751462025337678,True
1.0,0.0,1.2833333333333334,1.2494252873563219,-0.14166666666666672,-0.6247126436781609,1.5476760939515455,0.07718233955748877,True
1.0,0.0,1.3,1.2494252873563219,-0.15000000000000002,-0.6247126436781609,1.5515323770649592,0.07685419115923701,True
1.0,0.0,1.3166666666666667,1.2494252873563219,-0.15833333333333333,-0.6247126436781609,1.5553813200380469,0.0765300916380074,True
1.0,0.0,1.3333333333333335,1.2494252873563219,-0.16666666666666674,-0.6247126436781609,1.559222936474797,0.07620995988142813,True
1.0,0.0,1.35,1.2494252873563219,-0.17500000000000004,-0.6247126436781609,1.5630572407067855,0.0758937170046588,True
1.0,0.0,1.3666666666666667,1.2494252873563219,-0.18333333333333335,-0.6247126436781609,1.5668842477573743,0.07558128627308011,True
1.0,0.0,1.3833333333333333,1.2494252873563219,-0.19166666666666665,-0.6247126436781609,1.570703973307412,0.07527259302821553,True
1.0,0.0,1.4000000000000001,1.2494252873563219,-0.20000000000000007,-0.6247126436781609,1.5745164336623243,0.07496756461672976,True
1.0,0.0,1.4166666666666667,1.2494252873563219,-0.20833333333333337,-0.6247126436781609,1.5783216457205866,0.07466613032235282,True
1.0,0.0,1.4333333333333333,1.2494252873563219,-0.21666666666666667,-0.6247126436781609,1.5821196269434767,0.07436822130058936,True
1.0,0.0,1.45,1.2494252873563219,-0.22499999999999998,-0.6247126436781609,1.5859103953260965,0.07407377051608033,True
1.0,0.0,0.1,1.27816091954023,0.45,-0.639080459770115,1.263189501343939,0.11941650964405595,True
1.0,0.0,0.11666666666666667,1.27816091954023,0.44166666666666665,-0.639080459770115,1.2675113394106647,0.11826069373895037,True
1.0,0.0,0.13333333333333333,1.27816091954023,0.43333333333333335,-0.639080459770115,1.2718323411486994,0.11713593068076365,True
1.0,0.0,0.15000000000000002,1.27816091954023,0.425,-0.639080459770115,1.2761521307952308,0.11604089284453409,True
1.0,0.0,0.16666666666666669,1.27816091954023,0.41666666666666663,-0.639080459770115,1.2804703503139963,0.11497432978039844,True
1.0,0.0,0.18333333333333335,1.27816091954023,0.4083333333333333,-0.639080459770115,1.2847866586480712,0.11393506256042701,True
1.0,0.0,0.2,1.27816091954023,0.4,-0.639080459770115,1.2891007310011127,0.11292197862374186,True
1.0,0.0,0.21666666666666667,1.27816091954023,0.39166666666666666,-0.639080459770115,1.2934122581465535,0.11193402706868685,True
1.0,0.0,0.23333333333333334,1.27816091954023,0.3833333333333333,-0.639080459770115,1.2977209457639625,0.11097021434686766,True
1.0,0.0,0.25,1.27816091954023,0.375,-0.639080459770115,1.3020265138017868,0.11002960031907237,True
1.0,0.0,0.26666666666666666,1.27816091954023,0.3666666666666667,-0.639080459770115,1.3063286958657085,0.10911129463760595,True
1.0,0.0,0.2833333333333333,1.27816091954023,0.35833333333333334,-0.639080459770115,1.3106272386317757,0.10821445342354687,True
1.0,0.0,0.30000000000000004,1.27816091954023,0.35,-0.639080459770115,1.3149219012835405,0.10733827621087567,True
1.0,0.0,0.31666666666666665,1.27816091954023,0.3416666666666667,-0.639080459770115,1.3192124549723532,0.10648200313248496,True
1.0,0.0,0.33333333333333337,1.27816091954023,0.3333333333333333,-0.639080459770115,1.3234986823000452,0.10564491232572859,True
1.0,0.0,0.35,1.27816091954023,0.325,-0.639080459770115,1.3277803768231728,0.10482631753753593,True
1.0,0.0,0.3666666666666667,1.27816091954023,0.31666666666666665,-0.639080459770115,1.3320573425780597,0.10402556591117597,True
1.0,0.0,0.3833333333333333,1.27816091954023,0.30833333333333335,-0.639080459770115,1.3363293936258425,0.10324203593859921,True
1.0,0.0,0.4,1.27816091954023,0.3,-0.639080459770115,1.3405963536167733,0.10247513556390199,True
1.0,0.0,0.41666666666666663,1.27816091954023,0.2916666666666667,-0.639080459770115,1.344858055373035,0.10172430042489577,True
1.0,0.0,0.43333333333333335,1.27816091954023,0.2833333333333333,-0.639080459770115,1.349114340489335,0.1009889922210492,True
1.0,0.0,0.44999999999999996,1.27816091954023,0.275,-0.639080459770115,1.3533650589505861,0.10026869719720002,True
1.0,0.0,0.4666666666666667,1.27816091954023,0.26666666666666666,-0.639080459770115,1.3576100687659733,0.09956292473345496,True
1.0,0.0,0.4833333333333333,1.27816091954023,0.25833333333333336,-0.639080459770115,1.3618492356187535,0.09887120603259608,True
1.0,0.0,0.5,1.27816091954023,0.25,-0.639080459770115,1.366082432531133,0.098193092897126,True
1.0,0.0,0.5166666666666667,1.27816091954023,0.24166666666666664,-0.639080459770115,1.3703095395436065,0.0975281565888045,True
1.0,0.0,0.5333333333333333,1.27816091954023,0.23333333333333334,-0.639080459770115,1.3745304434081482,0.09687598676418367,True
1.0,0.0,0.55,1.27816091954023,0.22499999999999998,-0.639080459770115,1.3787450372946757,0.09623619048022894,True
1.0,0.0,0.5666666666666667,1.27816091954023,0.21666666666666667,-0.639080459770115,1.382953220510228,0.0956083912646394,True
1.0,0.0,0.5833333333333334,1.27816091954023,0.20833333333333331,-0.639080459770115,1.387154898230315,0.09499222824595342,True
1.0,0.0,0.6,1.27816091954023,0.2,-0.639080459770115,1.3913499812419066,0.09438735533895384,True
1.0,0.0,0.6166666666666666,1.27816091954023,0.1916666666666667,-0.639080459770115,1.3955383856976171,0.09379344048126051,True
1.0,0.0,0.6333333333333333,1.27816091954023,0.18333333333333335,-0.639080459770115,1.3997200328803678,0.09321016491738815,True
1.0,0.0,0.65,1.27816091954023,0.175,-0.639080459770115,1.4038948489787382,0.09263722252673441,True
1.0,0.0,0.6666666666666666,1.27816091954023,0.16666666666666669,-0.639080459770115,1.4080627648713866,0.09207431919250567,True
1.0,0.0,0.6833333333333333,1.27816091954023,0.15833333333333333,-0.639080459770115,1.4122237159213862,0.09152117220850586,True
1.0,0.0,0.7,1.27816091954023,0.15000000000000002,-0.639080459770115,1.4163776417792349,0.09097750972124147,True
1.0,0.0,0.7166666666666667,1.27816091954023,0.14166666666666666,-0.639080459770115,1.420524486194443,0.0904430702048523,True
1.0,0.0,0.7333333333333333,1.27816091954023,0.13333333333333336,-0.639080459770115,1.424664196835298,0.08991760196661613,True
1.0,0.0,0.75,1.27816091954023,0.125,-0.639080459770115,1.4287967251164373,0.08940086268095007,True
1.0,0.0,0.7666666666666666,1.27816091954023,0.1166666666666667,-0.639080459770115,1.4329220260338704,0.08889261894999434,True
1.0,0.0,0.7833333333333333,1.27816091954023,0.10833333333333334,-0.639080459770115,1.4370400580071532,0.08839264588900335,True
1.0,0.0,0.7999999999999999,1.27816091954023,0.10000000000000003,-0.639080459770115,1.4411507827283672,0.08790072673491434,True
1.0,0.0,0.8166666666666667,1.27816091954023,0.09166666666666667,-0.639080459770115,1.4452541650176307,0.08741665247657708,True
1.0,0.0,0.8333333333333333,1.27816091954023,0.08333333333333337,-0.639080459770115,1.4493501726848366,0.08694022150524726,True
1.0,0.0,0.85,1.27816091954023,0.07500000000000001,-0.639080459770115,1.4534387763973469,0.08647123928404754,True
1.0,0.0,0.8666666666666666,1.27816091954023,0.06666666666666671,-0.639080459770115,1.4575199495533842,0.08600951803519316,True
1.0,0.0,0.8833333333333333,1.27816091954023,0.05833333333333335,-0.639080459770115,1.4615936681608677,0.08555487644386901,True
1.0,0.0,0.9,1.27816091954023,0.04999999999999999,-0.639080459770115,1.4656599107214485,0.08510713937772241,True
1.0,0.0,0.9166666666666666,1.27816091954023,0.041666666666666685,-0.639080459770115,1.4697186581195367,0.08466613762100968,True
1.0,0.0,0.9333333333333333,1.27816091954023,0.033333333333333326,-0.639080459770115,1.4737698935159878,0.08423170762251293,True
1.0,0.0,0.95,1.27816091954023,0.025000000000000022,-0.639080459770115,1.4778136022466155,0.0838036912563575,True
1.0,0.0,0.9666666666666667,1.27816091954023,0.016666666666666663,-0.639080459770115,1.4818497717245693,0.0833819355950347,True
1.0,0.0,0.9833333333333333,1.27816091954023,0.00833333333333336,-0.639080459770115,1.4858783913473914,0.08296629269380464,True
1.0,0.0,1.0,1.27816091954023,0.0,-0.639080459770115,1.4898994524076714,0.08255661938589888,True
1.0,0.0,1.0166666666666666,1.27816091954023,-0.008333333333333304,-0.639080459770115,1.4939129480076645,0.08215277708784154,True
1.0,0.0,1.0333333333333334,1.27816091954023,-0.01666666666666672,-0.639080459770115,1.4979188729775175,0.08175463161432217,True
1.0,0.0,1.05,1.27816091954023,-0.025000000000000022,-0.639080459770115,1.5019172237969356,0.08136205300207341,True
1.0,0.0,1.0666666666666667,1.27816091954023,-0.033333333333333326,-0.639080459770115,1.5059079985202106,0.08097491534223691,True
1.0,0.0,1.0833333333333333,1.27816091954023,-0.04166666666666663,-0.639080459770115,1.5098911967043964,0.08059309662074526,True
1.0,0.0,1.1,1.27816091954023,-0.050000000000000044,-0.639080459770115,1.5138668193405342,0.0802164785662691,True
1.0,0.0,1.1166666666666667,1.27816091954023,-0.05833333333333335,-0.639080459770115,1.5178348687877878,0.07984494650531114,True
1.0,0.0,1.1333333333333333,1.27816091954023,-0.06666666666666665,-0.639080459770115,1.521795348710344,0.07947838922405741,True
1.0,0.0,1.1500000000000001,1.27816091954023,-0.07500000000000007,-0.639080459770115,1.5257482640169853,0.07911669883661424,True
1.0,0.0,1.1666666666666667,1.27816091954023,-0.08333333333333337,-0.639080459770115,1.5296936208032088,0.0787597706592886,True
1.0,0.0,1.1833333333333333,1.27816091954023,-0.09166666666666667,-0.639080459770115,1.5336314262956934,0.07840750309059497,True
1.0,0.0,1.2000000000000002,1.27816091954023,-0.10000000000000009,-0.639080459770115,1.5375616887993768,0.07805979749665239,True
1.0,0.0,1.2166666666666668,1.27816091954023,-0.10833333333333339,-0.639080459770115,1.5414844176463205,0.07771655810175239,True
1.0,0.0,1.2333333333333334,1.27816091954023,-0.1166666666666667,-0.639080459770115,1.5453996231470837,0.07737769188375367,True
1.0,0.0,1.25,1.27816091954023,-0.125,-0.639080459770115,1.5493073165439593,0.0770431084741038,True
1.0,0.0,1.2666666666666668,1.27816091954023,-0.13333333333333341,-0.639080459770115,1.5532075099662164,0.07671272006222882,True
1.0,0.0,1.2833333333333334,1.27816091954023,-0.14166666666666672,-0.639080459770115,1.5571002163871968,0.07638644130407285,True
1.0,0.0,1.3,1.27816091954023,-0.15000000000000002,-0.639080459770115,1.5609854495831994,0.07606418923457829,True
1.0,0.0,1.3166666666666667,1.27816091954023,-0.15833333333333333,-0.639080459770115,1.5648632240941007,0.07574588318390411,True
1.0,0.0,1.3333333333333335,1.27816091954023,-0.16666666666666674,-0.639080459770115,1.5687335551855877,0.07543144469720166,True
1.0,0.0,1.35,1.27816091954023,-0.17500000000000004,-0.639080459770115,1.5725964588129895,0.07512079745776576,True
1.0,0.0,1.3666666666666667,1.27816091954023,-0.18333333333333335,-0.639080459770115,1.576451951586584,0.07481386721340133,True
1.0,0.0,1.3833333333333333,1.27816091954023,-0.19166666666666665,-0.639080459770115,1.5803000507383826,0.07451058170584154,True
1.0,0.0,1.4000000000000001,1.27816091954023,-0.20000000000000007,-0.639080459770115,1.584140774090266,0.07421087060307627,True
1.0,0.0,1.4166666666666667,1.27816091954023,-0.20833333333333337,-0.639080459770115,1.587974140023455,0.07391466543444687,True
1.0,0.0,1.4333333333333333,1.27816091954023,-0.21666666666666667,-0.639080459770115,1.5918001674492406,0.07362189952837678,True
1.0,0.0,1.45,1.27816091954023,-0.22499999999999998,-0.639080459770115,1.5956188757809537,0.07333250795261041,True
1.0,0.0,0.1,1.306896551724138,0.45,-0.653448275862069,1.2700501924372558,0.11759618364283082,True
1.0,0.0,0.11666666666666667,1.306896551724138,0.44166666666666665,-0.653448275862069,1.274417772899447,0.11647709399419345,True
1.0,0.0,0.13333333333333333,1.306896551724138,0.43333333333333335,-0.653448275862069,1.2787840414051816,0.11538757317101762,True
1.0,0.0,0.15000000000000002,1.306896551724138,0.425,-0.653448275862069,1.283148634412579,0.11432637832703683,True
1.0,0.0,0.16666666666666669,1.306896551724138,0.41666666666666663,-0.653448275862069,1.287511205730115,0.11329233761701302,True
1.0,0.0,0.18333333333333335,1.306896551724138,0.4083333333333333,-0.653448275862069,1.29187142577917,0.11228434508651948,True
1.0,0.0,0.2,1.306896551724138,0.4,-0.653448275862069,1.296228980885274,0.11130135600427943,True
1.0,0.0,0.21666666666666667,1.306896551724138,0.39166666666666666,-0.653448275862069,1.300583572597286,0.11034238259238364,True
1.0,0.0,0.23333333333333334,1.306896551724138,0.3833333333333333,-0.653448275862069,1.3049349170337052,0.10940649011485089,True
1.0,0.0,0.25,1.306896551724138,0.375,-0.653448275862069,1.3092827442553177,0.10849279328945874,True
1.0,0.0,0.26666666666666666,1.306896551724138,0.3666666666666667,-0.653448275862069,1.3136267976633313,0.10760045299169556,True
1.0,0.0,0.2833333333333333,1.306896551724138,0.35833333333333334,-0.653448275862069,1.3179668334221928,0.10672867322309082,True
1.0,0.0,0.30000000000000004,1.306896551724138,0.35,-0.653448275862069,1.3223026199062362,0.10587669831919244,True
1.0,0.0,0.31666666666666665,1.306896551724138,0.3416666666666667,-0.653448275862069,1.3266339371693534,0.10504381037509054,True
1.0,0.0,0.33333333333333337,1.306896551724138,0.3333333333333333,-0.653448275862069,1.3309605764368426,0.10422932686871655,True
1.0,0.0,0.35,1.306896551724138,0.325,-0.653448275862069,1.3352823396186515,0.10343259846418604,True
1.0,0.0,0.3666666666666667,1.306896551724138,0.31666666666666665,-0.653448275862069,1.339599038843195,0.10265300697927629,True
1.0,0.0,0.3833333333333333,1.306896551724138,0.30833333333333335,-0.653448275862069,1.3439104960109773,0.10188996350272589,True
1.0,0.0,0.4,1.306896551724138,0.3,-0.653448275862069,1.348216542367252,0.10114290664846812,True
1.0,0.0,0.41666666666666663,1.306896551724138,0.2916666666666667,-0.653448275862069,1.3525170180929664,0.10041130093517808,True
1.0,0.0,0.43333333333333335,1.306896551724138,0.2833333333333333,-0.653448275862069,1.3568117719132706,0.09969463528063377,True
1.0,0.0,0.44999999999999996,1.306896551724138,0.275,-0.653448275862069,1.3611006607228837,0.09899242160139757,True
1.0,0.0,0.4666666666666667,1.306896551724138,0.26666666666666666,-0.653448275862069,1.365383549227618,0.0983041935092207,True
1.0,0.0,0.4833333333333333,1.306896551724138,0.25833333333333336,-0.653448275862069,1.3696603096014166,0.09762950509637199,True
1.0,0.0,0.5,1.306896551724138,0.25,-0.653448275862069,1.3739308211582388,0.09696792980281217,True
1.0,0.0,0.5166666666666667,1.306896551724138,0.24166666666666664,-0.653448275862069,1.378194970038199,0.09631905935877429,True
1.0,0.0,0.5333333333333333,1.306896551724138,0.23333333333333334,-0.653448275862069,1.382452648907322,0.09568250279689652,True
1.0,0.0,0.55,1.306896551724138,0.22499999999999998,-0.653448275862069,1.3867037566703746,0.09505788552856177,True
1.0,0.0,0.5666666666666667,1.306896551724138,0.21666666666666667,-0.653448275862069,1.3909481981961913,0.09444484847957689,True
1.0,0.0,0.5833333333333334,1.306896551724138,0.20833333333333331,-0.653448275862069,1.395185884054986,0.09384304728073756,True
1.0,0.0,0.6,1.306896551724138,0.2,-0.653448275862069,1.3994167302669696,0.09325215150923358,True
1.0,0.0,0.6166666666666666,1.306896551724138,0.1916666666666667,-0.653448275862069,1.4036406580623215,0.09267184397709326,True
1.0,0.0,0.6333333333333333,1.306896551724138,0.18333333333333335,-0.653448275862069,1.4078575936510358,0.09210182006339578,True
1.0,0.0,0.65,1.306896551724138,0.175,-0.653448275862069,1.4120674680033103,0.09154178708696216,True
1.0,0.0,0.6666666666666666,1.306896551724138,0.16666666666666669,-0.653448275862069,1.416270216639268,0.09099146371676027,True
1.0,0.0,0.6833333333333333,1.306896551724138,0.15833333333333333,-0.653448275862069,1.4204657794278934,0.09045057941733844,True
1.0,0.0,0.7,1.306896551724138,0.15000000000000002,-0.653448275862069,1.4246541003947277,0.08991887392686586,True
1.0,0.0,0.7166666666666667,1.306896551724138,0.14166666666666666,-0.653448275862069,1.4288351275379396,0.08939609676554112,True
1.0,0.0,0.7333333333333333,1.306896551724138,0.13333333333333336,-0.653448275862069,1.4330088126523985,0.08888200677230743,True
1.0,0.0,0.75,1.306896551724138,0.125,-0.653448275862069,1.4371751111614,0.08837637166797123,True
1.0,0.0,0.7666666666666666,1.306896551724138,0.1166666666666667,-0.653448275862069,1.4413339819557045,0.0878789676429688,True
1.0,0.0,0.7833333333333333,1.306896551724138,0.10833333333333334,-0.653448275862069,1.445485387239566,0.08738957896815601,True
1.0,0.0,0.7999999999999999,1.306896551724138,0.10000000000000003,-0.653448275862069,1.4496292923834437,0.08690799762712191,True
1.0,0.0,0.8166666666666667,1.306896551724138,0.09166666666666667,-0.653448275862069,1.4537656657830842,0.08643402296863784,True
1.0,0.0,0.8333333333333333,1.306896551724138,0.08333333333333337,-0.653448275862069,1.457894478724729,0.08596746137794999,True
1.0,0.0,0.85,1.306896551724138,0.07500000000000001,-0.653448275862069,1.462015705256135,0.0855081259657304,True
1.0,0.0,0.8666666666666666,1.306896551724138,0.06666666666666671,-0.653448275862069,1.4661293220631615,0.08505583627357362,True
1.0,0.0,0.8833333333333333,1.306896551724138,0.05833333333333335,-0.653448275862069,1.4702353083517363,0.08461041799500933,True
1.0,0.0,0.9,1.306896551724138,0.04999999999999999,-0.653448275862069,1.4743336457347802,0.0841717027110945,True
1.0,0.0,0.9166666666666666,1.306896551724138,0.041666666666666685,-0.653448275862069,1.4784243181242709,0.08373952763965305,True
1.0,0.0,0.9333333333333333,1.306896551724138,0.033333333333333326,-0.653448275862069,1.4825073116274858,0.08331373539741875,True
1.0,0.0,0.95,1.306896551724138,0.025000000000000022,-0.653448275862069,1.4865826144482723,0.08289417377419883,True
1.0,0.0,0.9666666666666667,1.306896551724138,0.016666666666666663,-0.653448275862069,1.4906502167920979,0.08248069551845384,True
1.0,0.0,0.9833333333333333,1.306896551724138,0.00833333333333336,-0.653448275862069,1.4947101107753837,0.08207315813355358,True
1.0,0.0,1.0,1.306896551724138,0.0,-0.653448275862069,1.4987622903386804,0.08167142368411215,True
1.0,0.0,1.0166666666666666,1.306896551724138,-0.008333333333333304,-0.653448275862069,1.5028067511635175,0.08127535861182228,True
1.0,0.0,1.0333333333333334,1.306896551724138,-0.01666666666666672,-0.653448275862069,1.5068434905928771,0.08088483356023199,True
1.0,0.0,1.05,1.306896551724138,-0.025000000000000022,-0.653448275862069,1.5108725075549736,0.08049972320797348,True
1.0,0.0,1.0666666666666667,1.306896551724138,-0.033333333333333326,-0.653448275862069,1.5148938024903316,0.080119906109955,True
1.0,0.0,1.0833333333333333,1.306896551724138,-0.04166666666666663,-0.653448275862069,1.5189073772819564,0.07974526454607724,True
1.0,0.0,1.1,1.306896551724138,-0.050000000000000044,-0.653448275862069,1.5229132351884687,0.07937568437705848,True
1.0,0.0,1.1166666666666667,1.306896551724138,-0.05833333333333335,-0.653448275862069,1.5269113807800627,0.07901105490697824,True
1.0,0.0,1.1333333333333333,1.306896551724138,-0.06666666666666665,-0.653448275862069,1.530901819877145,0.07865126875217673,True
1.0,0.0,1.1500000000000001,1.306896551724138,-0.07500000000000007,-0.653448275862069,1.5348845594918283,0.07829622171614133,True
1.0,0.0,1.1666666666666667,1.306896551724138,-0.08333333333333337,-0.653448275862069,1.5388596077713215,0.07794581267013341,True
1.0,0.0,1.1833333333333333,1.306896551724138,-0.09166666666666667,-0.653448275862069,1.5428269739443905,0.07759994343913978,True
1.0,0.0,1.2000000000000002,1.306896551724138,-0.10000000000000009,-0.653448275862069,1.5467866682696259,0.07725851869296795,True
1.0,0.0,1.2166666666666668,1.306896551724138,-0.10833333333333339,-0.653448275862069,1.550738701986046,0.07692144584216398,True
1.0,0.0,1.2333333333333334,1.306896551724138,-0.1166666666666667,-0.653448275862069,1.554683087265765,0.07658863493851649,True
1.0,0.0,1.25,1.306896551724138,-0.125,-0.653448275862069,1.5586198371686453,0.07625999857991154,True
1.0,0.0,1.2666666666666668,1.306896551724138,-0.13333333333333341,-0.653448275862069,1.5625489655988574,0.0759354518193142,True
1.0,0.0,1.2833333333333334,1.306896551724138,-0.14166666666666672,-0.653448275862069,1.5664704872632635,0.07561491207767004,True
1.0,0.0,1.3,1.306896551724138,-0.15000000000000002,-0.653448275862069,1.5703844176315502,0.0752982990605265,True
1.0,0.0,1.3166666666666667,1.306896551724138,-0.15833333333333333,-0.653448275862069,1.5742907728980287,0.074985534678192,True
1.0,0.0,1.3333333333333335,1.306896551724138,-0.16666666666666674,-0.653448275862069,1.5781895699450252,0.07467654296925598,True
1.0,0.0,1.35,1.306896551724138,-0.17500000000000004,-0.653448275862069,1.582080826307831,0.07437125002730234,True
1.0,0.0,1.3666666666666667,1.306896551724138,-0.18333333333333335,-0.653448275862069,1.5859645601410894,0.07406958393066604,True
1.0,0.0,1.3833333333333333,1.306896551724138,-0.19166666666666665,-0.653448275862069,1.5898407901866045,0.07377147467507984,True
1.0,0.0,1.4000000000000001,1.306896551724138,-0.20000000000000007,-0.653448275862069,1.5937095357424897,0.07347685410907612,True
1.0,0.0,1.4166666666666667,1.306896551724138,-0.20833333333333337,-0.653448275862069,1.5975708166336047,0.07318565587200984,True
1.0,0.0,1.4333333333333333,1.306896551724138,-0.21666666666666667,-0.653448275862069,1.6014246531832381,0.07289781533457959,True
1.0,0.0,1.45,1.306896551724138,-0.22499999999999998,-0.653448275862069,1.6052710661859406,0.07261326954173011,True
1.0,0.0,0.1,1.335632183908046,0.45,-0.667816091954023,1.27688569240749,0.11585776495961929,True
1.0,0.0,0.11666666666666667,1.335632183908046,0.44166666666666665,-0.667816091954023,1.2812983535733307,0.1147729234643543,True
1.0,0.0,0.13333333333333333,1.335632183908046,0.43333333333333335,-0.667816091954023,1.2857092408722717,0.11371629303771061,True
1.0,0.0,0.15000000000000002,1.335632183908046,0.425,-0.667816091954023,1.2901180025678354,0.11268670701065031,True
1.0,0.0,0.16666666666666669,1.335632183908046,0.41666666666666663,-0.667816091954023,1.2945243039095982,0.11168306426447855,True
1.0,0.0,0.18333333333333335,1.335632183908046,0.4083333333333333,-0.667816091954023,1.2989278264055222,0.11070432459170373,True
1.0,0.0,0.2,1.335632183908046,0.4,-0.667816091954023,1.3033282671230189,0.1097495044519547,True
1.0,0.0,0.21666666666666667,1.335632183908046,0.39166666666666666,-0.667816091954023,1.3077253380179268,0.10881767308373176,True
1.0,0.0,0.23333333333333334,1.335632183908046,0.3833333333333333,-0.667816091954023,1.3121187652905877,0.10790794893720203,True
1.0,0.0,0.25,1.335632183908046,0.375,-0.667816091954023,1.3165082887681552,0.10701949639713057,True
1.0,0.0,0.26666666666666666,1.335632183908046,0.3666666666666667,-0.667816091954023,1.3208936613122997,0.10615152276841995,True
1.0,0.0,0.2833333333333333,1.335632183908046,0.35833333333333334,-0.667816091954023,1.3252746482514488,0.10530327549971386,True
1.0,0.0,0.30000000000000004,1.335632183908046,0.35,-0.667816091954023,1.3296510268367112,0.10447403962313373,True
1.0,0.0,0.31666666666666665,1.335632183908046,0.3416666666666667,-0.667816091954023,1.3340225857206436,0.10366313539051697,True
1.0,0.0,0.33333333333333337,1.335632183908046,0.3333333333333333,-0.667816091954023,1.3383891244580208,0.10286991608856388,True
1.0,0.0,0.35,1.335632183908046,0.325,-0.667816091954023,1.3427504530277978,0.10209376601709046,True
1.0,0.0,0.3666666666666667,1.335632183908046,0.31666666666666665,-0.667816091954023,1.3471063913754404,0.10133409861618278,True
1.0,0.0,0.3833333333333333,1.335632183908046,0.30833333333333335,-0.667816091954023,1.3514567689748558,0.10059035472945177,True
1.0,0.0,0.4,1.335632183908046,0.3,-0.667816091954023,1.3558014244091379,0.09986200099185037,True
1.0,0.0,0.41666666666666663,1.335632183908046,0.2916666666666667,-0.667816091954023,1.36014020496938,0.09914852833162581,True
1.0,0.0,0.43333333333333335,1.335632183908046,0.2833333333333333,-0.667816091954023,1.3644729662708408,0.09844945057697463,True
1.0,0.0,0.44999999999999996,1.335632183908046,0.275,-0.667816091954023,1.3687995718857189,0.0977643031588667,True
1.0,0.0,0.4666666666666667,1.335632183908046,0.26666666666666666,-0.667816091954023,1.3731198929919006,0.09709264190228267,True
1.0,0.0,0.4833333333333333,1.335632183908046,0.25833333333333336,-0.667816091954023,1.3774338080369686,0.0964340418988397,True
1.0,0.0,0.5,1.335632183908046,0.25,-0.667816091954023,1.381741202416864,0.09578809645440434,True
1.0,0.0,0.5166666666666667,1.335632183908046,0.24166666666666664,-0.667816091954023,1.3860419681685665,0.09515441610587386,True
1.0,0.0,0.5333333333333333,1.335632183908046,0.23333333333333334,-0.667816091954023,1.3903360036761996,0.09453262770181886,True
1.0,0.0,0.55,1.335632183908046,0.22499999999999998,-0.667816091954023,1.3946232133899985,0.093922373542145,True
1.0,0.0,0.5666666666666667,1.335632183908046,0.21666666666666667,-0.667816091954023,1.3989035075574856,0.0933233105723652,True
1.0,0.0,0.5833333333333334,1.335632183908046,0.20833333333333331,-0.667816091954023,1.4031768019666822,0.09273510962838853,True
1.0,0.0,0.6,1.335632183908046,0.2,-0.667816091954023,1.4074430177001336,0.09215745472822183,True
1.0,0.0,0.6166666666666666,1.335632183908046,0.1916666666666667,-0.667816091954023,1.4117020809001053,0.09159004240707481,True
1.0,0.0,0.6333333333333333,1.335632183908046,0.18333333333333335,-0.667816091954023,1.4159539225438624,0.09103258109284106,True
1.0,0.0,0.65,1.335632183908046,0.175,-0.667816091954023,1.4201984782288393,0.09048479051906193,True
1.0,0.0,0.6666666666666666,1.335632183908046,0.16666666666666669,-0.667816091954023,1.424435687967209,0.08994640117275475,True
1.0,0.0,0.6833333333333333,1.335632183908046,0.15833333333333333,-0.667816091954023,1.4286654959894536,0.08941715377468609,True
1.0,0.0,0.7,1.335632183908046,0.15000000000000002,-0.667816091954023,1.4328878505565181,0.08889679878986814,True
1.0,0.0,0.7166666666666667,1.335632183908046,0.14166666666666666,-0.667816091954023,1.4371027037801885,0.08838509596622456,True
1.0,0.0,0.7333333333333333,1.335632183908046,0.13333333333333336,-0.667816091954023,1.441310011451318,0.08788181389953383,True
1.0,0.0,0.75,1.335632183908046,0.125,-0.667816091954023,1.4455097328755433,0.08738672962290685,True
1.0,0.0,0.7666666666666666,1.335632183908046,0.1166666666666667,-0.667816091954023,1.4497018307161877,0.08689962821917806,True
1.0,0.0,0.7833333333333333,1.335632183908046,0.10833333333333334,-0.667816091954023,1.4538862708440006,0.08642030245472306,True
1.0,0.0,0.7999999999999999,1.335632183908046,0.10000000000000003,-0.667816091954023,1.4580630221934439,0.08594855243331727,True
1.0,0.0,0.8166666666666667,1.335632183908046,0.09166666666666667,-0.667816091954023,1.4622320566252391,0.08548418526875635,True
1.0,0.0,0.8333333333333333,1.335632183908046,0.08333333333333337,-0.667816091954023,1.4663933487948682,0.08502701477505345,True
1.0,0.0,0.85,1.335632183908046,0.07500000000000001,-0.667816091954023,1.4705468760268678,0.08457686117310147,True
1.0,0.0,0.8666666666666666,1.335632183908046,0.06666666666666671,-0.667816091954023,1.474692618194358,0.08413355081281115,True
1.0,0.0,0.8833333333333333,1.335632183908046,0.05833333333333335,-0.667816091954023,1.4788305576042144,0.08369691590970396,True
1.0,0.0,0.9,1.335632183908046,0.04999999999999999,-0.667816091954023,1.4829606788865746,0.08326679429519314,True
1.0,0.0,0.9166666666666666,1.335632183908046,0.041666666666666685,-0.667816091954023,1.4870829688898204,0.08284302917958547,True
1.0,0.0,0.9333333333333333,1.335632183908046,0.033333333333333326,-0.667816091954023,1.4911974165795794,0.08242546892717022,True
1.0,0.0,0.95,1.335632183908046,0.025000000000000022,-0.667816091954023,1.4953040129423207,0.08201396684260104,True
1.0,0.0,0.9666666666666667,1.335632183908046,0.016666666666666663,-0.667816091954023,1.4994027508930394,0.0816083809679385,True
1.0,0.0,0.9833333333333333,1.335632183908046,0.00833333333333336,-0.667816091954023,1.503493625186876,0.08120857388973036,True
1.0,0.0,1.0,1.335632183908046,0.0,-0.667816091954023,1.5075766323346853,0.08081441255553092,True
1.0,0.0,1.0166666666666666,1.335632183908046,-0.008333333333333304,-0.667816091954023,1.5116517705220036,0.08042576809935773,True
1.0,0.0,1.0333333333333334,1.335632183908046,-0.01666666666666672,-0.667816091954023,1.5157190395316718,0.08004251567553812,True
1.0,0.0,1.05,1.335632183908046,-0.025000000000000022,-0.667816091954023,1.5197784406696861,0.07966453430050041,True
1.0,0.0,1.0666666666666667,1.335632183908046,-0.033333333333333326,-0.667816091954023,1.5238299766942496,0.07929170670205596,True
1.0,0.0,1.0833333333333333,1.335632183908046,-0.04166666666666663,-0.667816091954023,1.5278736517478302,0.07892391917576207,True
1.0,0.0,1.1,1.335632183908046,-0.050000000000000044,-0.667816091954023,1.531909471292088,0.07856106144797946,True
1.0,0.0,1.1166666666666667,1.335632183908046,-0.05833333333333335,-0.667816091954023,1.5359374420458056,0.07820302654523606,True
1.0,0.0,1.1333333333333333,1.335632183908046,-0.06666666666666665,-0.667816091954023,1.5399575719249756,0.0778497106696209,True
1.0,0.0,1.1500000000000001,1.335632183908046,-0.07500000000000007,-0.667816091954023,1.5439698699859778,0.07750101307979529,True
1.0,0.0,1.1666666666666667,1.335632183908046,-0.08333333333333337,-0.667816091954023,1.5479743463708089,0.07715683597740111,True
1.0,0.0,1.1833333333333333,1.335632183908046,-0.09166666666666667,-0.667816091954023,1.5519710122547852,0.07681708439854026,True
1.0,0.0,1.2000000000000002,1.335632183908046,-0.10000000000000009,-0.667816091954023,1.5559598797964214,0.07648166611007333,True
1.0,0.0,1.2166666666666668,1.335632183908046,-0.10833333333333339,-0.667816091954023,1.559940962089434,0.07615049151048793,True
1.0,0.0,1.2333333333333334,1.335632183908046,-0.1166666666666667,-0.667816091954023,1.5639142731167885,0.07582347353509715,True
1.0,0.0,1.25,1.335632183908046,-0.125,-0.667816091954023,1.5678798277066681,0.07550052756535315,True
1.0,0.0,1.2666666666666668,1.335632183908046,-0.13333333333333341,-0.667816091954023,1.5718376414903288,0.07518157134206156,True
1.0,0.0,1.2833333333333334,1.335632183908046,-0.14166666666666672,-0.667816091954023,1.5757877308617017,0.07486652488230627,True
1.0,0.0,1.3,1.335632183908046,-0.15000000000000002,-0.667816091954023,1.5797301129387302,0.07455531039989455,True
1.0,0.0,1.3166666666666667,1.335632183908046,-0.15833333333333333,-0.667816091954023,1.583664805526311,0.07424785222915274,True
1.0,0.0,1.3333333333333335,1.335632183908046,-0.16666666666666674,-0.667816091954023,1.587591827080808,0.07394407675190405,True
1.0,0.0,1.35,1.335632183908046,-0.17500000000000004,-0.667816091954023,1.5915111966760611,0.07364391232747607,True
1.0,0.0,1.3666666666666667,1.335632183908046,-0.18333333333333335,-0.667816091954023,1.5954229339708206,0.07334728922558958,True
1.0,0.0,1.3833333333333333,1.335632183908046,-0.19166666666666665,-0.667816091954023,1.5993270591775497,0.07305413956199114,True
1.0,0.0,1.4000000000000001,1.335632183908046,-0.20000000000000007,-0.667816091954023,1.6032235930325445,0.07276439723669789,True
1.0,0.0,1.4166666666666667,1.335632183908046,-0.20833333333333337,-0.667816091954023,1.6071125567673086,0.07247799787473118,True
1.0,0.0,1.4333333333333333,1.335632183908046,-0.21666666666666667,-0.667816091954023,1.6109939720811097,0.0721948787692228,True
1.0,0.0,1.45,1.335632183908046,-0.22499999999999998,-0.667816091954023,1.6148678611147382,0.07191497882677919,True
1.0,0.0,0.1,1.3643678160919541,0.45,-0.6821839080459771,1.2836957783369891,0.11419525357306036,True
1.0,0.0,0.11666666666666667,1.3643678160919541,0.44166666666666665,-0.6821839080459771,1.288152887641619,0.11314242134780844,True
1.0,0.0,0.13333333333333333,1.3643678160919541,0.43333333333333335,-0.6821839080459771,1.2926077741190587,0.11211655421842445,True
1.0,0.0,0.15000000000000002,1.3643678160919541,0.425,-0.6821839080459771,1.2970600974464213,0.11111655422048049,True
1.0,0.0,0.16666666666666669,1.3643678160919541,0.41666666666666663,-0.6821839080459771,1.3015095339339922,0.11014138410636244,True
1.0,0.0,0.18333333333333335,1.3643678160919541,0.4083333333333333,-0.6821839080459771,1.3059557758072051,0.10919006311698731,True
1.0,0.0,0.2,1.3643678160919541,0.4,-0.6821839080459771,1.3103985305173593,0.10826166310782113,True
1.0,0.0,0.21666666666666667,1.3643678160919541,0.39166666666666666,-0.6821839080459771,1.3148375200802298,0.1073553049945759,True
1.0,0.0,0.23333333333333334,1.3643678160919541,0.3833333333333333,-0.6821839080459771,1.319272480441688,0.10647015548782536,True
1.0,0.0,0.25,1.3643678160919541,0.375,-0.6821839080459771,1.323703160869473,0.10560542408914454,True
1.0,0.0,0.26666666666666666,1.3643678160919541,0.3666666666666667,-0.6821839080459771,1.3281293233702298,0.10476036032434233,True
1.0,0.0,0.2833333333333333,1.3643678160919541,0.35833333333333334,-0.6821839080459771,1.332550742130938,0.10393425119195736,True
1.0,0.0,0.30000000000000004,1.3643678160919541,0.35,-0.6821839080459771,1.336967202983868,0.10312641880747672,True
1.0,0.0,0.31666666666666665,1.3643678160919541,0.3416666666666667,-0.6821839080459771,1.3413785028941947,0.10233621822576282,True
1.0,0.0,0.33333333333333337,1.3643678160919541,0.3333333333333333,-0.6821839080459771,1.3457844494694384,0.10156303542595704,True
1.0,0.0,0.35,1.3643678160919541,0.325,-0.6821839080459771,1.3501848604898785,0.10080628544471767,True
1.0,0.0,0.3666666666666667,1.3643678160919541,0.31666666666666665,-0.6821839080459771,1.3545795634591575,0.10006541064504677,True
1.0,0.0,0.3833333333333333,1.3643678160919541,0.30833333333333335,-0.6821839080459771,1.3589683951742524,0.09933987910921752,True
1.0,0.0,0.4,1.3643678160919541,0.3,-0.6821839080459771,1.363351201314054,0.09862918314541859,True
1.0,0.0,0.41666666666666663,1.3643678160919541,0.2916666666666667,-0.6821839080459771,1.367727836045803,0.09793283789872533,True
1.0,0.0,0.43333333333333335,1.3643678160919541,0.2833333333333333,-0.6821839080459771,1.3720981616486416,0.09725038005789266,True
1.0,0.0,0.44999999999999996,1.3643678160919541,0.275,-0.6821839080459771,1.3764620481535832,0.09658136665025562,True
1.0,0.0,0.4666666666666667,1.3643678160919541,0.26666666666666666,-0.6821839080459771,1.3808193729992149,0.0959253739177297,True
1.0,0.0,0.4833333333333333,1.3643678160919541,0.25833333333333336,-0.6821839080459771,1.385170020702453,0.09528199626754648,True
1.0,0.0,0.5,1.3643678160919541,0.25,-0.6821839080459771,1.3895138825437456,0.09465084529191814,True
1.0,0.0,0.5166666666666667,1.3643678160919541,0.24166666666666664,-0.6821839080459771,1.393850856266073,0.09403154885135306,True
1.0,0.0,0.5333333333333333,1.3643678160919541,0.23333333333333334,-0.6821839080459771,1.398180845787151,0.09342375021679779,True
1.0,0.0,0.55,1.3643678160919541,0.22499999999999998,-0.6821839080459771,1.4025037609243935,0.09282710726618379,True
1.0,0.0,0.5666666666666667,1.3643678160919541,0.21666666666666667,-0.6821839080459771,1.4068195171317166,0.09224129173140042,True
1.0,0.0,0.5833333333333334,1.3643678160919541,0.20833333333333331,-0.6821839080459771,1.4111280352482198,0.09166598849192774,True
1.0,0.0,0.6,1.3643678160919541,0.2,-0.6821839080459771,1.4154292412577383,0.09110089491181801,True
1.0,0.0,0.6166666666666666,1.3643678160919541,0.1916666666666667,-0.6821839080459771,1.4197230660590279,0.09054572021689204,True
1.0,0.0,0.6333333333333333,1.3643678160919541,0.18333333333333335,-0.6821839080459771,1.4240094452460612,0.09000018490930817,True
1.0,0.0,0.65,1.3643678160919541,0.175,-0.6821839080459771,1.4282883188979865,0.0894640202168895,True
1.0,0.0,0.6666666666666666,1.3643678160919541,0.16666666666666669,-0.6821839080459771,1.4325596313783255,0.08893696757479815,True
1.0,0.0,0.6833333333333333,1.3643678160919541,0.15833333333333333,-0.6821839080459771,1.4368233311429985,0.08841877813734171,True
1.0,0.0,0.7,1.3643678160919541,0.15000000000000002,-0.6821839080459771,1.4410793705567855,0.08790921231786539,True
1.0,0.0,0.7166666666666667,1.3643678160919541,0.14166666666666666,-0.6821839080459771,1.445327705717842,0.08740803935484663,True
1.0,0.0,0.7333333333333333,1.3643678160919541,0.13333333333333336,-0.6821839080459771,1.4495682962899201,0.08691503690244931,True
1.0,0.0,0.75,1.3643678160919541,0.125,-0.6821839080459771,1.4538011053419488,0.08642999064392817,True
1.0,0.0,0.7666666666666666,1.3643678160919541,0.1166666666666667,-0.6821839080459771,1.458026099194636,0.08595269392639757,True
1.0,0.0,0.7833333333333333,1.3643678160919541,0.10833333333333334,-0.6821839080459771,1.4622432472737898,0.08548294741558457,True
1.0,0.0,0.7999999999999999,1.3643678160919541,0.10000000000000003,-0.6821839080459771,1.466452521970044,0.0850205587692924,True
1.0,0.0,0.8166666666666667,1.3643678160919541,0.09166666666666667,-0.6821839080459771,1.4706538985047708,0.08456534232838425,True
1.0,0.0,0.8333333333333333,1.3643678160919541,0.08333333333333337,-0.6821839080459771,1.47484735480167,0.08411711882421385,True
1.0,0.0,0.85,1.3643678160919541,0.07500000000000001,-0.6821839080459771,1.479032871364332,0.08367571510142534,True
1.0,0.0,0.8666666666666666,1.3643678160919541,0.06666666666666671,-0.6821839080459771,1.4832104311585244,0.08324096385528101,True
1.0,0.0,0.8833333333333333,1.3643678160919541,0.05833333333333335,-0.6821839080459771,1.487380019500298,0.08281270338249531,True
1.0,0.0,0.9,1.3643678160919541,0.04999999999999999,-0.6821839080459771,1.491541623948451,0.08239077734488578,True
1.0,0.0,0.9166666666666666,1.3643678160919541,0.041666666666666685,-0.6821839080459771,1.4956952342018022,0.08197503454500832,True
1.0,0.0,0.9333333333333333,1.3643678160919541,0.033333333333333326,-0.6821839080459771,1.499840842001101,0.08156532871306206,True
1.0,0.0,0.95,1.3643678160919541,0.025000000000000022,-0.6821839080459771,1.5039784410347623,0.08116151830446328,True
1.0,0.0,0.9666666666666667,1.3643678160919541,0.016666666666666663,-0.6821839080459771,1.5081080268492588,0.08076346630736866,True
1.0,0.0,0.9833333333333333,1.3643678160919541,0.00833333333333336,-0.6821839080459771,1.5122295967628079,0.08037104005968697,True
1.0,0.0,1.0,1.3643678160919541,0.0,-0.6821839080459771,1.5163431497831628,0.07998411107494285,True
1.0,0.0,1.0166666666666666,1.3643678160919541,-0.008333333333333304,-0.6821839080459771,1.5204486865287974,0.07960255487654391,True
1.0,0.0,1.0333333333333334,1.3643678160919541,-0.01666666666666672,-0.6821839080459771,1.5245462091535147,0.07922625083995966,True
1.0,0.0,1.05,1.3643678160919541,-0.025000000000000022,-0.6821839080459771,1.5286357212742925,0.0788550820423756,True
1.0,0.0,1.0666666666666667,1.3643678160919541,-0.033333333333333326,-0.6821839080459771,1.5327172279021701,0.07848893511941422,True
1.0,0.0,1.0833333333333333,1.3643678160919541,-0.04166666666666663,-0.6821839080459771,1.5367907353763322,0.07812770012850906,True
1.0,0.0,1.1,1.3643678160919541,-0.050000000000000044,-0.6821839080459771,1.5408562513006159,0.07777127041862719,True
1.0,0.0,1.1166666666666667,1.3643678160919541,-0.05833333333333335,-0.6821839080459771,1.5449137844831051,0.07741954250592943,True
1.0,0.0,1.1333333333333333,1.3643678160919541,-0.06666666666666665,-0.6821839080459771,1.548963344878121,0.07707241595509894,True
1.0,0.0,1.1500000000000001,1.3643678160919541,-0.07500000000000007,-0.6821839080459771,1.5530049435307378,0.07672979326601843,True
1.0,0.0,1.1666666666666667,1.3643678160919541,-0.08333333333333337,-0.6821839080459771,1.557038592523659,0.07639157976551872,True
1.0,0.0,1.1833333333333333,1.3643678160919541,-0.09166666666666667,-0.6821839080459771,1.5610643049263595,0.07605768350393151,True
1.0,0.0,1.2000000000000002,1.3643678160919541,-0.10000000000000009,-0.6821839080459771,1.5650820947463968,0.07572801515620027,True
1.0,0.0,1.2166666666666668,1.3643678160919541,-0.10833333333333339,-0.6821839080459771,1.5690919768827898,0.07540248792731294,True
1.0,0.0,1.2333333333333334,1.3643678160919541,-0.1166666666666667,-0.6821839080459771,1.5730939670813806,0.07508101746183726,True
1.0,0.0,1.25,1.3643678160919541,-0.125,-0.6821839080459771,1.5770880818920956,0.07476352175734972,True
1.0,0.0,1.2666666666666668,1.3643678160919541,-0.13333333333333341,-0.6821839080459771,1.5810743386280166,0.07444992108156362,True
1.0,0.0,1.2833333333333334,1.3643678160919541,-0.14166666666666672,-0.6821839080459771,1.5850527553261873,0.07414013789297196,True
1.0,0.0,1.3,1.3643678160919541,-0.15000000000000002,-0.6821839080459771,1.5890233507100942,0.07383409676482881,True
1.0,0.0,1.3166666666666667,1.3643678160919541,-0.15833333333333333,-0.6821839080459771,1.5929861441537116,0.07353172431230987,True
1.0,0.0,1.3333333333333335,1.3643678160919541,-0.16666666666666674,-0.6821839080459771,1.5969411556471036,0.07323294912269088,True
1.0,0.0,1.35,1.3643678160919541,-0.17500000000000004,-0.6821839080459771,1.600888405763447,0.07293770168840462,True
1.0,0.0,1.3666666666666667,1.3643678160919541,-0.18333333333333335,-0.6821839080459771,1.6048279156274767,0.0726459143428314,True
1.0,0.0,1.3833333333333333,1.3643678160919541,-0.19166666666666665,-0.6821839080459771,1.6087597068852524,0.0723575211986986,True
1.0,0.0,1.4000000000000001,1.3643678160919541,-0.20000000000000007,-0.6821839080459771,1.6126838016752072,0.07207245808896133,True
1.0,0.0,1.4166666666666667,1.3643678160919541,-0.20833333333333337,-0.6821839080459771,1.616600222600417,0.07179066251004981,True
1.0,0.0,1.4333333333333333,1.3643678160919541,-0.21666666666666667,-0.6821839080459771,1.620508992702057,0.07151207356737128,True
1.0,0.0,1.45,1.3643678160919541,-0.22499999999999998,-0.6821839080459771,1.6244101354339502,0.07123663192296459,True
1.0,0.0,0.1,1.3931034482758622,0.45,-0.6965517241379311,1.2904802745865234,0.11260324883403884,True
1.0,0.0,0.11666666666666667,1.3931034482758622,0.44166666666666665,-0.6965517241379311,1.2949812266122325,0.11158039681280275,True
1.0,0.0,0.13333333333333333,1.3931034482758622,0.43333333333333335,-0.6965517241379311,1.2994795190913875,0.11058336326288368,True
1.0,0.0,0.15000000000000002,1.3931034482758622,0.425,-0.6965517241379311,1.3039748227449102,0.10961111240263334,True
1.0,0.0,0.16666666666666669,1.3931034482758622,0.41666666666666663,-0.6965517241379311,1.3084668245848623,0.10866266486303122,True
1.0,0.0,0.18333333333333335,1.3931034482758622,0.4083333333333333,-0.6965517241379311,1.312955227205934,0.1077370938194697,True
1.0,0.0,0.2,1.3931034482758622,0.4,-0.6965517241379311,1.317439748105658,0.10683352144267554,True
1.0,0.0,0.21666666666666667,1.3931034482758622,0.39166666666666666,-0.6965517241379311,1.3219201190324537,0.10595111563806216,True
1.0,0.0,0.23333333333333334,1.3931034482758622,0.3833333333333333,-0.6965517241379311,1.3263960853606047,0.105089087046173,True
1.0,0.0,0.25,1.3931034482758622,0.375,-0.6965517241379311,1.3308674054912795,0.1042466862798271,True
1.0,0.0,0.26666666666666666,1.3931034482758622,0.3666666666666667,-0.6965517241379311,1.3353338502786798,0.10342320137617914,True
1.0,0.0,0.2833333333333333,1.3931034482758622,0.35833333333333334,-0.6965517241379311,1.339795202480429,0.10261795544419099,True
1.0,0.0,0.30000000000000004,1.3931034482758622,0.35,-0.6965517241379311,1.344251256231321,0.10183030449002675,True
1.0,0.0,0.31666666666666665,1.3931034482758622,0.3416666666666667,-0.6965517241379311,1.3487018165395466,0.10105963540467436,True
1.0,0.0,0.33333333333333337,1.3931034482758622,0.3333333333333333,-0.6965517241379311,1.3531466988045495,0.10030536409967025,True
1.0,0.0,0.35,1.3931034482758622,0.325,-0.6965517241379311,1.3575857283556667,0.09956693377820992,True
1.0,0.0,0.3666666666666667,1.3931034482758622,0.31666666666666665,-0.6965517241379311,1.362018740010743,0.09884381333017025,True
1.0,0.0,0.3833333333333333,1.3931034482758622,0.30833333333333335,-0.6965517241379311,1.3664455776539073,0.09813549584068254,True
1.0,0.0,0.4,1.3931034482758622,0.3,-0.6965517241379311,1.3708660938317452,0.09744149720287928,True
1.0,0.0,0.41666666666666663,1.3931034482758622,0.2916666666666667,-0.6965517241379311,1.3752801493671092,0.096761354826325,True
1.0,0.0,0.43333333333333335,1.3931034482758622,0.2833333333333333,-0.6965517241379311,1.3796876129898374,0.09609462643342802,True
1.0,0.0,0.44999999999999996,1.3931034482758622,0.275,-0.6965517241379311,1.3840883609836663,0.09544088893684176,True
1.0,0.0,0.4666666666666667,1.3931034482758622,0.26666666666666666,-0.6965517241379311,1.3884822768486678,0.09479973739149222,True
1.0,0.0,0.4833333333333333,1.3931034482758622,0.25833333333333336,-0.6965517241379311,1.3928692509785334,0.0941707840154462,True
1.0,0.0,0.5,1.3931034482758622,0.25,-0.6965517241379311,1.397249180352058,0.09355365727434403,True
1.0,0.0,0.5166666666666667,1.3931034482758622,0.24166666666666664,-0.6965517241379311,1.401621968238379,0.09294800102455754,True
1.0,0.0,0.5333333333333333,1.3931034482758622,0.23333333333333334,-0.6965517241379311,1.4059875239148785,0.09235347371074694,True
1.0,0.0,0.55,1.3931034482758622,0.22499999999999998,-0.6965517241379311,1.4103457623979652,0.0917697476136813,True
1.0,0.0,0.5666666666666667,1.3931034482758622,0.21666666666666667,-0.6965517241379311,1.4146966041854865,0.09119650814474056,True
1.0,0.0,0.5833333333333334,1.3931034482758622,0.20833333333333331,-0.6965517241379311,1.4190399750106006,0.0906334531836737,True
1.0,0.0,0.6,1.3931034482758622,0.2,-0.6965517241379311,1.4233758056065302,0.09008029245652734,True
1.0,0.0,0.6166666666666666,1.3931034482758622,0.1916666666666667,-0.6965517241379311,1.4277040314817078,0.08953674695090302,True
1.0,0.0,0.6333333333333333,1.3931034482758622,0.18333333333333335,-0.6965517241379311,1.4320245927048665,0.08900254836592687,True
1.0,0.0,0.65,1.3931034482758622,0.175,-0.6965517241379311,1.4363374336996226,0.08847743859452904,True
1.0,0.0,0.6666666666666666,1.3931034482758622,0.16666666666666669,-0.6965517241379311,1.4406425030481274,0.08796116923581866,True
1.0,0.0,0.6833333333333333,1.3931034482758622,0.15833333333333333,-0.6965517241379311,1.4449397533033965,0.08745350113551041,True
1.0,0.0,0.7,1.3931034482758622,0.15000000000000002,-0.6965517241379311,1.449229140809912,0.08695420395252237,True
1.0,0.0,0.7166666666666667,1.3931034482758622,0.14166666666666666,-0.6965517241379311,1.4535106255321395,0.08646305575000494,True
1.0,0.0,0.7333333333333333,1.3931034482758622,0.13333333333333336,-0.6965517241379311,1.457784170890598,0.08597984260919467,True
1.0,0.0,0.75,1.3931034482758622,0.125,-0.6965517241379311,1.4620497436051514,0.08550435826460526,True
1.0,0.0,0.7666666666666666,1.3931034482758622,0.1166666666666667,-0.6965517241379311,1.4663073135451827,0.08503640375918275,True
1.0,0.0,0.7833333333333333,1.3931034482758622,0.10833333333333334,-0.6965517241379311,1.4705568535863973,0.08457578711814351,True
1.0,0.0,0.7999999999999999,1.3931034482758622,0.10000000000000003,-0.6965517241379311,1.47479833947378,0.08412232304033325,True
1.0,0.0,0.8166666666666667,1.3931034482758622,0.09166666666666667,-0.6965517241379311,1.4790317496908776,0.08367583260596198,True
1.0,0.0,0.8333333333333333,1.3931034482758622,0.08333333333333337,-0.6965517241379311,1.4832570653342558,0.08323614299979087,True
1.0,0.0,0.85,1.3931034482758622,0.07500000000000001,-0.6965517241379311,1.4874742699941148,0.08280308724869338,True
1.0,0.0,0.8666666666666666,1.3931034482758622,0.06666666666666671,-0.6965517241379311,1.491683349639649,0.08237650397283569,True
1.0,0.0,0.8833333333333333,1.3931034482758622,0.05833333333333335,-0.6965517241379311,1.4958842925094944,0.081956237149595,True
1.0,0.0,0.9,1.3931034482758622,0.04999999999999999,-0.6965517241379311,1.500077089007213,0.08154213588943825,True
1.0,0.0,0.9166666666666666,1.3931034482758622,0.041666666666666685,-0.6965517241379311,1.504261731601072,0.08113405422310531,True
1.0,0.0,0.9333333333333333,1.3931034482758622,0.033333333333333326,-0.6965517241379311,1.5084382147280746,0.08073185089941518,True
1.0,0.0,0.95,1.3931034482758622,0.025000000000000022,-0.6965517241379311,1.5126065347026123,0.08033538919302574,True
1.0,0.0,0.9666666666666667,1.3931034482758622,0.016666666666666663,-0.6965517241379311,1.5167666896286767,0.07994453672165344,True
1.0,0.0,0.9833333333333333,1.3931034482758622,0.00833333333333336,-0.6965517241379311,1.5209186793160396,0.07955916527215927,True
1.0,0.0,1.0,1.3931034482758622,0.0,-0.6965517241379311,1.5250625052000564,0.07917915063501306,True
1.0,0.0,1.0166666666666666,1.3931034482758622,-0.008333333333333304,-0.6965517241379311,1.5291981702649189,0.07880437244666769,True
1.0,0.0,1.0333333333333334,1.3931034482758622,-0.01666666666666672,-0.6965517241379311,1.5333256789701777,0.07843471403940315,True
1.0,0.0,1.05,1.3931034482758622,-0.025000000000000022,-0.6965517241379311,1.5374450371806685,0.0780700622982041,True
1.0,0.0,1.0666666666666667,1.3931034482758622,-0.033333333333333326,-0.6965517241379311,1.5415562520990773,0.07771030752434015,True
1.0,0.0,1.0833333333333333,1.3931034482758622,-0.04166666666666663,-0.6965517241379311,1.5456593322017356,0.0773553433052199,True
1.0,0.0,1.1,1.3931034482758622,-0.050000000000000044,-0.6965517241379311,1.549754287177039,0.07700506639022409,True
1.0,0.0,1.1166666666666667,1.3931034482758622,-0.05833333333333335,-0.6965517241379311,1.5538411278665256,0.07665937657218283,True
1.0,0.0,1.1333333333333333,1.3931034482758622,-0.06666666666666665,-0.6965517241379311,1.557919866208513,0.07631817657419693,True
1.0,0.0,1.1500000000000001,1.3931034482758622,-0.07500000000000007,-0.6965517241379311,1.5619905151841282,0.07598137194152635,True
1.0,0.0,1.1666666666666667,1.3931034482758622,-0.08333333333333337,-0.6965517241379311,1.5660530887656616,0.07564887093827859,True
1.0,0.0,1.1833333333333333,1.3931034482758622,-0.09166666666666667,-0.6965517241379311,1.5701076018671267,0.07532058444864924,True
1.0,0.0,1.2000000000000002,1.3931034482758622,-0.10000000000000009,-0.6965517241379311,1.5741540702969536,0.07499642588247835,True
1.0,0.0,1.2166666666666668,1.3931034482758622,-0.10833333333333339,-0.6965517241379311,1.578192510712678,0.0746763110849077,True
1.0,0.0,1.2333333333333334,1.3931034482758622,-0.1166666666666667,-0.6965517241379311,1.5822229405775918,0.07436015824992502,True
1.0,0.0,1.25,1.3931034482758622,-0.125,-0.6965517241379311,1.586245378119233,0.07404788783760441,True
1.0,0.0,1.2666666666666668,1.3931034482758622,-0.13333333333333341,-0.6965517241379311,1.5902598422896421,0.07373942249485708,True
1.0,0.0,1.2833333333333334,1.3931034482758622,-0.14166666666666672,-0.6965517241379311,1.5942663527273213,0.0734346869795184,True
1.0,0.0,1.3,1.3931034482758622,-0.15000000000000002,-0.6965517241379311,1.598264929720827,0.07313360808760694,True
1.0,0.0,1.3166666666666667,1.3931034482758622,-0.15833333333333333,-0.6965517241379311,1.6022555941738845,0.07283611458360285,True
1.0,0.0,1.3333333333333335,1.3931034482758622,-0.16666666666666674,-0.6965517241379311,1.6062383675720076,0.0725421371335977,True
1.0,0.0,1.35,1.3931034482758622,-0.17500000000000004,-0.6965517241379311,1.6102132719505462,0.07225160824117663,True
1.0,0.0,1.3666666666666667,1.3931034482758622,-0.18333333333333335,-0.6965517241379311,1.614180329864082,0.07196446218590526,True
1.0,0.0,1.3833333333333333,1.3931034482758622,-0.19166666666666665,-0.6965517241379311,1.6181395643571121,0.0716806349642975,True
1.0,0.0,1.4000000000000001,1.3931034482758622,-0.20000000000000007,-0.6965517241379311,1.6220909989360262,0.0714000642331429,True
1.0,0.0,1.4166666666666667,1.3931034482758622,-0.20833333333333337,-0.6965517241379311,1.6260346575422338,0.07112268925509055,True
1.0,0.0,1.4333333333333333,1.3931034482758622,-0.21666666666666667,-0.6965517241379311,1.6299705645264457,0.07084845084637964,True
1.0,0.0,1.45,1.3931034482758622,-0.22499999999999998,-0.6965517241379311,1.6338987446240583,0.07057729132661973,True
1.0,0.0,0.1,1.4218390804597703,0.45,-0.7109195402298851,1.2972390476943632,0.1110768745420108,True
1.0,0.0,0.11666666666666667,1.4218390804597703,0.44166666666666665,-0.7109195402298851,1.3017832623644356,0.11008215840874337,True
1.0,0.0,0.13333333333333333,1.4218390804597703,0.43333333333333335,-0.7109195402298851,1.306324392352923,0.10911220274056468,True
1.0,0.0,0.15000000000000002,1.4218390804597703,0.425,-0.7109195402298851,1.3108621190751617,0.10816602822192499,True
1.0,0.0,0.16666666666666669,1.4218390804597703,0.41666666666666663,-0.7109195402298851,1.3153961399059346,0.10724270810200467,True
1.0,0.0,0.18333333333333335,1.4218390804597703,0.4083333333333333,-0.7109195402298851,1.319926167480318,0.1063413646434917,True
1.0,0.0,0.2,1.4218390804597703,0.4,-0.7109195402298851,1.324451929023223,0.10546116586000258,True
1.0,0.0,0.21666666666666667,1.4218390804597703,0.39166666666666666,-0.7109195402298851,1.3289731657067014,0.1046013225147833,True
1.0,0.0,0.23333333333333334,1.4218390804597703,0.3833333333333333,-0.7109195402298851,1.3334896320340797,0.10376108535628403,True
1.0,0.0,0.25,1.4218390804597703,0.375,-0.7109195402298851,1.3380010952500196,0.10293974256879568,True
1.0,0.0,0.26666666666666666,1.4218390804597703,0.3666666666666667,-0.7109195402298851,1.3425073347755623,0.10213661741863249,True
1.0,0.0,0.2833333333333333,1.4218390804597703,0.35833333333333334,-0.7109195402298851,1.347008141667257,0.10135106607835911,True
1.0,0.0,0.30000000000000004,1.4218390804597703,0.35,-0.7109195402298851,1.3515033180994673,0.10058247561335133,True
1.0,0.0,0.31666666666666665,1.4218390804597703,0.3416666666666667,-0.7109195402298851,1.355992676868984,0.09983026211655573,True
1.0,0.0,0.33333333333333337,1.4218390804597703,0.3333333333333333,-0.7109195402298851,1.3604760409210634,0.09909386897872328,True
1.0,0.0,0.35,1.4218390804597703,0.325,-0.7109195402298851,1.3649532428960567,0.0983727652826344,True
1.0,0.0,0.3666666666666667,1.4218390804597703,0.31666666666666665,-0.7109195402298851,1.369424124695802,0.09766644431094312,True
1.0,0.0,0.3833333333333333,1.4218390804597703,0.30833333333333335,-0.7109195402298851,1.3738885370689782,0.09697442215826238,True
1.0,0.0,0.4,1.4218390804597703,0.3,-0.7109195402298851,1.378346339214631,0.09629623643899063,True
1.0,0.0,0.41666666666666663,1.4218390804597703,0.2916666666666667,-0.7109195402298851,1.3827973984031388,0.09563144508317278,True
1.0,0.0,0.43333333333333335,1.4218390804597703,0.2833333333333333,-0.7109195402298851,1.3872415896138652,0.09497962521339864,True
1.0,0.0,0.44999999999999996,1.4218390804597703,0.275,-0.7109195402298851,1.391678795188801,0.09434037209637322,True
1.0,0.0,0.4666666666666667,1.4218390804597703,0.26666666666666666,-0.7109195402298851,1.39610890450154,0.093713298163363,True
1.0,0.0,0.4833333333333333,1.4218390804597703,0.25833333333333336,-0.7109195402298851,1.400531813640741,0.09309803209426287,True
1.0,0.0,0.5,1.4218390804597703,0.25,-0.7109195402298851,1.4049474251080476,0.09249421796038332,True
1.0,0.0,0.5166666666666667,1.4218390804597703,0.24166666666666664,-0.7109195402298851,1.4093556475287632,0.09190151442170534,True
1.0,0.0,0.5333333333333333,1.4218390804597703,0.23333333333333334,-0.7109195402298851,1.4137563953759007,0.0913195939744135,True
1.0,0.0,0.55,1.4218390804597703,0.22499999999999998,-0.7109195402298851,1.418149588706228,0.09074814224513222,True
1.0,0.0,0.5666666666666667,1.4218390804597703,0.21666666666666667,-0.7109195402298851,1.4225351529080879,0.0901868573284463,True
1.0,0.0,0.5833333333333334,1.4218390804597703,0.20833333333333331,-0.7109195402298851,1.426913018460413,0.0896354491646136,True
1.0,0.0,0.6,1.4218390804597703,0.2,-0.7109195402298851,1.431283120702448,0.08909363895462509,True
1.0,0.0,0.6166666666666666,1.4218390804597703,0.1916666666666667,-0.7109195402298851,1.4356453996136893,0.08856115860999803,True
1.0,0.0,0.6333333333333333,1.4218390804597703,0.18333333333333335,-0.7109195402298851,1.4399997996035978,0.08803775023489464,True
1.0,0.0,0.65,1.4218390804597703,0.175,-0.7109195402298851,1.4443462693106515,0.08752316563835004,True
1.0,0.0,0.6666666666666666,1.4218390804597703,0.16666666666666669,-0.7109195402298851,1.4486847614102958,0.08701716587457015,True
1.0,0.0,0.6833333333333333,1.4218390804597703,0.15833333333333333,-0.7109195402298851,1.4530152324314158,0.08651952080941186,True
1.0,0.0,0.7,1.4218390804597703,0.15000000000000002,-0.7109195402298851,1.4573376425809539,0.08603000871130534,True
1.0,0.0,0.7166666666666667,1.4218390804597703,0.14166666666666666,-0.7109195402298851,1.4616519555762655,0.08554841586501521,True
1.0,0.0,0.7333333333333333,1.4218390804597703,0.13333333333333336,-0.7109195402298851,1.465958138484916,0.0850745362067475,True
1.0,0.0,0.75,1.4218390804597703,0.125,-0.7109195402298851,1.4702561615715597,0.08460817097922847,True
1.0,0.0,0.7666666666666666,1.4218390804597703,0.1166666666666667,-0.7109195402298851,1.474545998151489,0.08414912840549042,True
1.0,0.0,0.7833333333333333,1.4218390804597703,0.10833333333333334,-0.7109195402298851,1.4788276244509717,0.0836972233801366,True
1.0,0.0,0.7999999999999999,1.4218390804597703,0.10000000000000003,-0.7109195402298851,1.4831010194731318,0.08325227717709006,True
1.0,0.0,0.8166666666666667,1.4218390804597703,0.09166666666666667,-0.7109195402298851,1.487366164870438,0.08281411717266514,True
1.0,0.0,0.8333333333333333,1.4218390804597703,0.08333333333333337,-0.7109195402298851,1.4916230448223249,0.08238257658314373,True
1.0,0.0,0.85,1.4218390804597703,0.07500000000000001,-0.7109195402298851,1.4958716459182966,0.08195749421591238,True
1.0,0.0,0.8666666666666666,1.4218390804597703,0.06666666666666671,-0.7109195402298851,1.5001119570463397,0.0815387142333344,True
1.0,0.0,0.8833333333333333,1.4218390804597703,0.05833333333333335,-0.7109195402298851,1.5043439692860756,0.08112608592863059,True
1.0,0.0,0.9,1.4218390804597703,0.04999999999999999,-0.7109195402298851,1.5085676758064093,0.08071946351305748,True
1.0,0.0,0.9166666666666666,1.4218390804597703,0.041666666666666685,-0.7109195402298851,1.5127830717681248,0.08031870591365804,True
1.0,0.0,0.9333333333333333,1.4218390804597703,0.033333333333333326,-0.7109195402298851,1.516990154230334,0.07992367658105362,True
1.0,0.0,0.95,1.4218390804597703,0.025000000000000022,-0.7109195402298851,1.5211889220611756,0.07953424330664229,True
1.0,0.0,0.9666666666666667,1.4218390804597703,0.016666666666666663,-0.7109195402298851,1.52537937585238,0.07915027804868524,True
1.0,0.0,0.9833333333333333,1.4218390804597703,0.00833333333333336,-0.7109195402298851,1.529561517837561,0.07877165676677353,True
1.0,0.0,1.0,1.4218390804597703,0.0,-0.7109195402298851,1.5337353518139845,0.07839825926421147,True
1.0,0.0,1.0166666666666666,1.4218390804597703,-0.008333333333333304,-0.7109195402298851,1.5379008830680025,0.07802996903784493,True
1.0,0.0,1.0333333333333334,1.4218390804597703,-0.01666666666666672,-0.7109195402298851,1.5420581183033044,0.07766667313498495,True
1.0,0.0,1.05,1.4218390804597703,-0.025000000000000022,-0.7109195402298851,1.5462070655726363,0.07730826201696613,True
1.0,0.0,1.0666666666666667,1.4218390804597703,-0.033333333333333326,-0.7109195402298851,1.5503477342123129,0.07695462942902874,True
1.0,0.0,1.0833333333333333,1.4218390804597703,-0.04166666666666663,-0.7109195402298851,1.554480134779606,0.07660567227616237,True
1.0,0.0,1.1,1.4218390804597703,-0.050000000000000044,-0.7109195402298851,1.558604278992825,0.0762612905045987,True
1.0,0.0,1.1166666666666667,1.4218390804597703,-0.05833333333333335,-0.7109195402298851,1.5627201796739956,0.07592138698865145,True
1.0,0.0,1.1333333333333333,1.4218390804597703,-0.06666666666666665,-0.7109195402298851,1.5668278506940145,0.07558586742262156,True
1.0,0.0,1.1500000000000001,1.4218390804597703,-0.07500000000000007,-0.7109195402298851,1.5709273069201581,0.07525464021750547,True
1.0,0.0,1.1666666666666667,1.4218390804597703,-0.08333333333333337,-0.7109195402298851,1.5750185641658647,0.07492761640225536,True
1.0,0.0,1.1833333333333333,1.4218390804597703,-0.09166666666666667,-0.7109195402298851,1.5791016391426604,0.07460470952935856,True
1.0,0.0,1.2000000000000002,1.4218390804597703,-0.10000000000000009,-0.7109195402298851,1.5831765494141703,0.07428583558451494,True
1.0,0.0,1.2166666666666668,1.4218390804597703,-0.10833333333333339,-0.7109195402298851,1.5872433133521093,0.07397091290020417,True
1.0,0.0,1.2333333333333334,1.4218390804597703,-0.1166666666666667,-0.7109195402298851,1.591301950094137,0.07365986207294987,True
1.0,0.0,1.25,1.4218390804597703,-0.125,-0.7109195402298851,1.5953524795035552,0.07335260588409366,True
1.0,0.0,1.2666666666666668,1.4218390804597703,-0.13333333333333341,-0.7109195402298851,1.5993949221307062,0.0730490692239064,True
1.0,0.0,1.2833333333333334,1.4218390804597703,-0.14166666666666672,-0.7109195402298851,1.6034292991760497,0.07274917901887197,True
1.0,0.0,1.3,1.4218390804597703,-0.15000000000000002,-0.7109195402298851,1.607455632454812,0.07245286416199016,True
1.0,0.0,1.3166666666666667,1.4218390804597703,-0.15833333333333333,-0.7109195402298851,1.6114739443631347,0.07216005544595176,True
1.0,0.0,1.3333333333333335,1.4218390804597703,-0.16666666666666674,-0.7109195402298851,1.6154842578457185,0.07187068549904567,True
1.0,0.0,1.35,1.4218390804597703,-0.17500000000000004,-0.7109195402298851,1.6194865963648004,0.071584688723672,True
1.0,0.0,1.3666666666666667,1.4218390804597703,-0.18333333333333335,-0.7109195402298851,1.623480983870493,0.07130200123733402,True
1.0,0.0,1.3833333333333333,1.4218390804597703,-0.19166666666666665,-0.7109195402298851,1.627467444772384,0.0710225608159928,True
1.0,0.0,1.4000000000000001,1.4218390804597703,-0.20000000000000007,-0.7109195402298851,1.6314460039123628,0.0707463068396751,True
1.0,0.0,1.4166666666666667,1.4218390804597703,-0.20833333333333337,-0.7109195402298851,1.635416686538585,0.07047318024023098,True
1.0,0.0,1.4333333333333333,1.4218390804597703,-0.21666666666666667,-0.7109195402298851,1.6393795182805848,0.07020312345113797,True
1.0,0.0,1.45,1.4218390804597703,-0.22499999999999998,-0.7109195402298851,1.6433345251254368,0.06993608035926266,True
1.0,0.0,0.1,1.4505747126436783,0.45,-0.7252873563218392,1.3039720018395984,0.10961171516309602,True
1.0,0.0,0.11666666666666667,1.4505747126436783,0.44166666666666665,-0.7252873563218392,1.3085589227675953,0.10864345388032505,True
1.0,0.0,0.13333333333333333,1.4505747126436783,0.43333333333333335,-0.7252873563218392,1.3131423448545287,0.10769897437602854,True
1.0,0.0,0.15000000000000002,1.4505747126436783,0.425,-0.7252873563218392,1.3177219598796823,0.1067773487693534,True
1.0,0.0,0.16666666666666669,1.4505747126436783,0.41666666666666663,-0.7252873563218392,1.322297475259919,0.10587769829144737,True
1.0,0.0,0.18333333333333335,1.4505747126436783,0.4083333333333333,-0.7252873563218392,1.326868613359756,0.1049991900144979,True
1.0,0.0,0.2,1.4505747126436783,0.4,-0.7252873563218392,1.3314351108300588,0.10414103384284887,True
1.0,0.0,0.21666666666666667,1.4505747126436783,0.39166666666666666,-0.7252873563218392,1.3359967179744225,0.10330247974169601,True
1.0,0.0,0.23333333333333334,1.4505747126436783,0.3833333333333333,-0.7252873563218392,1.3405531981422818,0.10248281518147835,True
1.0,0.0,0.25,1.4505747126436783,0.375,-0.7252873563218392,1.345104327147799,0.10168136277838251,True
1.0,0.0,0.26666666666666666,1.4505747126436783,0.3666666666666667,-0.7252873563218392,1.3496498927135974,0.1008974781133996,True
1.0,0.0,0.2833333333333333,1.4505747126436783,0.35833333333333334,-0.7252873563218392,1.3541896939384102,0.10013054771417161,True
1.0,0.0,0.30000000000000004,1.4505747126436783,0.35,-0.7252873563218392,1.3587235407877374,0.09937998718544903,True
1.0,0.0,0.31666666666666665,1.4505747126436783,0.3416666666666667,-0.7252873563218392,1.3632512536066044,0.09864523947539316,True
1.0,0.0,0.33333333333333337,1.4505747126436783,0.3333333333333333,-0.7252873563218392,1.3677726626535724,0.09792577326620336,True
1.0,0.0,0.35,1.4505747126436783,0.325,-0.7252873563218392,1.3722876076551274,0.09722108147866766,True
1.0,0.0,0.3666666666666667,1.4505747126436783,0.31666666666666665,-0.7252873563218392,1.3767959373796261,0.09653067988122796,True
1.0,0.0,0.3833333333333333,1.4505747126436783,0.30833333333333335,-0.7252873563218392,1.3812975092300026,0.09585410579503445,True
1.0,0.0,0.4,1.4505747126436783,0.3,-0.7252873563218392,1.3857921888544402,0.09519091688726194,True
1.0,0.0,0.41666666666666663,1.4505747126436783,0.2916666666666667,-0.7252873563218392,1.390279849774258,0.09454069004566899,True
1.0,0.0,0.43333333333333335,1.4505747126436783,0.2833333333333333,-0.7252873563218392,1.3947603730283074,0.09390302032801212,True
1.0,0.0,0.44999999999999996,1.4505747126436783,0.275,-0.7252873563218392,1.3992336468330704,0.09327751998052207,True
1.0,0.0,0.4666666666666667,1.4505747126436783,0.26666666666666666,-0.7252873563218392,1.403699566258073,0.09266381752010375,True
1.0,0.0,0.4833333333333333,1.4505747126436783,0.25833333333333336,-0.7252873563218392,1.40815803291538,0.09206155687551042,True
1.0,0.0,0.5,1.4505747126436783,0.25,-0.7252873563218392,1.4126089546632843,0.09147039658297398,True
1.0,0.0,0.5166666666666667,1.4505747126436783,0.24166666666666664,-0.7252873563218392,1.4170522453229792,0.09089000903233924,True
1.0,0.0,0.5333333333333333,1.4505747126436783,0.23333333333333334,-0.7252873563218392,1.4214878244079465,0.0903200797599643,True
1.0,0.0,0.55,1.4505747126436783,0.22499999999999998,-0.7252873563218392,1.4259156168653726,0.08976030678501713,True
1.0,0.0,0.5666666666666667,1.4505747126436783,0.21666666666666667,-0.7252873563218392,1.4303355528291362,0.08921039998605228,True
1.0,0.0,0.5833333333333334,1.4505747126436783,0.20833333333333331,-0.7252873563218392,1.434747567383792,0.08867008051502245,True
1.0,0.0,0.6,1.4505747126436783,0.2,-0.7252873563218392,1.439151600339094,0.08813908024609879,True
1.0,0.0,0.6166666666666666,1.4505747126436783,0.1916666666666667,-0.7252873563218392,1.443547596014571,0.08761714125688955,True
1.0,0.0,0.6333333333333333,1.4505747126436783,0.18333333333333335,-0.7252873563218392,1.4479355030337115,0.08710401533983386,True
1.0,0.0,0.65,1.4505747126436783,0.175,-0.7252873563218392,1.452315274127317,0.08659946354172526,True
1.0,0.0,0.6666666666666666,1.4505747126436783,0.16666666666666669,-0.7252873563218392,1.456686865945613,0.08610325572947462,True
1.0,0.0,0.6833333333333333,1.4505747126436783,0.15833333333333333,-0.7252873563218392,1.46105023887874,0.0856151701803666,True
1.0,0.0,0.7,1.4505747126436783,0.15000000000000002,-0.7252873563218392,1.4654053568852092,0.0851349931952027,True
1.0,0.0,0.7166666666666667,1.4505747126436783,0.14166666666666666,-0.7252873563218392,1.469752187328021,0.08466251873283263,True
1.0,0.0,0.7333333333333333,1.4505747126436783,0.13333333333333336,-0.7252873563218392,1.474090700817942,0.0841975480647118,True
1.0,0.0,0.75,1.4505747126436783,0.125,-0.7252873563218392,1.4784208710640643,0.08373988944815822,True
1.0,0.0,0.7666666666666666,1.4505747126436783,0.1166666666666667,-0.7252873563218392,1.4827426747304542,0.08328935781721707,True
1.0,0.0,0.7833333333333333,1.4505747126436783,0.10833333333333334,-0.7252873563218392,1.4870560912997148,0.08284577448991459,True
1.0,0.0,0.7999999999999999,1.4505747126436783,0.10000000000000003,-0.7252873563218392,1.491361102942216,0.08240896689098065,True
1.0,0.0,0.8166666666666667,1.4505747126436783,0.09166666666666667,-0.7252873563218392,1.4956576943912392,0.08197876828903801,True
1.0,0.0,0.8333333333333333,1.4505747126436783,0.08333333333333337,-0.7252873563218392,1.4999458528236713,0.08155501754738644,True
1.0,0.0,0.85,1.4505747126436783,0.07500000000000001,-0.7252873563218392,1.50422556774576,0.08113755888758539,True
1.0,0.0,0.8666666666666666,1.4505747126436783,0.06666666666666671,-0.7252873563218392,1.508496830884341,0.08072624166500622,True
1.0,0.0,0.8833333333333333,1.4505747126436783,0.05833333333333335,-0.7252873563218392,1.512759636082297,0.0803209201557422,True
1.0,0.0,0.9,1.4505747126436783,0.04999999999999999,-0.7252873563218392,1.5170139791990258,0.07992145335411546,True
1.0,0.0,0.9166666666666666,1.4505747126436783,0.041666666666666685,-0.7252873563218392,1.5212598580151206,0.07952770478021774,True
1.0,0.0,0.9333333333333333,1.4505747126436783,0.033333333333333326,-0.7252873563218392,1.525497272141256,0.07913954229689021,True
1.0,0.0,0.95,1.4505747126436783,0.025000000000000022,-0.7252873563218392,1.5297262229310802,0.07875683793560175,True
1.0,0.0,0.9666666666666667,1.4505747126436783,0.016666666666666663,-0.7252873563218392,1.5339467133978226,0.07837946773073211,True
1.0,0.0,0.9833333333333333,1.4505747126436783,0.00833333333333336,-0.7252873563218392,1.5381587481348553,0.07800731156174998,True
1.0,0.0,1.0,1.4505747126436783,0.0,-0.7252873563218392,1.5423623332392653,0.07764025300291558,True
1.0,0.0,1.0166666666666666,1.4505747126436783,-0.008333333333333304,-0.7252873563218392,1.5465574762391343,0.07727817918001617,True
1.0,0.0,1.0333333333333334,1.4505747126436783,-0.01666666666666672,-0.7252873563218392,1.5507441860238274,0.07692098063379645,True
1.0,0.0,1.05,1.4505747126436783,-0.025000000000000022,-0.7252873563218392,1.5549224727773632,0.07656855118970277,True
1.0,0.0,1.0666666666666667,1.4505747126436783,-0.033333333333333326,-0.7252873563218392,1.5590923479146512,0.076220787833605,True
1.0,0.0,1.0833333333333333,1.4505747126436783,-0.04166666666666663,-0.7252873563218392,1.5632538240205445,0.07587759059317217,True
1.0,0.0,1.1,1.4505747126436783,-0.050000000000000044,-0.7252873563218392,1.5674069147914904,0.07553886242460688,True
1.0,0.0,1.1166666666666667,1.4505747126436783,-0.05833333333333335,-0.7252873563218392,1.571551634979759,0.07520450910445109,True
1.0,0.0,1.1333333333333333,1.4505747126436783,-0.06666666666666665,-0.7252873563218392,1.575688000340061,0.07487443912620238,True
1.0,0.0,1.1500000000000001,1.4505747126436783,-0.07500000000000007,-0.7252873563218392,1.5798160275784865,0.07454856360148934,True
1.0,0.0,1.1666666666666667,1.4505747126436783,-0.08333333333333337,-0.7252873563218392,1.5839357343036575,0.07422679616557122,True
1.0,0.0,1.1833333333333333,1.4505747126436783,-0.09166666666666667,-0.7252873563218392,1.588047138979989,0.07390905288694248,True
1.0,0.0,1.2000000000000002,1.4505747126436783,-0.10000000000000009,-0.7252873563218392,1.5921502608829783,0.07359525218083283,True
1.0,0.0,1.2166666666666668,1.4505747126436783,-0.10833333333333339,-0.7252873563218392,1.5962451200564058,0.07328531472640931,True
1.0,0.0,1.2333333333333334,1.4505747126436783,-0.1166666666666667,-0.7252873563218392,1.6003317372714259,0.07297916338749039,True
1.0,0.0,1.25,1.4505747126436783,-0.125,-0.7252873563218392,1.6044101339873715,0.0726767231366058,True
1.0,0.0,1.2666666666666668,1.4505747126436783,-0.13333333333333341,-0.7252873563218392,1.6084803323142889,0.07237792098223116,True
1.0,0.0,1.2833333333333334,1.4505747126436783,-0.14166666666666672,-0.7252873563218392,1.6125423549770728,0.0720826858990444,True
1.0,0.0,1.3,1.4505747126436783,-0.15000000000000002,-0.7252873563218392,1.616596225281154,0.07179094876105939,True
1.0,0.0,1.3166666666666667,1.4505747126436783,-0.15833333333333333,-0.7252873563218392,1.6206419670796572,0.07150264227749588,True
1.0,0.0,1.3333333333333335,1.4505747126436783,-0.16666666666666674,-0.7252873563218392,1.6246796047419825,0.07121770093125672,True
1.0,0.0,1.35,1.4505747126436783,-0.17500000000000004,-0.7252873563218392,1.6287091631237447,0.0709360609198867,True
1.0,0.0,1.3666666666666667,1.4505747126436783,-0.18333333333333335,-0.7252873563218392,1.6327306675380002,0.07065766009889915,True
1.0,0.0,1.3833333333333333,1.4505747126436783,-0.19166666666666665,-0.7252873563218392,1.6367441437277113,0.07038243792735717,True
1.0,0.0,1.4000000000000001,1.4505747126436783,-0.20000000000000007,-0.7252873563218392,1.6407496178394172,0.0701103354156053,True
1.0,0.0,1.4166666666666667,1.4505747126436783,-0.20833333333333337,-0.7252873563218392,1.6447471163980223,0.06984129507505253,True
1.0,0.0,1.4333333333333333,1.4505747126436783,-0.21666666666666667,-0.7252873563218392,1.6487366662826715,0.06957526086991424,True
1.0,0.0,1.45,1.4505747126436783,-0.22499999999999998,-0.7252873563218392,1.6527182947036883,0.06931217817082073,True
1.0,0.0,0.1,1.4793103448275864,0.45,-0.7396551724137932,1.3106790748013093,0.10820376128320011,True
1.0,0.0,0.11666666666666667,1.4793103448275864,0.44166666666666665,-0.7396551724137932,1.3153081677797298,0.10726041861977229,True
1.0,0.0,0.13333333333333333,1.4793103448275864,0.43333333333333335,-0.7396551724137932,1.3199333581679198,0.1063399502758544,True
1.0,0.0,0.15000000000000002,1.4793103448275864,0.425,-0.7396551724137932,1.3245543477962032,0.10544147535994441,True
1.0,0.0,0.16666666666666669,1.4793103448275864,0.41666666666666663,-0.7396551724137932,1.3291708538199942,0.10456415898355971,True
1.0,0.0,0.18333333333333335,1.4793103448275864,0.4083333333333333,-0.7396551724137932,1.3337826080389334,0.10370720923907081,True
1.0,0.0,0.2,1.4793103448275864,0.4,-0.7396551724137932,1.33838935624458,0.10286987441635113,True
1.0,0.0,0.21666666666666667,1.4793103448275864,0.39166666666666666,-0.7396551724137932,1.3429908575956897,0.10205144043622709,True
1.0,0.0,0.23333333333333334,1.4793103448275864,0.3833333333333333,-0.7396551724137932,1.3475868840201022,0.10125122848102709,True
1.0,0.0,0.25,1.4793103448275864,0.375,-0.7396551724137932,1.3521772196422674,0.1004685928045732,True
1.0,0.0,0.26666666666666666,1.4793103448275864,0.3666666666666667,-0.7396551724137932,1.3567616602354644,0.09970291870575591,True
1.0,0.0,0.2833333333333333,1.4793103448275864,0.35833333333333334,-0.7396551724137932,1.3613400126977608,0.09895362065144139,True
1.0,0.0,0.30000000000000004,1.4793103448275864,0.35,-0.7396551724137932,1.3659120945507974,0.09822014053586743,True
1.0,0.0,0.31666666666666665,1.4793103448275864,0.3416666666666667,-0.7396551724137932,1.370477733460497,0.09750194606495081,True
1.0,0.0,0.33333333333333337,1.4793103448275864,0.3333333333333333,-0.7396551724137932,1.3750367667788195,0.09679852925504466,True
1.0,0.0,0.35,1.4793103448275864,0.325,-0.7396551724137932,1.379589041105697,0.09610940503668976,True
1.0,0.0,0.3666666666666667,1.4793103448275864,0.31666666666666665,-0.7396551724137932,1.3841344118703272,0.09543410995478957,True
1.0,0.0,0.3833333333333333,1.4793103448275864,0.30833333333333335,-0.7396551724137932,1.3886727429310135,0.09477220095744,True
1.0,0.0,0.4,1.4793103448275864,0.3,-0.7396551724137932,1.3932039061927728,0.09412325426635973,True
1.0,0.0,0.41666666666666663,1.4793103448275864,0.2916666666666667,-0.7396551724137932,1.3977277812419224,0.09348686432250997,True
1.0,0.0,0.43333333333333335,1.4793103448275864,0.2833333333333333,-0.7396551724137932,1.4022442549971061,0.09286264280103969,True
1.0,0.0,0.44999999999999996,1.4793103448275864,0.275,-0.7396551724137932,1.406753221375546,0.09225021769030535,True
1.0,0.0,0.4666666666666667,1.4793103448275864,0.26666666666666666,-0.7396551724137932,1.411254580974609,0.09164923243000353,True
1.0,0.0,0.4833333333333333,1.4793103448275864,0.25833333333333336,-0.7396551724137932,1.4157482407673738,0.09105934510407361,True
1.0,0.0,0.5,1.4793103448275864,0.25,-0.7396551724137932,1.4202341138118735,0.09048022768427341,True
1.0,0.0,0.5166666666666667,1.4793103448275864,0.24166666666666664,-0.7396551724137932,1.4247121189733702,0.08991156532072049,True
1.0,0.0,0.5333333333333333,1.4793103448275864,0.23333333333333334,-0.7396551724137932,1.4291821806590757,0.08935305567599858,True
1.0,0.0,0.55,1.4793103448275864,0.22499999999999998,-0.7396551724137932,1.4336442285647384,0.08880440829971135,True
1.0,0.0,0.5666666666666667,1.4793103448275864,0.21666666666666667,-0.7396551724137932,1.4380981974326137,0.0882653440406127,True
1.0,0.0,0.5833333333333334,1.4793103448275864,0.20833333333333331,-0.7396551724137932,1.4425440268202654,0.08773559449368352,True
1.0,0.0,0.6,1.4793103448275864,0.2,-0.7396551724137932,1.4469816608797228,0.08721490147973154,True
1.0,0.0,0.6166666666666666,1.4793103448275864,0.1916666666666667,-0.7396551724137932,1.4514110481465443,0.086703016555281,True
1.0,0.0,0.6333333333333333,1.4793103448275864,0.18333333333333335,-0.7396551724137932,1.4558321413383286,0.08619970055069581,True
1.0,0.0,0.65,1.4793103448275864,0.175,-0.7396551724137932,1.460244897162215,0.08570472313464401,True
1.0,0.0,0.6666666666666666,1.4793103448275864,0.16666666666666669,-0.7396551724137932,1.464649276131038,0.08521786240314254,True
1.0,0.0,0.6833333333333333,1.4793103448275864,0.15833333333333333,-0.7396551724137932,1.4690452423876887,0.08473890449157087,True
1.0,0.0,0.7,1.4793103448275864,0.15000000000000002,-0.7396551724137932,1.4734327635372158,0.08426764320816582,True
1.0,0.0,0.7166666666666667,1.4793103448275864,0.14166666666666666,-0.7396551724137932,1.4778118104867344,0.08380387968756668,True
1.0,0.0,0.7333333333333333,1.4793103448275864,0.13333333333333336,-0.7396551724137932,1.4821823572920148,0.0833474220632117,True
1.0,0.0,0.75,1.4793103448275864,0.125,-0.7396551724137932,1.486544381011335,0.08289808515729823,True
1.0,0.0,0.7666666666666666,1.4793103448275864,0.1166666666666667,-0.7396551724137932,1.4908978615655701,0.08245569018727979,True
1.0,0.0,0.7833333333333333,1.4793103448275864,0.10833333333333334,-0.7396551724137932,1.4952427816046283,0.08202006448783085,True
1.0,0.0,0.7999999999999999,1.4793103448275864,0.10000000000000003,-0.7396551724137932,1.4995791263798008,0.08159104124734438,True
1.0,0.0,0.8166666666666667,1.4793103448275864,0.09166666666666667,-0.7396551724137932,1.503906883621692,0.08116845925808172,True
1.0,0.0,0.8333333333333333,1.4793103448275864,0.08333333333333337,-0.7396551724137932,1.5082260434237933,0.08075216267911894,True
1.0,0.0,0.85,1.4793103448275864,0.07500000000000001,-0.7396551724137932,1.5125365981309111,0.08034200081137789,True
1.0,0.0,0.8666666666666666,1.4793103448275864,0.06666666666666671,-0.7396551724137932,1.5168385422327544,0.07993782788397248,True
1.0,0.0,0.8833333333333333,1.4793103448275864,0.05833333333333335,-0.7396551724137932,1.521131872262152,0.07953950285123434,True
1.0,0.0,0.9,1.4793103448275864,0.04999999999999999,-0.7396551724137932,1.5254165866977556,0.07914688919979022,True
1.0,0.0,0.9166666666666666,1.4793103448275864,0.041666666666666685,-0.7396551724137932,1.5296926858710644,0.07875985476510591,True
1.0,0.0,0.9333333333333333,1.4793103448275864,0.033333333333333326,-0.7396551724137932,1.533960171877444,0.07837827155696798,True
1.0,0.0,0.95,1.4793103448275864,0.025000000000000022,-0.7396551724137932,1.5382190484913607,0.07800201559335886,True
1.0,0.0,0.9666666666666667,1.4793103448275864,0.016666666666666663,-0.7396551724137932,1.542469321084893,0.07763096674232146,True
1.0,0.0,0.9833333333333333,1.4793103448275864,0.00833333333333336,-0.7396551724137932,1.5467109965501868,0.07726500857129313,True
1.0,0.0,1.0,1.4793103448275864,0.0,-0.7396551724137932,1.5509440832251633,0.076904028203543,True
1.0,0.0,1.0166666666666666,1.4793103448275864,-0.008333333333333304,-0.7396551724137932,1.555168590822499,0.0765479161813071,True
1.0,0.0,1.0333333333333334,1.4793103448275864,-0.01666666666666672,-0.7396551724137932,1.5593845303617422,0.07619656633525686,True
1.0,0.0,1.05,1.4793103448275864,-0.025000000000000022,-0.7396551724137932,1.5635919141043655,0.07584987565996329,True
1.0,0.0,1.0666666666666667,1.4793103448275864,-0.033333333333333326,-0.7396551724137932,1.567790755491684,0.07550774419503133,True
1.0,0.0,1.0833333333333333,1.4793103448275864,-0.04166666666666663,-0.7396551724137932,1.5719810690854696,0.07517007491160635,True
1.0,0.0,1.1,1.4793103448275864,-0.050000000000000044,-0.7396551724137932,1.576162870511169,0.07483677360396754,True
1.0,0.0,1.1166666666666667,1.4793103448275864,-0.05833333333333335,-0.7396551724137932,1.5803361764035904,0.07450774878594442,True
1.0,0.0,1.1333333333333333,1.4793103448275864,-0.06666666666666665,-0.7396551724137932,1.584501004354951,0.07418291159190435,True
1.0,0.0,1.1500000000000001,1.4793103448275864,-0.07500000000000007,-0.7396551724137932,1.5886573728652023,0.07386217568207638,True
1.0,0.0,1.1666666666666667,1.4793103448275864,-0.08333333333333337,-0.7396551724137932,1.5928053012945067,0.07354545715198993,True
1.0,0.0,1.1833333333333333,1.4793103448275864,-0.09166666666666667,-0.7396551724137932,1.5969448098177796,0.07323267444582092,True
1.0,0.0,1.2000000000000002,1.4793103448275864,-0.10000000000000009,-0.7396551724137932,1.6010759193812099,0.07292374827344619,True
1.0,0.0,1.2166666666666668,1.4793103448275864,-0.10833333333333339,-0.7396551724137932,1.605198651660675,0.07261860153102324,True
1.0,0.0,1.2333333333333334,1.4793103448275864,-0.1166666666666667,-0.7396551724137932,1.609313029021948,0.07231715922491964,True
1.0,0.0,1.25,1.4793103448275864,-0.125,-0.7396551724137932,1.6134190744826524,0.07201934839882752,True
1.0,0.0,1.2666666666666668,1.4793103448275864,-0.13333333333333341,-0.7396551724137932,1.6175168116758407,0.07172509806390771,True
1.0,0.0,1.2833333333333334,1.4793103448275864,-0.14166666666666672,-0.7396551724137932,1.6216062648151837,0.07143433913181617,True
1.0,0.0,1.3,1.4793103448275864,-0.15000000000000002,-0.7396551724137932,1.6256874586616556,0.07114700435047322,True
1.0,0.0,1.3166666666666667,1.4793103448275864,-0.15833333333333333,-0.7396551724137932,1.6297604184916472,0.07086302824244874,True
1.0,0.0,1.3333333333333335,1.4793103448275864,-0.16666666666666674,-0.7396551724137932,1.6338251700664947,0.07058234704583219,True
1.0,0.0,1.35,1.4793103448275864,-0.17500000000000004,-0.7396551724137932,1.6378817396033105,0.0703048986574765,True
1.0,0.0,1.3666666666666667,1.4793103448275864,-0.18333333333333335,-0.7396551724137932,1.6419301537470852,0.07003062257850166,True
1.0,0.0,1.3833333333333333,1.4793103448275864,-0.19166666666666665,-0.7396551724137932,1.6459704395439994,0.06975945986195332,True
1.0,0.0,1.4000000000000001,1.4793103448275864,-0.20000000000000007,-0.7396551724137932,1.650002624415895,0.06949135306251857,True
1.0,0.0,1.4166666666666667,1.4793103448275864,-0.20833333333333337,-0.7396551724137932,1.654026736135859,0.06922624618820211,True
1.0,0.0,1.4333333333333333,1.4793103448275864,-0.21666666666666667,-0.7396551724137932,1.658042802804863,0.06896408465387562,True
1.0,0.0,1.45,1.4793103448275864,-0.22499999999999998,-0.7396551724137932,1.6620508528294167,0.06870481523661537,True
1.0,0.0,0.1,1.5080459770114942,0.45,-0.7540229885057471,1.317360234354313,0.10684936275627249,True
1.0,0.0,0.11666666666666667,1.5080459770114942,0.44166666666666665,-0.7540229885057471,1.322030985968506,0.10592953132908776,True
1.0,0.0,0.13333333333333333,1.5080459770114942,0.43333333333333335,-0.7540229885057471,1.3266974411280648,0.10503173092056116,True
1.0,0.0,0.15000000000000002,1.5080459770114942,0.425,-0.7540229885057471,1.3313593114177844,0.10415512368666349,True
1.0,0.0,0.16666666666666669,1.5080459770114942,0.41666666666666663,-0.7540229885057471,1.3360163234439915,0.10329891497768193,True
1.0,0.0,0.18333333333333335,1.5080459770114942,0.4083333333333333,-0.7540229885057471,1.3406682181625913,0.10246235053775236,True
1.0,0.0,0.2,1.5080459770114942,0.4,-0.7540229885057471,1.345314750235591,0.10164471392276113,True
1.0,0.0,0.21666666666666667,1.5080459770114942,0.39166666666666666,-0.7540229885057471,1.3499556874151024,0.10084532411674706,True
1.0,0.0,0.23333333333333334,1.5080459770114942,0.3833333333333333,-0.7540229885057471,1.3545908099538178,0.1000635333290062,True
1.0,0.0,0.25,1.5080459770114942,0.375,-0.7540229885057471,1.3592199100409856,0.0992987249559119,True
1.0,0.0,0.26666666666666666,1.5080459770114942,0.3666666666666667,-0.7540229885057471,1.3638427912629127,0.09855031169308415,True
1.0,0.0,0.2833333333333333,1.5080459770114942,0.35833333333333334,-0.7540229885057471,1.3684592680870307,0.09781773378496803,True
1.0,0.0,0.30000000000000004,1.5080459770114942,0.35,-0.7540229885057471,1.3730691653686145,0.09710045740015069,True
1.0,0.0,0.31666666666666665,1.5080459770114942,0.3416666666666667,-0.7540229885057471,1.3776723178792238,0.09639797312188084,True
1.0,0.0,0.33333333333333337,1.5080459770114942,0.3333333333333333,-0.7540229885057471,1.3822685698560058,0.09570979454425782,True
1.0,0.0,0.35,1.5080459770114942,0.325,-0.7540229885057471,1.3868577745709623,0.0950354569654632,True
1.0,0.0,0.3666666666666667,1.5080459770114942,0.31666666666666665,-0.7540229885057471,1.3914397939193928,0.0943745161702041,True
1.0,0.0,0.3833333333333333,1.5080459770114942,0.30833333333333335,-0.7540229885057471,1.3960144980266855,0.09372654729426355,True
1.0,0.0,0.4,1.5080459770114942,0.3,-0.7540229885057471,1.400581764872545,0.09309114376471633,True
1.0,0.0,0.41666666666666663,1.5080459770114942,0.2916666666666667,-0.7540229885057471,1.405141479932394,0.09246791630986309,True
1.0,0.0,0.43333333333333335,1.5080459770114942,0.2833333333333333,-0.7540229885057471,1.4096935358342981,0.09185649203365172,True
1.0,0.0,0.44999999999999996,1.5080459770114942,0.275,-0.7540229885057471,1.414237832031759,0.09125651354955237,True
1.0,0.0,0.4666666666666667,1.5080459770114942,0.26666666666666666,-0.7540229885057471,1.4187742744909697,0.09066763816952317,True
1.0,0.0,0.4833333333333333,1.5080459770114942,0.25833333333333336,-0.7540229885057471,1.423302775392179,0.09008953714394238,True
1.0,0.0,0.5,1.5080459770114942,0.25,-0.7540229885057471,1.427823252844497,0.08952189494877656,True
1.0,0.0,0.5166666666666667,1.5080459770114942,0.24166666666666664,-0.7540229885057471,1.4323356306135133,0.08896440861656413,True
1.0,0.0,0.5333333333333333,1.5080459770114942,0.23333333333333334,-0.7540229885057471,1.4368398378612013,0.08841678710806719,True
1.0,0.0,0.55,1.5080459770114942,0.22499999999999998,-0.7540229885057471,1.4413358088975121,0.08787875072171412,True
1.0,0.0,0.5666666666666667,1.5080459770114942,0.21666666666666667,-0.7540229885057471,1.445823482943161,0.08735003053817751,True
1.0,0.0,0.5833333333333334,1.5080459770114942,0.20833333333333331,-0.7540229885057471,1.4503028039030923,0.0868303678976518,True
1.0,0.0,0.6,1.5080459770114942,0.2,-0.7540229885057471,1.4547737201501376,0.08631951390758391,True
1.0,0.0,0.6166666666666666,1.5080459770114942,0.1916666666666667,-0.7540229885057471,1.4592361843184045,0.08581722897879002,True
1.0,0.0,0.6333333333333333,1.5080459770114942,0.18333333333333335,-0.7540229885057471,1.463690153105971,0.0853232823880451,True
1.0,0.0,0.65,1.5080459770114942,0.175,-0.7540229885057471,1.468135587086458,0.08483745186538634,True
1.0,0.0,0.6666666666666666,1.5080459770114942,0.16666666666666669,-0.7540229885057471,1.4725724505289026,0.08435952320451882,True
1.0,0.0,0.6833333333333333,1.5080459770114942,0.15833333333333333,-0.7540229885057471,1.4770007112261765,0.08388928989475035,True
1.0,0.0,0.7,1.5080459770114942,0.15000000000000002,-0.7540229885057471,1.4814203403304196,0.08342655277318718,True
1.0,0.0,0.7166666666666667,1.5080459770114942,0.14166666666666666,-0.7540229885057471,1.4858313121965006,0.08297111969575245,True
1.0,0.0,0.7333333333333333,1.5080459770114942,0.13333333333333336,-0.7540229885057471,1.4902336042320463,0.08252280522595054,True
1.0,0.0,0.75,1.5080459770114942,0.125,-0.7540229885057471,1.4946271967544058,0.08208143034019537,True
1.0,0.0,0.7666666666666666,1.5080459770114942,0.1166666666666667,-0.7540229885057471,1.4990120728539407,0.08164682214870188,True
1.0,0.0,0.7833333333333333,1.5080459770114942,0.10833333333333334,-0.7540229885057471,1.5033882182633924,0.08121881363097984,True
1.0,0.0,0.7999999999999999,1.5080459770114942,0.10000000000000003,-0.7540229885057471,1.5077556212331797,0.08079724338502618,True
1.0,0.0,0.8166666666666667,1.5080459770114942,0.09166666666666667,-0.7540229885057471,1.512114272412117,0.08038195538941141,True
1.0,0.0,0.8333333333333333,1.5080459770114942,0.08333333333333337,-0.7540229885057471,1.5164641647335522,0.07997279877746354,True
1.0,0.0,0.85,1.5080459770114942,0.07500000000000001,-0.7540229885057471,1.520805293306528,0.07956962762284751,True
1.0,0.0,0.8666666666666666,1.5080459770114942,0.06666666666666671,-0.7540229885057471,1.5251376553117826,0.07917230073586393,True
1.0,0.0,0.8833333333333333,1.5080459770114942,0.05833333333333335,-0.7540229885057471,1.529461249902366,0.07878068146984359,True
1.0,0.0,0.9,1.5080459770114942,0.04999999999999999,-0.7540229885057471,1.533776078108609,0.07839463753705951,True
1.0,0.0,0.9166666666666666,1.5080459770114942,0.041666666666666685,-0.7540229885057471,1.5380821427475346,0.07801404083358401,True
1.0,0.0,0.9333333333333333,1.5080459770114942,0.033333333333333326,-0.7540229885057471,1.5423794483358975,0.0776387672726396,True
1.0,0.0,0.95,1.5080459770114942,0.025000000000000022,-0.7540229885057471,1.546668001007379,0.07726869662590209,True
1.0,0.0,0.9666666666666667,1.5080459770114942,0.016666666666666663,-0.7540229885057471,1.5509478084333141,0.07690371237235144,True
1.0,0.0,0.9833333333333333,1.5080459770114942,0.00833333333333336,-0.7540229885057471,1.5552188797469337,0.07654370155423974,True
1.0,0.0,1.0,1.5080459770114942,0.0,-0.7540229885057471,1.5594812254709514,0.07618855463978606,True
1.0,0.0,1.0166666666666666,1.5080459770114942,-0.008333333333333304,-0.7540229885057471,1.563734857448325,0.07583816539223463,True
1.0,0.0,1.0333333333333334,1.5080459770114942,-0.01666666666666672,-0.7540229885057471,1.5679797887760816,0.07549243074492798,True
1.0,0.0,1.05,1.5080459770114942,-0.025000000000000022,-0.7540229885057471,1.5722160337420392,0.07515125068207748,True
1.0,0.0,1.0666666666666667,1.5080459770114942,-0.033333333333333326,-0.7540229885057471,1.57644360776432,0.07481452812492465,True
1.0,0.0,1.0833333333333333,1.5080459770114942,-0.04166666666666663,-0.7540229885057471,1.5806625273335,0.07448216882301228,True
1.0,0.0,1.1,1.5080459770114942,-0.050000000000000044,-0.7540229885057471,1.5848728099573082,0.07415408125029511,True
1.0,0.0,1.1166666666666667,1.5080459770114942,-0.05833333333333335,-0.7540229885057471,1.5890744741077556,0.07383017650583956,True
1.0,0.0,1.1333333333333333,1.5080459770114942,-0.06666666666666665,-0.7540229885057471,1.5932675391705624,0.07351036821887787,True
1.0,0.0,1.1500000000000001,1.5080459770114942,-0.07500000000000007,-0.7540229885057471,1.5974520253968019,0.07319457245799249,True
1.0,0.0,1.1666666666666667,1.5080459770114942,-0.08333333333333337,-0.7540229885057471,1.6016279538566818,0.07288270764421977,True
1.0,0.0,1.1833333333333333,1.5080459770114942,-0.09166666666666667,-0.7540229885057471,1.6057953463953079,0.07257469446787995,True
1.0,0.0,1.2000000000000002,1.5080459770114942,-0.10000000000000009,-0.7540229885057471,1.609954225590421,0.0722704558089416,True
1.0,0.0,1.2166666666666668,1.5080459770114942,-0.10833333333333339,-0.7540229885057471,1.6141046147119427,0.07196991666075095,True
1.0,0.0,1.2333333333333334,1.5080459770114942,-0.1166666666666667,-0.7540229885057471,1.6182465376833266,0.0716730040569548,True
1.0,0.0,1.25,1.5080459770114942,-0.125,-0.7540229885057471,1.6223800190445583,0.07137964700146664,True
1.0,0.0,1.2666666666666668,1.5080459770114942,-0.13333333333333341,-0.7540229885057471,1.6265050839168003,0.07108977640132252,True
1.0,0.0,1.2833333333333334,1.5080459770114942,-0.14166666666666672,-0.7540229885057471,1.6306217579685647,0.07080332500229276,True
1.0,0.0,1.3,1.5080459770114942,-0.15000000000000002,-0.7540229885057471,1.6347300673833638,0.07052022732711366,True
1.0,0.0,1.3166666666666667,1.5080459770114942,-0.15833333333333333,-0.7540229885057471,1.6388300388287833,0.07024041961621684,True
1.0,0.0,1.3333333333333335,1.5080459770114942,-0.16666666666666674,-0.7540229885057471,1.6429216994268938,0.06996383977083809,True
1.0,0.0,1.35,1.5080459770114942,-0.17500000000000004,-0.7540229885057471,1.6470050767259632,0.06969042729839423,True
1.0,0.0,1.3666666666666667,1.5080459770114942,-0.18333333333333335,-0.7540229885057471,1.6510801986733952,0.06942012326002192,True
1.0,0.0,1.3833333333333333,1.5080459770114942,-0.19166666666666665,-0.7540229885057471,1.6551470935898633,0.06915287022017982,True
1.0,0.0,1.4000000000000001,1.5080459770114942,-0.20000000000000007,-0.7540229885057471,1.6592057901445685,0.06888861219821801,True
1.0,0.0,1.4166666666666667,1.5080459770114942,-0.20833333333333337,-0.7540229885057471,1.6632563173315786,0.06862729462182662,True
1.0,0.0,1.4333333333333333,1.5080459770114942,-0.21666666666666667,-0.7540229885057471,1.667298704447212,0.06836886428227662,True
1.0,0.0,1.45,1.5080459770114942,-0.22499999999999998,-0.7540229885057471,1.6713329810683935,0.06811326929137498,True
1.0,0.0,0.1,1.5367816091954023,0.45,-0.7683908045977011,1.3240154750500488,0.1055451882966628,True
1.0,0.0,0.11666666666666667,1.5367816091954023,0.44166666666666665,-0.7683908045977011,1.328727391404885,0.10464757572987188,True
1.0,0.0,0.13333333333333333,1.5367816091954023,0.43333333333333335,-0.7683908045977011,1.3334346268361559,0.10377120883968406,True
1.0,0.0,0.15000000000000002,1.5367816091954023,0.425,-0.7683908045977011,1.3381369024017633,0.10291528932204107,True
1.0,0.0,0.16666666666666669,1.5367816091954023,0.41666666666666663,-0.7683908045977011,1.3428339538860994,0.10207905952184208,True
1.0,0.0,0.18333333333333335,1.5367816091954023,0.4083333333333333,-0.7683908045977011,1.3475255311368535,0.10126179983074535,True
1.0,0.0,0.2,1.5367816091954023,0.4,-0.7683908045977011,1.3522113974302037,0.10046282628528694,True
1.0,0.0,0.21666666666666667,1.5367816091954023,0.39166666666666666,-0.7683908045977011,1.3568913288633688,0.099681488347326,True
1.0,0.0,0.23333333333333334,1.5367816091954023,0.3833333333333333,-0.7683908045977011,1.361565113773496,0.09891716685067205,True
1.0,0.0,0.25,1.5367816091954023,0.375,-0.7683908045977011,1.366232552181898,0.0981692720993749,True
1.0,0.0,0.26666666666666666,1.5367816091954023,0.3666666666666667,-0.7683908045977011,1.370893455262638,0.09743724210461233,True
1.0,0.0,0.2833333333333333,1.5367816091954023,0.35833333333333334,-0.7683908045977011,1.3755476448345236,0.09672054094838686,True
1.0,0.0,0.30000000000000004,1.5367816091954023,0.35,-0.7683908045977011,1.3801949528755493,0.0960186572633937,True
1.0,0.0,0.31666666666666665,1.5367816091954023,0.3416666666666667,-0.7683908045977011,1.384835221058879,0.09533110281943757,True
1.0,0.0,0.33333333333333337,1.5367816091954023,0.3333333333333333,-0.7683908045977011,1.3894683003094914,0.09465741120768287,True
1.0,0.0,0.35,1.5367816091954023,0.325,-0.7683908045977011,1.3940940503805956,0.09399713661484241,True
1.0,0.0,0.3666666666666667,1.5367816091954023,0.31666666666666665,-0.7683908045977011,1.398712339448995,0.09334985268013121,True
1.0,0.0,0.3833333333333333,1.5367816091954023,0.30833333333333335,-0.7683908045977011,1.4033230437287023,0.09271515142845063,True
1.0,0.0,0.4,1.5367816091954023,0.3,-0.7683908045977011,1.4079260471016326,0.09209264227392434,True
1.0,0.0,0.41666666666666663,1.5367816091954023,0.2916666666666667,-0.7683908045977011,1.41252124076526,0.09148195108829164,True
1.0,0.0,0.43333333333333335,1.5367816091954023,0.2833333333333333,-0.7683908045977011,1.417108522895917,0.09088271932930966,True
1.0,0.0,0.44999999999999996,1.5367816091954023,0.275,-0.7683908045977011,1.4216877983273557,0.0902946032246152,True
1.0,0.0,0.4666666666666667,1.5367816091954023,0.26666666666666666,-0.7683908045977011,1.426258978243812,0.08971727300694206,True
1.0,0.0,0.4833333333333333,1.5367816091954023,0.25833333333333336,-0.7683908045977011,1.4308219798869313,0.08915041219692296,True
1.0,0.0,0.5,1.5367816091954023,0.25,-0.7683908045977011,1.4353767262759507,0.08859371693002237,True
1.0,0.0,0.5166666666666667,1.5367816091954023,0.24166666666666664,-0.7683908045977011,1.4399231459405226,0.08804689532443478,True
1.0,0.0,0.5333333333333333,1.5367816091954023,0.23333333333333334,-0.7683908045977011,1.444461172665624,0.08750966688703915,True
1.0,0.0,0.55,1.5367816091954023,0.22499999999999998,-0.7683908045977011,1.4489907452480097,0.08698176195473745,True
1.0,0.0,0.5666666666666667,1.5367816091954023,0.21666666666666667,-0.7683908045977011,1.453511807263665,0.08646292116872167,True
1.0,0.0,0.5833333333333334,1.5367816091954023,0.20833333333333331,-0.7683908045977011,1.4580243068457928,0.08595289497940184,True
1.0,0.0,0.6,1.5367816091954023,0.2,-0.7683908045977011,1.462528196472815,0.08545144317991439,True
1.0,0.0,0.6166666666666666,1.5367816091954023,0.1916666666666667,-0.7683908045977011,1.4670234327659593,0.08495833446628508,True
1.0,0.0,0.6333333333333333,1.5367816091954023,0.18333333333333335,-0.7683908045977011,1.4715099762960584,0.08447334602246116,True
1.0,0.0,0.65,1.5367816091954023,0.175,-0.7683908045977011,1.475987791398883,0.08399626312860385,True
1.0,0.0,0.6666666666666666,1.5367816091954023,0.16666666666666669,-0.7683908045977011,1.4804568459989609,0.08352687879108159,True
1.0,0.0,0.6833333333333333,1.5367816091954023,0.15833333333333333,-0.7683908045977011,1.4849171114414461,0.08306499339276976,True
1.0,0.0,0.7,1.5367816091954023,0.15000000000000002,-0.7683908045977011,1.489368562331229,0.08261041436240162,True
1.0,0.0,0.7166666666666667,1.5367816091954023,0.14166666666666666,-0.7683908045977011,1.4938111763795658,0.08216295586169814,True
1.0,0.0,0.7333333333333333,1.5367816091954023,0.13333333333333336,-0.7683908045977011,1.4982449342575164,0.08172243848919962,True
1.0,0.0,0.75,1.5367816091954023,0.125,-0.7683908045977011,1.5026698194559474,0.08128868899975314,True
1.0,0.0,0.7666666666666666,1.5367816091954023,0.1166666666666667,-0.7683908045977011,1.507085818151853,0.08086154003868397,True
1.0,0.0,0.7833333333333333,1.5367816091954023,0.10833333333333334,-0.7683908045977011,1.5114929190806612,0.08044082988976135,True
1.0,0.0,0.7999999999999999,1.5367816091954023,0.10000000000000003,-0.7683908045977011,1.5158911134142405,0.08002640223612327,True
1.0,0.0,0.8166666666666667,1.5367816091954023,0.09166666666666667,-0.7683908045977011,1.520280394644404,0.07961810593337926,True
1.0,0.0,0.8333333333333333,1.5367816091954023,0.08333333333333337,-0.7683908045977011,1.5246607584715892,0.07921579479417316,True
1.0,0.0,0.85,1.5367816091954023,0.07500000000000001,-0.7683908045977011,1.5290322026985332,0.07881932738352783,True
1.0,0.0,0.8666666666666666,1.5367816091954023,0.06666666666666671,-0.7683908045977011,1.5333947271286166,0.07842856682434997,True
1.0,0.0,0.8833333333333333,1.5367816091954023,0.05833333333333335,-0.7683908045977011,1.5377483334689777,0.07804338061247994,True
1.0,0.0,0.9,1.5367816091954023,0.04999999999999999,-0.7683908045977011,1.5420930252375664,0.07766364044079346,True
1.0,0.0,0.9166666666666666,1.5367816091954023,0.041666666666666685,-0.7683908045977011,1.5464288076746464,0.07728922203178093,True
1.0,0.0,0.9333333333333333,1.5367816091954023,0.033333333333333326,-0.7683908045977011,1.5507556876580935,0.07692000497816423,True
1.0,0.0,0.95,1.5367816091954023,0.025000000000000022,-0.7683908045977011,1.5550736736224813,0.07655587259108898,True
1.0,0.0,0.9666666666666667,1.5367816091954023,0.016666666666666663,-0.7683908045977011,1.5593827754817537,0.0761967117554744,True
1.0,0.0,0.9833333333333333,1.5367816091954023,0.00833333333333336,-0.7683908045977011,1.563683004555322,0.07584241279212721,True
1.0,0.0,1.0,1.5367816091954023,0.0,-0.7683908045977011,1.567974373497441,0.07549286932625034,True
1.0,0.0,1.0166666666666666,1.5367816091954023,-0.008333333333333304,-0.7683908045977011,1.5722568962297065,0.07514797816200118,True
1.0,0.0,1.0333333333333334,1.5367816091954023,-0.01666666666666672,-0.7683908045977011,1.5765305878765268,0.0748076391627757,True
1.0,0.0,1.05,1.5367816091954023,-0.025000000000000022,-0.7683908045977011,1.5807954647034677,0.07447175513691115,True
1.0,0.0,1.0666666666666667,1.5367816091954023,-0.033333333333333326,-0.7683908045977011,1.5850515440582804,0.07414023172852544,True
1.0,0.0,1.0833333333333333,1.5367816091954023,-0.04166666666666663,-0.7683908045977011,1.589298844314577,0.07381297731321927,True
1.0,0.0,1.1,1.5367816091954023,-0.050000000000000044,-0.7683908045977011,1.593537384817945,0.07348990289839259,True
1.0,0.0,1.1166666666666667,1.5367816091954023,-0.05833333333333335,-0.7683908045977011,1.5977671858344653,0.0731709220279348,True
1.0,0.0,1.1333333333333333,1.5367816091954023,-0.06666666666666665,-0.7683908045977011,1.6019882685014775,0.07285595069106665,True
1.0,0.0,1.1500000000000001,1.5367816091954023,-0.07500000000000007,-0.7683908045977011,1.6062006547805283,0.07254490723512068,True
1.0,0.0,1.1666666666666667,1.5367816091954023,-0.08333333333333337,-0.7683908045977011,1.6104043674123623,0.07223771228206544,True
1.0,0.0,1.1833333333333333,1.5367816091954023,-0.09166666666666667,-0.7683908045977011,1.6145994298739255,0.07193428864858134,True
1.0,0.0,1.2000000000000002,1.5367816091954023,-0.10000000000000009,-0.7683908045977011,1.6187858663372374,0.07163456126951619,True
1.0,0.0,1.2166666666666668,1.5367816091954023,-0.10833333333333339,-0.7683908045977011,1.622963701630062,0.07133845712455217,True
1.0,0.0,1.2333333333333334,1.5367816091954023,-0.1166666666666667,-0.7683908045977011,1.627132961198329,0.07104590516792622,True
1.0,0.0,1.25,1.5367816091954023,-0.125,-0.7683908045977011,1.6312936710702028,0.07075683626105524,True
1.0,0.0,1.2666666666666668,1.5367816091954023,-0.13333333333333341,-0.7683908045977011,1.6354458578216968,0.0704711831079313,True
1.0,0.0,1.2833333333333334,1.5367816091954023,-0.14166666666666672,-0.7683908045977011,1.6395895485438405,0.07018888019314515,True
1.0,0.0,1.3,1.5367816091954023,-0.15000000000000002,-0.7683908045977011,1.643724770811272,0.06990986372242114,True
1.0,0.0,1.3166666666666667,1.5367816091954023,-0.15833333333333333,-0.7683908045977011,1.6478515526522048,0.0696340715655404,True
1.0,0.0,1.3333333333333335,1.5367816091954023,-0.16666666666666674,-0.7683908045977011,1.6519699225197133,0.06936144320154383,True
1.0,0.0,1.35,1.5367816091954023,-0.17500000000000004,-0.7683908045977011,1.656079909264304,0.0690919196661035,True
1.0,0.0,1.3666666666666667,1.5367816091954023,-0.18333333333333335,-0.7683908045977011,1.6601815421076607,0.06882544350096918,True
1.0,0.0,1.3833333333333333,1.5367816091954023,-0.19166666666666665,-0.7683908045977011,1.6642748506175704,0.06856195870538828,True
1.0,0.0,1.4000000000000001,1.5367816091954023,-0.20000000000000007,-0.7683908045977011,1.668359864683951,0.06830141068941291,True
1.0,0.0,1.4166666666666667,1.5367816091954023,-0.20833333333333337,-0.7683908045977011,1.6724366144959184,0.06804374622900868,True
1.0,0.0,1.4333333333333333,1.5367816091954023,-0.21666666666666667,-0.7683908045977011,1.6765051305198855,0.06778891342288147,True
1.0,0.0,1.45,1.5367816091954023,-0.22499999999999998,-0.7683908045977011,1.6805654434786246,0.06753686165094826,True
1.0,0.0,0.1,1.5655172413793104,0.45,-0.7827586206896552,1.3306448153378236,0.10428819049348799,True
1.0,0.0,0.11666666666666667,1.5655172413793104,0.44166666666666665,-0.7827586206896552,1.3353974208860848,0.10341160736929039,True
1.0,0.0,0.13333333333333333,1.5655172413793104,0.43333333333333335,-0.7827586206896552,1.3401449699811963,0.10255553708300551,True
1.0,0.0,0.15000000000000002,1.5655172413793104,0.425,-0.7827586206896552,1.3448871928869754,0.10171921773933375,True
1.0,0.0,0.16666666666666669,1.5655172413793104,0.41666666666666663,-0.7827586206896552,1.349623834306812,0.10090192577839883,True
1.0,0.0,0.18333333333333335,1.5655172413793104,0.4083333333333333,-0.7827586206896552,1.3543546527290902,0.10010297355146798,True
1.0,0.0,0.2,1.5655172413793104,0.4,-0.7827586206896552,1.3590794198008902,0.0993217070809952,True
1.0,0.0,0.21666666666666667,1.5655172413793104,0.39166666666666666,-0.7827586206896552,1.3637979197289132,0.09855750398863848,True
1.0,0.0,0.23333333333333334,1.5655172413793104,0.3833333333333333,-0.7827586206896552,1.3685099487066097,0.09780977157655395,True
1.0,0.0,0.25,1.5655172413793104,0.375,-0.7827586206896552,1.373215314366486,0.09707794504874098,True
1.0,0.0,0.26666666666666666,1.5655172413793104,0.3666666666666667,-0.7827586206896552,1.3779138352566043,0.09636148586051013,True
1.0,0.0,0.2833333333333333,1.5655172413793104,0.35833333333333334,-0.7827586206896552,1.3826053403402945,0.0956598801853088,True
1.0,0.0,0.30000000000000004,1.5655172413793104,0.35,-0.7827586206896552,1.387289668518147,0.09497263748916789,True
1.0,0.0,0.31666666666666665,1.5655172413793104,0.3416666666666667,-0.7827586206896552,1.3919666681713379,0.09429928920396063,True
1.0,0.0,0.33333333333333337,1.5655172413793104,0.3333333333333333,-0.7827586206896552,1.3966361967254564,0.0936393874914742,True
1.0,0.0,0.35,1.5655172413793104,0.325,-0.7827586206896552,1.4012981202337436,0.09299250409107457,True
1.0,0.0,0.3666666666666667,1.5655172413793104,0.31666666666666665,-0.7827586206896552,1.4059523129795288,0.09235822924428602,True
1.0,0.0,0.3833333333333333,1.5655172413793104,0.30833333333333335,-0.7827586206896552,1.4105986570959654,0.0917361706904386,True
1.0,0.0,0.4,1.5655172413793104,0.3,-0.7827586206896552,1.415237042203476,0.09112595272775449,True
1.0,0.0,0.41666666666666663,1.5655172413793104,0.2916666666666667,-0.7827586206896552,1.4198673650633415,0.0905272153350005,True
1.0,0.0,0.43333333333333335,1.5655172413793104,0.2833333333333333,-0.7827586206896552,1.4244895292470525,0.08993961334911019,True
1.0,0.0,0.44999999999999996,1.5655172413793104,0.275,-0.7827586206896552,1.4291034448206228,0.08936281569462598,True
1.0,0.0,0.4666666666666667,1.5655172413793104,0.26666666666666666,-0.7827586206896552,1.433709028043249,0.08879650466114976,True
1.0,0.0,0.4833333333333333,1.5655172413793104,0.25833333333333336,-0.7827586206896552,1.4383062010796395,0.08824037522531479,True
1.0,0.0,0.5,1.5655172413793104,0.25,-0.7827586206896552,1.4428948917254059,0.08769413441408161,True
1.0,0.0,0.5166666666666667,1.5655172413793104,0.24166666666666664,-0.7827586206896552,1.4474750331449309,0.08715750070641869,True
1.0,0.0,0.5333333333333333,1.5655172413793104,0.23333333333333334,-0.7827586206896552,1.4520465636211555,0.08663020347066906,True
1.0,0.0,0.55,1.5655172413793104,0.22499999999999998,-0.7827586206896552,1.456609426316714,0.08611198243512486,True
1.0,0.0,0.5666666666666667,1.5655172413793104,0.21666666666666667,-0.7827586206896552,1.461163569045935,0.0856025871895196,True
1.0,0.0,0.5833333333333334,1.5655172413793104,0.20833333333333331,-0.7827586206896552,1.4657089440571975,0.08510177671533539,True
1.0,0.0,0.6,1.5655172413793104,0.2,-0.7827586206896552,1.4702455078251637,0.0846093189429832,True
1.0,0.0,0.6166666666666666,1.5655172413793104,0.1916666666666667,-0.7827586206896552,1.4747732208523558,0.08412499033407227,True
1.0,0.0,0.6333333333333333,1.5655172413793104,0.18333333333333335,-0.7827586206896552,1.479292047480071,0.08364857548706733,True
1.0,0.0,0.65,1.5655172413793104,0.175,-0.7827586206896552,1.4838019557072217,0.08317986676490821,True
1.0,0.0,0.6666666666666666,1.5655172413793104,0.16666666666666669,-0.7827586206896552,1.488302917018104,0.0827186639430271,True
1.0,0.0,0.6833333333333333,1.5655172413793104,0.15833333333333333,-0.7827586206896552,1.4927949062174635,0.08226477387658285,True
1.0,0.0,0.7,1.5655172413793104,0.15000000000000002,-0.7827586206896552,1.4972779012732653,0.08181801018561705,True
1.0,0.0,0.7166666666666667,1.5655172413793104,0.14166666666666666,-0.7827586206896552,1.5017518831664047,0.08137819295704518,True
1.0,0.0,0.7333333333333333,1.5655172413793104,0.13333333333333336,-0.7827586206896552,1.50621683574737,0.08094514846240192,True
1.0,0.0,0.75,1.5655172413793104,0.125,-0.7827586206896552,1.5106727455992615,0.08051870889039701,True
1.0,0.0,0.7666666666666666,1.5655172413793104,0.1166666666666667,-0.7827586206896552,1.5151196019070092,0.08009871209336207,True
1.0,0.0,0.7833333333333333,1.5655172413793104,0.10833333333333334,-0.7827586206896552,1.5195573963325,0.0796850013467481,True
1.0,0.0,0.7999999999999999,1.5655172413793104,0.10000000000000003,-0.7827586206896552,1.5239861228952998,0.07927742512089454,True
1.0,0.0,0.8166666666666667,1.5655172413793104,0.09166666666666667,-0.7827586206896552,1.5284057778587532,0.07887583686433693,True
1.0,0.0,0.8333333333333333,1.5655172413793104,0.08333333333333337,-0.7827586206896552,1.5328163596211246,0.07848009479798021,True
1.0,0.0,0.85,1.5655172413793104,0.07500000000000001,-0.7827586206896552,1.537217868611848,0.07809006171947724,True
1.0,0.0,0.8666666666666666,1.5655172413793104,0.06666666666666671,-0.7827586206896552,1.541610307192072,0.07770560481727264,True
1.0,0.0,0.8833333333333333,1.5655172413793104,0.05833333333333335,-0.7827586206896552,1.5459936795599627,0.07732659549369897,True
1.0,0.0,0.9,1.5655172413793104,0.04999999999999999,-0.7827586206896552,1.5503679916600943,0.07695290919664972,True
1.0,0.0,0.9166666666666666,1.5655172413793104,0.041666666666666685,-0.7827586206896552,1.5547332510969238,0.07658442525932924,True
1.0,0.0,0.9333333333333333,1.5655172413793104,0.033333333333333326,-0.7827586206896552,1.5590894670521225,0.07622102674763166,True
1.0,0.0,0.95,1.5655172413793104,0.025000000000000022,-0.7827586206896552,1.5634366502055996,0.07586260031472349,True
1.0,0.0,0.9666666666666667,1.5655172413793104,0.016666666666666663,-0.7827586206896552,1.5677748126600417,0.07550903606243564,True
1.0,0.0,0.9833333333333333,1.5655172413793104,0.00833333333333336,-0.7827586206896552,1.5721039678688022,0.07516022740909274,True
1.0,0.0,1.0,1.5655172413793104,0.0,-0.7827586206896552,1.5764241305670235,0.07481607096342861,True
1.0,0.0,1.0166666666666666,1.5655172413793104,-0.008333333333333304,-0.7827586206896552,1.5807353167057823,0.07447646640426649,True
1.0,0.0,1.0333333333333334,1.5655172413793104,-0.01666666666666672,-0.7827586206896552,1.5850375433891943,0.07414131636565102,True
1.0,0.0,1.05,1.5655172413793104,-0.025000000000000022,-0.7827586206896552,1.589330828814293,0.07381052632714794,True
1.0,0.0,1.0666666666666667,1.5655172413793104,-0.033333333333333326,-0.7827586206896552,1.5936151922135817,0.07348400450903873,True
1.0,0.0,1.0833333333333333,1.5655172413793104,-0.04166666666666663,-0.7827586206896552,1.59789065380012,0.07316166177215688,True
1.0,0.0,1.1,1.5655172413793104,-0.050000000000000044,-0.7827586206896552,1.602157234715049,0.07284341152212448,True
1.0,0.0,1.1166666666666667,1.5655172413793104,-0.05833333333333335,-0.7827586206896552,1.6064149569774522,0.07252916961776475,True
1.0,0.0,1.1333333333333333,1.5655172413793104,-0.06666666666666665,-0.7827586206896552,1.6106638434364087,0.0722188542834787,True
1.0,0.0,1.1500000000000001,1.5655172413793104,-0.07500000000000007,-0.7827586206896552,1.6149039177251898,0.07191238602538459,True
1.0,0.0,1.1666666666666667,1.5655172413793104,-0.08333333333333337,-0.7827586206896552,1.619135204217479,0.07160968755103218,True
1.0,0.0,1.1833333333333333,1.5655172413793104,-0.09166666666666667,-0.7827586206896552,1.623357727985504,0.07131068369251632,True
1.0,0.0,1.2000000000000002,1.5655172413793104,-0.10000000000000009,-0.7827586206896552,1.6275715147600494,0.07101530133281773,True
1.0,0.0,1.2166666666666668,1.5655172413793104,-0.10833333333333339,-0.7827586206896552,1.6317765908922197,0.070723469335217,True
1.0,0.0,1.2333333333333334,1.5655172413793104,-0.1166666666666667,-0.7827586206896552,1.6359729833168941,0.0704351184756302,True
1.0,0.0,1.25,1.5655172413793104,-0.125,-0.7827586206896552,1.6401607195178,0.07015018137772583,True
1.0,0.0,1.2666666666666668,1.5655172413793104,-0.13333333333333341,-0.7827586206896552,1.6443398274941177,0.06986859245069034,True
1.0,0.0,1.2833333333333334,1.5655172413793104,-0.14166666666666672,-0.7827586206896552,1.6485103357285866,0.06959028782951367,True
1.0,0.0,1.3,1.5655172413793104,-0.15000000000000002,-0.7827586206896552,1.6526722731569972,0.06931520531767917,True
1.0,0.0,1.3166666666666667,1.5655172413793104,-0.15833333333333333,-0.7827586206896552,1.6568256691390384,0.06904328433214335,True
1.0,0.0,1.3333333333333335,1.5655172413793104,-0.16666666666666674,-0.7827586206896552,1.6609705534304522,0.06877446585049742,True
1.0,0.0,1.35,1.5655172413793104,-0.17500000000000004,-0.7827586206896552,1.665106956156392,0.06850869236021301,True
1.0,0.0,1.3666666666666667,1.5655172413793104,-0.18333333333333335,-0.7827586206896552,1.6692349077859792,0.06824590780987373,True
1.0,0.0,1.3833333333333333,1.5655172413793104,-0.19166666666666665,-0.7827586206896552,1.6733544391080082,0.06798605756230063,True
1.0,0.0,1.4000000000000001,1.5655172413793104,-0.20000000000000007,-0.7827586206896552,1.6774655812076795,0.06772908834949105,True
1.0,0.0,1.4166666666666667,1.5655172413793104,-0.20833333333333337,-0.7827586206896552,1.6815683654444102,0.06747494822928334,True
1.0,0.0,1.4333333333333333,1.5655172413793104,-0.21666666666666667,-0.7827586206896552,1.685662823430623,0.06722358654367266,True
1.0,0.0,1.45,1.5655172413793104,-0.22499999999999998,-0.7827586206896552,1.68974898701147,0.06697495387870558,True
1.0,0.0,0.1,1.5942528735632184,0.45,-0.7971264367816092,1.3372482949873865,0.10307557540752056,True
1.0,0.0,0.11666666666666667,1.5942528735632184,0.44166666666666665,-0.7971264367816092,1.342041131450073,0.10221892473939745,True
1.0,0.0,0.13333333333333333,1.5942528735632184,0.43333333333333335,-0.7971264367816092,1.3468285444436319,0.10138210175693196,True
1.0,0.0,0.15000000000000002,1.5942528735632184,0.425,-0.7971264367816092,1.3516102731838233,0.10056437816960374,True
1.0,0.0,0.16666666666666669,1.5942528735632184,0.41666666666666663,-0.7971264367816092,1.3563860710468216,0.09976506191358495,True
1.0,0.0,0.18333333333333335,1.5942528735632184,0.4083333333333333,-0.7971264367816092,1.3611557049231158,0.09898349488763564,True
1.0,0.0,0.2,1.5942528735632184,0.4,-0.7971264367816092,1.3659189545995365,0.09821905085910217,True
1.0,0.0,0.21666666666666667,1.5942528735632184,0.39166666666666666,-0.7971264367816092,1.370675612168415,0.09747113352509884,True
1.0,0.0,0.23333333333333334,1.5942528735632184,0.3833333333333333,-0.7971264367816092,1.3754254814627613,0.09673917471546672,True
1.0,0.0,0.25,1.5942528735632184,0.375,-0.7971264367816092,1.3801683775164737,0.09602263272540887,True
1.0,0.0,0.26666666666666666,1.5942528735632184,0.3666666666666667,-0.7971264367816092,1.3849041260485655,0.09532099076688746,True
1.0,0.0,0.2833333333333333,1.5942528735632184,0.35833333333333334,-0.7971264367816092,1.389632562970425,0.09463375552891544,True
1.0,0.0,0.30000000000000004,1.5942528735632184,0.35,-0.7971264367816092,1.3943535339151565,0.09396045583781086,True
1.0,0.0,0.31666666666666665,1.5942528735632184,0.3416666666666667,-0.7971264367816092,1.3990668937880708,0.09330064140931843,True
1.0,0.0,0.33333333333333337,1.5942528735632184,0.3333333333333333,-0.7971264367816092,1.4037725063375373,0.09265388168523521,True
1.0,0.0,0.35,1.5942528735632184,0.325,-0.7971264367816092,1.408470243744963,0.09201976474791529,True
1.0,0.0,0.3666666666666667,1.5942528735632184,0.31666666666666665,-0.7971264367816092,1.4131599862336677,0.09139789630649381,True
1.0,0.0,0.3833333333333333,1.5942528735632184,0.30833333333333335,-0.7971264367816092,1.417841621695278,0.09078789874937501,True
1.0,0.0,0.4,1.5942528735632184,0.3,-0.7971264367816092,1.4225150453331563,0.09018941025789765,True
1.0,0.0,0.41666666666666663,1.5942528735632184,0.2916666666666667,-0.7971264367816092,1.4271801593220454,0.08960208397657837,True
1.0,0.0,0.43333333333333335,1.5942528735632184,0.2833333333333333,-0.7971264367816092,1.4318368724832085,0.08902558723572192,True
1.0,0.0,0.44999999999999996,1.5942528735632184,0.275,-0.7971264367816092,1.4364850999743624,0.08845960082254489,True
1.0,0.0,0.4666666666666667,1.5942528735632184,0.26666666666666666,-0.7971264367816092,1.4411247629937618,0.08790381829728074,True
1.0,0.0,0.4833333333333333,1.5942528735632184,0.25833333333333336,-0.7971264367816092,1.4457557884977659,0.08735794535103128,True
1.0,0.0,0.5,1.5942528735632184,0.25,-0.7971264367816092,1.4503781089313095,0.0868216992023916,True
1.0,0.0,0.5166666666666667,1.5942528735632184,0.24166666666666664,-0.7971264367816092,1.4549916619706518,0.08629480803012117,True
1.0,0.0,0.5333333333333333,1.5942528735632184,0.23333333333333334,-0.7971264367816092,1.4595963902778906,0.08577701043934682,True
1.0,0.0,0.55,1.5942528735632184,0.22499999999999998,-0.7971264367816092,1.4641922412666646,0.08526805495899029,True
1.0,0.0,0.5666666666666667,1.5942528735632184,0.21666666666666667,-0.7971264367816092,1.4687791668785692,0.08476769956828747,True
1.0,0.0,0.5833333333333334,1.5942528735632184,0.20833333333333331,-0.7971264367816092,1.4733571233696274,0.08427571125045356,True
1.0,0.0,0.6,1.5942528735632184,0.2,-0.7971264367816092,1.4779260711068734,0.08379186557162523,True
1.0,0.0,0.6166666666666666,1.5942528735632184,0.1916666666666667,-0.7971264367816092,1.48248597437366,0.08331594628350751,True
1.0,0.0,0.6333333333333333,1.5942528735632184,0.18333333333333335,-0.7971264367816092,1.4870368011843367,0.0828477449480609,True
1.0,0.0,0.65,1.5942528735632184,0.175,-0.7971264367816092,1.491578523107036,0.08238706058288933,True
1.0,0.0,0.6666666666666666,1.5942528735632184,0.16666666666666669,-0.7971264367816092,1.4961111150946613,0.08193369932595028,True
1.0,0.0,0.6833333333333333,1.5942528735632184,0.15833333333333333,-0.7971264367816092,1.5006345553235623,0.08148747411837388,True
1.0,0.0,0.7,1.5942528735632184,0.15000000000000002,-0.7971264367816092,1.5051488250394587,0.08104820440425838,True
1.0,0.0,0.7166666666666667,1.5942528735632184,0.14166666666666666,-0.7971264367816092,1.5096539084104266,0.08061571584636958,True
1.0,0.0,0.7333333333333333,1.5942528735632184,0.13333333333333336,-0.7971264367816092,1.5141497923865164,0.08018984005677149,True
1.0,0.0,0.75,1.5942528735632184,0.125,-0.7971264367816092,1.5186364665657388,0.07977041434147067,True
1.0,0.0,0.7666666666666666,1.5942528735632184,0.1166666666666667,-0.7971264367816092,1.5231139230661195,0.07935728145822477,True
1.0,0.0,0.7833333333333333,1.5942528735632184,0.10833333333333334,-0.7971264367816092,1.5275821564035283,0.07895028938672567,True
1.0,0.0,0.7999999999999999,1.5942528735632184,0.10000000000000003,-0.7971264367816092,1.5320411633749866,0.07854929111042305,True
1.0,0.0,0.8166666666666667,1.5942528735632184,0.09166666666666667,-0.7971264367816092,1.5364909429474554,0.0781541444092789,True
1.0,0.0,0.8333333333333333,1.5942528735632184,0.08333333333333337,-0.7971264367816092,1.5409314961512195,0.07776471166286972,True
1.0,0.0,0.85,1.5942528735632184,0.07500000000000001,-0.7971264367816092,1.5453628259785146,0.07738085966316012,True
1.0,0.0,0.8666666666666666,1.5942528735632184,0.06666666666666671,-0.7971264367816092,1.5497849372864472,0.077002459436455,True
1.0,0.0,0.8833333333333333,1.5942528735632184,0.05833333333333335,-0.7971264367816092,1.55419783670437,0.07662938607397515,True
1.0,0.0,0.9,1.5942528735632184,0.04999999999999999,-0.7971264367816092,1.5586015325454028,0.0762615185705792,True
1.0,0.0,0.9166666666666666,1.5942528735632184,0.041666666666666685,-0.7971264367816092,1.5629960347219232,0.07589873967117267,True
1.0,0.0,0.9333333333333333,1.5942528735632184,0.033333333333333326,-0.7971264367816092,1.5673813546648487,0.07554093572437891,True
1.0,0.0,0.95,1.5942528735632184,0.025000000000000022,-0.7971264367816092,1.5717575052465298,0.07518799654307051,True
1.0,0.0,0.9666666666666667,1.5942528735632184,0.016666666666666663,-0.7971264367816092,1.5761245007071023,0.07483981527138632,True
1.0,0.0,0.9833333333333333,1.5942528735632184,0.00833333333333336,-0.7971264367816092,1.5804823565841184,0.0744962882578842,True
1.0,0.0,1.0,1.5942528735632184,0.0,-0.7971264367816092,1.5848310896453424,0.07415731493449663,True
1.0,0.0,1.0166666666666666,1.5942528735632184,-0.008333333333333304,-0.7971264367816092,1.5891707178245318,0.073822797700983,True
1.0,0.0,1.0333333333333334,1.5942528735632184,-0.01666666666666672,-0.7971264367816092,1.5935012601600815,0.07349264181458592,True
1.0,0.0,1.05,1.5942528735632184,-0.025000000000000022,-0.7971264367816092,1.597822736736426,0.07316675528461702,True
1.0,0.0,1.0666666666666667,1.5942528735632184,-0.033333333333333326,-0.7971264367816092,1.6021351686280219,0.07284504877171977,True
1.0,0.0,1.0833333333333333,1.5942528735632184,-0.04166666666666663,-0.7971264367816092,1.606438577845853,0.07252743549156261,True
1.0,0.0,1.1,1.5942528735632184,-0.050000000000000044,-0.7971264367816092,1.6107329872862977,0.0722138311227389,True
1.0,0.0,1.1166666666666667,1.5942528735632184,-0.05833333333333335,-0.7971264367816092,1.6150184206822946,0.07190415371865608,True
1.0,0.0,1.1333333333333333,1.5942528735632184,-0.06666666666666665,-0.7971264367816092,1.6192949025566459,0.0715983236232184,True
1.0,0.0,1.1500000000000001,1.5942528735632184,-0.07500000000000007,-0.7971264367816092,1.6235624581774237,0.07129626339010522,True
1.0,0.0,1.1666666666666667,1.5942528735632184,-0.08333333333333337,-0.7971264367816092,1.6278211135153675,0.0709978977054716,True
1.0,0.0,1.1833333333333333,1.5942528735632184,-0.09166666666666667,-0.7971264367816092,1.632070895203143,0.07070315331390081,True
1.0,0.0,1.2000000000000002,1.5942528735632184,-0.10000000000000009,-0.7971264367816092,1.6363118304964381,0.07041195894744819,True
1.0,0.0,1.2166666666666668,1.5942528735632184,-0.10833333333333339,-0.7971264367816092,1.6405439472367778,0.07012424525762748,True
1.0,0.0,1.2333333333333334,1.5942528735632184,-0.1166666666666667,-0.7971264367816092,1.6447672738159953,0.06983994475019516,True
1.0,0.0,1.25,1.5942528735632184,-0.125,-0.7971264367816092,1.6489818391422892,0.06955899172260059,True
1.0,0.0,1.2666666666666668,1.5942528735632184,-0.13333333333333341,-0.7971264367816092,1.6531876726077694,0.0692813222039758,True
1.0,0.0,1.2833333333333334,1.5942528735632184,-0.14166666666666672,-0.7971264367816092,1.657384804057474,0.06900687389753983,True
1.0,0.0,1.3,1.5942528735632184,-0.15000000000000002,-0.7971264367816092,1.6615732637597445,0.06873558612531101,True
1.0,0.0,1.3166666666666667,1.5942528735632184,-0.15833333333333333,-0.7971264367816092,1.6657530823779407,0.0684673997750131,True
1.0,0.0,1.3333333333333335,1.5942528735632184,-0.16666666666666674,-0.7971264367816092,1.6699242909433907,0.06820225724907983,True
1.0,0.0,1.35,1.5942528735632184,-0.17500000000000004,-0.7971264367816092,1.6740869208295683,0.06794010241565472,True
1.0,0.0,1.3666666666666667,1.5942528735632184,-0.18333333333333335,-0.7971264367816092,1.6782410037274196,0.06768088056150066,True
1.0,0.0,1.3833333333333333,1.5942528735632184,-0.19166666666666665,-0.7971264367816092,1.6823865716217812,0.06742453834672929,True
1.0,0.0,1.4000000000000001,1.5942528735632184,-0.20000000000000007,-0.7971264367816092,1.6865236567688704,0.06717102376126925,True
1.0,0.0,1.4166666666666667,1.5942528735632184,-0.20833333333333337,-0.7971264367816092,1.6906522916747773,0.06692028608299448,True
1.0,0.0,1.4333333333333333,1.5942528735632184,-0.21666666666666667,-0.7971264367816092,1.6947725090749008,0.0666722758374418,True
1.0,0.0,1.45,1.5942528735632184,-0.22499999999999998,-0.7971264367816092,1.6988843419143547,0.0664269447590415,True
1.0,0.0,0.1,1.6229885057471265,0.45,-0.8114942528735632,1.343825972778703,0.10190477605759841,True
1.0,0.0,0.11666666666666667,1.6229885057471265,0.44166666666666665,-0.8114942528735632,1.3486585981485508,0.10106704406256409,True
1.0,0.0,0.13333333333333333,1.6229885057471265,0.43333333333333335,-0.8114942528735632,1.3534854411490376,0.10024849802063295,True
1.0,0.0,0.15000000000000002,1.6229885057471265,0.425,-0.8114942528735632,1.3583062497062406,0.09944844072769815,True
1.0,0.0,0.16666666666666669,1.6229885057471265,0.41666666666666663,-0.8114942528735632,1.3631207856349201,0.09866620927916034,True
1.0,0.0,0.18333333333333335,1.6229885057471265,0.4083333333333333,-0.8114942528735632,1.367928824000722,0.09790117295047326,True
1.0,0.0,0.2,1.6229885057471265,0.4,-0.8114942528735632,1.3727301525104145,0.09715273123509101,True
1.0,0.0,0.21666666666666667,1.6229885057471265,0.39166666666666666,-0.8114942528735632,1.377524570929081,0.09642031202618052,True
1.0,0.0,0.23333333333333334,1.6229885057471265,0.3833333333333333,-0.8114942528735632,1.3823118905231946,0.09570336992981335,True
1.0,0.0,0.25,1.6229885057471265,0.375,-0.8114942528735632,1.3870919335285674,0.09500138469854066,True
1.0,0.0,0.26666666666666666,1.6229885057471265,0.3666666666666667,-0.8114942528735632,1.3918645326421157,0.09431385977533771,True
1.0,0.0,0.2833333333333333,1.6229885057471265,0.35833333333333334,-0.8114942528735632,1.3966295305365215,0.0936403209388368,True
1.0,0.0,0.30000000000000004,1.6229885057471265,0.35,-0.8114942528735632,1.401386779396632,0.09298031504165773,True
1.0,0.0,0.31666666666666665,1.6229885057471265,0.3416666666666667,-0.8114942528735632,1.4061361404772317,0.09233340883429904,True
1.0,0.0,0.33333333333333337,1.6229885057471265,0.3333333333333333,-0.8114942528735632,1.4108774836802784,0.09169918786795436,True
1.0,0.0,0.35,1.6229885057471265,0.325,-0.8114942528735632,1.4156106871518641,0.0910772554699327,True
1.0,0.0,0.3666666666666667,1.6229885057471265,0.31666666666666665,-0.8114942528735632,1.4203356368972775,0.09046723178617724,True
1.0,0.0,0.3833333333333333,1.6229885057471265,0.30833333333333335,-0.8114942528735632,1.425052226413675,0.08986875288572081,True
1.0,0.0,0.4,1.6229885057471265,0.3,-0.8114942528735632,1.4297603563395291,0.08928146992241161,True
1.0,0.0,0.41666666666666663,1.6229885057471265,0.2916666666666667,-0.8114942528735632,1.4344599341201036,0.08870504834963905,True
1.0,0.0,0.43333333333333335,1.6229885057471265,0.2833333333333333,-0.8114942528735632,1.4391508736882195,0.08813916718415463,True
1.0,0.0,0.44999999999999996,1.6229885057471265,0.275,-0.8114942528735632,1.4438330951596636,0.08758351831540458,True
1.0,0.0,0.4666666666666667,1.6229885057471265,0.26666666666666666,-0.8114942528735632,1.44850652454253,0.08703780585709785,True
1.0,0.0,0.4833333333333333,1.6229885057471265,0.25833333333333336,-0.8114942528735632,1.4531710934598931,0.08650174553799743,True
1.0,0.0,0.5,1.6229885057471265,0.25,-0.8114942528735632,1.4578267388851924,0.08597506412916722,True
1.0,0.0,0.5166666666666667,1.6229885057471265,0.24166666666666664,-0.8114942528735632,1.462473402889746,0.08545749890513374,True
1.0,0.0,0.5333333333333333,1.6229885057471265,0.23333333333333334,-0.8114942528735632,1.4671110324018208,0.08494879713662229,True
1.0,0.0,0.55,1.6229885057471265,0.22499999999999998,-0.8114942528735632,1.4717395789768488,0.08444871561269832,True
1.0,0.0,0.5666666666666667,1.6229885057471265,0.21666666666666667,-0.8114942528735632,1.4763589985779504,0.0839570201903613,True
1.0,0.0,0.5833333333333334,1.6229885057471265,0.20833333333333331,-0.8114942528735632,1.4809692513667079,0.08347348536970944,True
1.0,0.0,0.6,1.6229885057471265,0.2,-0.8114942528735632,1.4855703015035684,0.08299789389299811,True
1.0,0.0,0.6166666666666666,1.6229885057471265,0.1916666666666667,-0.8114942528735632,1.4901621169571118,0.08253003636605792,True
1.0,0.0,0.6333333333333333,1.6229885057471265,0.18333333333333335,-0.8114942528735632,1.4947446693222806,0.08206971090056887,True
1.0,0.0,0.65,1.6229885057471265,0.175,-0.8114942528735632,1.499317933646842,0.08161672277588194,True
1.0,0.0,0.6666666666666666,1.6229885057471265,0.16666666666666669,-0.8114942528735632,1.503881888265725,0.08117088411914153,True
1.0,0.0,0.6833333333333333,1.6229885057471265,0.15833333333333333,-0.8114942528735632,1.5084365146430498,0.0807320136025366,True
1.0,0.0,0.7,1.6229885057471265,0.15000000000000002,-0.8114942528735632,1.5129817972211999,0.08029993615663927,True
1.0,0.0,0.7166666666666667,1.6229885057471265,0.14166666666666666,-0.8114942528735632,1.517517723276882,0.07987448269880988,True
1.0,0.0,0.7333333333333333,1.6229885057471265,0.13333333333333336,-0.8114942528735632,1.5220442827837088,0.07945548987575847,True
1.0,0.0,0.75,1.6229885057471265,0.125,-0.8114942528735632,1.526561468281015,0.07904279981940089,True
1.0,0.0,0.7666666666666666,1.6229885057471265,0.1166666666666667,-0.8114942528735632,1.5310692747486074,0.07863625991521174,True
1.0,0.0,0.7833333333333333,1.6229885057471265,0.10833333333333334,-0.8114942528735632,1.5355676994874363,0.07823572258230475,True
1.0,0.0,0.7999999999999999,1.6229885057471265,0.10000000000000003,-0.8114942528735632,1.5400567420051574,0.07784104506461521,True
1.0,0.0,0.8166666666666667,1.6229885057471265,0.09166666666666667,-0.8114942528735632,1.5445364039074883,0.07745208923243276,True
1.0,0.0,0.8333333333333333,1.6229885057471265,0.08333333333333337,-0.8114942528735632,1.5490066887940823,0.07706872139377532,True
1.0,0.0,0.85,1.6229885057471265,0.07500000000000001,-0.8114942528735632,1.5534676021592493,0.0766908121149872,True
1.0,0.0,0.8666666666666666,1.6229885057471265,0.06666666666666671,-0.8114942528735632,1.5579191512971529,0.07631823605005052,True
1.0,0.0,0.8833333333333333,1.6229885057471265,0.05833333333333335,-0.8114942528735632,1.5623613452112712,0.07595087177811534,True
1.0,0.0,0.9,1.6229885057471265,0.04999999999999999,-0.8114942528735632,1.566794194527964,0.07558860164878645,True
1.0,0.0,0.9166666666666666,1.6229885057471265,0.041666666666666685,-0.8114942528735632,1.5712177114139123,0.07523131163473598,True
1.0,0.0,0.9333333333333333,1.6229885057471265,0.033333333333333326,-0.8114942528735632,1.575631909497296,0.0748788911912378,True
1.0,0.0,0.95,1.6229885057471265,0.025000000000000022,-0.8114942528735632,1.5800368037924986,0.0745312331222445,True
1.0,0.0,0.9666666666666667,1.6229885057471265,0.016666666666666663,-0.8114942528735632,1.5844324106282162,0.07418823345265148,True
1.0,0.0,0.9833333333333333,1.6229885057471265,0.00833333333333336,-0.8114942528735632,1.5888187475787852,0.0738497913064158,True
1.0,0.0,1.0,1.6229885057471265,0.0,-0.8114942528735632,1.5931958333985925,0.07351580879021728,True
1.0,0.0,1.0166666666666666,1.6229885057471265,-0.008333333333333304,-0.8114942528735632,1.5975636879594344,0.0731861908823669,True
1.0,0.0,1.0333333333333334,1.6229885057471265,-0.01666666666666672,-0.8114942528735632,1.6019223321906833,0.07286084532668773,True
1.0,0.0,1.05,1.6229885057471265,-0.025000000000000022,-0.8114942528735632,1.6062717880221313,0.07253968253110896,True
1.0,0.0,1.0666666666666667,1.6229885057471265,-0.033333333333333326,-0.8114942528735632,1.6106120783293962,0.07222261547072871,True
1.0,0.0,1.0833333333333333,1.6229885057471265,-0.04166666666666663,-0.8114942528735632,1.6149432268817712,0.07190955959511695,True
1.0,0.0,1.1,1.6229885057471265,-0.050000000000000044,-0.8114942528735632,1.6192652582924187,0.07160043273963942,True
1.0,0.0,1.1166666666666667,1.6229885057471265,-0.05833333333333335,-0.8114942528735632,1.6235781979707733,0.07129515504060485,True
1.0,0.0,1.1333333333333333,1.6229885057471265,-0.06666666666666665,-0.8114942528735632,1.6278820720770808,0.07099364885403815,True
1.0,0.0,1.1500000000000001,1.6229885057471265,-0.07500000000000007,-0.8114942528735632,1.6321769074789947,0.0706958386778999,True
1.0,0.0,1.1666666666666667,1.6229885057471265,-0.08333333333333337,-0.8114942528735632,1.6364627317100697,0.07040165107758542,True
1.0,0.0,1.1833333333333333,1.6229885057471265,-0.09166666666666667,-0.8114942528735632,1.6407395729301353,0.07011101461453788,True
1.0,0.0,1.2000000000000002,1.6229885057471265,-0.10000000000000009,-0.8114942528735632,1.645007459887463,0.06982385977782418,True
1.0,0.0,1.2166666666666668,1.6229885057471265,-0.10833333333333339,-0.8114942528735632,1.6492664218825748,0.0695401189185345,True
1.0,0.0,1.2333333333333334,1.6229885057471265,-0.1166666666666667,-0.8114942528735632,1.6535164887337204,0.06925972618686352,True
1.0,0.0,1.25,1.6229885057471265,-0.125,-0.8114942528735632,1.6577576907438627,0.06898261747175119,True
1.0,0.0,1.2666666666666668,1.6229885057471265,-0.13333333333333341,-0.8114942528735632,1.6619900586691647,0.06870873034295724,True
1.0,0.0,1.2833333333333334,1.6229885057471265,-0.14166666666666672,-0.8114942528735632,1.6662136236888796,0.06843800399545778,True
1.0,0.0,1.3,1.6229885057471265,-0.15000000000000002,-0.8114942528735632,1.6704284173765878,0.06817037919605445,True
1.0,0.0,1.3166666666666667,1.6229885057471265,-0.15833333333333333,-0.8114942528735632,1.6746344716727326,0.06790579823209328,True
1.0,0.0,1.3333333333333335,1.6229885057471265,-0.16666666666666674,-0.8114942528735632,1.6788318188583795,0.06764420486219719,True
1.0,0.0,1.35,1.6229885057471265,-0.17500000000000004,-0.8114942528735632,1.6830204915301605,0.06738554426891809,True
1.0,0.0,1.3666666666666667,1.6229885057471265,-0.18333333333333335,-0.8114942528735632,1.6872005225763476,0.06712976301322288,True
1.0,0.0,1.3833333333333333,1.6229885057471265,-0.19166666666666665,-0.8114942528735632,1.6913719451539886,0.06687680899073112,True
1.0,0.0,1.4000000000000001,1.6229885057471265,-0.20000000000000007,-0.8114942528735632,1.695534792667114,0.06662663138962148,True
1.0,0.0,1.4166666666666667,1.6229885057471265,-0.20833333333333337,-0.8114942528735632,1.6996890987458682,0.06637918065014048,True
1.0,0.0,1.4333333333333333,1.6229885057471265,-0.21666666666666667,-0.8114942528735632,1.7038348972266468,0.0661344084256336,True
1.0,0.0,1.45,1.6229885057471265,-0.22499999999999998,-0.8114942528735632,1.7079722221330895,0.0658922675450395,True
1.0,0.0,0.1,1.6517241379310346,0.45,-0.8258620689655173,1.3503779244290597,0.10077342922173438,True
1.0,0.0,0.11666666666666667,1.6517241379310346,0.44166666666666665,-0.8258620689655173,1.355249912049525,0.0999536772053022,True
1.0,0.0,0.13333333333333333,1.6517241379310346,0.43333333333333335,-0.8258620689655173,1.3601157661438867,0.09915250903824907,True
1.0,0.0,0.15000000000000002,1.6517241379310346,0.425,-0.8258620689655173,1.364975243118469,0.09836925633467469,True
1.0,0.0,0.16666666666666669,1.6517241379310346,0.41666666666666663,-0.8258620689655173,1.3698281130036352,0.09760328324245322,True
1.0,0.0,0.18333333333333335,1.6517241379310346,0.4083333333333333,-0.8258620689655173,1.3746741588241564,0.09685398445478581,True
1.0,0.0,0.2,1.6517241379310346,0.4,-0.8258620689655173,1.3795131759974872,0.09612078336778593,True
1.0,0.0,0.21666666666666667,1.6517241379310346,0.39166666666666666,-0.8258620689655173,1.3843449717588474,0.09540313037158839,True
1.0,0.0,0.23333333333333334,1.6517241379310346,0.3833333333333333,-0.8258620689655173,1.389169364612036,0.09470050126369467,True
1.0,0.0,0.25,1.6517241379310346,0.375,-0.8258620689655173,1.3939861838049319,0.09401239577435531,True
1.0,0.0,0.26666666666666666,1.6517241379310346,0.3666666666666667,-0.8258620689655173,1.3987952688286287,0.09333833619476692,True
1.0,0.0,0.2833333333333333,1.6517241379310346,0.35833333333333334,-0.8258620689655173,1.4035964689393783,0.09267786609969991,True
1.0,0.0,0.30000000000000004,1.6517241379310346,0.35,-0.8258620689655173,1.4083896427019238,0.09203054915703618,True
1.0,0.0,0.31666666666666665,1.6517241379310346,0.3416666666666667,-0.8258620689655173,1.4131746575539976,0.0913959680172302,True
1.0,0.0,0.33333333333333337,1.6517241379310346,0.3333333333333333,-0.8258620689655173,1.417951389390439,0.09077372327651612,True
1.0,0.0,0.35,1.6517241379310346,0.325,-0.8258620689655173,1.4227197221663985,0.0901634325081099,True
1.0,0.0,0.3666666666666667,1.6517241379310346,0.31666666666666665,-0.8258620689655173,1.4274795475186928,0.08956472935621827,True
1.0,0.0,0.3833333333333333,1.6517241379310346,0.30833333333333335,-0.8258620689655173,1.4322307644045367,0.08897726268810241,True
1.0,0.0,0.4,1.6517241379310346,0.3,-0.8258620689655173,1.4369732787568437,0.08840069579986358,True
1.0,0.0,0.41666666666666663,1.6517241379310346,0.2916666666666667,-0.8258620689655173,1.4417070031553725,0.08783470567197929,True
1.0,0.0,0.43333333333333335,1.6517241379310346,0.2833333333333333,-0.8258620689655173,1.4464318565129863,0.08727898227095918,True
1.0,0.0,0.44999999999999996,1.6517241379310346,0.275,-0.8258620689655173,1.4511477637763681,0.08673322789378571,True
1.0,0.0,0.4666666666666667,1.6517241379310346,0.26666666666666666,-0.8258620689655173,1.4558546556404843,0.08619715655209072,True
1.0,0.0,0.4833333333333333,1.6517241379310346,0.25833333333333336,-0.8258620689655173,1.4605524682762179,0.0856704933932536,True
1.0,0.0,0.5,1.6517241379310346,0.25,-0.8258620689655173,1.4652411430705339,0.08515297415584484,True
1.0,0.0,0.5166666666666667,1.6517241379310346,0.24166666666666664,-0.8258620689655173,1.469920626378632,0.08464434465703713,True
1.0,0.0,0.5333333333333333,1.6517241379310346,0.23333333333333334,-0.8258620689655173,1.4745908692873835,0.08414436030981141,True
1.0,0.0,0.55,1.6517241379310346,0.22499999999999998,-0.8258620689655173,1.4792518273900297,0.08365278566788821,True
1.0,0.0,0.5666666666666667,1.6517241379310346,0.21666666666666667,-0.8258620689655173,1.4839034605706272,0.08316939399663088,True
1.0,0.0,0.5833333333333334,1.6517241379310346,0.20833333333333331,-0.8258620689655173,1.4885457327990588,0.08269396686806416,True
1.0,0.0,0.6,1.6517241379310346,0.2,-0.8258620689655173,1.4931786119350317,0.08222629377853717,True
1.0,0.0,0.6166666666666666,1.6517241379310346,0.1916666666666667,-0.8258620689655173,1.4978020695412937,0.08176617178749208,True
1.0,0.0,0.6333333333333333,1.6517241379310346,0.18333333333333335,-0.8258620689655173,1.5024160807053044,0.08131340517601315,True
1.0,0.0,0.65,1.6517241379310346,0.175,-0.8258620689655173,1.5070206238692052,0.0808678051238704,True
1.0,0.0,0.6666666666666666,1.6517241379310346,0.16666666666666669,-0.8258620689655173,1.511615680667502,0.08042918940391112,True
1.0,0.0,0.6833333333333333,1.6517241379310346,0.15833333333333333,-0.8258620689655173,1.5162012357722163,0.0799973820927011,True
1.0,0.0,0.7,1.6517241379310346,0.15000000000000002,-0.8258620689655173,1.5207772767451357,0.07957221329641195,True
1.0,0.0,0.7166666666666667,1.6517241379310346,0.14166666666666666,-0.8258620689655173,1.5253437938968077,0.07915351889102033,True
1.0,0.0,0.7333333333333333,1.6517241379310346,0.13333333333333336,-0.8258620689655173,1.5299007801519933,0.07874114027594563,True
1.0,0.0,0.75,1.6517241379310346,0.125,-0.8258620689655173,1.534448230921172,0.07833492414032611,True
1.0,0.0,0.7666666666666666,1.6517241379310346,0.1166666666666667,-0.8258620689655173,1.5389861439782122,0.07793472224114326,True
1.0,0.0,0.7833333333333333,1.6517241379310346,0.10833333333333334,-0.8258620689655173,1.5435145193431608,0.07754039119256079,True
1.0,0.0,0.7999999999999999,1.6517241379310346,0.10000000000000003,-0.8258620689655173,1.5480333591707367,0.07715179226574627,True
1.0,0.0,0.8166666666666667,1.6517241379310346,0.09166666666666667,-0.8258620689655173,1.5525426676437517,0.07676879119861252,True
1.0,0.0,0.8333333333333333,1.6517241379310346,0.08333333333333337,-0.8258620689655173,1.5570424508713931,0.07639125801489169,True
1.0,0.0,0.85,1.6517241379310346,0.07500000000000001,-0.8258620689655173,1.561532716792139,0.07601906685200892,True
1.0,0.0,0.8666666666666666,1.6517241379310346,0.06666666666666671,-0.8258620689655173,1.5660134750810695,0.07565209579725843,True
1.0,0.0,0.8833333333333333,1.6517241379310346,0.05833333333333335,-0.8258620689655173,1.5704847370613935,0.07529022673181525,True
1.0,0.0,0.9,1.6517241379310346,0.04999999999999999,-0.8258620689655173,1.574946515619964,0.07493334518214641,True
1.0,0.0,0.9166666666666666,1.6517241379310346,0.041666666666666685,-0.8258620689655173,1.579398825126635,0.07458134017841127,True
1.0,0.0,0.9333333333333333,1.6517241379310346,0.033333333333333326,-0.8258620689655173,1.5838416813572664,0.07423410411946882,True
1.0,0.0,0.95,1.6517241379310346,0.025000000000000022,-0.8258620689655173,1.5882751014201897,0.07389153264413356,True
1.0,0.0,0.9666666666666667,1.6517241379310346,0.016666666666666663,-0.8258620689655173,1.5926991036860325,0.07355352450834061,True
1.0,0.0,0.9833333333333333,1.6517241379310346,0.00833333333333336,-0.8258620689655173,1.5971137077206667,0.07321998146790741,True
1.0,0.0,1.0,1.6517241379310346,0.0,-0.8258620689655173,1.6015189342212144,0.07289080816659187,True
1.0,0.0,1.0166666666666666,1.6517241379310346,-0.008333333333333304,-0.8258620689655173,1.605914804954922,0.07256591202916976,True
1.0,0.0,1.0333333333333334,1.6517241379310346,-0.01666666666666672,-0.8258620689655173,1.6103013427007993,0.07224520315926863,True
1.0,0.0,1.05,1.6517241379310346,-0.025000000000000022,-0.8258620689655173,1.6146785711938794,0.07192859424171194,True
1.0,0.0,1.0666666666666667,1.6517241379310346,-0.033333333333333326,-0.8258620689655173,1.6190465150719888,0.07161600044914115,True
1.0,0.0,1.0833333333333333,1.6517241379310346,-0.04166666666666663,-0.8258620689655173,1.6234051998249257,0.07130733935269719,True
1.0,0.0,1.1,1.6517241379310346,-0.050000000000000044,-0.8258620689655173,1.6277546517458996,0.07100253083655732,True
1.0,0.0,1.1166666666666667,1.6517241379310346,-0.05833333333333335,-0.8258620689655173,1.6320948978851917,0.07070149701612942,True
1.0,0.0,1.1333333333333333,1.6517241379310346,-0.06666666666666665,-0.8258620689655173,1.6364259660058507,0.07040416215972818,True
1.0,0.0,1.1500000000000001,1.6517241379310346,-0.07500000000000007,-0.8258620689655173,1.6407478845414376,0.07011045261355141,True
1.0,0.0,1.1666666666666667,1.6517241379310346,-0.08333333333333337,-0.8258620689655173,1.645060682555633,0.06982029672980294,True
1.0,0.0,1.1833333333333333,1.6517241379310346,-0.09166666666666667,-0.8258620689655173,1.6493643897036638,0.0695336247978036,True
1.0,0.0,1.2000000000000002,1.6517241379310346,-0.10000000000000009,-0.8258620689655173,1.6536590361954846,0.06925036897794618,True
1.0,0.0,1.2166666666666668,1.6517241379310346,-0.10833333333333339,-0.8258620689655173,1.6579446527606023,0.0689704632383579,True
1.0,0.0,1.2333333333333334,1.6517241379310346,-0.1166666666666667,-0.8258620689655173,1.6622212706144808,0.06869384329414231,True
1.0,0.0,1.25,1.6517241379310346,-0.125,-0.8258620689655173,1.6664889214264735,0.06842044654907532,True
1.0,0.0,1.2666666666666668,1.6517241379310346,-0.13333333333333341,-0.8258620689655173,1.6707476372891963,0.0681502120396416,True
1.0,0.0,1.2833333333333334,1.6517241379310346,-0.14166666666666672,-0.8258620689655173,1.6749974506892655,0.0678830803813035,True
1.0,0.0,1.3,1.6517241379310346,-0.15000000000000002,-0.8258620689655173,1.679238394479384,0.06761899371689399,True
1.0,0.0,1.3166666666666667,1.6517241379310346,-0.15833333333333333,-0.8258620689655173,1.6834705018516671,0.0673578956670411,True
1.0,0.0,1.3333333333333335,1.6517241379310346,-0.16666666666666674,-0.8258620689655173,1.6876938063122,0.06709973128252558,True
1.0,0.0,1.35,1.6517241379310346,-0.17500000000000004,-0.8258620689655173,1.6919083416566947,0.06684444699849028,True
1.0,0.0,1.3666666666666667,1.6517241379310346,-0.18333333333333335,-0.8258620689655173,1.6961141419473305,0.06659199059040793,True
1.0,0.0,1.3833333333333333,1.6517241379310346,-0.19166666666666665,-0.8258620689655173,1.7003112414905723,0.06634231113173958,True
1.0,0.0,1.4000000000000001,1.6517241379310346,-0.20000000000000007,-0.8258620689655173,1.7044996748160455,0.06609535895319875,True
1.0,0.0,1.4166666666666667,1.6517241379310346,-0.20833333333333337,-0.8258620689655173,1.7086794766563504,0.0658510856035559,True
1.0,0.0,1.4333333333333333,1.6517241379310346,-0.21666666666666667,-0.8258620689655173,1.7128506819277982,0.06560944381191379,True
1.0,0.0,1.45,1.6517241379310346,-0.22499999999999998,-0.8258620689655173,1.7170133257120488,0.06537038745138687,True
1.0,0.0,0.1,1.6804597701149426,0.45,-0.8402298850574713,1.3569042407313059,0.09967935507394625,True
1.0,0.0,0.11666666666666667,1.6804597701149426,0.44166666666666665,-0.8402298850574713,1.3618151784440846,0.09887671227177394,True
1.0,0.0,0.13333333333333333,1.6804597701149426,0.43333333333333335,-0.8402298850574713,1.366719638868827,0.09809208746624923,True
1.0,0.0,0.15000000000000002,1.6804597701149426,0.425,-0.8402298850574713,1.3716173866728476,0.09732483904130713,True
1.0,0.0,0.16666666666666669,1.6804597701149426,0.41666666666666663,-0.8402298850574713,1.37650819988963,0.09657435629294765,True
1.0,0.0,0.18333333333333335,1.6804597701149426,0.4083333333333333,-0.8402298850574713,1.3813918692972336,0.09584005755976718,True
1.0,0.0,0.2,1.6804597701149426,0.4,-0.8402298850574713,1.3862681978244513,0.09512138848931521,True
1.0,0.0,0.21666666666666667,1.6804597701149426,0.39166666666666666,-0.8402298850574713,1.3911369999836258,0.09441782042876334,True
1.0,0.0,0.23333333333333334,1.6804597701149426,0.3833333333333333,-0.8402298850574713,1.3959981013290519,0.09372884892948727,True
1.0,0.0,0.25,1.6804597701149426,0.375,-0.8402298850574713,1.4008513379398053,0.0930539923561728,True
1.0,0.0,0.26666666666666666,1.6804597701149426,0.3666666666666667,-0.8402298850574713,1.4056965559262935,0.09239279059188223,True
1.0,0.0,0.2833333333333333,1.6804597701149426,0.35833333333333334,-0.8402298850574713,1.410533610958906,0.09174480383144118,True
1.0,0.0,0.30000000000000004,1.6804597701149426,0.35,-0.8402298850574713,1.4153623678185536,0.09110961145602531,True
1.0,0.0,0.31666666666666665,1.6804597701149426,0.3416666666666667,-0.8402298850574713,1.4201826999675957,0.09048681098264617,True
1.0,0.0,0.33333333333333337,1.6804597701149426,0.3333333333333333,-0.8402298850574713,1.4249944891404973,0.08987601708269372,True
1.0,0.0,0.35,1.6804597701149426,0.325,-0.8402298850574713,1.4297976249533084,0.08927686066424705,True
1.0,0.0,0.3666666666666667,1.6804597701149426,0.31666666666666665,-0.8402298850574713,1.4345920045310985,0.0886889880133272,True
1.0,0.0,0.3833333333333333,1.6804597701149426,0.30833333333333335,-0.8402298850574713,1.4393775321525877,0.08811205998967181,True
1.0,0.0,0.4,1.6804597701149426,0.3,-0.8402298850574713,1.4441541189111526,0.08754575127300317,True
1.0,0.0,0.41666666666666663,1.6804597701149426,0.2916666666666667,-0.8402298850574713,1.4489216823915012,0.08698974965608848,True
1.0,0.0,0.43333333333333335,1.6804597701149426,0.2833333333333333,-0.8402298850574713,1.4536801463612765,0.08644375538121059,True
1.0,0.0,0.44999999999999996,1.6804597701149426,0.275,-0.8402298850574713,1.45842944047692,0.08590748051693975,True
1.0,0.0,0.4666666666666667,1.6804597701149426,0.26666666666666666,-0.8402298850574713,1.4631695000031464,0.085380648372353,True
1.0,0.0,0.4833333333333333,1.6804597701149426,0.25833333333333336,-0.8402298850574713,1.4679002655453568,0.08486299294608432,True
1.0,0.0,0.5,1.6804597701149426,0.25,-0.8402298850574713,1.4726216827945904,0.08435425840776976,True
1.0,0.0,0.5166666666666667,1.6804597701149426,0.24166666666666664,-0.8402298850574713,1.4773337022838993,0.0838541986097255,True
1.0,0.0,0.5333333333333333,1.6804597701149426,0.23333333333333334,-0.8402298850574713,1.4820362791564254,0.0833625766267187,True
1.0,0.0,0.55,1.6804597701149426,0.22499999999999998,-0.8402298850574713,1.486729372944006,0.0828791643220153,True
1.0,0.0,0.5666666666666667,1.6804597701149426,0.21666666666666667,-0.8402298850574713,1.491412947355916,0.0824037419379436,True
1.0,0.0,0.5833333333333334,1.6804597701149426,0.20833333333333331,-0.8402298850574713,1.4960869700775303,0.08193609770933667,True
1.0,0.0,0.6,1.6804597701149426,0.2,-0.8402298850574713,1.5007514125781953,0.08147602749838703,True
1.0,0.0,0.6166666666666666,1.6804597701149426,0.1916666666666667,-0.8402298850574713,1.505406249928015,0.08102333444951905,True
1.0,0.0,0.6333333333333333,1.6804597701149426,0.18333333333333335,-0.8402298850574713,1.51005146062303,0.08057782866301079,True
1.0,0.0,0.65,1.6804597701149426,0.175,-0.8402298850574713,1.5146870264185084,0.08013932688616736,True
1.0,0.0,0.6666666666666666,1.6804597701149426,0.16666666666666669,-0.8402298850574713,1.5193129321698775,0.07970765222095581,True
1.0,0.0,0.6833333333333333,1.6804597701149426,0.15833333333333333,-0.8402298850574713,1.5239291656809892,0.07928263384707332,True
1.0,0.0,0.7,1.6804597701149426,0.15000000000000002,-0.8402298850574713,1.5285357175593655,0.07886410675950205,True
1.0,0.0,0.7166666666666667,1.6804597701149426,0.14166666666666666,-0.8402298850574713,1.5331325810780205,0.0784519115196734,True
1.0,0.0,0.7333333333333333,1.6804597701149426,0.13333333333333336,-0.8402298850574713,1.5377197520438581,0.07804589401939359,True
1.0,0.0,0.75,1.6804597701149426,0.125,-0.8402298850574713,1.5422972286717496,0.0776459052568189,True
1.0,0.0,0.7666666666666666,1.6804597701149426,0.1166666666666667,-0.8402298850574713,1.5468650114646736,0.07725180112370832,True
1.0,0.0,0.7833333333333333,1.6804597701149426,0.10833333333333334,-0.8402298850574713,1.551423103099215,0.0768634422033285,True
1.0,0.0,0.7999999999999999,1.6804597701149426,0.10000000000000003,-0.8402298850574713,1.5559715083163175,0.07648069357837699,True
1.0,0.0,0.8166666666666667,1.6804597701149426,0.09166666666666667,-0.8402298850574713,1.56051023381705,0.07610342464834552,True
1.0,0.0,0.8333333333333333,1.6804597701149426,0.08333333333333337,-0.8402298850574713,1.5650392881631154,0.07573150895578577,True
1.0,0.0,0.85,1.6804597701149426,0.07500000000000001,-0.8402298850574713,1.5695586816818896,0.07536482402097067,True
1.0,0.0,0.8666666666666666,1.6804597701149426,0.06666666666666671,-0.8402298850574713,1.5740684263758105,0.07500325118447773,True
1.0,0.0,0.8833333333333333,1.6804597701149426,0.05833333333333335,-0.8402298850574713,1.5785685358358896,0.07464667545725319,True
1.0,0.0,0.9,1.6804597701149426,0.04999999999999999,-0.8402298850574713,1.583059025159141,0.07429498537774396,True
1.0,0.0,0.9166666666666666,1.6804597701149426,0.041666666666666685,-0.8402298850574713,1.587539910869781,0.073948072875708,True
1.0,0.0,0.9333333333333333,1.6804597701149426,0.033333333333333326,-0.8402298850574713,1.5920112108440236,0.07360583314233676,True
1.0,0.0,0.95,1.6804597701149426,0.025000000000000022,-0.8402298850574713,1.5964729442382513,0.07326816450635647,True
1.0,0.0,0.9666666666666667,1.6804597701149426,0.016666666666666663,-0.8402298850574713,1.6009251314204866,0.07293496831577868,True
1.0,0.0,0.9833333333333333,1.6804597701149426,0.00833333333333336,-0.8402298850574713,1.605367793904937,0.07260614882500722,True
1.0,0.0,1.0,1.6804597701149426,0.0,-0.8402298850574713,1.609800954289544,0.07228161308701334,True
1.0,0.0,1.0166666666666666,1.6804597701149426,-0.008333333333333304,-0.8402298850574713,1.6142246361963242,0.07196127085031863,True
1.0,0.0,1.0333333333333334,1.6804597701149426,-0.01666666666666672,-0.8402298850574713,1.6186388642144485,0.07164503446053229,True
1.0,0.0,1.05,1.6804597701149426,-0.025000000000000022,-0.8402298850574713,1.6230436638458619,0.07133281876621134,True
1.0,0.0,1.0666666666666667,1.6804597701149426,-0.033333333333333326,-0.8402298850574713,1.6274390614533893,0.07102454102881957,True
1.0,0.0,1.0833333333333333,1.6804597701149426,-0.04166666666666663,-0.8402298850574713,1.6318250842111974,0.07072012083657887,True
1.0,0.0,1.1,1.6804597701149426,-0.050000000000000044,-0.8402298850574713,1.6362017600574619,0.0704194800220186,True
1.0,0.0,1.1166666666666667,1.6804597701149426,-0.05833333333333335,-0.8402298850574713,1.6405691176492134,0.07012254258303344,True
1.0,0.0,1.1333333333333333,1.6804597701149426,-0.06666666666666665,-0.8402298850574713,1.6449271863192045,0.06982923460728117,True
1.0,0.0,1.1500000000000001,1.6804597701149426,-0.07500000000000007,-0.8402298850574713,1.6492759960347358,0.06953948419975141,True
1.0,0.0,1.1666666666666667,1.6804597701149426,-0.08333333333333337,-0.8402298850574713,1.653615577358345,0.06925322141335298,True
1.0,0.0,1.1833333333333333,1.6804597701149426,-0.09166666666666667,-0.8402298850574713,1.6579459614102712,0.06897037818237148,True
1.0,0.0,1.2000000000000002,1.6804597701149426,-0.10000000000000009,-0.8402298850574713,1.6622671798326272,0.06869088825866067,True
1.0,0.0,1.2166666666666668,1.6804597701149426,-0.10833333333333339,-0.8402298850574713,1.666579264755184,0.068414687150435,True
1.0,0.0,1.2333333333333334,1.6804597701149426,-0.1166666666666667,-0.8402298850574713,1.670882248762711,0.06814171206354086,True
1.0,0.0,1.25,1.6804597701149426,-0.125,-0.8402298850574713,1.675176164863802,0.06787190184508886,True
1.0,0.0,1.2666666666666668,1.6804597701149426,-0.13333333333333341,-0.8402298850574713,1.679461046461121,0.06760519692933595,True
1.0,0.0,1.2833333333333334,1.6804597701149426,-0.14166666666666672,-0.8402298850574713,1.6837369273229537,0.06734153928571728,True
1.0,0.0,1.3,1.6804597701149426,-0.15000000000000002,-0.8402298850574713,1.688003841556148,0.067080872368918,True
1.0,0.0,1.3166666666666667,1.6804597701149426,-0.15833333333333333,-0.8402298850574713,1.692261823580173,0.06682314107090521,True
1.0,0.0,1.3333333333333335,1.6804597701149426,-0.16666666666666674,-0.8402298850574713,1.6965109081024536,0.06656829167481813,True
1.0,0.0,1.35,1.6804597701149426,-0.17500000000000004,-0.8402298850574713,1.7007511300947675,0.06631627181064112,True
1.0,0.0,1.3666666666666667,1.6804597701149426,-0.18333333333333335,-0.8402298850574713,1.7049825247707726,0.06606703041257347,True
1.0,0.0,1.3833333333333333,1.6804597701149426,-0.19166666666666665,-0.8402298850574713,1.7092051275645226,0.06582051767802362,True
1.0,0.0,1.4000000000000001,1.6804597701149426,-0.20000000000000007,-0.8402298850574713,1.7134189741099772,0.06557668502815657,True
1.0,0.0,1.4166666666666667,1.6804597701149426,-0.20833333333333337,-0.8402298850574713,1.7176241002214805,0.06533548506991965,True
1.0,0.0,1.4333333333333333,1.6804597701149426,-0.21666666666666667,-0.8402298850574713,1.7218205418751098,0.0650968715594903,True
1.0,0.0,1.45,1.6804597701149426,-0.22499999999999998,-0.8402298850574713,1.7260083351908968,0.06486079936707807,True
1.0,0.0,0.1,1.7091954022988507,0.45,-0.8545977011494253,1.363405025880163,0.09862053925596626,True
1.0,0.0,0.11666666666666667,1.7091954022988507,0.44166666666666665,-0.8545977011494253,1.368354515235084,0.09783419650093768,True
1.0,0.0,0.13333333333333333,1.7091954022988507,0.43333333333333335,-0.8545977011494253,1.3732971906078781,0.09706533912269154,True
1.0,0.0,0.15000000000000002,1.7091954022988507,0.425,-0.8545977011494253,1.3782328247177174,0.09631335042043099,True
1.0,0.0,0.16666666666666669,1.7091954022988507,0.41666666666666663,-0.8545977011494253,1.3831612033985752,0.09557764311256237,True
1.0,0.0,0.18333333333333335,1.7091954022988507,0.4083333333333333,-0.8545977011494253,1.3880821249855122,0.09485765757557524,True
1.0,0.0,0.2,1.7091954022988507,0.4,-0.8545977011494253,1.3929953997285789,0.09415286020954552,True
1.0,0.0,0.21666666666666667,1.7091954022988507,0.39166666666666666,-0.8545977011494253,1.3979008492332474,0.09346274191963931,True
1.0,0.0,0.23333333333333334,1.7091954022988507,0.3833333333333333,-0.8545977011494253,1.4027983059260538,0.09278681670404744,True
1.0,0.0,0.25,1.7091954022988507,0.375,-0.8545977011494253,1.407687612545092,0.0921246203395567,True
1.0,0.0,0.26666666666666666,1.7091954022988507,0.3666666666666667,-0.8545977011494253,1.4125686216530766,0.09147570915704784,True
1.0,0.0,0.2833333333333333,1.7091954022988507,0.35833333333333334,-0.8545977011494253,1.4174411951733075,0.09083965889957751,True
1.0,0.0,0.30000000000000004,1.7091954022988507,0.35,-0.8545977011494253,1.4223052039466977,0.09021606365665684,True
1.0,0.0,0.31666666666666665,1.7091954022988507,0.3416666666666667,-0.8545977011494253,1.427160527309248,0.08960453486876141,True
1.0,0.0,0.33333333333333337,1.7091954022988507,0.3333333333333333,-0.8545977011494253,1.432007052689021,0.08900470039668062,True
1.0,0.0,0.35,1.7091954022988507,0.325,-0.8545977011494253,1.4368446752217334,0.08841620365078588,True
1.0,0.0,0.3666666666666667,1.7091954022988507,0.31666666666666665,-0.8545977011494253,1.4416732973841384,0.0878387027757189,True
1.0,0.0,0.3833333333333333,1.7091954022988507,0.30833333333333335,-0.8545977011494253,1.446492828644387,0.08727186988638942,True
1.0,0.0,0.4,1.7091954022988507,0.3,-0.8545977011494253,1.4513031851286127,0.08671539035151721,True
1.0,0.0,0.41666666666666663,1.7091954022988507,0.2916666666666667,-0.8545977011494253,1.4561042893029799,0.08616896212127163,True
1.0,0.0,0.43333333333333335,1.7091954022988507,0.2833333333333333,-0.8545977011494253,1.4608960696704858,0.0856322950958467,True
1.0,0.0,0.44999999999999996,1.7091954022988507,0.275,-0.8545977011494253,1.465678460481872,0.08510511053206099,True
1.0,0.0,0.4666666666666667,1.7091954022988507,0.26666666666666666,-0.8545977011494253,1.47045140145994,0.08458714048532345,True
1.0,0.0,0.4833333333333333,1.7091954022988507,0.25833333333333336,-0.8545977011494253,1.4752148375366116,0.08407812728450902,True
1.0,0.0,0.5,1.7091954022988507,0.25,-0.8545977011494253,1.479968718602538,0.0835778230374439,True
1.0,0.0,0.5166666666666667,1.7091954022988507,0.24166666666666664,-0.8545977011494253,1.484712999267671,0.08308598916502467,True
1.0,0.0,0.5333333333333333,1.7091954022988507,0.23333333333333334,-0.8545977011494253,1.4894476386337285,0.08260239596189019,True
1.0,0.0,0.55,1.7091954022988507,0.22499999999999998,-0.8545977011494253,1.4941726000766837,0.08212682218201962,True
1.0,0.0,0.5666666666666667,1.7091954022988507,0.21666666666666667,-0.8545977011494253,1.4988878510395853,0.08165905464752692,True
1.0,0.0,0.5833333333333334,1.7091954022988507,0.20833333333333331,-0.8545977011494253,1.5035933628348919,0.0811988878791759,True
1.0,0.0,0.6,1.7091954022988507,0.2,-0.8545977011494253,1.5082891104560678,0.08074612374719002,True
1.0,0.0,0.6166666666666666,1.7091954022988507,0.1916666666666667,-0.8545977011494253,1.5129750723977928,0.08030057114107925,True
1.0,0.0,0.6333333333333333,1.7091954022988507,0.18333333333333335,-0.8545977011494253,1.5176512304846042,0.07986204565725652,True
1.0,0.0,0.65,1.7091954022988507,0.175,-0.8545977011494253,1.522317569707386,0.07943036930334577,True
1.0,0.0,0.6666666666666666,1.7091954022988507,0.16666666666666669,-0.8545977011494253,1.5269740780674805,0.07900537021812726,True
1.0,0.0,0.6833333333333333,1.7091954022988507,0.15833333333333333,-0.8545977011494253,1.531620746427901,0.07858688240617465,True
1.0,0.0,0.7,1.7091954022988507,0.15000000000000002,-0.8545977011494253,1.5362575683716893,0.07817474548625013,True
1.0,0.0,0.7166666666666667,1.7091954022988507,0.14166666666666666,-0.8545977011494253,1.5408845400663054,0.07776880445269654,True
1.0,0.0,0.7333333333333333,1.7091954022988507,0.13333333333333336,-0.8545977011494253,1.5455016601348104,0.07736890944895301,True
1.0,0.0,0.75,1.7091954022988507,0.125,-0.8545977011494253,1.5501089295326325,0.07697491555255355,True
1.0,0.0,0.7666666666666666,1.7091954022988507,0.1166666666666667,-0.8545977011494253,1.554706351430131,0.07658668257089069,True
1.0,0.0,0.7833333333333333,1.7091954022988507,0.10833333333333334,-0.8545977011494253,1.559293931100524,0.07620407484712861,True
1.0,0.0,0.7999999999999999,1.7091954022988507,0.10000000000000003,-0.8545977011494253,1.5638716758129962,0.07582696107567434,True
1.0,0.0,0.8166666666666667,1.7091954022988507,0.09166666666666667,-0.8545977011494253,1.568439594730676,0.07545521412666323,True
1.0,0.0,0.8333333333333333,1.7091954022988507,0.08333333333333337,-0.8545977011494253,1.5729976988133165,0.0750887108789416,True
1.0,0.0,0.85,1.7091954022988507,0.07500000000000001,-0.8545977011494253,1.5775460007244224,0.07472733206107021,True
1.0,0.0,0.8666666666666666,1.7091954022988507,0.06666666666666671,-0.8545977011494253,1.5820845147426366,0.07437096209989794,True
1.0,0.0,0.8833333333333333,1.7091954022988507,0.05833333333333335,-0.8545977011494253,1.5866132566771751,0.07401948897628795,True
1.0,0.0,0.9,1.7091954022988507,0.04999999999999999,-0.8545977011494253,1.5911322437871338,0.0736728040876009,True
1.0,0.0,0.9166666666666666,1.7091954022988507,0.041666666666666685,-0.8545977011494253,1.5956414947044755,0.07333080211656791,True
1.0,0.0,0.9333333333333333,1.7091954022988507,0.033333333333333326,-0.8545977011494253,1.6001410293605385,0.07299338090620693,True
1.0,0.0,0.95,1.7091954022988507,0.025000000000000022,-0.8545977011494253,1.6046308689158932,0.07266044134045804,True
1.0,0.0,0.9666666666666667,1.7091954022988507,0.016666666666666663,-0.8545977011494253,1.6091110356934066,0.07233188723023347,True
1.0,0.0,0.9833333333333333,1.7091954022988507,0.00833333333333336,-0.8545977011494253,1.6135815531143458,0.07200762520459582,True
1.0,0.0,1.0,1.7091954022988507,0.0,-0.8545977011494253,1.6180424456374025,0.07168756460679629,True
1.0,0.0,1.0166666666666666,1.7091954022988507,-0.008333333333333304,-0.8545977011494253,1.6224937387004819,0.07137161739491961,True
1.0,0.0,1.0333333333333334,1.7091954022988507,-0.01666666666666672,-0.8545977011494253,1.6269354586651645,0.07105969804689713,True
1.0,0.0,1.05,1.7091954022988507,-0.025000000000000022,-0.8545977011494253,1.6313676327636628,0.07075172346966692,True
1.0,0.0,1.0666666666666667,1.7091954022988507,-0.033333333333333326,-0.8545977011494253,1.6357902890482365,0.0704476129122654,True
1.0,0.0,1.0833333333333333,1.7091954022988507,-0.04166666666666663,-0.8545977011494253,1.6402034563428525,0.07014728788265913,True
1.0,0.0,1.1,1.7091954022988507,-0.050000000000000044,-0.8545977011494253,1.6446071641970978,0.06985067206812125,True
1.0,0.0,1.1166666666666667,1.7091954022988507,-0.05833333333333335,-0.8545977011494253,1.649001442842155,0.06955769125898305,True
1.0,0.0,1.1333333333333333,1.7091954022988507,-0.06666666666666665,-0.8545977011494253,1.6533863231488026,0.06926827327559017,True
1.0,0.0,1.1500000000000001,1.7091954022988507,-0.07500000000000007,-0.8545977011494253,1.6577618365873072,0.06898234789830902,True
1.0,0.0,1.1666666666666667,1.7091954022988507,-0.08333333333333337,-0.8545977011494253,1.66212801518915,0.06869984680043312,True
1.0,0.0,1.1833333333333333,1.7091954022988507,-0.09166666666666667,-0.8545977011494253,1.6664848915105162,0.0684207034838489,True
1.0,0.0,1.2000000000000002,1.7091954022988507,-0.10000000000000009,-0.8545977011494253,1.670832498597405,0.06814485321733282,True
1.0,0.0,1.2166666666666668,1.7091954022988507,-0.10833333333333339,-0.8545977011494253,1.6751708699523793,0.06787223297734814,True
1.0,0.0,1.2333333333333334,1.7091954022988507,-0.1166666666666667,-0.8545977011494253,1.679500039502788,0.06760278139122959,True
1.0,0.0,1.25,1.7091954022988507,-0.125,-0.8545977011494253,1.6838200415704863,0.06733643868263764,True
1.0,0.0,1.2666666666666668,1.7091954022988507,-0.13333333333333341,-0.8545977011494253,1.6881309108428788,0.06707314661918394,True
1.0,0.0,1.2833333333333334,1.7091954022988507,-0.14166666666666672,-0.8545977011494253,1.692432682345365,0.0668128484621184,True
1.0,0.0,1.3,1.7091954022988507,-0.15000000000000002,-0.8545977011494253,1.6967253914149736,0.06655548891799179,True
1.0,0.0,1.3166666666666667,1.7091954022988507,-0.15833333333333333,-0.8545977011494253,1.7010090736752592,0.06630101409219784,True
1.0,0.0,1.3333333333333335,1.7091954022988507,-0.16666666666666674,-0.8545977011494253,1.7052837650123156,0.06604937144431244,True
1.0,0.0,1.35,1.7091954022988507,-0.17500000000000004,-0.8545977011494253,1.7095495015519266,0.06580050974514648,True
1.0,0.0,1.3666666666666667,1.7091954022988507,-0.18333333333333335,-0.8545977011494253,1.7138063196377422,0.06555437903543937,True
1.0,0.0,1.3833333333333333,1.7091954022988507,-0.19166666666666665,-0.8545977011494253,1.7180542558104805,0.065310930586116,True
1.0,0.0,1.4000000000000001,1.7091954022988507,-0.20000000000000007,-0.8545977011494253,1.7222933467880794,0.06507011686004162,True
1.0,0.0,1.4166666666666667,1.7091954022988507,-0.20833333333333337,-0.8545977011494253,1.7265236294467847,0.0648318914752064,True
1.0,0.0,1.4333333333333333,1.7091954022988507,-0.21666666666666667,-0.8545977011494253,1.730745140803104,0.06459620916927844,True
1.0,0.0,1.45,1.7091954022988507,-0.22499999999999998,-0.8545977011494253,1.734957917996619,0.06436302576546578,True
1.0,0.0,0.1,1.7379310344827588,0.45,-0.8689655172413794,1.369880395966362,0.09759511704696862,True
1.0,0.0,0.11666666666666667,1.7379310344827588,0.44166666666666665,-0.8689655172413794,1.3748680514881022,0.09682432115088956,True
1.0,0.0,0.13333333333333333,1.7379310344827588,0.43333333333333335,-0.8689655172413794,1.3798485630945287,0.09607050854075387,True
1.0,0.0,0.15000000000000002,1.7379310344827588,0.425,-0.8689655172413794,1.3848217113570476,0.09533308574783292,True
1.0,0.0,0.16666666666666669,1.7379310344827588,0.41666666666666663,-0.8689655172413794,1.3897872897167132,0.09461148734534035,True
1.0,0.0,0.18333333333333335,1.7379310344827588,0.4083333333333333,-0.8689655172413794,1.3947451038782663,0.09390517428622296,True
1.0,0.0,0.2,1.7379310344827588,0.4,-0.8689655172413794,1.399694971231599,0.09321363235926898,True
1.0,0.0,0.21666666666666667,1.7379310344827588,0.39166666666666666,-0.8689655172413794,1.4046367202997054,0.0925363707536874,True
1.0,0.0,0.23333333333333334,1.7379310344827588,0.3833333333333333,-0.8689655172413794,1.4095701902115676,0.09187292072332943,True
1.0,0.0,0.25,1.7379310344827588,0.375,-0.8689655172413794,1.4144952301995564,0.09122283434240348,True
1.0,0.0,0.26666666666666666,1.7379310344827588,0.3666666666666667,-0.8689655172413794,1.4194116991197188,0.09058568334545088,True
1.0,0.0,0.2833333333333333,1.7379310344827588,0.35833333333333334,-0.8689655172413794,1.4243194649942623,0.08996105804489136,True
1.0,0.0,0.30000000000000004,1.7379310344827588,0.35,-0.8689655172413794,1.4292184045751775,0.08934856632010087,True
1.0,0.0,0.31666666666666665,1.7379310344827588,0.3416666666666667,-0.8689655172413794,1.4341084029280626,0.08874783267251207,True
1.0,0.0,0.33333333333333337,1.7379310344827588,0.3333333333333333,-0.8689655172413794,1.4389893530352578,0.08815849734170958,True
1.0,0.0,0.35,1.7379310344827588,0.325,-0.8689655172413794,1.443861155417417,0.08758021547793093,True
1.0,0.0,0.3666666666666667,1.7379310344827588,0.31666666666666665,-0.8689655172413794,1.4487237177726784,0.08701265636677973,True
1.0,0.0,0.3833333333333333,1.7379310344827588,0.30833333333333335,-0.8689655172413794,1.4535769546326314,0.08645550270230903,True
1.0,0.0,0.4,1.7379310344827588,0.3,-0.8689655172413794,1.4584207870343224,0.08590844990496019,True
1.0,0.0,0.41666666666666663,1.7379310344827588,0.2916666666666667,-0.8689655172413794,1.463255142207552,0.08537120548113002,True
1.0,0.0,0.43333333333333335,1.7379310344827588,0.2833333333333333,-0.8689655172413794,1.4680799532767166,0.08484348842141176,True
1.0,0.0,0.44999999999999996,1.7379310344827588,0.275,-0.8689655172413794,1.4728951589767487,0.08432502863476336,True
1.0,0.0,0.4666666666666667,1.7379310344827588,0.26666666666666666,-0.8689655172413794,1.4777007033819076,0.08381556641616782,True
1.0,0.0,0.4833333333333333,1.7379310344827588,0.25833333333333336,-0.8689655172413794,1.4824965356476936,0.08331485194538314,True
1.0,0.0,0.5,1.7379310344827588,0.25,-0.8689655172413794,1.4872826097645742,0.08282264481474053,True
1.0,0.0,0.5166666666666667,1.7379310344827588,0.24166666666666664,-0.8689655172413794,1.4920588843231843,0.08233871358400638,True
1.0,0.0,0.5333333333333333,1.7379310344827588,0.23333333333333334,-0.8689655172413794,1.4968253222904215,0.0818628353605059,True
1.0,0.0,0.55,1.7379310344827588,0.22499999999999998,-0.8689655172413794,1.5015818907963527,0.08139479540279634,True
1.0,0.0,0.5666666666666667,1.7379310344827588,0.21666666666666667,-0.8689655172413794,1.5063285609305082,0.08093438674643975,True
1.0,0.0,0.5833333333333334,1.7379310344827588,0.20833333333333331,-0.8689655172413794,1.5110653075480682,0.08048140985035013,True
1.0,0.0,0.6,1.7379310344827588,0.2,-0.8689655172413794,1.5157921090849198,0.08003567226244877,True
1.0,0.0,0.6166666666666666,1.7379310344827588,0.1916666666666667,-0.8689655172413794,1.5205089473813356,0.07959698830338556,True
1.0,0.0,0.6333333333333333,1.7379310344827588,0.18333333333333335,-0.8689655172413794,1.52521580751387,0.0791651787671884,True
1.0,0.0,0.65,1.7379310344827588,0.175,-0.8689655172413794,1.5299126776349792,0.07874007063779494,True
1.0,0.0,0.6666666666666666,1.7379310344827588,0.16666666666666669,-0.8689655172413794,1.534599548820396,0.07832149682045078,True
1.0,0.0,0.6833333333333333,1.7379310344827588,0.15833333333333333,-0.8689655172413794,1.539276414922955,0.07790929588714825,True
1.0,0.0,0.7,1.7379310344827588,0.15000000000000002,-0.8689655172413794,1.5439432724339504,0.07750331183513061,True
1.0,0.0,0.7166666666666667,1.7379310344827588,0.14166666666666666,-0.8689655172413794,1.5486001203503756,0.0771033938577922,True
1.0,0.0,0.7333333333333333,1.7379310344827588,0.13333333333333336,-0.8689655172413794,1.5532469600485281,0.07670939612716926,True
1.0,0.0,0.75,1.7379310344827588,0.125,-0.8689655172413794,1.5578837951634137,0.07632117758735983,True
1.0,0.0,0.7666666666666666,1.7379310344827588,0.1166666666666667,-0.8689655172413794,1.5625106314737223,0.07593860175823172,True
1.0,0.0,0.7833333333333333,1.7379310344827588,0.10833333333333334,-0.8689655172413794,1.5671274767921275,0.0755615365488181,True
1.0,0.0,0.7999999999999999,1.7379310344827588,0.10000000000000003,-0.8689655172413794,1.5717343408606197,0.07518985407984899,True
1.0,0.0,0.8166666666666667,1.7379310344827588,0.09166666666666667,-0.8689655172413794,1.5763312352506929,0.07482343051489317,True
1.0,0.0,0.8333333333333333,1.7379310344827588,0.08333333333333337,-0.8689655172413794,1.580918173268111,0.07446214589962673,True
1.0,0.0,0.85,1.7379310344827588,0.07500000000000001,-0.8689655172413794,1.5854951698620727,0.07410588400877145,True
1.0,0.0,0.8666666666666666,1.7379310344827588,0.06666666666666671,-0.8689655172413794,1.5900622415385208,0.07375453220027965,True
1.0,0.0,0.8833333333333333,1.7379310344827588,0.05833333333333335,-0.8689655172413794,1.5946194062774783,0.07340798127636067,True
1.0,0.0,0.9,1.7379310344827588,0.04999999999999999,-0.8689655172413794,1.599166683454158,0.0730661253509803,True
1.0,0.0,0.9166666666666666,1.7379310344827588,0.041666666666666685,-0.8689655172413794,1.6037040937636784,0.07272886172348025,True
1.0,0.0,0.9333333333333333,1.7379310344827588,0.033333333333333326,-0.8689655172413794,1.6082316591492787,0.07239609075798652,True
1.0,0.0,0.95,1.7379310344827588,0.025000000000000022,-0.8689655172413794,1.6127494027337685,0.07206771576830207,True
1.0,0.0,0.9666666666666667,1.7379310344827588,0.016666666666666663,-0.8689655172413794,1.617257348754165,0.07174364290798838,True
1.0,0.0,0.9833333333333333,1.7379310344827588,0.00833333333333336,-0.8689655172413794,1.6217555224993017,0.07142378106536786,True
1.0,0.0,1.0,1.7379310344827588,0.0,-0.8689655172413794,1.6262439502502966,0.07110804176318762,True
1.0,0.0,1.0166666666666666,1.7379310344827588,-0.008333333333333304,-0.8689655172413794,1.630722659223746,0.07079633906270576,True
1.0,0.0,1.0333333333333334,1.7379310344827588,-0.01666666666666672,-0.8689655172413794,1.6351916775175328,0.07048858947196954,True
1.0,0.0,1.05,1.7379310344827588,-0.025000000000000022,-0.8689655172413794,1.6396510340590766,0.07018471185807879,True
1.0,0.0,1.0666666666666667,1.7379310344827588,-0.033333333333333326,-0.8689655172413794,1.6441007585560077,0.06988462736322304,True
1.0,0.0,1.0833333333333333,1.7379310344827588,-0.04166666666666663,-0.8689655172413794,1.6485408814490377,0.06958825932431473,True
1.0,0.0,1.1,1.7379310344827588,-0.050000000000000044,-0.8689655172413794,1.652971433867041,0.06929553319602784,True
1.0,0.0,1.1166666666666667,1.7379310344827588,-0.05833333333333335,-0.8689655172413794,1.657392447584149,0.0690063764770836,True
1.0,0.0,1.1333333333333333,1.7379310344827588,-0.06666666666666665,-0.8689655172413794,1.661803954978836,0.06872071863961668,True
1.0,0.0,1.1500000000000001,1.7379310344827588,-0.07500000000000007,-0.8689655172413794,1.6662059889948688,0.06843849106147504,True
1.0,0.0,1.1666666666666667,1.7379310344827588,-0.08333333333333337,-0.8689655172413794,1.6705985831040393,0.06815962696131239,True
1.0,0.0,1.1833333333333333,1.7379310344827588,-0.09166666666666667,-0.8689655172413794,1.674981771270626,0.06788406133633508,True
1.0,0.0,1.2000000000000002,1.7379310344827588,-0.10000000000000009,-0.8689655172413794,1.6793555879174589,0.06761173090258232,True
1.0,0.0,1.2166666666666668,1.7379310344827588,-0.10833333333333339,-0.8689655172413794,1.6837200678935582,0.06734257403761502,True
1.0,0.0,1.2333333333333334,1.7379310344827588,-0.1166666666666667,-0.8689655172413794,1.6880752464432691,0.06707653072550174,True
1.0,0.0,1.25,1.7379310344827588,-0.125,-0.8689655172413794,1.6924211591767842,0.06681354250399649,True
1.0,0.0,1.2666666666666668,1.7379310344827588,-0.13333333333333341,-0.8689655172413794,1.6967578420420626,0.06655355241380222,True
1.0,0.0,1.2833333333333334,1.7379310344827588,-0.14166666666666672,-0.8689655172413794,1.7010853312980192,0.06629650494982813,True
1.0,0.0,1.3,1.7379310344827588,-0.15000000000000002,-0.8689655172413794,1.7054036634889482,0.06604234601434794,True
1.0,0.0,1.3166666666666667,1.7379310344827588,-0.15833333333333333,-0.8689655172413794,1.7097128754201574,0.0657910228719713,True
1.0,0.0,1.3333333333333335,1.7379310344827588,-0.16666666666666674,-0.8689655172413794,1.7140130041346995,0.0655424841063494,True
1.0,0.0,1.35,1.7379310344827588,-0.17500000000000004,-0.8689655172413794,1.7183040868911894,0.06529667957853563,True
1.0,0.0,1.3666666666666667,1.7379310344827588,-0.18333333333333335,-0.8689655172413794,1.7225861611426903,0.06505356038692447,True
1.0,0.0,1.3833333333333333,1.7379310344827588,-0.19166666666666665,-0.8689655172413794,1.7268592645165266,0.06481307882870595,True
1.0,0.0,1.4000000000000001,1.7379310344827588,-0.20000000000000007,-0.8689655172413794,1.7311234347950777,0.06457518836276147,True
1.0,0.0,1.4166666666666667,1.7379310344827588,-0.20833333333333337,-0.8689655172413794,1.7353787098974691,0.0643398435739429,True
1.0,0.0,1.4333333333333333,1.7379310344827588,-0.21666666666666667,-0.8689655172413794,1.7396251278620969,0.0641070001386732,True
1.0,0.0,1.45,1.7379310344827588,-0.22499999999999998,-0.8689655172413794,1.7438627268300149,0.06387661479181073,True
1.0,0.0,0.1,1.7666666666666668,0.45,-0.8833333333333334,1.3763304776206717,0.09660135934712388,True
1.0,0.0,0.11666666666666667,1.7666666666666668,0.44166666666666665,-0.8833333333333334,1.381355926127344,0.09584540810308745,True
1.0,0.0,0.13333333333333333,1.7666666666666668,0.43333333333333335,-0.8833333333333334,1.3863739072579857,0.09510596615478295,True
1.0,0.0,0.15000000000000002,1.7666666666666668,0.425,-0.8833333333333334,1.3913842092455362,0.09438246173432288,True
1.0,0.0,0.16666666666666669,1.7666666666666668,0.41666666666666663,-0.8833333333333334,1.3963866329534027,0.0936743498424875,True
1.0,0.0,0.18333333333333335,1.7666666666666668,0.4083333333333333,-0.8833333333333334,1.4013809912770354,0.09298111067704232,True
1.0,0.0,0.2,1.7666666666666668,0.4,-0.8833333333333334,1.4063671085730503,0.09230224817180609,True
1.0,0.0,0.21666666666666667,1.7666666666666668,0.39166666666666666,-0.8833333333333334,1.4113448201141428,0.09163728863744733,True
1.0,0.0,0.23333333333333334,1.7666666666666668,0.3833333333333333,-0.8833333333333334,1.4163139715694364,0.09098577949565616,True
1.0,0.0,0.25,1.7666666666666668,0.375,-0.8833333333333334,1.421274418508625,0.09034728809928076,True
1.0,0.0,0.26666666666666666,1.7666666666666668,0.3666666666666667,-0.8833333333333334,1.4262260259290778,0.08972140063159847,True
1.0,0.0,0.2833333333333333,1.7666666666666668,0.35833333333333334,-0.8833333333333334,1.4311686678049138,0.089107721078531,True
1.0,0.0,0.30000000000000004,1.7666666666666668,0.35,-0.8833333333333334,1.4361022266569998,0.08850587026817923,True
1.0,0.0,0.31666666666666665,1.7666666666666668,0.3416666666666667,-0.8833333333333334,1.4410265931429986,0.0879154849725295,True
1.0,0.0,0.33333333333333337,1.7666666666666668,0.3333333333333333,-0.8833333333333334,1.4459416656665116,0.087336217066648,True
1.0,0.0,0.35,1.7666666666666668,0.325,-0.8833333333333334,1.4508473500044885,0.08676773274107097,True
1.0,0.0,0.3666666666666667,1.7666666666666668,0.31666666666666665,-0.8833333333333334,1.4557435589520455,0.08620971176347134,True
1.0,0.0,0.3833333333333333,1.7666666666666668,0.30833333333333335,-0.8833333333333334,1.4606302119839085,0.08566184678600834,True
1.0,0.0,0.4,1.7666666666666668,0.3,-0.8833333333333334,1.4655072349317029,0.08512384269506712,True
1.0,0.0,0.41666666666666663,1.7666666666666668,0.2916666666666667,-0.8833333333333334,1.4703745596763698,0.08459541600036524,True
1.0,0.0,0.43333333333333335,1.7666666666666668,0.2833333333333333,-0.8833333333333334,1.475232123854902,0.08407629426065963,True
1.0,0.0,0.44999999999999996,1.7666666666666668,0.275,-0.8833333333333334,1.4800798705811815,0.08356621554345317,True
1.0,0.0,0.4666666666666667,1.7666666666666668,0.26666666666666666,-0.8833333333333334,1.4849177481792235,0.08306492791646257,True
1.0,0.0,0.4833333333333333,1.7666666666666668,0.25833333333333336,-0.8833333333333334,1.4897457099296858,0.08257218896852565,True
1.0,0.0,0.5,1.7666666666666668,0.25,-0.8833333333333334,1.4945637138277446,0.08208776535809222,True
1.0,0.0,0.5166666666666667,1.7666666666666668,0.24166666666666664,-0.8833333333333334,1.4993717223525254,0.08161143238737578,True
1.0,0.0,0.5333333333333333,1.7666666666666668,0.23333333333333334,-0.8833333333333334,1.5041697022472498,0.08114297360049724,True
1.0,0.0,0.55,1.7666666666666668,0.22499999999999998,-0.8833333333333334,1.5089576243097975,0.08068218040402615,True
1.0,0.0,0.5666666666666667,1.7666666666666668,0.21666666666666667,-0.8833333333333334,1.5137354631928992,0.0802288517084936,True
1.0,0.0,0.5833333333333334,1.7666666666666668,0.20833333333333331,-0.8833333333333334,1.518503197213822,0.07978279358949746,True
1.0,0.0,0.6,1.7666666666666668,0.2,-0.8833333333333334,1.5232608081728818,0.07934381896717234,True
1.0,0.0,0.6166666666666666,1.7666666666666668,0.1916666666666667,-0.8833333333333334,1.528008281180454,0.07891174730285845,True
1.0,0.0,0.6333333333333333,1.7666666666666668,0.18333333333333335,-0.8833333333333334,1.532745604491999,0.0784864043119012,True
1.0,0.0,0.65,1.7666666666666668,0.175,-0.8833333333333334,1.537472769350991,0.07806762169155841,True
1.0,0.0,0.6666666666666666,1.7666666666666668,0.16666666666666669,-0.8833333333333334,1.5421897698388498,0.07765523686313752,True
1.0,0.0,0.6833333333333333,1.7666666666666668,0.15833333333333333,-0.8833333333333334,1.546896602732132,0.07724909272744405,True
1.0,0.0,0.7,1.7666666666666668,0.15000000000000002,-0.8833333333333334,1.5515932673662378,0.0768490374327758,True
1.0,0.0,0.7166666666666667,1.7666666666666668,0.14166666666666666,-0.8833333333333334,1.5562797655055052,0.07645492415469793,True
1.0,0.0,0.7333333333333333,1.7666666666666668,0.13333333333333336,-0.8833333333333334,1.5609561012193278,0.0760666108869092,True
1.0,0.0,0.75,1.7666666666666668,0.125,-0.8833333333333334,1.5656222807640026,0.07568396024254645,True
1.0,0.0,0.7666666666666666,1.7666666666666668,0.1166666666666667,-0.8833333333333334,1.570278312470111,0.07530683926531889,True
1.0,0.0,0.7833333333333333,1.7666666666666668,0.10833333333333334,-0.8833333333333334,1.574924206635072,0.0749351192499104,True
1.0,0.0,0.7999999999999999,1.7666666666666668,0.10000000000000003,-0.8833333333333334,1.579559975420702,0.0745686755711165,True
1.0,0.0,0.8166666666666667,1.7666666666666668,0.09166666666666667,-0.8833333333333334,1.584185632755507,0.07420738752122331,True
1.0,0.0,0.8333333333333333,1.7666666666666668,0.08333333333333337,-0.8833333333333334,1.588801194241491,0.0738511381551652,True
1.0,0.0,0.85,1.7666666666666668,0.07500000000000001,-0.8833333333333334,1.593406677065293,0.07349981414302686,True
1.0,0.0,0.8666666666666666,1.7666666666666668,0.06666666666666671,-0.8833333333333334,1.59800209991339,0.07315330562948763,True
1.0,0.0,0.8833333333333333,1.7666666666666668,0.05833333333333335,-0.8833333333333334,1.6025874828912632,0.07281150609982152,True
1.0,0.0,0.9,1.7666666666666668,0.04999999999999999,-0.8833333333333334,1.6071628474462496,0.0724743122521043,True
1.0,0.0,0.9166666666666666,1.7666666666666668,0.041666666666666685,-0.8833333333333334,1.611728216293987,0.07214162387528622,True
1.0,0.0,0.9333333333333333,1.7666666666666668,0.033333333333333326,-0.8833333333333334,1.6162836133482177,0.07181334373282189,True
1.0,0.0,0.95,1.7666666666666668,0.025000000000000022,-0.8833333333333334,1.620829063653856,0.07148937745155895,True
1.0,0.0,0.9666666666666667,1.7666666666666668,0.016666666666666663,-0.8833333333333334,1.625364593323126,0.07116963341560988,True
1.0,0.0,0.9833333333333333,1.7666666666666668,0.00833333333333336,-0.8833333333333334,1.629890229474623,0.07085402266494946,True
1.0,0.0,1.0,1.7666666666666668,0.0,-0.8833333333333334,1.6344060001752003,0.07054245879848764,True
1.0,0.0,1.0166666666666666,1.7666666666666668,-0.008333333333333304,-0.8833333333333334,1.6389119343845366,0.0702348578813911,True
1.0,0.0,1.0333333333333334,1.7666666666666668,-0.01666666666666672,-0.8833333333333334,1.6434080619022335,0.06993113835643731,True
1.0,0.0,1.05,1.7666666666666668,-0.025000000000000022,-0.8833333333333334,1.6478944133173428,0.06963122095919506,True
1.0,0.0,1.0666666666666667,1.7666666666666668,-0.033333333333333326,-0.8833333333333334,1.65237101996026,0.06933502863683769,True
1.0,0.0,1.0833333333333333,1.7666666666666668,-0.04166666666666663,-0.8833333333333334,1.6568379138567668,0.069042486470413,True
1.0,0.0,1.1,1.7666666666666668,-0.050000000000000044,-0.8833333333333334,1.6612951276842556,0.06875352160039161,True
1.0,0.0,1.1166666666666667,1.7666666666666668,-0.05833333333333335,-0.8833333333333334,1.6657426947299097,0.06846806315533918,True
1.0,0.0,1.1333333333333333,1.7666666666666668,-0.06666666666666665,-0.8833333333333334,1.6701806488508506,0.06818604218355487,True
1.0,0.0,1.1500000000000001,1.7666666666666668,-0.07500000000000007,-0.8833333333333334,1.6746090244361083,0.06790739158753549,True
1.0,0.0,1.1666666666666667,1.7666666666666668,-0.08333333333333337,-0.8833333333333334,1.6790278563703431,0.06763204606112665,True
1.0,0.0,1.1833333333333333,1.7666666666666668,-0.09166666666666667,-0.8833333333333334,1.6834371799992396,0.06735994202923655,True
1.0,0.0,1.2000000000000002,1.7666666666666668,-0.10000000000000009,-0.8833333333333334,1.687837031096511,0.06709101758998542,True
1.0,0.0,1.2166666666666668,1.7666666666666668,-0.10833333333333339,-0.8833333333333334,1.6922274458324125,0.06682521245918059,True
1.0,0.0,1.2333333333333334,1.7666666666666668,-0.1166666666666667,-0.8833333333333334,1.6966084607437344,0.06656246791700518,True
1.0,0.0,1.25,1.7666666666666668,-0.125,-0.8833333333333334,1.7009801127051511,0.06630272675682072,True
1.0,0.0,1.2666666666666668,1.7666666666666668,-0.13333333333333341,-0.8833333333333334,1.705342438901935,0.06604593323598155,True
1.0,0.0,1.2833333333333334,1.7666666666666668,-0.14166666666666672,-0.8833333333333334,1.7096954768039163,0.06579203302857368,True
1.0,0.0,1.3,1.7666666666666668,-0.15000000000000002,-0.8833333333333334,1.7140392641406674,0.0655409731799866,True
1.0,0.0,1.3166666666666667,1.7666666666666668,-0.15833333333333333,-0.8833333333333334,1.7183738388778385,0.06529270206323771,True
1.0,0.0,1.3333333333333335,1.7666666666666668,-0.16666666666666674,-0.8833333333333334,1.7226992391945863,0.06504716933696977,True
1.0,0.0,1.35,1.7666666666666668,-0.17500000000000004,-0.8833333333333334,1.7270155034620869,0.06480432590504576,True
1.0,0.0,1.3666666666666667,1.7666666666666668,-0.18333333333333335,-0.8833333333333334,1.7313226702230466,0.06456412387767062,True
1.0,0.0,1.3833333333333333,1.7666666666666668,-0.19166666666666665,-0.8833333333333334,1.735620778172144,0.06432651653397632,True
1.0,0.0,1.4000000000000001,1.7666666666666668,-0.20000000000000007,-0.8833333333333334,1.739909866137464,0.06409145828599766,True
1.0,0.0,1.4166666666666667,1.7666666666666668,-0.20833333333333337,-0.8833333333333334,1.7441899730627317,0.06385890464398883,True
1.0,0.0,1.4333333333333333,1.7666666666666668,-0.21666666666666667,-0.8833333333333334,1.7484611379904582,0.06362881218301403,True
1.0,0.0,1.45,1.7666666666666668,-0.22499999999999998,-0.8833333333333334,1.7527234000458212,0.06340113851076354,True
1.0,0.0,0.1,1.7954022988505747,0.45,-0.8977011494252873,1.3827554067920524,0.09563766023429465,True
1.0,0.0,0.11666666666666667,1.7954022988505747,0.44166666666666665,-0.8977011494252873,1.3878182867611935,0.09489589795979135,True
1.0,0.0,0.13333333333333333,1.7954022988505747,0.43333333333333335,-0.8977011494252873,1.3928733820947352,0.09417019690515231,True
1.0,0.0,0.15000000000000002,1.7954022988505747,0.425,-0.8977011494252873,1.3979204885048688,0.09346000560724355,True
1.0,0.0,0.16666666666666669,1.7954022988505747,0.41666666666666663,-0.8977011494252873,1.4029594141006412,0.09276479819212705,True
1.0,0.0,0.18333333333333335,1.7954022988505747,0.4083333333333333,-0.8977011494252873,1.40798997879739,0.09208407288635063,True
1.0,0.0,0.2,1.7954022988505747,0.4,-0.8977011494252873,1.413012013752675,0.09141735063227187,True
1.0,0.0,0.21666666666666667,1.7954022988505747,0.39166666666666666,-0.8977011494252873,1.418025360828766,0.0907641737987866,True
1.0,0.0,0.23333333333333334,1.7954022988505747,0.3833333333333333,-0.8977011494252873,1.4230298720797698,0.09012410497989737,True
1.0,0.0,0.25,1.7954022988505747,0.375,-0.8977011494252873,1.4280254092626128,0.08949672587410909,True
1.0,0.0,0.26666666666666666,1.7954022988505747,0.3666666666666667,-0.8977011494252873,1.4330118433707895,0.08888163623831984,True
1.0,0.0,0.2833333333333333,1.7954022988505747,0.35833333333333334,-0.8977011494252873,1.4379890541898521,0.08827845291043483,True
1.0,0.0,0.30000000000000004,1.7954022988505747,0.35,-0.8977011494252873,1.4429569298736737,0.08768680889544249,True
1.0,0.0,0.31666666666666665,1.7954022988505747,0.3416666666666667,-0.8977011494252873,1.4479153665405569,0.08710635251014909,True
1.0,0.0,0.33333333333333337,1.7954022988505747,0.3333333333333333,-0.8977011494252873,1.4528642678882595,0.08653674658218749,True
1.0,0.0,0.35,1.7954022988505747,0.325,-0.8977011494252873,1.4578035448271056,0.08597766769928404,True
1.0,0.0,0.3666666666666667,1.7954022988505747,0.31666666666666665,-0.8977011494252873,1.462733115130316,0.08542880550511212,True
1.0,0.0,0.3833333333333333,1.7954022988505747,0.30833333333333335,-0.8977011494252873,1.4676529031007701,0.08488986203836425,True
1.0,0.0,0.4,1.7954022988505747,0.3,-0.8977011494252873,1.472562839253559,0.0843605511119394,True
1.0,0.0,0.41666666666666663,1.7954022988505747,0.2916666666666667,-0.8977011494252873,1.4774628600131932,0.0838405977294513,True
1.0,0.0,0.43333333333333335,1.7954022988505747,0.2833333333333333,-0.8977011494252873,1.4823529074253796,0.08332973753638159,True
1.0,0.0,0.44999999999999996,1.7954022988505747,0.275,-0.8977011494252873,1.4872329288822754,0.08282771630352495,True
1.0,0.0,0.4666666666666667,1.7954022988505747,0.26666666666666666,-0.8977011494252873,1.4921028768605606,0.08233428944051445,True
1.0,0.0,0.4833333333333333,1.7954022988505747,0.25833333333333336,-0.8977011494252873,1.4969627086718458,0.08184922153737616,True
1.0,0.0,0.5,1.7954022988505747,0.25,-0.8977011494252873,1.5018123862251704,0.08137228593219843,True
1.0,0.0,0.5166666666666667,1.7954022988505747,0.24166666666666664,-0.8977011494252873,1.5066518758001433,0.08090326430326905,True
1.0,0.0,0.5333333333333333,1.7954022988505747,0.23333333333333334,-0.8977011494252873,1.5114811478311583,0.08044194628397737,True
1.0,0.0,0.55,1.7954022988505747,0.22499999999999998,-0.8977011494252873,1.5163001767015936,0.07998812909905624,True
1.0,0.0,0.5666666666666667,1.7954022988505747,0.21666666666666667,-0.8977011494252873,1.5211089405477163,0.07954161722076776,True
1.0,0.0,0.5833333333333334,1.7954022988505747,0.20833333333333331,-0.8977011494252873,1.5259074210718058,0.07910222204376231,True
1.0,0.0,0.6,1.7954022988505747,0.2,-0.8977011494252873,1.5306956033639574,0.07866976157743998,True
1.0,0.0,0.6166666666666666,1.7954022988505747,0.1916666666666667,-0.8977011494252873,1.5354734757325603,0.07824406015467972,True
1.0,0.0,0.6333333333333333,1.7954022988505747,0.18333333333333335,-0.8977011494252873,1.5402410295421254,0.07782494815600367,True
1.0,0.0,0.65,1.7954022988505747,0.175,-0.8977011494252873,1.5449982590593858,0.07741226174811372,True
1.0,0.0,0.6666666666666666,1.7954022988505747,0.16666666666666669,-0.8977011494252873,1.5497451613061484,0.07700584263602472,True
1.0,0.0,0.6833333333333333,1.7954022988505747,0.15833333333333333,-0.8977011494252873,1.554481735919194,0.07660553782792012,True
1.0,0.0,0.7,1.7954022988505747,0.15000000000000002,-0.8977011494252873,1.5592079850167087,0.07621119941198348,True
1.0,0.0,0.7166666666666667,1.7954022988505747,0.14166666666666666,-0.8977011494252873,1.5639239130709364,0.07582268434449736,True
1.0,0.0,0.7333333333333333,1.7954022988505747,0.13333333333333336,-0.8977011494252873,1.5686295267867918,0.07543985424854341,True
1.0,0.0,0.75,1.7954022988505747,0.125,-0.8977011494252873,1.573324834986126,0.07506257522268876,True
1.0,0.0,0.7666666666666666,1.7954022988505747,0.1166666666666667,-0.8977011494252873,1.578009848497384,0.07469071765908189,True
1.0,0.0,0.7833333333333333,1.7954022988505747,0.10833333333333334,-0.8977011494252873,1.5826845800504072,0.07432415607041737,True
1.0,0.0,0.7999999999999999,1.7954022988505747,0.10000000000000003,-0.8977011494252873,1.5873490441761204,0.07396276892526912,True
1.0,0.0,0.8166666666666667,1.7954022988505747,0.09166666666666667,-0.8977011494252873,1.5920032571108869,0.0736064384913185,True
1.0,0.0,0.8333333333333333,1.7954022988505747,0.08333333333333337,-0.8977011494252873,1.5966472367053182,0.07325505068603645,True
1.0,0.0,0.85,1.7954022988505747,0.07500000000000001,-0.8977011494252873,1.6012810023373047,0.07290849493441003,True
1.0,0.0,0.8666666666666666,1.7954022988505747,0.06666666666666671,-0.8977011494252873,1.6059045748290848,0.07256666403332329,True
1.0,0.0,0.8833333333333333,1.7954022988505747,0.05833333333333335,-0.8977011494252873,1.6105179763681667,0.07222945402223194,True
1.0,0.0,0.9,1.7954022988505747,0.04999999999999999,-0.8977011494252873,1.6151212304319194,0.07189676405979008,True
1.0,0.0,0.9166666666666666,1.7954022988505747,0.041666666666666685,-0.8977011494252873,1.6197143617156298,0.0715684963061142,True
1.0,0.0,0.9333333333333333,1.7954022988505747,0.033333333333333326,-0.8977011494252873,1.6242973960639384,0.07124455581037735,True
1.0,0.0,0.95,1.7954022988505747,0.025000000000000022,-0.8977011494252873,1.628870360405413,0.07092485040346025,True
1.0,0.0,0.9666666666666667,1.7954022988505747,0.016666666666666663,-0.8977011494252873,1.6334332826901625,0.07060929059538959,True
1.0,0.0,0.9833333333333333,1.7954022988505747,0.00833333333333336,-0.8977011494252873,1.6379861918303347,0.07029778947731692,True
1.0,0.0,1.0,1.7954022988505747,0.0,-0.8977011494252873,1.642529117643385,0.06999026262780236,True
1.0,0.0,1.0166666666666666,1.7954022988505747,-0.008333333333333304,-0.8977011494252873,1.6470620907979363,0.06968662802318588,True
1.0,0.0,1.0333333333333334,1.7954022988505747,-0.01666666666666672,-0.8977011494252873,1.6515851427621733,0.06938680595183601,True
1.0,0.0,1.05,1.7954022988505747,-0.025000000000000022,-0.8977011494252873,1.6560983057546135,0.06909071893208071,True
1.0,0.0,1.0666666666666667,1.7954022988505747,-0.033333333333333326,-0.8977011494252873,1.6606016126971557,0.06879829163363882,True
1.0,0.0,1.0833333333333333,1.7954022988505747,-0.04166666666666663,-0.8977011494252873,1.6650950971703051,0.06850945080237489,True
1.0,0.0,1.1,1.7954022988505747,-0.050000000000000044,-0.8977011494252873,1.6695787933704607,0.06822412518821641,True
1.0,0.0,1.1166666666666667,1.7954022988505747,-0.05833333333333335,-0.8977011494252873,1.674052736069205,0.06794224547607657,True
1.0,0.0,1.1333333333333333,1.7954022988505747,-0.06666666666666665,-0.8977011494252873,1.6785169605744499,0.06766374421963835,True
1.0,0.0,1.1500000000000001,1.7954022988505747,-0.07500000000000007,-0.8977011494252873,1.6829715026934158,0.06738855577786036,True
1.0,0.0,1.1666666666666667,1.7954022988505747,-0.08333333333333337,-0.8977011494252873,1.6874163986973016,0.06711661625407557,True
1.0,0.0,1.1833333333333333,1.7954022988505747,-0.09166666666666667,-0.8977011494252873,1.6918516852876182,0.0668478634375581,True
1.0,0.0,1.2000000000000002,1.7954022988505747,-0.10000000000000009,-0.8977011494252873,1.696277399564073,0.06658223674744308,True
1.0,0.0,1.2166666666666668,1.7954022988505747,-0.10833333333333339,-0.8977011494252873,1.7006935789939555,0.06631967717888806,True
1.0,0.0,1.2333333333333334,1.7954022988505747,-0.1166666666666667,-0.8977011494252873,1.7051002613829465,0.06606012725137225,True
1.0,0.0,1.25,1.7954022988505747,-0.125,-0.8977011494252873,1.709497484847301,0.06580353095903374,True
1.0,0.0,1.2666666666666668,1.7954022988505747,-0.13333333333333341,-0.8977011494252873,1.7138852877873176,0.06554983372295312,True
1.0,0.0,1.2833333333333334,1.7954022988505747,-0.14166666666666672,-0.8977011494252873,1.71826370886206,0.06529898234529169,True
1.0,0.0,1.3,1.7954022988505747,-0.15000000000000002,-0.8977011494252873,1.7226327869652607,0.0650509249652035,True
1.0,0.0,1.3166666666666667,1.7954022988505747,-0.15833333333333333,-0.8977011494252873,1.7269925612023602,0.06480561101643843,True
1.0,0.0,1.3333333333333335,1.7954022988505747,-0.16666666666666674,-0.8977011494252873,1.731343070868622,0.0645629911865631,True
1.0,0.0,1.35,1.7954022988505747,-0.17500000000000004,-0.8977011494252873,1.7356843554282935,0.06432301737772508,True
1.0,0.0,1.3666666666666667,1.7954022988505747,-0.18333333333333335,-0.8977011494252873,1.7400164544947434,0.06408564266889548,True
1.0,0.0,1.3833333333333333,1.7954022988505747,-0.19166666666666665,-0.8977011494252873,1.7443394078115413,0.0638508212795222,True
1.0,0.0,1.4000000000000001,1.7954022988505747,-0.20000000000000007,-0.8977011494252873,1.7486532552344538,0.0636185085345337,True
1.0,0.0,1.4166666666666667,1.7954022988505747,-0.20833333333333337,-0.8977011494252873,1.7529580367142872,0.06338866083063453,True
1.0,0.0,1.4333333333333333,1.7954022988505747,-0.21666666666666667,-0.8977011494252873,1.7572537922805238,0.0631612356038396,True
1.0,0.0,1.45,1.7954022988505747,-0.22499999999999998,-0.8977011494252873,1.761540562025942,0.06293619129818057,True
1.0,0.0,0.1,1.8241379310344827,0.45,-0.9120689655172414,1.3891553276459099,0.09470252588931291,True
1.0,0.0,0.11666666666666667,1.8241379310344827,0.44166666666666665,-0.9120689655172414,1.394255288623861,0.09397433944184863,True
1.0,0.0,0.13333333333333333,1.8241379310344827,0.43333333333333335,-0.9120689655172414,1.399347153652299,0.09326179007986343,True
1.0,0.0,0.15000000000000002,1.8241379310344827,0.425,-0.9120689655172414,1.4044307257482527,0.09256434536939025,True
1.0,0.0,0.16666666666666669,1.8241379310344827,0.41666666666666663,-0.9120689655172414,1.4095058200976027,0.09188149737095452,True
1.0,0.0,0.18333333333333335,1.8241379310344827,0.4083333333333333,-0.9120689655172414,1.414572263471744,0.09121276122720233,True
1.0,0.0,0.2,1.8241379310344827,0.4,-0.9120689655172414,1.4196298936709753,0.09055767384827947,True
1.0,0.0,0.21666666666666667,1.8241379310344827,0.39166666666666666,-0.9120689655172414,1.4246785589938031,0.08991579268703398,True
1.0,0.0,0.23333333333333334,1.8241379310344827,0.3833333333333333,-0.9120689655172414,1.4297181177309757,0.08928669459689384,True
1.0,0.0,0.25,1.8241379310344827,0.375,-0.9120689655172414,1.4347484376831239,0.08866997476592077,True
1.0,0.0,0.26666666666666666,1.8241379310344827,0.3666666666666667,-0.9120689655172414,1.4397693957009983,0.08806524572111432,True
1.0,0.0,0.2833333333333333,1.8241379310344827,0.35833333333333334,-0.9120689655172414,1.4447808772472532,0.08747213639757487,True
1.0,0.0,0.30000000000000004,1.8241379310344827,0.35,-0.9120689655172414,1.4497827759788302,0.0868902912675998,True
1.0,0.0,0.31666666666666665,1.8241379310344827,0.3416666666666667,-0.9120689655172414,1.4547749933489937,0.08631936952521728,True
1.0,0.0,0.33333333333333337,1.8241379310344827,0.3333333333333333,-0.9120689655172414,1.4597574382281162,0.08575904432204717,True
1.0,0.0,0.35,1.8241379310344827,0.325,-0.9120689655172414,1.4647300265423424,0.08520900205072596,True
1.0,0.0,0.3666666666666667,1.8241379310344827,0.31666666666666665,-0.9120689655172414,1.4696926809293407,0.08466894167244214,True
1.0,0.0,0.3833333333333333,1.8241379310344827,0.30833333333333335,-0.9120689655172414,1.4746453304101759,0.08413857408543873,True
1.0,0.0,0.4,1.8241379310344827,0.3,-0.9120689655172414,1.4795879100770708,0.08361762153152007,True
1.0,0.0,0.41666666666666663,1.8241379310344827,0.2916666666666667,-0.9120689655172414,1.484520360795325,0.08310581703800188,True
1.0,0.0,0.43333333333333335,1.8241379310344827,0.2833333333333333,-0.9120689655172414,1.4894426289199276,0.08260290389251708,True
1.0,0.0,0.44999999999999996,1.8241379310344827,0.275,-0.9120689655172414,1.4943546660251894,0.08210863514852246,True
1.0,0.0,0.4666666666666667,1.8241379310344827,0.26666666666666666,-0.9120689655172414,1.4992564286473227,0.08162277315936348,True
1.0,0.0,0.4833333333333333,1.8241379310344827,0.25833333333333336,-0.9120689655172414,1.5041478780391209,0.08114508913899864,True
1.0,0.0,0.5,1.8241379310344827,0.25,-0.9120689655172414,1.5090289799363268,0.08067536274759277,True
1.0,0.0,0.5166666666666667,1.8241379310344827,0.24166666666666664,-0.9120689655172414,1.5138997043349194,0.08021338170035942,True
1.0,0.0,0.5333333333333333,1.8241379310344827,0.23333333333333334,-0.9120689655172414,1.5187600252790172,0.07975894139811357,True
1.0,0.0,0.55,1.8241379310344827,0.22499999999999998,-0.9120689655172414,1.5236099206587599,0.07931184457814458,True
1.0,0.0,0.5666666666666667,1.8241379310344827,0.21666666666666667,-0.9120689655172414,1.528449372017726,0.07887190098410451,True
1.0,0.0,0.5833333333333334,1.8241379310344827,0.20833333333333331,-0.9120689655172414,1.533278364369392,0.07843892705371022,True
1.0,0.0,0.6,1.8241379310344827,0.2,-0.9120689655172414,1.5380968860224378,0.07801274562311926,True
1.0,0.0,0.6166666666666666,1.8241379310344827,0.1916666666666667,-0.9120689655172414,1.5429049284139555,0.07759318564698821,True
1.0,0.0,0.6333333333333333,1.8241379310344827,0.18333333333333335,-0.9120689655172414,1.5477024859507917,0.0771800819331937,True
1.0,0.0,0.65,1.8241379310344827,0.175,-0.9120689655172414,1.552489555858215,0.07677327489135685,True
1.0,0.0,0.6666666666666666,1.8241379310344827,0.16666666666666669,-0.9120689655172414,1.5572661380357389,0.07637261029432116,True
1.0,0.0,0.6833333333333333,1.8241379310344827,0.15833333333333333,-0.9120689655172414,1.562032234919711,0.07597793905181,True
1.0,0.0,0.7,1.8241379310344827,0.15000000000000002,-0.9120689655172414,1.566787851352344,0.07558911699554068,True
1.0,0.0,0.7166666666666667,1.8241379310344827,0.14166666666666666,-0.9120689655172414,1.5715329944568952,0.0752060046751195,True
1.0,0.0,0.7333333333333333,1.8241379310344827,0.13333333333333336,-0.9120689655172414,1.576267673518704,0.07482846716408684,True
1.0,0.0,0.75,1.8241379310344827,0.125,-0.9120689655172414,1.5809918998717747,0.07445637387552818,True
1.0,0.0,0.7666666666666666,1.8241379310344827,0.1166666666666667,-0.9120689655172414,1.5857056867907051,0.07408959838669751,True
1.0,0.0,0.7833333333333333,1.8241379310344827,0.10833333333333334,-0.9120689655172414,1.5904090493876295,0.07372801827214528,True
1.0,0.0,0.7999999999999999,1.8241379310344827,0.10000000000000003,-0.9120689655172414,1.595102004514013,0.07337151494486575,True
1.0,0.0,0.8166666666666667,1.8241379310344827,0.09166666666666667,-0.9120689655172414,1.5997845706670097,0.07301997350501988,True
1.0,0.0,0.8333333333333333,1.8241379310344827,0.08333333333333337,-0.9120689655172414,1.6044567679001964,0.07267328259581037,True
1.0,0.0,0.85,1.8241379310344827,0.07500000000000001,-0.9120689655172414,1.6091186177384795,0.07233133426611568,True
1.0,0.0,0.8666666666666666,1.8241379310344827,0.06666666666666671,-0.9120689655172414,1.6137701430969524,0.07199402383951599,True
1.0,0.0,0.8833333333333333,1.8241379310344827,0.05833333333333335,-0.9120689655172414,1.618411368203554,0.07166124978936117,True
1.0,0.0,0.9,1.8241379310344827,0.04999999999999999,-0.9120689655172414,1.6230423185253164,0.07133291361956048,True
1.0,0.0,0.9166666666666666,1.8241379310344827,0.041666666666666685,-0.9120689655172414,1.6276630206980578,0.07100891975078569,True
1.0,0.0,0.9333333333333333,1.8241379310344827,0.033333333333333326,-0.9120689655172414,1.632273502459322,0.07068917541180446,True
1.0,0.0,0.95,1.8241379310344827,0.025000000000000022,-0.9120689655172414,1.6368737925844747,0.07037359053567133,True
1.0,0.0,0.9666666666666667,1.8241379310344827,0.016666666666666663,-0.9120689655172414,1.6414639208257529,0.07006207766052605,True
1.0,0.0,0.9833333333333333,1.8241379310344827,0.00833333333333336,-0.9120689655172414,1.6460439178541526,0.06975455183476034,True
1.0,0.0,1.0,1.8241379310344827,0.0,-0.9120689655172414,1.6506138152040117,0.06945093052633028,True
1.0,0.0,1.0166666666666666,1.8241379310344827,-0.008333333333333304,-0.9120689655172414,1.6551736452201837,0.06915113353600073,True
1.0,0.0,1.0333333333333334,1.8241379310344827,-0.01666666666666672,-0.9120689655172414,1.6597234410076713,0.06885508291432552,True
1.0,0.0,1.05,1.8241379310344827,-0.025000000000000022,-0.9120689655172414,1.6642632363835888,0.06856270288217561,True
1.0,0.0,1.0666666666666667,1.8241379310344827,-0.033333333333333326,-0.9120689655172414,1.6687930658313692,0.06827391975463894,True
1.0,0.0,1.0833333333333333,1.8241379310344827,-0.04166666666666663,-0.9120689655172414,1.6733129644571088,0.06798866186812369,True
1.0,0.0,1.1,1.8241379310344827,-0.050000000000000044,-0.9120689655172414,1.6778229679479308,0.06770685951051106,True
1.0,0.0,1.1166666666666667,1.8241379310344827,-0.05833333333333335,-0.9120689655172414,1.6823231125323126,0.06742844485420538,True
1.0,0.0,1.1333333333333333,1.8241379310344827,-0.06666666666666665,-0.9120689655172414,1.6868134349422268,0.06715335189194542,True
1.0,0.0,1.1500000000000001,1.8241379310344827,-0.07500000000000007,-0.9120689655172414,1.6912939723771099,0.06688151637523941,True
1.0,0.0,1.1666666666666667,1.8241379310344827,-0.08333333333333337,-0.9120689655172414,1.695764762469437,0.06661287575530567,True
1.0,0.0,1.1833333333333333,1.8241379310344827,-0.09166666666666667,-0.9120689655172414,1.7002258432519788,0.06634736912639233,True
1.0,0.0,1.2000000000000002,1.8241379310344827,-0.10000000000000009,-0.9120689655172414,1.7046772531265515,0.06608493717137079,True
1.0,0.0,1.2166666666666668,1.8241379310344827,-0.10833333333333339,-0.9120689655172414,1.7091190308342352,0.06582552210949376,True
1.0,0.0,1.2333333333333334,1.8241379310344827,-0.1166666666666667,-0.9120689655172414,1.7135512154270138,0.06556906764621691,True
1.0,0.0,1.25,1.8241379310344827,-0.125,-0.9120689655172414,1.7179738462407192,0.06531551892499225,True
1.0,0.0,1.2666666666666668,1.8241379310344827,-0.13333333333333341,-0.9120689655172414,1.7223869628692807,0.06506482248093907,True
1.0,0.0,1.2833333333333334,1.8241379310344827,-0.14166666666666672,-0.9120689655172414,1.7267906051401594,0.06481692619631121,True
1.0,0.0,1.3,1.8241379310344827,-0.15000000000000002,-0.9120689655172414,1.7311848130909704,0.06457177925767572,True
1.0,0.0,1.3166666666666667,1.8241379310344827,-0.15833333333333333,-0.9120689655172414,1.7355696269472127,0.06432933211472873,True
1.0,0.0,1.3333333333333335,1.8241379310344827,-0.16666666666666674,-0.9120689655172414,1.7399450871010305,0.06408953644067643,True
1.0,0.0,1.35,1.8241379310344827,-0.17500000000000004,-0.9120689655172414,1.7443112340910232,0.0638523450941076,True
1.0,0.0,1.3666666666666667,1.8241379310344827,-0.18333333333333335,-0.9120689655172414,1.748668108582995,0.06361771208229786,True
1.0,0.0,1.3833333333333333,1.8241379310344827,-0.19166666666666665,-0.9120689655172414,1.7530157513516431,0.06338559252587807,True
1.0,0.0,1.4000000000000001,1.8241379310344827,-0.20000000000000007,-0.9120689655172414,1.7573542032631009,0.06315594262481175,True
1.0,0.0,1.4166666666666667,1.8241379310344827,-0.20833333333333337,-0.9120689655172414,1.76168350525849,0.06292871962561505,True
1.0,0.0,1.4333333333333333,1.8241379310344827,-0.21666666666666667,-0.9120689655172414,1.7660036983377496,0.06270388178980064,True
1.0,0.0,1.45,1.8241379310344827,-0.22499999999999998,-0.9120689655172414,1.7703148235450856,0.0624813883634231,True
1.0,0.0,0.1,1.8528735632183908,0.45,-0.9264367816091954,1.395530391570074,0.09379456471536851,True
1.0,0.0,0.11666666666666667,1.8528735632183908,0.44166666666666665,-0.9264367816091954,1.4006670936211216,0.09307937992213934,True
1.0,0.0,0.13333333333333333,1.8528735632183908,0.43333333333333335,-0.9264367816091954,1.4057953941137158,0.09237943023724406,True
1.0,0.0,0.15000000000000002,1.8528735632183908,0.425,-0.9264367816091954,1.4109151032025788,0.09169420108803147,True
1.0,0.0,0.16666666666666669,1.8528735632183908,0.41666666666666663,-0.9264367816091954,1.4160260429887321,0.0910232013784447,True
1.0,0.0,0.18333333333333335,1.8528735632183908,0.4083333333333333,-0.9264367816091954,1.4211280469431187,0.09036596214699219,True
1.0,0.0,0.2,1.8528735632183908,0.4,-0.9264367816091954,1.4262209593571287,0.08972203531673753,True
1.0,0.0,0.21666666666666667,1.8528735632183908,0.39166666666666666,-0.9264367816091954,1.4313046348187983,0.08909099252996343,True
1.0,0.0,0.23333333333333334,1.8528735632183908,0.3833333333333333,-0.9264367816091954,1.4363789377135363,0.08847242406082549,True
1.0,0.0,0.25,1.8528735632183908,0.375,-0.9264367816091954,1.441443741748309,0.08786593779991234,True
1.0,0.0,0.26666666666666666,1.8528735632183908,0.3666666666666667,-0.9264367816091954,1.4464989294982211,0.0872711583051716,True
1.0,0.0,0.2833333333333333,1.8528735632183908,0.35833333333333334,-0.9264367816091954,1.4515443919744715,0.08668772591414926,True
1.0,0.0,0.30000000000000004,1.8528735632183908,0.35,-0.9264367816091954,1.4565800282127228,0.08611529591292565,True
1.0,0.0,0.31666666666666665,1.8528735632183908,0.3416666666666667,-0.9264367816091954,1.4616057448809339,0.0855535377575325,True
1.0,0.0,0.33333333333333337,1.8528735632183908,0.3333333333333333,-0.9264367816091954,1.4666214559057653,0.08500213434398764,True
1.0,0.0,0.35,1.8528735632183908,0.325,-0.9264367816091954,1.471627082116701,0.0844607813234132,True
1.0,0.0,0.3666666666666667,1.8528735632183908,0.31666666666666665,-0.9264367816091954,1.476622550907018,0.0839291864589969,True
1.0,0.0,0.3833333333333333,1.8528735632183908,0.30833333333333335,-0.9264367816091954,1.4816077959108453,0.08340706902181644,True
1.0,0.0,0.4,1.8528735632183908,0.3,-0.9264367816091954,1.486582756695697,0.08289415922277793,True
1.0,0.0,0.41666666666666663,1.8528735632183908,0.2916666666666667,-0.9264367816091954,1.4915473784693407,0.08239019767819529,True
1.0,0.0,0.43333333333333335,1.8528735632183908,0.2833333333333333,-0.9264367816091954,1.4965016118007823,0.08189493490664562,True
1.0,0.0,0.44999999999999996,1.8528735632183908,0.275,-0.9264367816091954,1.5014454123545589,0.08140813085498276,True
1.0,0.0,0.4666666666666667,1.8528735632183908,0.26666666666666666,-0.9264367816091954,1.5063787406373341,0.08092955445157755,True
1.0,0.0,0.4833333333333333,1.8528735632183908,0.25833333333333336,-0.9264367816091954,1.5113015617569556,0.08045898318489399,True
1.0,0.0,0.5,1.8528735632183908,0.25,-0.9264367816091954,1.516213845192622,0.07999620270579877,True
1.0,0.0,0.5166666666666667,1.8528735632183908,0.24166666666666664,-0.9264367816091954,1.5211155645760959,0.0795410064520051,True
1.0,0.0,0.5333333333333333,1.8528735632183908,0.23333333333333334,-0.9264367816091954,1.5260066974832778,0.07909319529323283,True
1.0,0.0,0.55,1.8528735632183908,0.22499999999999998,-0.9264367816091954,1.5308872252355903,0.07865257719575651,True
1.0,0.0,0.5666666666666667,1.8528735632183908,0.21666666666666667,-0.9264367816091954,1.535757132711042,0.07821896690508197,True
1.0,0.0,0.5833333333333334,1.8528735632183908,0.20833333333333331,-0.9264367816091954,1.5406164081637084,0.07779218564567766,True
1.0,0.0,0.6,1.8528735632183908,0.2,-0.9264367816091954,1.545465043052364,0.0773720608365987,True
1.0,0.0,0.6166666666666666,1.8528735632183908,0.1916666666666667,-0.9264367816091954,1.5503030318768165,0.07695842582210768,True
1.0,0.0,0.6333333333333333,1.8528735632183908,0.18333333333333335,-0.9264367816091954,1.5551303720221146,0.07655111961632999,True
1.0,0.0,0.65,1.8528735632183908,0.175,-0.9264367816091954,1.5599470636101145,0.07614998666110058,True
1.0,0.0,0.6666666666666666,1.8528735632183908,0.16666666666666669,-0.9264367816091954,1.564753109358024,0.07575487659621362,True
1.0,0.0,0.6833333333333333,1.8528735632183908,0.15833333333333333,-0.9264367816091954,1.5695485144436352,0.07536564404133168,True
1.0,0.0,0.7,1.8528735632183908,0.15000000000000002,-0.9264367816091954,1.5743332863769162,0.07498214838886623,True
1.0,0.0,0.7166666666666667,1.8528735632183908,0.14166666666666666,-0.9264367816091954,1.579107434877628,0.07460425360718942,True
1.0,0.0,0.7333333333333333,1.8528735632183908,0.13333333333333336,-0.9264367816091954,1.5838709717587238,0.07423182805357535,True
1.0,0.0,0.75,1.8528735632183908,0.125,-0.9264367816091954,1.5886239108152207,0.073864744296311,True
1.0,0.0,0.7666666666666666,1.8528735632183908,0.1166666666666667,-0.9264367816091954,1.593366267718291,0.07350287894545621,True
1.0,0.0,0.7833333333333333,1.8528735632183908,0.10833333333333334,-0.9264367816091954,1.5980980599143488,0.07314611249175879,True
1.0,0.0,0.7999999999999999,1.8528735632183908,0.10000000000000003,-0.9264367816091954,1.602819306528841,0.07279432915327338,True
1.0,0.0,0.8166666666666667,1.8528735632183908,0.09166666666666667,-0.9264367816091954,1.6075300282745795,0.07244741672924994,True
1.0,0.0,0.8333333333333333,1.8528735632183908,0.08333333333333337,-0.9264367816091954,1.6122302473643773,0.07210526646089228,True
1.0,0.0,0.85,1.8528735632183908,0.07500000000000001,-0.9264367816091954,1.6169199874277311,0.0717677728986156,True
1.0,0.0,0.8666666666666666,1.8528735632183908,0.06666666666666671,-0.9264367816091954,1.6215992734314648,0.07143483377544141,True
1.0,0.0,0.8833333333333333,1.8528735632183908,0.05833333333333335,-0.9264367816091954,1.6262681316040584,0.07110634988620597,True
1.0,0.0,0.9,1.8528735632183908,0.04999999999999999,-0.9264367816091954,1.6309265893635176,0.07078222497227032,True
1.0,0.0,0.9166666666666666,1.8528735632183908,0.041666666666666685,-0.9264367816091954,1.635574675248629,0.07046236561143927,True
1.0,0.0,0.9333333333333333,1.8528735632183908,0.033333333333333326,-0.9264367816091954,1.6402124188534357,0.07014668111281394,True
1.0,0.0,0.95,1.8528735632183908,0.025000000000000022,-0.9264367816091954,1.644839850764754,0.06983508341632601,True
1.0,0.0,0.9666666666666667,1.8528735632183908,0.016666666666666663,-0.9264367816091954,1.6494570025026334,0.06952748699670444,True
1.0,0.0,0.9833333333333333,1.8528735632183908,0.00833333333333336,-0.9264367816091954,1.654063906463612,0.06922380877164991,True
1.0,0.0,1.0,1.8528735632183908,0.0,-0.9264367816091954,1.6586605958665794,0.06892396801400587,True
1.0,0.0,1.0166666666666666,1.8528735632183908,-0.008333333333333304,-0.9264367816091954,1.663247104701226,0.06862788626771602,True
1.0,0.0,1.0333333333333334,1.8528735632183908,-0.01666666666666672,-0.9264367816091954,1.6678234676788808,0.06833548726738473,True
1.0,0.0,1.05,1.8528735632183908,-0.025000000000000022,-0.9264367816091954,1.6723897201856366,0.06804669686125851,True
1.0,0.0,1.0666666666666667,1.8528735632183908,-0.033333333333333326,-0.9264367816091954,1.676945898237689,0.06776144293745874,True
1.0,0.0,1.0833333333333333,1.8528735632183908,-0.04166666666666663,-0.9264367816091954,1.681492038438775,0.06747965535330464,True
1.0,0.0,1.1,1.8528735632183908,-0.050000000000000044,-0.9264367816091954,1.6860281779395763,0.0672012658675798,True
1.0,0.0,1.1166666666666667,1.8528735632183908,-0.05833333333333335,-0.9264367816091954,1.6905543543990549,0.06692620807559511,True
1.0,0.0,1.1333333333333333,1.8528735632183908,-0.06666666666666665,-0.9264367816091954,1.6950706059476013,0.0666544173469158,True
1.0,0.0,1.1500000000000001,1.8528735632183908,-0.07500000000000007,-0.9264367816091954,1.6995769711518942,0.06638583076562556,True
1.0,0.0,1.1666666666666667,1.8528735632183908,-0.08333333333333337,-0.9264367816091954,1.7040734889814453,0.0661203870730063,True
1.0,0.0,1.1833333333333333,1.8528735632183908,-0.09166666666666667,-0.9264367816091954,1.7085601987766907,0.06585802661252108,True
1.0,0.0,1.2000000000000002,1.8528735632183908,-0.10000000000000009,-0.9264367816091954,1.7130371402186018,0.06559869127699088,True
1.0,0.0,1.2166666666666668,1.8528735632183908,-0.10833333333333339,-0.9264367816091954,1.7175043532997343,0.06534232445786473,True
1.0,0.0,1.2333333333333334,1.8528735632183908,-0.1166666666666667,-0.9264367816091954,1.721961878296653,0.06508887099648504,True
1.0,0.0,1.25,1.8528735632183908,-0.125,-0.9264367816091954,1.726409755743642,0.06483827713725944,True
1.0,0.0,1.2666666666666668,1.8528735632183908,-0.13333333333333341,-0.9264367816091954,1.7308480264076902,0.06459049048264834,True
1.0,0.0,1.2833333333333334,1.8528735632183908,-0.14166666666666672,-0.9264367816091954,1.7352767312646336,0.06434545994989123,True
1.0,0.0,1.3,1.8528735632183908,-0.15000000000000002,-0.9264367816091954,1.7396959114764945,0.06410313572938658,True
1.0,0.0,1.3166666666666667,1.8528735632183908,-0.15833333333333333,-0.9264367816091954,1.7441056083698436,0.06386346924465977,True
1.0,0.0,1.3333333333333335,1.8528735632183908,-0.16666666666666674,-0.9264367816091954,1.7485058634152337,0.06362641311384191,True
1.0,0.0,1.35,1.8528735632183908,-0.17500000000000004,-0.9264367816091954,1.752896718207617,0.06339192111259694,True
1.0,0.0,1.3666666666666667,1.8528735632183908,-0.18333333333333335,-0.9264367816091954,1.757278214447691,0.06315994813843223,True
1.0,0.0,1.3833333333333333,1.8528735632183908,-0.19166666666666665,-0.9264367816091954,1.7616503939242993,0.06293045017632551,True
1.0,0.0,1.4000000000000001,1.8528735632183908,-0.20000000000000007,-0.9264367816091954,1.76601329849721,0.06270338426564276,True
1.0,0.0,1.4166666666666667,1.8528735632183908,-0.20833333333333337,-0.9264367816091954,1.7703669700814975,0.062478708468227076,True
1.0,0.0,1.4333333333333333,1.8528735632183908,-0.21666666666666667,-0.9264367816091954,1.7747114506320185,0.06225638183768503,True
1.0,0.0,1.45,1.8528735632183908,-0.22499999999999998,-0.9264367816091954,1.7790467821289684,0.06203636438976552,True
1.0,0.0,0.1,1.8816091954022989,0.45,-0.9408045977011494,1.4018807562774693,0.0929124785022164,True
1.0,0.0,0.11666666666666667,1.8816091954022989,0.44166666666666665,-0.9408045977011494,1.4070538694695798,0.09220975695359143,True
1.0,0.0,0.13333333333333333,1.8816091954022989,0.43333333333333335,-0.9408045977011494,1.4122182809719457,0.09152188907635611,True
1.0,0.0,0.15000000000000002,1.8816091954022989,0.425,-0.9408045977011494,1.4173738079171576,0.09084837708779929,True
1.0,0.0,0.16666666666666669,1.8816091954022989,0.41666666666666663,-0.9408045977011494,1.4225202791663636,0.09018874573371985,True
1.0,0.0,0.18333333333333335,1.8816091954022989,0.4083333333333333,-0.9408045977011494,1.4276575347400575,0.08954254101128407,True
1.0,0.0,0.2,1.8816091954022989,0.4,-0.9408045977011494,1.4327854252755259,0.08890932897871338,True
1.0,0.0,0.21666666666666667,1.8816091954022989,0.39166666666666666,-0.9408045977011494,1.437903811509798,0.08828869464492069,True
1.0,0.0,0.23333333333333334,1.8816091954022989,0.3833333333333333,-0.9408045977011494,1.4430125637869642,0.08768024093283844,True
1.0,0.0,0.25,1.8816091954022989,0.375,-0.9408045977011494,1.4481115615887645,0.08708358771074066,True
1.0,0.0,0.26666666666666666,1.8816091954022989,0.3666666666666667,-0.9408045977011494,1.4532006930873747,0.08649837088636536,True
1.0,0.0,0.2833333333333333,1.8816091954022989,0.35833333333333334,-0.9408045977011494,1.4582798547194202,0.08592424155908973,True
1.0,0.0,0.30000000000000004,1.8816091954022989,0.35,-0.9408045977011494,1.4633489507801936,0.08536086522582967,True
1.0,0.0,0.31666666666666665,1.8816091954022989,0.3416666666666667,-0.9408045977011494,1.4684078930371343,0.0848079210366999,True
1.0,0.0,0.33333333333333337,1.8816091954022989,0.3333333333333333,-0.9408045977011494,1.4734566003618894,0.08426510109677919,True
1.0,0.0,0.35,1.8816091954022989,0.325,-0.9408045977011494,1.478494998379447,0.08373210981072327,True
1.0,0.0,0.3666666666666667,1.8816091954022989,0.31666666666666665,-0.9408045977011494,1.483523019134536,0.08320866326705996,True
1.0,0.0,0.3833333333333333,1.8816091954022989,0.30833333333333335,-0.9408045977011494,1.488540600773612,0.08269448865945722,True
1.0,0.0,0.4,1.8816091954022989,0.3,-0.9408045977011494,1.4935476872420217,0.08218932374234685,True
1.0,0.0,0.41666666666666663,1.8816091954022989,0.2916666666666667,-0.9408045977011494,1.4985442279957226,0.08169291631851802,True
1.0,0.0,0.43333333333333335,1.8816091954022989,0.2833333333333333,-0.9408045977011494,1.503530177726654,0.08120502375651781,True
1.0,0.0,0.44999999999999996,1.8816091954022989,0.275,-0.9408045977011494,1.5085054961012931,0.08072541253582075,True
1.0,0.0,0.4666666666666667,1.8816091954022989,0.26666666666666666,-0.9408045977011494,1.513470147511622,0.08025385781792228,True
1.0,0.0,0.4833333333333333,1.8816091954022989,0.25833333333333336,-0.9408045977011494,1.5184241008379904,0.07979014304162768,True
1.0,0.0,0.5,1.8816091954022989,0.25,-0.9408045977011494,1.523367329223287,0.0793340595409513,True
1.0,0.0,0.5166666666666667,1.8816091954022989,0.24166666666666664,-0.9408045977011494,1.5282998098578795,0.07888540618415331,True
1.0,0.0,0.5333333333333333,1.8816091954022989,0.23333333333333334,-0.9408045977011494,1.5332215237747013,0.0784439890325645,True
1.0,0.0,0.55,1.8816091954022989,0.22499999999999998,-0.9408045977011494,1.5381324556543696,0.07800962101790303,True
1.0,0.0,0.5666666666666667,1.8816091954022989,0.21666666666666667,-0.9408045977011494,1.5430325936391767,0.07758212163697484,True
1.0,0.0,0.5833333333333334,1.8816091954022989,0.20833333333333331,-0.9408045977011494,1.547921929156256,0.07716131666260688,True
1.0,0.0,0.6,1.8816091954022989,0.2,-0.9408045977011494,1.5528004567489964,0.07674703786984906,True
1.0,0.0,0.6166666666666666,1.8816091954022989,0.1916666666666667,-0.9408045977011494,1.557668173916503,0.07633912277649003,True
1.0,0.0,0.6333333333333333,1.8816091954022989,0.18333333333333335,-0.9408045977011494,1.562525080960673,0.07593741439701979,True
1.0,0.0,0.65,1.8816091954022989,0.175,-0.9408045977011494,1.5673711808405293,0.07554176100922813,True
1.0,0.0,0.6666666666666666,1.8816091954022989,0.16666666666666669,-0.9408045977011494,1.5722064790334502,0.07515201593268435,True
1.0,0.0,0.6833333333333333,1.8816091954022989,0.15833333333333333,-0.9408045977011494,1.5770309834029723,0.07476803731839372,True
1.0,0.0,0.7,1.8816091954022989,0.15000000000000002,-0.9408045977011494,1.5818447040728578,0.07438968794897456,True
1.0,0.0,0.7166666666666667,1.8816091954022989,0.14166666666666666,-0.9408045977011494,1.5866476533071174,0.0740168350487436,True
1.0,0.0,0.7333333333333333,1.8816091954022989,0.13333333333333336,-0.9408045977011494,1.59143984539569,0.07364935010314018,True
1.0,0.0,0.75,1.8816091954022989,0.125,-0.9408045977011494,1.5962212965455518,0.07328710868695001,True
1.0,0.0,0.7666666666666666,1.8816091954022989,0.1166666666666667,-0.9408045977011494,1.6009920247769291,0.07292999030083594,True
1.0,0.0,0.7833333333333333,1.8816091954022989,0.10833333333333334,-0.9408045977011494,1.6057520498244366,0.07257787821570331,True
1.0,0.0,0.7999999999999999,1.8816091954022989,0.10000000000000003,-0.9408045977011494,1.6105013930428673,0.07223065932446425,True
1.0,0.0,0.8166666666666667,1.8816091954022989,0.09166666666666667,-0.9408045977011494,1.6152400773174205,0.07188822400079382,True
1.0,0.0,0.8333333333333333,1.8816091954022989,0.08333333333333337,-0.9408045977011494,1.6199681269781518,0.07155046596449154,True
1.0,0.0,0.85,1.8816091954022989,0.07500000000000001,-0.9408045977011494,1.6246855677184853,0.07121728215308896,True
1.0,0.0,0.8666666666666666,1.8816091954022989,0.06666666666666671,-0.9408045977011494,1.6293924265175026,0.07088857259936998,True
1.0,0.0,0.8833333333333333,1.8816091954022989,0.05833333333333335,-0.9408045977011494,1.634088731565941,0.0705642403144809,True
1.0,0.0,0.9,1.8816091954022989,0.04999999999999999,-0.9408045977011494,1.6387745121956607,0.07024419117633794,True
1.0,0.0,0.9166666666666666,1.8816091954022989,0.041666666666666685,-0.9408045977011494,1.6434497988123942,0.0699283338230525,True
1.0,0.0,0.9333333333333333,1.8816091954022989,0.033333333333333326,-0.9408045977011494,1.6481146228317036,0.06961657955110907,True
1.0,0.0,0.95,1.8816091954022989,0.025000000000000022,-0.9408045977011494,1.6527690166179385,0.06930884221805042,True
1.0,0.0,0.9666666666666667,1.8816091954022989,0.016666666666666663,-0.9408045977011494,1.6574130134260308,0.06900503814944041,True
1.0,0.0,0.9833333333333333,1.8816091954022989,0.00833333333333336,-0.9408045977011494,1.6620466473460767,0.06870508604988018,True
1.0,0.0,1.0,1.8816091954022989,0.0,-0.9408045977011494,1.6666699532504867,0.06840890691787797,True
1.0,0.0,1.0166666666666666,1.8816091954022989,-0.008333333333333304,-0.9408045977011494,1.6712829667436364,0.06811642396437392,True
1.0,0.0,1.0333333333333334,1.8816091954022989,-0.01666666666666672,-0.9408045977011494,1.675885724113893,0.06782756253473972,True
1.0,0.0,1.05,1.8816091954022989,-0.025000000000000022,-0.9408045977011494,1.680478262287886,0.06754225003407942,True
1.0,0.0,1.0666666666666667,1.8816091954022989,-0.033333333333333326,-0.9408045977011494,1.685060618786949,0.06726041585566936,True
1.0,0.0,1.0833333333333333,1.8816091954022989,-0.04166666666666663,-0.9408045977011494,1.6896328316855966,0.06698199131238365,True
1.0,0.0,1.1,1.8816091954022989,-0.050000000000000044,-0.9408045977011494,1.6941949395719738,0.06670690957095952,True
1.0,0.0,1.1166666666666667,1.8816091954022989,-0.05833333333333335,-0.9408045977011494,1.6987469815101737,0.06643510558896629,True
1.0,0.0,1.1333333333333333,1.8816091954022989,-0.06666666666666665,-0.9408045977011494,1.7032889970043326,0.06616651605434794,True
1.0,0.0,1.1500000000000001,1.8816091954022989,-0.07500000000000007,-0.9408045977011494,1.7078210259644135,0.06590107932741888,True
1.0,0.0,1.1666666666666667,1.8816091954022989,-0.08333333333333337,-0.9408045977011494,1.7123431086736325,0.06563873538519296,True
1.0,0.0,1.1833333333333333,1.8816091954022989,-0.09166666666666667,-0.9408045977011494,1.7168552857574195,0.06537942576794084,True
1.0,0.0,1.2000000000000002,1.8816091954022989,-0.10000000000000009,-0.9408045977011494,1.7213575981538538,0.06512309352786906,True
1.0,0.0,1.2166666666666668,1.8816091954022989,-0.10833333333333339,-0.9408045977011494,1.7258500870855131,0.06486968317982368,True
1.0,0.0,1.2333333333333334,1.8816091954022989,-0.1166666666666667,-0.9408045977011494,1.7303327940326556,0.06461914065392563,True
1.0,0.0,1.25,1.8816091954022989,-0.125,-0.9408045977011494,1.7348057607076963,0.06437141325004946,True
1.0,0.0,1.2666666666666668,1.8816091954022989,-0.13333333333333341,-0.9408045977011494,1.739269029030906,0.06412644959406047,True
1.0,0.0,1.2833333333333334,1.8816091954022989,-0.14166666666666672,-0.9408045977011494,1.74372264110726,0.06388419959573516,True
1.0,0.0,1.3,1.8816091954022989,-0.15000000000000002,-0.9408045977011494,1.748166639204431,0.06364461440828394,True
1.0,0.0,1.3166666666666667,1.8816091954022989,-0.15833333333333333,-0.9408045977011494,1.752601065731812,0.06340764638941006,True
1.0,0.0,1.3333333333333335,1.8816091954022989,-0.16666666666666674,-0.9408045977011494,1.7570259632205703,0.06317324906383455,True
1.0,0.0,1.35,1.8816091954022989,-0.17500000000000004,-0.9408045977011494,1.7614413743048007,0.06294137708721576,True
1.0,0.0,1.3666666666666667,1.8816091954022989,-0.18333333333333335,-0.9408045977011494,1.7658473417031337,0.06271198621143463,True
1.0,0.0,1.3833333333333333,1.8816091954022989,-0.19166666666666665,-0.9408045977011494,1.770243908201995,0.062485033251122306,True
1.0,0.0,1.4000000000000001,1.8816091954022989,-0.20000000000000007,-0.9408045977011494,1.774631116639014,0.06226047605145209,True
1.0,0.0,1.4166666666666667,1.8816091954022989,-0.20833333333333337,-0.9408045977011494,1.7790090098875913,0.062038273457087977,True
1.0,0.0,1.4333333333333333,1.8816091954022989,-0.21666666666666667,-0.9408045977011494,1.7833776308421498,0.061818385282262085,True
1.0,0.0,1.45,1.8816091954022989,-0.22499999999999998,-0.9408045977011494,1.787737022404115,0.06160077228193147,True
1.0,0.0,0.1,1.910344827586207,0.45,-0.9551724137931035,1.408206584995781,0.09205505450702996,True
1.0,0.0,0.11666666666666667,1.910344827586207,0.44166666666666665,-0.9551724137931035,1.4134157889196681,0.09136429067058298,True
1.0,0.0,0.13333333333333333,1.910344827586207,0.43333333333333335,-0.9551724137931035,1.418615996285835,0.09068801814020484,True
1.0,0.0,0.15000000000000002,1.910344827586207,0.425,-0.9551724137931035,1.4238070310512996,0.09002575493847105,True
1.0,0.0,0.16666666666666669,1.910344827586207,0.41666666666666663,-0.9551724137931035,1.4289887286888194,0.08937704073188549,True
1.0,0.0,0.18333333333333335,1.910344827586207,0.4083333333333333,-0.9551724137931035,1.4341609356246465,0.08874143561375722,True
1.0,0.0,0.2,1.910344827586207,0.4,-0.9551724137931035,1.4393235087027807,0.08811851896913936,True
1.0,0.0,0.21666666666666667,1.910344827586207,0.39166666666666666,-0.9551724137931035,1.444476314674558,0.08750788841538124,True
1.0,0.0,0.23333333333333334,1.910344827586207,0.3833333333333333,-0.9551724137931035,1.4496192297124197,0.08690915881242661,True
1.0,0.0,0.25,1.910344827586207,0.375,-0.9551724137931035,1.4547521389467781,0.0863219613375094,True
1.0,0.0,0.26666666666666666,1.910344827586207,0.3666666666666667,-0.9551724137931035,1.4598749360249041,0.08574594261936702,True
1.0,0.0,0.2833333333333333,1.910344827586207,0.35833333333333334,-0.9551724137931035,1.4649875226908529,0.08518076392750994,True
1.0,0.0,0.30000000000000004,1.910344827586207,0.35,-0.9551724137931035,1.4700898083854346,0.08462610041247128,True
1.0,0.0,0.31666666666666665,1.910344827586207,0.3416666666666667,-0.9551724137931035,1.4751817098651716,0.08408164039331793,True
1.0,0.0,0.33333333333333337,1.910344827586207,0.3333333333333333,-0.9551724137931035,1.4802631508398785,0.083547084688943,True
1.0,0.0,0.35,1.910344827586207,0.325,-0.9551724137931035,1.4853340616268775,0.08302214599012411,True
1.0,0.0,0.3666666666666667,1.910344827586207,0.31666666666666665,-0.9551724137931035,1.4903943788225122,0.08250654826930377,True
1.0,0.0,0.3833333333333333,1.910344827586207,0.30833333333333335,-0.9551724137931035,1.4954440449889022,0.08200002622558165,True
1.0,0.0,0.4,1.910344827586207,0.3,-0.9551724137931035,1.5004830083558878,0.08150232476240282,True
1.0,0.0,0.41666666666666663,1.910344827586207,0.2916666666666667,-0.9551724137931035,1.5055112225373086,0.08101319849571592,True
1.0,0.0,0.43333333333333335,1.910344827586207,0.2833333333333333,-0.9551724137931035,1.5105286462606136,0.08053241129056064,True
1.0,0.0,0.44999999999999996,1.910344827586207,0.275,-0.9551724137931035,1.5155352431097913,0.08005973582411366,True
1.0,0.0,0.4666666666666667,1.910344827586207,0.26666666666666666,-0.9551724137931035,1.5205309812803431,0.07959495317349405,True
1.0,0.0,0.4833333333333333,1.910344827586207,0.25833333333333336,-0.9551724137931035,1.5255158333460852,0.07913785242666205,True
1.0,0.0,0.5,1.910344827586207,0.25,-0.9551724137931035,1.5304897760370584,0.07868823031491926,True
1.0,0.0,0.5166666666666667,1.910344827586207,0.24166666666666664,-0.9551724137931035,1.5354527900283124,0.07824589086558757,True
1.0,0.0,0.5333333333333333,1.910344827586207,0.23333333333333334,-0.9551724137931035,1.5404048597382467,0.07781064507364802,True
1.0,0.0,0.55,1.910344827586207,0.22499999999999998,-0.9551724137931035,1.545345973137241,0.07738231059103128,True
1.0,0.0,0.5666666666666667,1.910344827586207,0.21666666666666667,-0.9551724137931035,1.5502761215649856,0.07696071143254883,True
1.0,0.0,0.5833333333333334,1.910344827586207,0.20833333333333331,-0.9551724137931035,1.5551952995566996,0.07654567769737762,True
1.0,0.0,0.6,1.910344827586207,0.2,-0.9551724137931035,1.560103504677604,0.07613704530515744,True
1.0,0.0,0.6166666666666666,1.910344827586207,0.1916666666666667,-0.9551724137931035,1.5650007373653207,0.07573465574580297,True
1.0,0.0,0.6333333333333333,1.910344827586207,0.18333333333333335,-0.9551724137931035,1.5698870007797374,0.07533835584220834,True
1.0,0.0,0.65,1.910344827586207,0.175,-0.9551724137931035,1.574762300660062,0.07494799752506438,True
1.0,0.0,0.6666666666666666,1.910344827586207,0.16666666666666669,-0.9551724137931035,1.5796266451886638,0.07456343761907318,True
1.0,0.0,0.6833333333333333,1.910344827586207,0.15833333333333333,-0.9551724137931035,1.5844800448613807,0.0741845376398891,True
1.0,0.0,0.7,1.910344827586207,0.15000000000000002,-0.9551724137931035,1.5893225123640173,0.07381116360115678,True
1.0,0.0,0.7166666666666667,1.910344827586207,0.14166666666666666,-0.9551724137931035,1.5941540624546922,0.07344318583106557,True
1.0,0.0,0.7333333333333333,1.910344827586207,0.13333333333333336,-0.9551724137931035,1.5989747118517619,0.07308047879787401,True
1.0,0.0,0.75,1.910344827586207,0.125,-0.9551724137931035,1.6037844791270863,0.07272292094389121,True
1.0,0.0,0.7666666666666666,1.910344827586207,0.1166666666666667,-0.9551724137931035,1.6085833846043367,0.07237039452744191,True
1.0,0.0,0.7833333333333333,1.910344827586207,0.10833333333333334,-0.9551724137931035,1.6133714502621275,0.07202278547236653,True
1.0,0.0,0.7999999999999999,1.910344827586207,0.10000000000000003,-0.9551724137931035,1.618148699641737,0.07167998322463794,True
1.0,0.0,0.8166666666666667,1.910344827586207,0.09166666666666667,-0.9551724137931035,1.6229151577592031,0.07134188061570547,True
1.0,0.0,0.8333333333333333,1.910344827586207,0.08333333333333337,-0.9551724137931035,1.6276708510215658,0.07100837373219679,True
1.0,0.0,0.85,1.910344827586207,0.07500000000000001,-0.9551724137931035,1.6324158071470911,0.07067936179163418,True
1.0,0.0,0.8666666666666666,1.910344827586207,0.06666666666666671,-0.9551724137931035,1.6371500550892348,0.07035474702384428,True
1.0,0.0,0.8833333333333333,1.910344827586207,0.05833333333333335,-0.9551724137931035,1.6418736249642516,0.07003443455775289,True
1.0,0.0,0.9,1.910344827586207,0.04999999999999999,-0.9551724137931035,1.6465865479821782,0.06971833231328647,True
1.0,0.0,0.9166666666666666,1.910344827586207,0.041666666666666685,-0.9551724137931035,1.6512888563811052,0.06940635089810741,True
1.0,0.0,0.9333333333333333,1.910344827586207,0.033333333333333326,-0.9551724137931035,1.6559805833645482,0.06909840350893429,True
1.0,0.0,0.95,1.910344827586207,0.025000000000000022,-0.9551724137931035,1.660661763041789,0.0687944058372084,True
1.0,0.0,0.9666666666666667,1.910344827586207,0.016666666666666663,-0.9551724137931035,1.6653324303709998,0.06849427597888744,True
1.0,0.0,0.9833333333333333,1.910344827586207,0.00833333333333336,-0.9551724137931035,1.6699926211051366,0.06819793434814825,True
1.0,0.0,1.0,1.910344827586207,0.0,-0.9551724137931035,1.6746423717402807,0.06790530359481378,True
1.0,0.0,1.0166666666666666,1.910344827586207,-0.008333333333333304,-0.9551724137931035,1.67928171946654,0.06761630852530365,True
1.0,0.0,1.0333333333333334,1.910344827586207,-0.01666666666666672,-0.9551724137931035,1.6839107021211783,0.06733087602694474,True
1.0,0.0,1.05,1.910344827586207,-0.025000000000000022,-0.9551724137931035,1.6885293581440362,0.06704893499546773,True
1.0,0.0,1.0666666666666667,1.910344827586207,-0.033333333333333326,-0.9551724137931035,1.6931377265350083,0.06677041626553862,True
1.0,0.0,1.0833333333333333,1.910344827586207,-0.04166666666666663,-0.9551724137931035,1.6977358468135861,0.06649525254417381,True
1.0,0.0,1.1,1.910344827586207,-0.050000000000000044,-0.9551724137931035,1.702323758980296,0.06622337834690102,True
1.0,0.0,1.1166666666666667,1.910344827586207,-0.05833333333333335,-0.9551724137931035,1.7069015034799646,0.06595472993653563,True
1.0,0.0,1.1333333333333333,1.910344827586207,-0.06666666666666665,-0.9551724137931035,1.7114691211667754,0.06568924526444307,True
1.0,0.0,1.1500000000000001,1.910344827586207,-0.07500000000000007,-0.9551724137931035,1.7160266532709116,0.0654268639141773,True
1.0,0.0,1.1666666666666667,1.910344827586207,-0.08333333333333337,-0.9551724137931035,1.7205741413668865,0.06516752704737405,True
1.0,0.0,1.1833333333333333,1.910344827586207,-0.09166666666666667,-0.9551724137931035,1.7251116273433105,0.06491117735180309,True
1.0,0.0,1.2000000000000002,1.910344827586207,-0.10000000000000009,-0.9551724137931035,1.729639153374157,0.06465775899147135,True
1.0,0.0,1.2166666666666668,1.910344827586207,-0.10833333333333339,-0.9551724137931035,1.7341567618913765,0.06440721755868899,True
1.0,0.0,1.2333333333333334,1.910344827586207,-0.1166666666666667,-0.9551724137931035,1.738664495558839,0.06415950002800411,True
1.0,0.0,1.25,1.910344827586207,-0.125,-0.9551724137931035,1.7431623972475523,0.06391455471192221,True
1.0,0.0,1.2666666666666668,1.910344827586207,-0.13333333333333341,-0.9551724137931035,1.7476505100120288,0.06367233121833334,True
1.0,0.0,1.2833333333333334,1.910344827586207,-0.14166666666666672,-0.9551724137931035,1.7521288770678576,0.0634327804095634,True
1.0,0.0,1.3,1.910344827586207,-0.15000000000000002,-0.9551724137931035,1.7565975417703001,0.06319585436298594,True
1.0,0.0,1.3166666666666667,1.910344827586207,-0.15833333333333333,-0.9551724137931035,1.7610565475941107,0.06296150633311018,True
1.0,0.0,1.3333333333333335,1.910344827586207,-0.16666666666666674,-0.9551724137931035,1.7655059381138734,0.06272969071511685,True
1.0,0.0,1.35,1.910344827586207,-0.17500000000000004,-0.9551724137931035,1.769945756986018,0.06250036300971365,True
1.0,0.0,1.3666666666666667,1.910344827586207,-0.18333333333333335,-0.9551724137931035,1.7743760479311164,0.062273479789325736,True
1.0,0.0,1.3833333333333333,1.910344827586207,-0.19166666666666665,-0.9551724137931035,1.7787968547173174,0.06204899866551442,True
1.0,0.0,1.4000000000000001,1.910344827586207,-0.20000000000000007,-0.9551724137931035,1.7832082211445708,0.06182687825759021,True
1.0,0.0,1.4166666666666667,1.910344827586207,-0.20833333333333337,-0.9551724137931035,1.7876101910296445,0.06160707816236496,True
1.0,0.0,1.4333333333333333,1.910344827586207,-0.21666666666666667,-0.9551724137931035,1.7920028081918669,0.061389558924997624,True
1.0,0.0,1.45,1.910344827586207,-0.22499999999999998,-0.9551724137931035,1.7963861164396002,0.06117428201088596,True
1.0,0.0,0.1,1.939080459770115,0.45,-0.9695402298850575,1.4145080457351444,0.09122115834158176,True
1.0,0.0,0.11666666666666667,1.939080459770115,0.44166666666666665,-0.9695402298850575,1.4197530290544789,0.09054187695916464,True
1.0,0.0,0.13333333333333333,1.939080459770115,0.43333333333333335,-0.9695402298850575,1.424988726008688,0.08987674225281604,True
1.0,0.0,0.15000000000000002,1.939080459770115,0.425,-0.9695402298850575,1.4302149672320734,0.08922528714377628,True
1.0,0.0,0.16666666666666669,1.939080459770115,0.41666666666666663,-0.9695402298850575,1.435431594666521,0.08858706537055937,True
1.0,0.0,0.18333333333333335,1.939080459770115,0.4083333333333333,-0.9695402298850575,1.440638461006115,0.08796165032744054,True
1.0,0.0,0.2,1.939080459770115,0.4,-0.9695402298850575,1.4458354291680735,0.08734863398062573,True
1.0,0.0,0.21666666666666667,1.939080459770115,0.39166666666666666,-0.9695402298850575,1.4510223717888555,0.08674762585604763,True
1.0,0.0,0.23333333333333334,1.939080459770115,0.3833333333333333,-0.9695402298850575,1.4561991707442514,0.08615825209327811,True
1.0,0.0,0.25,1.939080459770115,0.375,-0.9695402298850575,1.461365716692416,0.08558015456052384,True
1.0,0.0,0.26666666666666666,1.939080459770115,0.3666666666666667,-0.9695402298850575,1.466521908638729,0.08501299002611526,True
1.0,0.0,0.2833333333333333,1.939080459770115,0.35833333333333334,-0.9695402298850575,1.4716676535215247,0.08445642938228612,True
1.0,0.0,0.30000000000000004,1.939080459770115,0.35,-0.9695402298850575,1.4768028658176329,0.08391015691740852,True
1.0,0.0,0.31666666666666665,1.939080459770115,0.3416666666666667,-0.9695402298850575,1.4819274671668954,0.08337386963315263,True
1.0,0.0,0.33333333333333337,1.939080459770115,0.3333333333333333,-0.9695402298850575,1.4870413860147969,0.08284727660333807,True
1.0,0.0,0.35,1.939080459770115,0.325,-0.9695402298850575,1.492144557272092,0.08233009837154093,True
1.0,0.0,0.3666666666666667,1.939080459770115,0.31666666666666665,-0.9695402298850575,1.4972369219908372,0.0818220663847076,True
1.0,0.0,0.3833333333333333,1.939080459770115,0.30833333333333335,-0.9695402298850575,1.5023184270563104,0.08132292246024464,True
1.0,0.0,0.4,1.939080459770115,0.3,-0.9695402298850575,1.507389024893268,0.08083241828435768,True
1.0,0.0,0.41666666666666663,1.939080459770115,0.2916666666666667,-0.9695402298850575,1.5124486731866955,0.0803503149394266,True
1.0,0.0,0.43333333333333335,1.939080459770115,0.2833333333333333,-0.9695402298850575,1.5174973346158567,0.07987638245850864,True
1.0,0.0,0.44999999999999996,1.939080459770115,0.275,-0.9695402298850575,1.5225349766011778,0.0794103994051409,True
1.0,0.0,0.4666666666666667,1.939080459770115,0.26666666666666666,-0.9695402298850575,1.5275615710632735,0.07895215247677607,True
1.0,0.0,0.4833333333333333,1.939080459770115,0.25833333333333336,-0.9695402298850575,1.5325770941935417,0.07850143613030583,True
1.0,0.0,0.5,1.939080459770115,0.25,-0.9695402298850575,1.5375815262359436,0.07805805222822286,True
1.0,0.0,0.5166666666666667,1.939080459770115,0.24166666666666664,-0.9695402298850575,1.5425748512790092,0.07762180970413578,True
1.0,0.0,0.5333333333333333,1.939080459770115,0.23333333333333334,-0.9695402298850575,1.5475570570580373,0.07719252424636557,True
1.0,0.0,0.55,1.939080459770115,0.22499999999999998,-0.9695402298850575,1.5525281347667177,0.07677001799850967,True
1.0,0.0,0.5666666666666667,1.939080459770115,0.21666666666666667,-0.9695402298850575,1.5574880788777745,0.07635411927591074,True
1.0,0.0,0.5833333333333334,1.939080459770115,0.20833333333333331,-0.9695402298850575,1.5624368869722673,0.07594466229704105,True
1.0,0.0,0.6,1.939080459770115,0.2,-0.9695402298850575,1.5673745595769875,0.0755414869289021,True
1.0,0.0,0.6166666666666666,1.939080459770115,0.1916666666666667,-0.9695402298850575,1.57230110000972,0.07514443844557492,True
1.0,0.0,0.6333333333333333,1.939080459770115,0.18333333333333335,-0.9695402298850575,1.5772165142318724,0.0747533672991406,True
1.0,0.0,0.65,1.939080459770115,0.175,-0.9695402298850575,1.5821208107081388,0.07436812890223204,True
1.0,0.0,0.6666666666666666,1.939080459770115,0.16666666666666669,-0.9695402298850575,1.5870140002729216,0.07398858342152527,True
1.0,0.0,0.6833333333333333,1.939080459770115,0.15833333333333333,-0.9695402298850575,1.5918960960030624,0.07361459558153874,True
1.0,0.0,0.7,1.939080459770115,0.15000000000000002,-0.9695402298850575,1.5967671130967254,0.07324603447813169,True
1.0,0.0,0.7166666666666667,1.939080459770115,0.14166666666666666,-0.9695402298850575,1.6016270687579908,0.07288277340115494,True
1.0,0.0,0.7333333333333333,1.939080459770115,0.13333333333333336,-0.9695402298850575,1.6064759820869983,0.07252468966572165,True
1.0,0.0,0.75,1.939080459770115,0.125,-0.9695402298850575,1.611313873975305,0.072171664451618,True
1.0,0.0,0.7666666666666666,1.939080459770115,0.1166666666666667,-0.9695402298850575,1.616140767006216,0.07182358265039394,True
1.0,0.0,0.7833333333333333,1.939080459770115,0.10833333333333334,-0.9695402298850575,1.6209566853598971,0.07148033271970575,True
1.0,0.0,0.7999999999999999,1.939080459770115,0.10000000000000003,-0.9695402298850575,1.6257616547229583,0.07114180654451327,True
1.0,0.0,0.8166666666666667,1.939080459770115,0.09166666666666667,-0.9695402298850575,1.6305557022023716,0.07080789930475466,True
1.0,0.0,0.8333333333333333,1.939080459770115,0.08333333333333337,-0.9695402298850575,1.6353388562434608,0.07047850934914758,True
1.0,0.0,0.85,1.939080459770115,0.07500000000000001,-0.9695402298850575,1.6401111465518092,0.07015353807478548,True
1.0,0.0,0.8666666666666666,1.939080459770115,0.06666666666666671,-0.9695402298850575,1.644872604018853,0.06983288981222352,True
1.0,0.0,0.8833333333333333,1.939080459770115,0.05833333333333335,-0.9695402298850575,1.6496232606510437,0.06951647171575655,True
1.0,0.0,0.9,1.939080459770115,0.04999999999999999,-0.9695402298850575,1.6543631495023383,0.06920419365862285,True
1.0,0.0,0.9166666666666666,1.939080459770115,0.041666666666666685,-0.9695402298850575,1.659092304609934,0.06889596813287173,True
1.0,0.0,0.9333333333333333,1.939080459770115,0.033333333333333326,-0.9695402298850575,1.6638107609330284,0.06859171015365569,True
1.0,0.0,0.95,1.939080459770115,0.025000000000000022,-0.9695402298850575,1.6685185542945031,0.0682913371677189,True
1.0,0.0,0.9666666666666667,1.939080459770115,0.016666666666666663,-0.9695402298850575,1.673215721325388,0.06799476896586777,True
1.0,0.0,0.9833333333333333,1.939080459770115,0.00833333333333336,-0.9695402298850575,1.677902299411937,0.06770192759922392,True
1.0,0.0,1.0,1.939080459770115,0.0,-0.9695402298850575,1.6825783266452556,0.06741273729906545,True
1.0,0.0,1.0166666666666666,1.939080459770115,-0.008333333333333304,-0.9695402298850575,1.6872438417733102,0.06712712440008184,True
1.0,0.0,1.0333333333333334,1.939080459770115,-0.01666666666666672,-0.9695402298850575,1.6918988841552174,0.06684501726687073,True
1.0,0.0,1.05,1.939080459770115,-0.025000000000000022,-0.9695402298850575,1.6965434937177248,0.06656634622351773,True
1.0,0.0,1.0666666666666667,1.939080459770115,-0.033333333333333326,-0.9695402298850575,1.7011777109137638,0.06629104348610929,True
1.0,0.0,1.0833333333333333,1.939080459770115,-0.04166666666666663,-0.9695402298850575,1.7058015766829668,0.06601904309803666,True
1.0,0.0,1.1,1.939080459770115,-0.050000000000000044,-0.9695402298850575,1.7104151324141033,0.06575028086795445,True
1.0,0.0,1.1166666666666667,1.939080459770115,-0.05833333333333335,-0.9695402298850575,1.7150184199093004,0.06548469431026939,True
1.0,0.0,1.1333333333333333,1.939080459770115,-0.06666666666666665,-0.9695402298850575,1.7196114813499406,0.06522222258804027,True
1.0,0.0,1.1500000000000001,1.939080459770115,-0.07500000000000007,-0.9695402298850575,1.7241943592642734,0.06496280645816971,True
1.0,0.0,1.1666666666666667,1.939080459770115,-0.08333333333333337,-0.9695402298850575,1.7287670964965218,0.0647063882187875,True
1.0,0.0,1.1833333333333333,1.939080459770115,-0.09166666666666667,-0.9695402298850575,1.7333297361774964,0.06445291165871933,True
1.0,0.0,1.2000000000000002,1.939080459770115,-0.10000000000000009,-0.9695402298850575,1.7378823216966335,0.06420232200894613,True
1.0,0.0,1.2166666666666668,1.939080459770115,-0.10833333333333339,-0.9695402298850575,1.7424248966754057,0.06395456589596023,True
1.0,0.0,1.2333333333333334,1.939080459770115,-0.1166666666666667,-0.9695402298850575,1.7469575049419557,0.06370959129693886,True
1.0,0.0,1.25,1.939080459770115,-0.125,-0.9695402298850575,1.7514801905070423,0.0634673474966429,True
1.0,0.0,1.2666666666666668,1.939080459770115,-0.13333333333333341,-0.9695402298850575,1.7559929975411022,0.06322778504597217,True
1.0,0.0,1.2833333333333334,1.939080459770115,-0.14166666666666672,-0.9695402298850575,1.7604959703525753,0.06299085572209108,True
1.0,0.0,1.3,1.939080459770115,-0.15000000000000002,-0.9695402298850575,1.7649891533668665,0.06275651249008751,True
1.0,0.0,1.3166666666666667,1.939080459770115,-0.15833333333333333,-0.9695402298850575,1.7694725911070488,0.06252470946603388,True
1.0,0.0,1.3333333333333335,1.939080459770115,-0.16666666666666674,-0.9695402298850575,1.773946328174858,0.062295401881465665,True
1.0,0.0,1.35,1.939080459770115,-0.17500000000000004,-0.9695402298850575,1.7784104092330055,0.06206854604915672,True
1.0,0.0,1.3666666666666667,1.939080459770115,-0.18333333333333335,-0.9695402298850575,1.7828648789882036,0.061844099330166866,True
1.0,0.0,1.3833333333333333,1.939080459770115,-0.19166666666666665,-0.9695402298850575,1.7873097821751622,0.06162202010209066,True
1.0,0.0,1.4000000000000001,1.939080459770115,-0.20000000000000007,-0.9695402298850575,1.7917451635412929,0.06140226772846733,True
1.0,0.0,1.4166666666666667,1.939080459770115,-0.20833333333333337,-0.9695402298850575,1.7961710678322325,0.06118480252929584,True
1.0,0.0,1.4333333333333333,1.939080459770115,-0.21666666666666667,-0.9695402298850575,1.8005875397780984,0.06096958575261063,True
1.0,0.0,1.45,1.939080459770115,-0.22499999999999998,-0.9695402298850575,1.8049946240804289,0.06075657954707431,True
1.0,0.0,0.1,1.967816091954023,0.45,-0.9839080459770115,1.4207853106265147,0.09040972757039271,True
1.0,0.0,0.11666666666666667,1.967816091954023,0.44166666666666665,-0.9839080459770115,1.4260657706564095,0.08974148130584957,True
1.0,0.0,0.13333333333333333,1.967816091954023,0.43333333333333335,-0.9839080459770115,1.4313366593826309,0.08908705360442502,True
1.0,0.0,0.15000000000000002,1.967816091954023,0.425,-0.9839080459770115,1.4365978139755013,0.08844599144980649,True
1.0,0.0,0.16666666666666669,1.967816091954023,0.41666666666666663,-0.9839080459770115,1.4418490827092751,0.08781786186923683,True
1.0,0.0,0.18333333333333335,1.967816091954023,0.4083333333333333,-0.9839080459770115,1.4470903244134805,0.08720225082362158,True
1.0,0.0,0.2,1.967816091954023,0.4,-0.9839080459770115,1.45232140795043,0.08659876217128343,True
1.0,0.0,0.21666666666666667,1.967816091954023,0.39166666666666666,-0.9839080459770115,1.4575422117177108,0.08600701669967255,True
1.0,0.0,0.23333333333333334,1.967816091954023,0.3833333333333333,-0.9839080459770115,1.4627526231745096,0.08542665121984257,True
1.0,0.0,0.25,1.967816091954023,0.375,-0.9839080459770115,1.4679525383906415,0.0848573177189592,True
1.0,0.0,0.26666666666666666,1.967816091954023,0.3666666666666667,-0.9839080459770115,1.473141861617395,0.0842986825664906,True
1.0,0.0,0.2833333333333333,1.967816091954023,0.35833333333333334,-0.9839080459770115,1.4783205048787007,0.08375042577017387,True
1.0,0.0,0.30000000000000004,1.967816091954023,0.35,-0.9839080459770115,1.4834883875824232,0.08321224027804275,True
1.0,0.0,0.31666666666666665,1.967816091954023,0.3416666666666667,-0.9839080459770115,1.4886454361501296,0.08268383132326987,True
1.0,0.0,0.33333333333333337,1.967816091954023,0.3333333333333333,-0.9839080459770115,1.4937915836647542,0.08216491580873667,True
1.0,0.0,0.35,1.967816091954023,0.325,-0.9839080459770115,1.4989267695353423,0.0816552217285229,True
1.0,0.0,0.3666666666666667,1.967816091954023,0.31666666666666665,-0.9839080459770115,1.5040509391779455,0.08115448762375012,True
1.0,0.0,0.3833333333333333,1.967816091954023,0.30833333333333335,-0.9839080459770115,1.5091640437119653,0.08066246207039701,True
1.0,0.0,0.4,1.967816091954023,0.3,-0.9839080459770115,1.514266039671135,0.08017890319690806,True
1.0,0.0,0.41666666666666663,1.967816091954023,0.2916666666666667,-0.9839080459770115,1.519356888728498,0.07970357822957266,True
1.0,0.0,0.43333333333333335,1.967816091954023,0.2833333333333333,-0.9839080459770115,1.5244365574346586,0.07923626306381881,True
1.0,0.0,0.44999999999999996,1.967816091954023,0.275,-0.9839080459770115,1.529505016968709,0.07877674185969911,True
1.0,0.0,0.4666666666666667,1.967816091954023,0.26666666666666666,-0.9839080459770115,1.5345622429010448,0.07832480665999599,True
1.0,0.0,0.4833333333333333,1.967816091954023,0.25833333333333336,-0.9839080459770115,1.5396082149680101,0.0778802570294288,True
1.0,0.0,0.5,1.967816091954023,0.25,-0.9839080459770115,1.5446429168568823,0.07744289971368783,True
1.0,0.0,0.5166666666666667,1.967816091954023,0.24166666666666664,-0.9839080459770115,1.5496663360016611,0.07701254831694138,True
1.0,0.0,0.5333333333333333,1.967816091954023,0.23333333333333334,-0.9839080459770115,1.5546784633885138,0.07658902299670893,True
1.0,0.0,0.55,1.967816091954023,0.22499999999999998,-0.9839080459770115,1.5596792933706445,0.07617215017498881,True
1.0,0.0,0.5666666666666667,1.967816091954023,0.21666666666666667,-0.9839080459770115,1.5646688234920716,0.07576176226464051,True
1.0,0.0,0.5833333333333334,1.967816091954023,0.20833333333333331,-0.9839080459770115,1.5696470543198875,0.07535769741008329,True
1.0,0.0,0.6,1.967816091954023,0.2,-0.9839080459770115,1.5746139892846027,0.0749597992414386,True
1.0,0.0,0.6166666666666666,1.967816091954023,0.1916666666666667,-0.9839080459770115,1.5795696345281474,0.07456791664130816,True
1.0,0.0,0.6333333333333333,1.967816091954023,0.18333333333333335,-0.9839080459770115,1.5845139987591892,0.07418190352343121,True
1.0,0.0,0.65,1.967816091954023,0.175,-0.9839080459770115,1.5894470931153948,0.07380161862251676,True
1.0,0.0,0.6666666666666666,1.967816091954023,0.16666666666666669,-0.9839080459770115,1.5943689310323135,0.07342692529459527,True
1.0,0.0,0.6833333333333333,1.967816091954023,0.15833333333333333,-0.9839080459770115,1.599279528118535,0.07305769132727762,True
1.0,0.0,0.7,1.967816091954023,0.15000000000000002,-0.9839080459770115,1.6041789020368347,0.07269378875935073,True
1.0,0.0,0.7166666666666667,1.967816091954023,0.14166666666666666,-0.9839080459770115,1.6090670723910283,0.0723350937091716,True
1.0,0.0,0.7333333333333333,1.967816091954023,0.13333333333333336,-0.9839080459770115,1.61394406061822,0.07198148621136681,True
1.0,0.0,0.75,1.967816091954023,0.125,-0.9839080459770115,1.6188098898862373,0.07163285006136366,True
1.0,0.0,0.7666666666666666,1.967816091954023,0.1166666666666667,-0.9839080459770115,1.6236645849959443,0.07128907266732078,True
1.0,0.0,0.7833333333333333,1.967816091954023,0.10833333333333334,-0.9839080459770115,1.6285081722882475,0.07095004490904704,True
1.0,0.0,0.7999999999999999,1.967816091954023,0.10000000000000003,-0.9839080459770115,1.6333406795555403,0.07061566100352393,True
1.0,0.0,0.8166666666666667,1.967816091954023,0.09166666666666667,-0.9839080459770115,1.638162135957375,0.07028581837667475,True
1.0,0.0,0.8333333333333333,1.967816091954023,0.08333333333333337,-0.9839080459770115,1.642972571940167,0.06996041754104046,True
1.0,0.0,0.85,1.967816091954023,0.07500000000000001,-0.9839080459770115,1.6477720191607435,0.06963936197904652,True
1.0,0.0,0.8666666666666666,1.967816091954023,0.06666666666666671,-0.9839080459770115,1.6525605104135246,0.06932255803156524,True
1.0,0.0,0.8833333333333333,1.967816091954023,0.05833333333333335,-0.9839080459770115,1.657338079561203,0.06900991479149095,True
1.0,0.0,0.9,1.967816091954023,0.04999999999999999,-0.9839080459770115,1.6621047614687194,0.06870134400206884,True
1.0,0.0,0.9166666666666666,1.967816091954023,0.041666666666666685,-0.9839080459770115,1.6668605919404011,0.06839675995972809,True
1.0,0.0,0.9333333333333333,1.967816091954023,0.033333333333333326,-0.9839080459770115,1.671605607660091,0.06809607942118992,True
1.0,0.0,0.95,1.967816091954023,0.025000000000000022,-0.9839080459770115,1.6763398461341599,0.06779922151462733,True
1.0,0.0,0.9666666666666667,1.967816091954023,0.016666666666666663,-0.9839080459770115,1.6810633456372126,0.06750610765467673,True
1.0,0.0,0.9833333333333333,1.967816091954023,0.00833333333333336,-0.9839080459770115,1.6857761451604305,0.06721666146110107,True
1.0,0.0,1.0,1.967816091954023,0.0,-0.9839080459770115,1.6904782843623376,0.0669308086809279,True
1.0,0.0,1.0166666666666666,1.967816091954023,-0.008333333333333304,-0.9839080459770115,1.6951698035219651,0.06664847711388466,True
1.0,0.0,1.0333333333333334,1.967816091954023,-0.01666666666666672,-0.9839080459770115,1.6998507434942491,0.06636959654097095,True
1.0,0.0,1.05,1.967816091954023,-0.025000000000000022,-0.9839080459770115,1.704521145667553,0.06609409865601538,True
1.0,0.0,1.0666666666666667,1.967816091954023,-0.033333333333333326,-0.9839080459770115,1.709181051923248,0.06582191700006888,True
1.0,0.0,1.0833333333333333,1.967816091954023,-0.04166666666666663,-0.9839080459770115,1.7138305045972217,0.06555298689850096,True
1.0,0.0,1.1,1.967816091954023,-0.050000000000000044,-0.9839080459770115,1.7184695464432724,0.06528724540066548,True
1.0,0.0,1.1166666666666667,1.967816091954023,-0.05833333333333335,-0.9839080459770115,1.7230982205982086,0.06502463122201849,True
1.0,0.0,1.1333333333333333,1.967816091954023,-0.06666666666666665,-0.9839080459770115,1.7277165705486937,0.06476508468856833,True
1.0,0.0,1.1500000000000001,1.967816091954023,-0.07500000000000007,-0.9839080459770115,1.732324640099658,0.06450854768354987,True
1.0,0.0,1.1666666666666667,1.967816091954023,-0.08333333333333337,-0.9839080459770115,1.7369224733442714,0.06425496359621907,True
1.0,0.0,1.1833333333333333,1.967816091954023,-0.09166666666666667,-0.9839080459770115,1.7415101146353318,0.06400427727267147,True
1.0,0.0,1.2000000000000002,1.967816091954023,-0.10000000000000009,-0.9839080459770115,1.7460876085580825,0.06375643496858822,True
1.0,0.0,1.2166666666666668,1.967816091954023,-0.10833333333333339,-0.9839080459770115,1.7506549999043577,0.06351138430382398,True
1.0,0.0,1.2333333333333334,1.967816091954023,-0.1166666666666667,-0.9839080459770115,1.7552123336479477,0.06326907421875386,True
1.0,0.0,1.25,1.967816091954023,-0.125,-0.9839080459770115,1.7597596549213177,0.06302945493229194,True
1.0,0.0,1.2666666666666668,1.967816091954023,-0.13333333333333341,-0.9839080459770115,1.7642970089930854,0.06279247790153371,True
1.0,0.0,1.2833333333333334,1.967816091954023,-0.14166666666666672,-0.9839080459770115,1.7688244412472478,0.06255809578289638,True
1.0,0.0,1.3,1.967816091954023,-0.15000000000000002,-0.9839080459770115,1.7733419971628361,0.06232626239475555,True
1.0,0.0,1.3166666666666667,1.967816091954023,-0.15833333333333333,-0.9839080459770115,1.7778497222948917,0.062096932681466294,True
1.0,0.0,1.3333333333333335,1.967816091954023,-0.16666666666666674,-0.9839080459770115,1.7823476622563241,0.06187006267872522,True
1.0,0.0,1.35,1.967816091954023,-0.17500000000000004,-0.9839080459770115,1.7868358627006742,0.06164560948021571,True
1.0,0.0,1.3666666666666667,1.967816091954023,-0.18333333333333335,-0.9839080459770115,1.7913143693057598,0.06142353120547651,True
1.0,0.0,1.3833333333333333,1.967816091954023,-0.19166666666666665,-0.9839080459770115,1.7957832277581278,0.061203786968945746,True
1.0,0.0,1.4000000000000001,1.967816091954023,-0.20000000000000007,-0.9839080459770115,1.800242483738327,0.06098633685012612,True
1.0,0.0,1.4166666666666667,1.967816091954023,-0.20833333333333337,-0.9839080459770115,1.804692182906903,0.06077114186482872,True
1.0,0.0,1.4333333333333333,1.967816091954023,-0.21666666666666667,-0.9839080459770115,1.8091323708911395,0.06055816393744433,True
1.0,0.0,1.45,1.967816091954023,-0.22499999999999998,-0.9839080459770115,1.8135630932724909,0.060347365874204535,True
1.0,0.0,0.1,1.9965517241379311,0.45,-0.9982758620689656,1.4270385553233713,0.08961976593737245,True
1.0,0.0,0.11666666666666667,1.9965517241379311,0.44166666666666665,-0.9982758620689656,1.4323541976351692,0.08896213324664033,True
1.0,0.0,0.13333333333333333,1.9965517241379311,0.43333333333333335,-0.9982758620689656,1.4376599883921044,0.08831800641045169,True
1.0,0.0,0.15000000000000002,1.9965517241379311,0.425,-0.9982758620689656,1.442955771164839,0.08768694570236873,True
1.0,0.0,0.16666666666666669,1.9965517241379311,0.41666666666666663,-0.9982758620689656,1.448241400428634,0.08706853071426184,True
1.0,0.0,0.18333333333333335,1.9965517241379311,0.4083333333333333,-0.9982758620689656,1.4535167410213081,0.08646235929441214,True
1.0,0.0,0.2,1.9965517241379311,0.4,-0.9982758620689656,1.4587816676272207,0.08586804655553915,True
1.0,0.0,0.21666666666666667,1.9965517241379311,0.39166666666666666,-0.9982758620689656,1.464036064286016,0.08528522394739875,True
1.0,0.0,0.23333333333333334,1.9965517241379311,0.3833333333333333,-0.9982758620689656,1.4692798239250957,0.08471353838904647,True
1.0,0.0,0.25,1.9965517241379311,0.375,-0.9982758620689656,1.4745128479144471,0.08415265145632533,True
1.0,0.0,0.26666666666666666,1.9965517241379311,0.3666666666666667,-0.9982758620689656,1.4797350456434204,0.08360223862041952,True
1.0,0.0,0.2833333333333333,1.9965517241379311,0.35833333333333334,-0.9982758620689656,1.4849463341173592,0.08306198853384786,True
1.0,0.0,0.30000000000000004,1.9965517241379311,0.35,-0.9982758620689656,1.4901466375742851,0.08253160236034136,True
1.0,0.0,0.31666666666666665,1.9965517241379311,0.3416666666666667,-0.9982758620689656,1.4953358871198683,0.08201079314554659,True
1.0,0.0,0.33333333333333337,1.9965517241379311,0.3333333333333333,-0.9982758620689656,1.5005140203801774,0.08149928522562508,True
1.0,0.0,0.35,1.9965517241379311,0.325,-0.9982758620689656,1.505680981171368,0.08099681367109123,True
1.0,0.0,0.3666666666666667,1.9965517241379311,0.31666666666666665,-0.9982758620689656,1.5108367191851082,0.08050312376348348,True
1.0,0.0,0.3833333333333333,1.9965517241379311,0.30833333333333335,-0.9982758620689656,1.5159811896896498,0.0800179705025503,True
1.0,0.0,0.4,1.9965517241379311,0.3,-0.9982758620689656,1.5211143532451248,0.07954111814194234,True
1.0,0.0,0.41666666666666663,1.9965517241379311,0.2916666666666667,-0.9982758620689656,1.5262361754327878,0.07907233975145563,True
1.0,0.0,0.43333333333333335,1.9965517241379311,0.2833333333333333,-0.9982758620689656,1.5313466265972921,0.0786114168040802,True
1.0,0.0,0.44999999999999996,1.9965517241379311,0.275,-0.9982758620689656,1.536445681601739,0.07815813878618691,True
1.0,0.0,0.4666666666666667,1.9965517241379311,0.26666666666666666,-0.9982758620689656,1.5415333195941152,0.07771230282941008,True
1.0,0.0,0.4833333333333333,1.9965517241379311,0.25833333333333336,-0.9982758620689656,1.5466095237855935,0.07727371336273381,True
1.0,0.0,0.5,1.9965517241379311,0.25,-0.9982758620689656,1.5516742812392228,0.07684218178356772,True
1.0,0.0,0.5166666666666667,1.9965517241379311,0.24166666666666664,-0.9982758620689656,1.5567275826689884,0.0764175261465664,True
1.0,0.0,0.5333333333333333,1.9965517241379311,0.23333333333333334,-0.9982758620689656,1.5617694222485772,0.07599957086909191,True
1.0,0.0,0.55,1.9965517241379311,0.22499999999999998,-0.9982758620689656,1.566799797429411,0.07558814645228147,True
1.0,0.0,0.5666666666666667,1.9965517241379311,0.21666666666666667,-0.9982758620689656,1.57181870876745,0.07518308921676331,True
1.0,0.0,0.5833333333333334,1.9965517241379311,0.20833333333333331,-0.9982758620689656,1.576826159758404,0.07478424105211919,True
1.0,0.0,0.6,1.9965517241379311,0.2,-0.9982758620689656,1.5818221566808768,0.07439144917926858,True
1.0,0.0,0.6166666666666666,1.9965517241379311,0.1916666666666667,-0.9982758620689656,1.5868067084471176,0.07400456592499469,True
1.0,0.0,0.6333333333333333,1.9965517241379311,0.18333333333333335,-0.9982758620689656,1.5917798264609289,0.0736234485078963,True
1.0,0.0,0.65,1.9965517241379311,0.175,-0.9982758620689656,1.596741524482468,0.07324795883508577,True
1.0,0.0,0.6666666666666666,1.9965517241379311,0.16666666666666669,-0.9982758620689656,1.601691818499547,0.07287796330901172,True
1.0,0.0,0.6833333333333333,1.9965517241379311,0.15833333333333333,-0.9982758620689656,1.606630726605131,0.07251333264381622,True
1.0,0.0,0.7,1.9965517241379311,0.15000000000000002,-0.9982758620689656,1.6115582688807328,0.07215394169068218,True
1.0,0.0,0.7166666666666667,1.9965517241379311,0.14166666666666666,-0.9982758620689656,1.616474467285436,0.07179966927165593,True
1.0,0.0,0.7333333333333333,1.9965517241379311,0.13333333333333336,-0.9982758620689656,1.6213793455502483,0.07145039802146916,True
1.0,0.0,0.75,1.9965517241379311,0.125,-0.9982758620689656,1.626272929077513,0.07110601423691364,True
1.0,0.0,0.7666666666666666,1.9965517241379311,0.1166666666666667,-0.9982758620689656,1.6311552448451792,0.07076640773334608,True
1.0,0.0,0.7833333333333333,1.9965517241379311,0.10833333333333334,-0.9982758620689656,1.6360263213156685,0.070431471707932,True
1.0,0.0,0.7999999999999999,1.9965517241379311,0.10000000000000003,-0.9982758620689656,1.6408861883491144,0.07010110260926163,True
1.0,0.0,0.8166666666666667,1.9965517241379311,0.09166666666666667,-0.9982758620689656,1.6457348771207667,0.06977520001299169,True
1.0,0.0,0.8333333333333333,1.9965517241379311,0.08333333333333337,-0.9982758620689656,1.650572420042363,0.06945366650318925,True
1.0,0.0,0.85,1.9965517241379311,0.07500000000000001,-0.9982758620689656,1.6553988506872692,0.0691364075590738,True
1.0,0.0,0.8666666666666666,1.9965517241379311,0.06666666666666671,-0.9982758620689656,1.660214203719225,0.06882333144687162,True
1.0,0.0,0.8833333333333333,1.9965517241379311,0.05833333333333335,-0.9982758620689656,1.6650185148245065,0.06851434911651394,True
1.0,0.0,0.9,1.9965517241379311,0.04999999999999999,-0.9982758620689656,1.6698118206473371,0.06820937410292759,True
1.0,0.0,0.9166666666666666,1.9965517241379311,0.041666666666666685,-0.9982758620689656,1.674594158728407,0.06790832243167987,True
1.0,0.0,0.9333333333333333,1.9965517241379311,0.033333333333333326,-0.9982758620689656,1.6793655674463461,0.06761111252875379,True
1.0,0.0,0.95,1.9965517241379311,0.025000000000000022,-0.9982758620689656,1.6841260859620166,0.06731766513424405,True
1.0,0.0,0.9666666666666667,1.9965517241379311,0.016666666666666663,-0.9982758620689656,1.6888757541654507,0.06702790321977693,True
1.0,0.0,0.9833333333333333,1.9965517241379311,0.00833333333333336,-0.9982758620689656,1.6936146126254088,0.06674175190946212,True
1.0,0.0,1.0,1.9965517241379311,0.0,-0.9982758620689656,1.6983427025412814,0.06645913840420922,True
1.0,0.0,1.0166666666666666,1.9965517241379311,-0.008333333333333304,-0.9982758620689656,1.703060065697372,0.06617999190923328,True
1.0,0.0,1.0333333333333334,1.9965517241379311,-0.01666666666666672,-0.9982758620689656,1.7077667444193583,0.06590424356459962,True
1.0,0.0,1.05,1.9965517241379311,-0.025000000000000022,-0.9982758620689656,1.7124627815328677,0.06563182637865542,True
1.0,0.0,1.0666666666666667,1.9965517241379311,-0.033333333333333326,-0.9982758620689656,1.7171482203240438,0.065362675164212,True
1.0,0.0,1.0833333333333333,1.9965517241379311,-0.04166666666666663,-0.9982758620689656,1.7218231045020245,0.06509672647734323,True
1.0,0.0,1.1,1.9965517241379311,-0.050000000000000044,-0.9982758620689656,1.7264874781632389,0.06483391855867544,True
1.0,0.0,1.1166666666666667,1.9965517241379311,-0.05833333333333335,-0.9982758620689656,1.7311413857574476,0.06457419127705168,True
1.0,0.0,1.1333333333333333,1.9965517241379311,-0.06666666666666665,-0.9982758620689656,1.7357848720554307,0.0643174860754576,True
1.0,0.0,1.1500000000000001,1.9965517241379311,-0.07500000000000007,-0.9982758620689656,1.7404179821182302,0.06406374591910526,True
1.0,0.0,1.1666666666666667,1.9965517241379311,-0.08333333333333337,-0.9982758620689656,1.7450407612679415,0.06381291524557042,True
1.0,0.0,1.1833333333333333,1.9965517241379311,-0.09166666666666667,-0.9982758620689656,1.749653255059873,0.06356493991689556,True
1.0,0.0,1.2000000000000002,1.9965517241379311,-0.10000000000000009,-0.9982758620689656,1.754255509256122,0.06331976717356083,True
1.0,0.0,1.2166666666666668,1.9965517241379311,-0.10833333333333339,-0.9982758620689656,1.7588475698005028,0.06307734559023968,True
1.0,0.0,1.2333333333333334,1.9965517241379311,-0.1166666666666667,-0.9982758620689656,1.7634294827944217,0.06283762503327561,True
1.0,0.0,1.25,1.9965517241379311,-0.125,-0.9982758620689656,1.7680012944744823,0.06260055661975952,True
1.0,0.0,1.2666666666666668,1.9965517241379311,-0.13333333333333341,-0.9982758620689656,1.772563051190683,0.06236609267819145,True
1.0,0.0,1.2833333333333334,1.9965517241379311,-0.14166666666666672,-0.9982758620689656,1.7771147993859648,0.062134186710616525,True
1.0,0.0,1.3,1.9965517241379311,-0.15000000000000002,-0.9982758620689656,1.7816565855767197,0.061904793356185255,True
1.0,0.0,1.3166666666666667,1.9965517241379311,-0.15833333333333333,-0.9982758620689656,1.7861884563343147,0.06167786835607311,True
1.0,0.0,1.3333333333333335,1.9965517241379311,-0.16666666666666674,-0.9982758620689656,1.790710458267501,0.06145336851970273,True
1.0,0.0,1.35,1.9965517241379311,-0.17500000000000004,-0.9982758620689656,1.7952226380057372,0.0612312516922098,True
1.0,0.0,1.3666666666666667,1.9965517241379311,-0.18333333333333335,-0.9982758620689656,1.7997250421833824,0.061011476723099575,True
1.0,0.0,1.3833333333333333,1.9965517241379311,-0.19166666666666665,-0.9982758620689656,1.8042177174246579,0.060794003436045116,True
1.0,0.0,1.4000000000000001,1.9965517241379311,-0.20000000000000007,-0.9982758620689656,1.8087007103294233,0.060578792599776506,True
1.0,0.0,1.4166666666666667,1.9965517241379311,-0.20833333333333337,-0.9982758620689656,1.8131740674596601,0.06036580590001747,True
1.0,0.0,1.4333333333333333,1.9965517241379311,-0.21666666666666667,-0.9982758620689656,1.8176378353266962,0.060155005912421886,True
1.0,0.0,1.45,1.9965517241379311,-0.22499999999999998,-0.9982758620689656,1.8220920603790511,0.05994635607647432,True
1.0,0.0,0.1,2.025287356321839,0.45,-1.0126436781609196,1.4332679584608032,0.08885033814924823,True
1.0,0.0,0.11666666666666667,2.025287356321839,0.44166666666666665,-1.0126436781609196,1.4386184965110904,0.08820292134824996,True
1.0,0.0,0.13333333333333333,2.025287356321839,0.43333333333333335,-1.0126436781609196,1.4439589072707366,0.08756871207957992,True
1.0,0.0,0.15000000000000002,2.025287356321839,0.425,-1.0126436781609196,1.4492890405803334,0.08694728319175571,True
1.0,0.0,0.16666666666666669,2.025287356321839,0.41666666666666663,-1.0126436781609196,1.4546087569898976,0.08633822617081867,True
1.0,0.0,0.18333333333333335,2.025287356321839,0.4083333333333333,-1.0126436781609196,1.4599179272233502,0.08574115012313406,True
1.0,0.0,0.2,2.025287356321839,0.4,-1.0126436781609196,1.4652164316688314,0.08515568082468097,True
1.0,0.0,0.21666666666666667,2.025287356321839,0.39166666666666666,-1.0126436781609196,1.4705041598936495,0.08458145983177315,True
1.0,0.0,0.23333333333333334,2.025287356321839,0.3833333333333333,-1.0126436781609196,1.4757810101825821,0.08401814364860315,True
1.0,0.0,0.25,2.025287356321839,0.375,-1.0126436781609196,1.4810468890989898,0.0834654029473273,True
1.0,0.0,0.26666666666666666,2.025287356321839,0.3666666666666667,-1.0126436781609196,1.4863017110664527,0.08292292183695449,True
1.0,0.0,0.2833333333333333,2.025287356321839,0.35833333333333334,-1.0126436781609196,1.4915453979715942,0.08239039717732055,True
1.0,0.0,0.30000000000000004,2.025287356321839,0.35,-1.0126436781609196,1.496777878785657,0.08186753793505451,True
1.0,0.0,0.31666666666666665,2.025287356321839,0.3416666666666667,-1.0126436781609196,1.5019990892047042,0.08135406457846926,True
1.0,0.0,0.33333333333333337,2.025287356321839,0.3333333333333333,-1.0126436781609196,1.5072089713073147,0.08084970850866433,True
1.0,0.0,0.35,2.025287356321839,0.325,-1.0126436781609196,1.5124074732289585,0.08035421152431454,True
1.0,0.0,0.3666666666666667,2.025287356321839,0.31666666666666665,-1.0126436781609196,1.5175945488522213,0.0798673253178283,True
1.0,0.0,0.3833333333333333,2.025287356321839,0.30833333333333335,-1.0126436781609196,1.5227701575121515,0.07938881100073196,True
1.0,0.0,0.4,2.025287356321839,0.3,-1.0126436781609196,1.5279342637159605,0.07891843865631112,True
1.0,0.0,0.41666666666666663,2.025287356321839,0.2916666666666667,-1.0126436781609196,1.5330868368763109,0.07845598691769583,True
1.0,0.0,0.43333333333333335,2.025287356321839,0.2833333333333333,-1.0126436781609196,1.5382278510578336,0.07800124256967705,True
1.0,0.0,0.44999999999999996,2.025287356321839,0.275,-1.0126436781609196,1.5433572847356554,0.07755400017275545,True
1.0,0.0,0.4666666666666667,2.025287356321839,0.26666666666666666,-1.0126436781609196,1.5484751205659524,0.07711406170792355,True
1.0,0.0,0.4833333333333333,2.025287356321839,0.25833333333333336,-1.0126436781609196,1.553581345167557,0.0766812362408871,True
1.0,0.0,0.5,2.025287356321839,0.25,-1.0126436781609196,1.5586759489142343,0.07625533960447328,True
1.0,0.0,0.5166666666666667,2.025287356321839,0.24166666666666664,-1.0126436781609196,1.5637589257370386,0.07583619409808759,True
1.0,0.0,0.5333333333333333,2.025287356321839,0.23333333333333334,-1.0126436781609196,1.5688302729362826,0.07542362820315213,True
1.0,0.0,0.55,2.025287356321839,0.22499999999999998,-1.0126436781609196,1.5738899910026616,0.07501747631353596,True
1.0,0.0,0.5666666666666667,2.025287356321839,0.21666666666666667,-1.0126436781609196,1.578938083447041,0.07461757848006358,True
1.0,0.0,0.5833333333333334,2.025287356321839,0.20833333333333331,-1.0126436781609196,1.5839745566385206,0.07422378016824255,True
1.0,0.0,0.6,2.025287356321839,0.2,-1.0126436781609196,1.5889994196503519,0.07383593202841784,True
1.0,0.0,0.6166666666666666,2.025287356321839,0.1916666666666667,-1.0126436781609196,1.5940126841133277,0.07345388967760981,True
1.0,0.0,0.6333333333333333,2.025287356321839,0.18333333333333335,-1.0126436781609196,1.5990143640762629,0.0730775134923482,True
1.0,0.0,0.65,2.025287356321839,0.175,-1.0126436781609196,1.6040044758732592,0.07270666841185432,True
1.0,0.0,0.6666666666666666,2.025287356321839,0.16666666666666669,-1.0126436781609196,1.6089830379973717,0.07234122375097296,True
1.0,0.0,0.6833333333333333,2.025287356321839,0.15833333333333333,-1.0126436781609196,1.613950070980384,0.0719810530222934,True
1.0,0.0,0.7,2.025287356321839,0.15000000000000002,-1.0126436781609196,1.6189055972784272,0.07162603376693022,True
1.0,0.0,0.7166666666666667,2.025287356321839,0.14166666666666666,-1.0126436781609196,1.6238496411631,0.07127604739347915,True
1.0,0.0,0.7333333333333333,2.025287356321839,0.13333333333333336,-1.0126436781609196,1.6287822286178533,0.07093097902468665,True
1.0,0.0,0.75,2.025287356321839,0.125,-1.0126436781609196,1.63370338723938,0.07059071735140224,True
1.0,0.0,0.7666666666666666,2.025287356321839,0.1166666666666667,-1.0126436781609196,1.6386131461437914,0.07025515449341267,True
1.0,0.0,0.7833333333333333,2.025287356321839,0.10833333333333334,-1.0126436781609196,1.6435115358772716,0.06992418586678259,True
1.0,0.0,0.7999999999999999,2.025287356321839,0.10000000000000003,-1.0126436781609196,1.6483985883310963,0.0695977100573446,True
1.0,0.0,0.8166666666666667,2.025287356321839,0.09166666666666667,-1.0126436781609196,1.653274336660705,0.0692756287000106,True
1.0,0.0,0.8333333333333333,2.025287356321839,0.08333333333333337,-1.0126436781609196,1.6581388152087366,0.068957846363589,True
1.0,0.0,0.85,2.025287356321839,0.07500000000000001,-1.0126436781609196,1.662992059431695,0.06864427044082241,True
1.0,0.0,0.8666666666666666,2.025287356321839,0.06666666666666671,-1.0126436781609196,1.6678341058302364,0.0683348110433618,True
1.0,0.0,0.8833333333333333,2.025287356321839,0.05833333333333335,-1.0126436781609196,1.6726649918827743,0.06802938090142689,True
1.0,0.0,0.9,2.025287356321839,0.04999999999999999,-1.0126436781609196,1.6774847559822976,0.06772789526790612,True
1.0,0.0,0.9166666666666666,2.025287356321839,0.041666666666666685,-1.0126436781609196,1.682293437376246,0.06743027182666804,True
1.0,0.0,0.9333333333333333,2.025287356321839,0.033333333333333326,-1.0126436781609196,1.687091076109275,0.06713643060487054,True
1.0,0.0,0.95,2.025287356321839,0.025000000000000022,-1.0126436781609196,1.6918777129688167,0.06684629388906227,True
1.0,0.0,0.9666666666666667,2.025287356321839,0.016666666666666663,-1.0126436781609196,1.6966533894332319,0.0665597861448894,True
1.0,0.0,0.9833333333333333,2.025287356321839,0.00833333333333336,-1.0126436781609196,1.7014181476225116,0.06627683394022389,True
1.0,0.0,1.0,2.025287356321839,0.0,-1.0126436781609196,1.7061720302513335,0.06599736587154603,True
1.0,0.0,1.0166666666666666,2.025287356321839,-0.008333333333333304,-1.0126436781609196,1.71091508058443,0.06572131249341956,True
1.0,0.0,1.0333333333333334,2.025287356321839,-0.01666666666666672,-1.0126436781609196,1.715647342394076,0.06544860625091019,True
1.0,0.0,1.05,2.025287356321839,-0.025000000000000022,-1.0126436781609196,1.7203688599196902,0.06517918141480146,True
1.0,0.0,1.0666666666666667,2.025287356321839,-0.033333333333333326,-1.0126436781609196,1.7250796778293802,0.06491297401947632,True
1.0,0.0,1.0833333333333333,2.025287356321839,-0.04166666666666663,-1.0126436781609196,1.7297798411833396,0.06464992180333617,True
1.0,0.0,1.1,2.025287356321839,-0.050000000000000044,-1.0126436781609196,1.7344693953991037,0.06438996415163303,True
1.0,0.0,1.1166666666666667,2.025287356321839,-0.05833333333333335,-1.0126436781609196,1.7391483862184018,0.06413304204160958,True
1.0,0.0,1.1333333333333333,2.025287356321839,-0.06666666666666665,-1.0126436781609196,1.74381685967574,0.06387909798982695,True
1.0,0.0,1.1500000000000001,2.025287356321839,-0.07500000000000007,-1.0126436781609196,1.7484748620684376,0.06362807600159129,True
1.0,0.0,1.1666666666666667,2.025287356321839,-0.08333333333333337,-1.0126436781609196,1.7531224399282173,0.06337992152237001,True
1.0,0.0,1.1833333333333333,2.025287356321839,-0.09166666666666667,-1.0126436781609196,1.7577596399940978,0.06313458139111837,True
1.0,0.0,1.2000000000000002,2.025287356321839,-0.10000000000000009,-1.0126436781609196,1.762386509186882,0.06289200379540932,True
1.0,0.0,1.2166666666666668,2.025287356321839,-0.10833333333333339,-1.0126436781609196,1.76700309458433,0.06265213822832916,True
1.0,0.0,1.2333333333333334,2.025287356321839,-0.1166666666666667,-1.0126436781609196,1.7716094433984009,0.06241493544698481,True
1.0,0.0,1.25,2.025287356321839,-0.125,-1.0126436781609196,1.7762056029529352,0.06218034743263204,True
1.0,0.0,1.2666666666666668,2.025287356321839,-0.13333333333333341,-1.0126436781609196,1.7807916206627872,0.06194832735229747,True
1.0,0.0,1.2833333333333334,2.025287356321839,-0.14166666666666672,-1.0126436781609196,1.785367544013907,0.06171882952185175,True
1.0,0.0,1.3,2.025287356321839,-0.15000000000000002,-1.0126436781609196,1.7899334205444961,0.06149180937046108,True
1.0,0.0,1.3166666666666667,2.025287356321839,-0.15833333333333333,-1.0126436781609196,1.7944892978270706,0.06126722340636393,True
1.0,0.0,1.3333333333333335,2.025287356321839,-0.16666666666666674,-1.0126436781609196,1.7990352234514337,0.061045029183911546,True
1.0,0.0,1.35,2.025287356321839,-0.17500000000000004,-1.0126436781609196,1.803571245008573,0.060825185271817434,True
1.0,0.0,1.3666666666666667,2.025287356321839,-0.18333333333333335,-1.0126436781609196,1.8080974100753415,0.06060765122256644,True
1.0,0.0,1.3833333333333333,2.025287356321839,-0.19166666666666665,-1.0126436781609196,1.8126137661999526,0.06039238754293318,True
1.0,0.0,1.4000000000000001,2.025287356321839,-0.20000000000000007,-1.0126436781609196,1.8171203608882391,0.06017935566556152,True
1.0,0.0,1.4166666666666667,2.025287356321839,-0.20833333333333337,-1.0126436781609196,1.8216172415906131,0.059968517921563526,True
1.0,0.0,1.4333333333333333,2.025287356321839,-0.21666666666666667,-1.0126436781609196,1.8261044556897517,0.05975983751409192,True
1.0,0.0,1.45,2.025287356321839,-0.22499999999999998,-1.0126436781609196,1.8305820504888806,0.0595532784928502,True
1.0,0.0,0.1,2.0540229885057473,0.45,-1.0270114942528736,1.4394737011663217,0.08810056515339452,True
1.0,0.0,0.11666666666666667,2.0540229885057473,0.44166666666666665,-1.0270114942528736,1.4448588559483682,0.08746298866222023,True
1.0,0.0,0.13333333333333333,2.0540229885057473,0.43333333333333335,-1.0270114942528736,1.4502336120563706,0.0868383348345389,True
1.0,0.0,0.15000000000000002,2.0540229885057473,0.425,-1.0270114942528736,1.4555978254754307,0.08622618843122963,True
1.0,0.0,0.16666666666666669,2.0540229885057473,0.41666666666666663,-1.0270114942528736,1.4609513627089106,0.08562615221076866,True
1.0,0.0,0.18333333333333335,2.0540229885057473,0.4083333333333333,-1.0270114942528736,1.4662941002493295,0.08503784595372221,True
1.0,0.0,0.2,2.0540229885057473,0.4,-1.0270114942528736,1.4716259240749228,0.08446090555054886,True
1.0,0.0,0.21666666666666667,2.0540229885057473,0.39166666666666666,-1.0270114942528736,1.4769467291705876,0.08389498214793481,True
1.0,0.0,0.23333333333333334,2.0540229885057473,0.3833333333333333,-1.0270114942528736,1.4822564190722036,0.08333974134927906,True
1.0,0.0,0.25,2.0540229885057473,0.375,-1.0270114942528736,1.4875549054332156,0.0827948624653309,True
1.0,0.0,0.26666666666666666,2.0540229885057473,0.3666666666666667,-1.0270114942528736,1.492842107612123,0.08226003781134879,True
1.0,0.0,0.2833333333333333,2.0540229885057473,0.35833333333333334,-1.0270114942528736,1.4981179522804122,0.08173497204736789,True
1.0,0.0,0.30000000000000004,2.0540229885057473,0.35,-1.0270114942528736,1.5033823730493352,0.08121938155855961,True
1.0,0.0,0.31666666666666665,2.0540229885057473,0.3416666666666667,-1.0270114942528736,1.5086353101152428,0.0807129938727903,True
1.0,0.0,0.33333333333333337,2.0540229885057473,0.3333333333333333,-1.0270114942528736,1.5138767099220392,0.08021554711283087,True
1.0,0.0,0.35,2.0540229885057473,0.325,-1.0270114942528736,1.5191065248402589,0.0797267894807902,True
1.0,0.0,0.3666666666666667,2.0540229885057473,0.31666666666666665,-1.0270114942528736,1.5243247128618171,0.07924647877257922,True
1.0,0.0,0.3833333333333333,2.0540229885057473,0.30833333333333335,-1.0270114942528736,1.5295312373097198,0.0787743819203679,True
1.0,0.0,0.4,2.0540229885057473,0.3,-1.0270114942528736,1.534726066561884,0.07831027456116767,True
1.0,0.0,0.41666666666666663,2.0540229885057473,0.2916666666666667,-1.0270114942528736,1.5399091737887838,0.07785394062977036,True
1.0,0.0,0.43333333333333335,2.0540229885057473,0.2833333333333333,-1.0270114942528736,1.5450805367034595,0.07740517197451147,True
1.0,0.0,0.44999999999999996,2.0540229885057473,0.275,-1.0270114942528736,1.5502401373241403,0.07696376799429752,True
1.0,0.0,0.4666666666666667,2.0540229885057473,0.26666666666666666,-1.0270114942528736,1.5553879617483168,0.07652953529557395,True
1.0,0.0,0.4833333333333333,2.0540229885057473,0.25833333333333336,-1.0270114942528736,1.5605239999378806,0.0761022873679462,True
1.0,0.0,0.5,2.0540229885057473,0.25,-1.0270114942528736,1.5656482455147682,0.07568184427727573,True
1.0,0.0,0.5166666666666667,2.0540229885057473,0.24166666666666664,-1.0270114942528736,1.5707606955665736,0.07526803237515806,True
1.0,0.0,0.5333333333333333,2.0540229885057473,0.23333333333333334,-1.0270114942528736,1.5758613504616734,0.07486068402376314,True
1.0,0.0,0.55,2.0540229885057473,0.22499999999999998,-1.0270114942528736,1.5809502136733458,0.07445963733509861,True
1.0,0.0,0.5666666666666667,2.0540229885057473,0.21666666666666667,-1.0270114942528736,1.586027291612489,0.07406473592381299,True
1.0,0.0,0.5833333333333334,2.0540229885057473,0.20833333333333331,-1.0270114942528736,1.5910925934684674,0.07367582867272454,True
1.0,0.0,0.6,2.0540229885057473,0.2,-1.0270114942528736,1.5961461310577505,0.07329276951031048,True
1.0,0.0,0.6166666666666666,2.0540229885057473,0.1916666666666667,-1.0270114942528736,1.601187918679869,0.07291541719945348,True
1.0,0.0,0.6333333333333333,2.0540229885057473,0.18333333333333335,-1.0270114942528736,1.6062179729804285,0.07254363513677674,True
1.0,0.0,0.65,2.0540229885057473,0.175,-1.0270114942528736,1.6112363128207603,0.07217729116195516,True
1.0,0.0,0.6666666666666666,2.0540229885057473,0.16666666666666669,-1.0270114942528736,1.6162429591539056,0.07181625737642565,True
1.0,0.0,0.6833333333333333,2.0540229885057473,0.15833333333333333,-1.0270114942528736,1.6212379349066506,0.07146040997095515,True
1.0,0.0,0.7,2.0540229885057473,0.15000000000000002,-1.0270114942528736,1.6262212648672576,0.07110962906156812,True
1.0,0.0,0.7166666666666667,2.0540229885057473,0.14166666666666666,-1.0270114942528736,1.6311929755786743,0.07076379853335761,True
1.0,0.0,0.7333333333333333,2.0540229885057473,0.13333333333333336,-1.0270114942528736,1.6361530952369165,0.07042280589174253,True
1.0,0.0,0.75,2.0540229885057473,0.125,-1.0270114942528736,1.641101653594373,0.07008654212075854,True
1.0,0.0,0.7666666666666666,2.0540229885057473,0.1166666666666667,-1.0270114942528736,1.6460386818678163,0.06975490154799317,True
1.0,0.0,0.7833333333333333,2.0540229885057473,0.10833333333333334,-1.0270114942528736,1.6509642126508572,0.06942778171580734,True
1.0,0.0,0.7999999999999999,2.0540229885057473,0.10000000000000003,-1.0270114942528736,1.6558782798306633,0.06910508325849864,True
1.0,0.0,0.8166666666666667,2.0540229885057473,0.09166666666666667,-1.0270114942528736,1.6607809185087004,0.06878670978509101,True
1.0,0.0,0.8333333333333333,2.0540229885057473,0.08333333333333337,-1.0270114942528736,1.665672164925335,0.06847256776744899,True
1.0,0.0,0.85,2.0540229885057473,0.07500000000000001,-1.0270114942528736,1.6705520563880507,0.06816256643343895,True
1.0,0.0,0.8666666666666666,2.0540229885057473,0.06666666666666671,-1.0270114942528736,1.675420631203214,0.06785661766486561,True
1.0,0.0,0.8833333333333333,2.0540229885057473,0.05833333333333335,-1.0270114942528736,1.6802779286110876,0.06755463589994422,True
1.0,0.0,0.9,2.0540229885057473,0.04999999999999999,-1.0270114942528736,1.685123988724024,0.0672565380400678,True
1.0,0.0,0.9166666666666666,2.0540229885057473,0.041666666666666685,-1.0270114942528736,1.689958852467681,0.06696224336065101,True
1.0,0.0,0.9333333333333333,2.0540229885057473,0.033333333333333326,-1.0270114942528736,1.6947825615250396,0.06667167342584648,True
1.0,0.0,0.95,2.0540229885057473,0.025000000000000022,-1.0270114942528736,1.6995951582831887,0.06638475200693332,True
1.0,0.0,0.9666666666666667,2.0540229885057473,0.016666666666666663,-1.0270114942528736,1.7043966857826964,0.06610140500419559,True
1.0,0.0,0.9833333333333333,2.0540229885057473,0.00833333333333336,-1.0270114942528736,1.709187187669414,0.06582156037212028,True
1.0,0.0,1.0,2.0540229885057473,0.0,-1.0270114942528736,1.713966708148651,0.06554514804774628,True
1.0,0.0,1.0166666666666666,2.0540229885057473,-0.008333333333333304,-1.0270114942528736,1.718735291941609,0.06527209988201087,True
1.0,0.0,1.0333333333333334,2.0540229885057473,-0.01666666666666672,-1.0270114942528736,1.7234929842438818,0.06500234957395218,True
1.0,0.0,1.05,2.0540229885057473,-0.025000000000000022,-1.0270114942528736,1.7282398306860625,0.06473583260762172,True
1.0,0.0,1.0666666666666667,2.0540229885057473,-0.033333333333333326,-1.0270114942528736,1.7329758772962247,0.06447248619158472,True
1.0,0.0,1.0833333333333333,2.0540229885057473,-0.04166666666666663,-1.0270114942528736,1.7377011704642589,0.06421224920088084,True
1.0,0.0,1.1,2.0540229885057473,-0.050000000000000044,-1.0270114942528736,1.7424157569079823,0.06395506212132805,True
1.0,0.0,1.1166666666666667,2.0540229885057473,-0.05833333333333335,-1.0270114942528736,1.7471196836409042,0.06370086699606285,True
1.0,0.0,1.1333333333333333,2.0540229885057473,-0.06666666666666665,-1.0270114942528736,1.7518129979415686,0.06344960737420997,True
1.0,0.0,1.1500000000000001,2.0540229885057473,-0.07500000000000007,-1.0270114942528736,1.756495747324437,0.06320122826158395,True
1.0,0.0,1.1666666666666667,2.0540229885057473,-0.08333333333333337,-1.0270114942528736,1.7611679795123298,0.06295567607332106,True
1.0,0.0,1.1833333333333333,2.0540229885057473,-0.09166666666666667,-1.0270114942528736,1.7658297424097988,0.06271289858838533,True
1.0,0.0,1.2000000000000002,2.0540229885057473,-0.10000000000000009,-1.0270114942528736,1.7704810840785528,0.06247284490579991,True
1.0,0.0,1.2166666666666668,2.0540229885057473,-0.10833333333333339,-1.0270114942528736,1.7751220527134746,0.06223546540259879,True
1.0,0.0,1.2333333333333334,2.0540229885057473,-0.1166666666666667,-1.0270114942528736,1.7797526966201356,0.06200071169337321,True
1.0,0.0,1.25,2.0540229885057473,-0.125,-1.0270114942528736,1.7843730641934106,0.06176853659135716,True
1.0,0.0,1.2666666666666668,2.0540229885057473,-0.13333333333333341,-1.0270114942528736,1.7889832038971587,0.0615388940709846,True
1.0,0.0,1.2833333333333334,2.0540229885057473,-0.14166666666666672,-1.0270114942528736,1.7935831642449438,0.061311739231851806,True
1.0,0.0,1.3,2.0540229885057473,-0.15000000000000002,-1.0270114942528736,1.7981729937817146,0.06108702826402474,True
1.0,0.0,1.3166666666666667,2.0540229885057473,-0.15833333333333333,-1.0270114942528736,1.8027527410664845,0.060864718414629405,True
1.0,0.0,1.3333333333333335,2.0540229885057473,-0.16666666666666674,-1.0270114942528736,1.8073224546558666,0.06064476795567428,True
1.0,0.0,1.35,2.0540229885057473,-0.17500000000000004,-1.0270114942528736,1.8118821830884488,0.060427136153050974,True
1.0,0.0,1.3666666666666667,2.0540229885057473,-0.18333333333333335,-1.0270114942528736,1.816431974870035,0.06021178323665958,True
1.0,0.0,1.3833333333333333,2.0540229885057473,-0.19166666666666665,-1.0270114942528736,1.820971878459613,0.05999867037161596,True
1.0,0.0,1.4000000000000001,2.0540229885057473,-0.20000000000000007,-1.0270114942528736,1.825501942256103,0.059787759630491814,True
1.0,0.0,1.4166666666666667,2.0540229885057473,-0.20833333333333337,-1.0270114942528736,1.830022214585789,0.05957901396654538,True
1.0,0.0,1.4333333333333333,2.0540229885057473,-0.21666666666666667,-1.0270114942528736,1.8345327436904308,0.059372397187903124,True
1.0,0.0,1.45,2.0540229885057473,-0.22499999999999998,-1.0270114942528736,1.8390335777160227,0.059167873932650474,True
1.0,0.0,0.1,2.0827586206896553,0.45,-1.0413793103448277,1.4456559666175013,0.08736961985559101,True
1.0,0.0,0.11666666666666667,2.0827586206896553,0.44166666666666665,-1.0413793103448277,1.4510754663334435,0.08674152860013283,True
1.0,0.0,0.13333333333333333,2.0827586206896553,0.43333333333333335,-1.0413793103448277,1.45648430018961,0.08612608773627278,True
1.0,0.0,0.15000000000000002,2.0827586206896553,0.425,-1.0413793103448277,1.4618823301949186,0.08552289332223623,True
1.0,0.0,0.16666666666666669,2.0827586206896553,0.41666666666666663,-1.0413793103448277,1.4672694286892627,0.08493155881152613,True
1.0,0.0,0.18333333333333335,2.0827586206896553,0.4083333333333333,-1.0413793103448277,1.4726454778207154,0.08435171411636769,True
1.0,0.0,0.2,2.0827586206896553,0.4,-1.0413793103448277,1.4780103690481625,0.08378300473151701,True
1.0,0.0,0.21666666666666667,2.0827586206896553,0.39166666666666666,-1.0413793103448277,1.4833640026682802,0.08322509091389464,True
1.0,0.0,0.23333333333333334,2.0827586206896553,0.3833333333333333,-1.0413793103448277,1.4887062873656451,0.08267764691391195,True
1.0,0.0,0.25,2.0827586206896553,0.375,-1.0413793103448277,1.494037139784766,0.08214036025471093,True
1.0,0.0,0.26666666666666666,2.0827586206896553,0.3666666666666667,-1.0413793103448277,1.4993564841232012,0.08161293105582156,True
1.0,0.0,0.2833333333333333,2.0827586206896553,0.35833333333333334,-1.0413793103448277,1.504664251744546,0.08109507139807345,True
1.0,0.0,0.30000000000000004,2.0827586206896553,0.35,-1.0413793103448277,1.509960380810533,0.08058650472681425,True
1.0,0.0,0.31666666666666665,2.0827586206896553,0.3416666666666667,-1.0413793103448277,1.5152448159310536,0.08008696529077218,True
1.0,0.0,0.33333333333333337,2.0827586206896553,0.3333333333333333,-1.0413793103448277,1.5205175078314888,0.07959619761406457,True
1.0,0.0,0.35,2.0827586206896553,0.325,-1.0413793103448277,1.525778413036334,0.07911395599908903,True
1.0,0.0,0.3666666666666667,2.0827586206896553,0.31666666666666665,-1.0413793103448277,1.5310274935683288,0.07864000405819711,True
1.0,0.0,0.3833333333333333,2.0827586206896553,0.30833333333333335,-1.0413793103448277,1.5362647166626406,0.07817411427218543,True
1.0,0.0,0.4,2.0827586206896553,0.3,-1.0413793103448277,1.5414900544945724,0.07771606757388828,True
1.0,0.0,0.41666666666666663,2.0827586206896553,0.2916666666666667,-1.0413793103448277,1.5467034839212244,0.07726565295511637,True
1.0,0.0,0.43333333333333335,2.0827586206896553,0.2833333333333333,-1.0413793103448277,1.551904986235478,0.07682266709550313,True
1.0,0.0,0.44999999999999996,2.0827586206896553,0.275,-1.0413793103448277,1.5570945469322122,0.07638691401179326,True
1.0,0.0,0.4666666666666667,2.0827586206896553,0.26666666666666666,-1.0413793103448277,1.562272155485955,0.07595820472628229,True
1.0,0.0,0.4833333333333333,2.0827586206896553,0.25833333333333336,-1.0413793103448277,1.5674378051394484,0.07553635695318721,True
1.0,0.0,0.5,2.0827586206896553,0.25,-1.0413793103448277,1.5725914927026237,0.07512119480181863,True
1.0,0.0,0.5166666666666667,2.0827586206896553,0.24166666666666664,-1.0413793103448277,1.5777332183613764,0.07471254849551584,True
1.0,0.0,0.5333333333333333,2.0827586206896553,0.23333333333333334,-1.0413793103448277,1.582862985495766,0.074310254105363,True
1.0,0.0,0.55,2.0827586206896553,0.22499999999999998,-1.0413793103448277,1.587980800507105,0.07391415329778854,True
1.0,0.0,0.5666666666666667,2.0827586206896553,0.21666666666666667,-1.0413793103448277,1.5930866726534985,0.07352409309520709,True
1.0,0.0,0.5833333333333334,2.0827586206896553,0.20833333333333331,-1.0413793103448277,1.5981806138934505,0.07313992564891648,True
1.0,0.0,0.6,2.0827586206896553,0.2,-1.0413793103448277,1.6032626387371232,0.07276150802352446,True
1.0,0.0,0.6166666666666666,2.0827586206896553,0.1916666666666667,-1.0413793103448277,1.6083327641048575,0.07238870199222279,True
1.0,0.0,0.6333333333333333,2.0827586206896553,0.18333333333333335,-1.0413793103448277,1.613391009192605,0.07202137384227582,True
1.0,0.0,0.65,2.0827586206896553,0.175,-1.0413793103448277,1.6184373953439533,0.07165939419012929,True
1.0,0.0,0.6666666666666666,2.0827586206896553,0.16666666666666669,-1.0413793103448277,1.6234719459283726,0.07130263780558939,True
1.0,0.0,0.6833333333333333,2.0827586206896553,0.15833333333333333,-1.0413793103448277,1.6284946862254293,0.07095098344455127,True
1.0,0.0,0.7,2.0827586206896553,0.15000000000000002,-1.0413793103448277,1.6335056433146176,0.07060431368979835,True
1.0,0.0,0.7166666666666667,2.0827586206896553,0.14166666666666666,-1.0413793103448277,1.638504845970602,0.07026251479941426,True
1.0,0.0,0.7333333333333333,2.0827586206896553,0.13333333333333336,-1.0413793103448277,1.643492324563542,0.06992547656238943,True
1.0,0.0,0.75,2.0827586206896553,0.125,-1.0413793103448277,1.6484681109642783,0.0695930921610235,True
1.0,0.0,0.7666666666666666,2.0827586206896553,0.1166666666666667,-1.0413793103448277,1.6534322384541376,0.06926525803975096,True
1.0,0.0,0.7833333333333333,2.0827586206896553,0.10833333333333334,-1.0413793103448277,1.658384741639148,0.06894187378004235,True
1.0,0.0,0.7999999999999999,2.0827586206896553,0.10000000000000003,-1.0413793103448277,1.663325656368422,0.06862284198105413,True
1.0,0.0,0.8166666666666667,2.0827586206896553,0.09166666666666667,-1.0413793103448277,1.6682550196565087,0.0683080681457204,True
1.0,0.0,0.8333333333333333,2.0827586206896553,0.08333333333333337,-1.0413793103448277,1.6731728696095551,0.0679974605719962,True
1.0,0.0,0.85,2.0827586206896553,0.07500000000000001,-1.0413793103448277,1.678079245355041,0.06769093024898463,True
1.0,0.0,0.8666666666666666,2.0827586206896553,0.06666666666666671,-1.0413793103448277,1.6829741869749533,0.06738839075768993,True
1.0,0.0,0.8833333333333333,2.0827586206896553,0.05833333333333335,-1.0413793103448277,1.6878577354422106,0.06708975817615886,True
1.0,0.0,0.9,2.0827586206896553,0.04999999999999999,-1.0413793103448277,1.692729932560217,0.06679495098878299,True
1.0,0.0,0.9166666666666666,2.0827586206896553,0.041666666666666685,-1.0413793103448277,1.6975908209053143,0.06650388999955355,True
1.0,0.0,0.9333333333333333,2.0827586206896553,0.033333333333333326,-1.0413793103448277,1.7024404437721132,0.06621649824906185,True
1.0,0.0,0.95,2.0827586206896553,0.025000000000000022,-1.0413793103448277,1.707278845121437,0.06593270093506542,True
1.0,0.0,0.9666666666666667,2.0827586206896553,0.016666666666666663,-1.0413793103448277,1.712106069530842,0.06565242533643535,True
1.0,0.0,0.9833333333333333,2.0827586206896553,0.00833333333333336,-1.0413793103448277,1.7169221621475892,0.06537560074031845,True
1.0,0.0,1.0,2.0827586206896553,0.0,-1.0413793103448277,1.7217271686438491,0.06510215837236116,True
1.0,0.0,1.0166666666666666,2.0827586206896553,-0.008333333333333304,-1.0413793103448277,1.7265211351741743,0.06483203132983886,True
1.0,0.0,1.0333333333333334,2.0827586206896553,-0.01666666666666672,-1.0413793103448277,1.731304108335048,0.06456515451755312,True
1.0,0.0,1.05,2.0827586206896553,-0.025000000000000022,-1.0413793103448277,1.736076135126403,0.06430146458636433,True
1.0,0.0,1.0666666666666667,2.0827586206896553,-0.033333333333333326,-1.0413793103448277,1.740837262915064,0.06404089987423237,True
1.0,0.0,1.0833333333333333,2.0827586206896553,-0.04166666666666663,-1.0413793103448277,1.7455875393999913,0.0637834003496462,True
1.0,0.0,1.1,2.0827586206896553,-0.050000000000000044,-1.0413793103448277,1.7503270125792392,0.06352890755733064,True
1.0,0.0,1.1166666666666667,2.0827586206896553,-0.05833333333333335,-1.0413793103448277,1.7550557307185461,0.06327736456612378,True
1.0,0.0,1.1333333333333333,2.0827586206896553,-0.06666666666666665,-1.0413793103448277,1.7597737423216249,0.06302871591891708,True
1.0,0.0,1.1500000000000001,2.0827586206896553,-0.07500000000000007,-1.0413793103448277,1.764481096101518,0.06278290758459018,True
1.0,0.0,1.1666666666666667,2.0827586206896553,-0.08333333333333337,-1.0413793103448277,1.7691778409540733,0.06253988691179313,True
1.0,0.0,1.1833333333333333,2.0827586206896553,-0.09166666666666667,-1.0413793103448277,1.7738640259321057,0.062299602584559494,True
1.0,0.0,1.2000000000000002,2.0827586206896553,-0.10000000000000009,-1.0413793103448277,1.778539700221197,0.06206200457961899,True
1.0,0.0,1.2166666666666668,2.0827586206896553,-0.10833333333333339,-1.0413793103448277,1.7832049131166465,0.061827044125350776,True
1.0,0.0,1.2333333333333334,2.0827586206896553,-0.1166666666666667,-1.0413793103448277,1.7878597140015826,0.06159467366230398,True
1.0,0.0,1.25,2.0827586206896553,-0.125,-1.0413793103448277,1.792504152326211,0.06136484680521308,True
1.0,0.0,1.2666666666666668,2.0827586206896553,-0.13333333333333341,-1.0413793103448277,1.797138277588095,0.061137518306444434,True
1.0,0.0,1.2833333333333334,2.0827586206896553,-0.14166666666666672,-1.0413793103448277,1.8017621393134748,0.06091264402080881,True
1.0,0.0,1.3,2.0827586206896553,-0.15000000000000002,-1.0413793103448277,1.806375787039573,0.060690180871681765,True
1.0,0.0,1.3166666666666667,2.0827586206896553,-0.15833333333333333,-1.0413793103448277,1.8109792702977516,0.060470086818377074,True
1.0,0.0,1.3333333333333335,2.0827586206896553,-0.16666666666666674,-1.0413793103448277,1.8155726385976274,0.060252320824715024,True
1.0,0.0,1.35,2.0827586206896553,-0.17500000000000004,-1.0413793103448277,1.820155941411972,0.06003684282873859,True
1.0,0.0,1.3666666666666667,2.0827586206896553,-0.18333333333333335,-1.0413793103448277,1.8247292281624317,0.05982361371352688,True
1.0,0.0,1.3833333333333333,2.0827586206896553,-0.19166666666666665,-1.0413793103448277,1.8292925482060112,0.05961259527905883,True
1.0,0.0,1.4000000000000001,2.0827586206896553,-0.20000000000000007,-1.0413793103448277,1.8338459508222582,0.059403750215086155,True
1.0,0.0,1.4166666666666667,2.0827586206896553,-0.20833333333333337,-1.0413793103448277,1.838389485201183,0.05919704207496826,True
1.0,0.0,1.4333333333333333,2.0827586206896553,-0.21666666666666667,-1.0413793103448277,1.8429232004317906,0.058992435250436195,True
1.0,0.0,1.45,2.0827586206896553,-0.22499999999999998,-1.0413793103448277,1.847447145491296,0.05878989494723913,True
1.0,0.0,0.1,2.1114942528735634,0.45,-1.0557471264367817,1.451814939641923,0.08665672323005902,True
1.0,0.0,0.11666666666666667,2.1114942528735634,0.44166666666666665,-1.0557471264367817,1.4572685193941814,0.08603778118455647,True
1.0,0.0,0.13333333333333333,2.1114942528735634,0.43333333333333335,-1.0557471264367817,1.46271117015169,0.0854312290682843,True
1.0,0.0,0.15000000000000002,2.1114942528735634,0.425,-1.0557471264367817,1.46814275983097,0.08483667366513847,True
1.0,0.0,0.16666666666666669,2.1114942528735634,0.41666666666666663,-1.0557471264367817,1.4735631664960387,0.08425373858664076,True
1.0,0.0,0.18333333333333335,2.1114942528735634,0.4083333333333333,-1.0557471264367817,1.478972277841591,0.08368206337185002,True
1.0,0.0,0.2,2.1114942528735634,0.4,-1.0557471264367817,1.4843699907019074,0.08312130264484618,True
1.0,0.0,0.21666666666666667,2.1114942528735634,0.39166666666666666,-1.0557471264367817,1.4897562105835709,0.0825711253255735,True
1.0,0.0,0.23333333333333334,2.1114942528735634,0.3833333333333333,-1.0557471264367817,1.4951308512211954,0.08203121389007789,True
1.0,0.0,0.25,2.1114942528735634,0.375,-1.0557471264367817,1.5004938341550413,0.08150126367654399,True
1.0,0.0,0.26666666666666666,2.1114942528735634,0.3666666666666667,-1.0557471264367817,1.505845088329514,0.08098098223382964,True
1.0,0.0,0.2833333333333333,2.1114942528735634,0.35833333333333334,-1.0557471264367817,1.5111845497111265,0.08047008870950875,True
1.0,0.0,0.30000000000000004,2.1114942528735634,0.35,-1.0557471264367817,1.5165121609257377,0.07996831327456624,True
1.0,0.0,0.31666666666666665,2.1114942528735634,0.3416666666666667,-1.0557471264367817,1.5218278709133537,0.07947539658226326,True
1.0,0.0,0.33333333333333337,2.1114942528735634,0.3333333333333333,-1.0557471264367817,1.5271316346001123,0.0789910892587695,True
1.0,0.0,0.35,2.1114942528735634,0.325,-1.0557471264367817,1.53242341258635,0.07851515142341749,True
1.0,0.0,0.3666666666666667,2.1114942528735634,0.31666666666666665,-1.0557471264367817,1.5377031708502704,0.07804735223654831,True
1.0,0.0,0.3833333333333333,2.1114942528735634,0.30833333333333335,-1.0557471264367817,1.542970880465957,0.07758746947314764,True
1.0,0.0,0.4,2.1114942528735634,0.3,-1.0557471264367817,1.5482265173355227,0.07713528912051852,True
1.0,0.0,0.41666666666666663,2.1114942528735634,0.2916666666666667,-1.0557471264367817,1.5534700619343902,0.07669060499844157,True
1.0,0.0,0.43333333333333335,2.1114942528735634,0.2833333333333333,-1.0557471264367817,1.5587014990691483,0.07625321840035433,True
1.0,0.0,0.44999999999999996,2.1114942528735634,0.275,-1.0557471264367817,1.563920817647348,0.07582293775419864,True
1.0,0.0,0.4666666666666667,2.1114942528735634,0.26666666666666666,-1.0557471264367817,1.569128010458658,0.07539957830168266,True
1.0,0.0,0.4833333333333333,2.1114942528735634,0.25833333333333336,-1.0557471264367817,1.5743230739668022,0.07498296179479635,True
1.0,0.0,0.5,2.1114942528735634,0.25,-1.0557471264367817,1.579506008111742,0.07457291620850164,True
1.0,0.0,0.5166666666666667,2.1114942528735634,0.24166666666666664,-1.0557471264367817,1.5846768161215918,0.0741692754685968,True
1.0,0.0,0.5333333333333333,2.1114942528735634,0.23333333333333334,-1.0557471264367817,1.5898355043338237,0.07377187919381983,True
1.0,0.0,0.55,2.1114942528735634,0.22499999999999998,-1.0557471264367817,1.594982082025228,0.07338057245133078,True
1.0,0.0,0.5666666666666667,2.1114942528735634,0.21666666666666667,-1.0557471264367817,1.6001165612502515,0.07299520552476323,True
1.0,0.0,0.5833333333333334,2.1114942528735634,0.20833333333333331,-1.0557471264367817,1.6052389566872873,0.07261563369409282,True
1.0,0.0,0.6,2.1114942528735634,0.2,-1.0557471264367817,1.610349285492514,0.0722417170266267,True
1.0,0.0,0.6166666666666666,2.1114942528735634,0.1916666666666667,-1.0557471264367817,1.6154475671608863,0.07187332017846025,True
1.0,0.0,0.6333333333333333,2.1114942528735634,0.18333333333333335,-1.0557471264367817,1.6205338233939812,0.07151031220578954,True
1.0,0.0,0.65,2.1114942528735634,0.175,-1.0557471264367817,1.6256080779743187,0.07115256638551322,True
1.0,0.0,0.6666666666666666,2.1114942528735634,0.16666666666666669,-1.0557471264367817,1.6306703566458118,0.07079996004459416,True
1.0,0.0,0.6833333333333333,2.1114942528735634,0.15833333333333333,-1.0557471264367817,1.6357206870001388,0.07045237439767775,True
1.0,0.0,0.7,2.1114942528735634,0.15000000000000002,-1.0557471264367817,1.6407590983686255,0.07010969439251032,True
1.0,0.0,0.7166666666666667,2.1114942528735634,0.14166666666666666,-1.0557471264367817,1.645785621719453,0.06977180856271695,True
1.0,0.0,0.7333333333333333,2.1114942528735634,0.13333333333333336,-1.0557471264367817,1.6508002895599005,0.06943860888753262,True
1.0,0.0,0.75,2.1114942528735634,0.125,-1.0557471264367817,1.6558031358433594,0.06910999065810686,True
1.0,0.0,0.7666666666666666,2.1114942528735634,0.1166666666666667,-1.0557471264367817,1.6607941958809274,0.0687858523500214,True
1.0,0.0,0.7833333333333333,2.1114942528735634,0.10833333333333334,-1.0557471264367817,1.665773506257293,0.06846609550168795,True
1.0,0.0,0.7999999999999999,2.1114942528735634,0.10000000000000003,-1.0557471264367817,1.670741104750779,0.06815062459830816,True
1.0,0.0,0.8166666666666667,2.1114942528735634,0.09166666666666667,-1.0557471264367817,1.6756970302572778,0.06783934696110161,True
1.0,0.0,0.8333333333333333,2.1114942528735634,0.08333333333333337,-1.0557471264367817,1.6806413227179187,0.06753217264152445,True
1.0,0.0,0.85,2.1114942528735634,0.07500000000000001,-1.0557471264367817,1.6855740230502778,0.06722901432021598,True
1.0,0.0,0.8666666666666666,2.1114942528735634,0.06666666666666671,-1.0557471264367817,1.6904951730829658,0.06692978721042775,True
1.0,0.0,0.8833333333333333,2.1114942528735634,0.05833333333333335,-1.0557471264367817,1.6954048154934227,0.06663440896570468,True
1.0,0.0,0.9,2.1114942528735634,0.04999999999999999,-1.0557471264367817,1.7003029937487517,0.06634279959160129,True
1.0,0.0,0.9166666666666666,2.1114942528735634,0.041666666666666685,-1.0557471264367817,1.705189752049484,0.06605488136122499,True
1.0,0.0,0.9333333333333333,2.1114942528735634,0.033333333333333326,-1.0557471264367817,1.7100651352760685,0.06577057873441854,True
1.0,0.0,0.95,2.1114942528735634,0.025000000000000022,-1.0557471264367817,1.7149291889380496,0.0654898182803921,True
1.0,0.0,0.9666666666666667,2.1114942528735634,0.016666666666666663,-1.0557471264367817,1.7197819591256895,0.06521252860364314,True
1.0,0.0,0.9833333333333333,2.1114942528735634,0.00833333333333336,-1.0557471264367817,1.7246234924640245,0.06493864027299195,True
1.0,0.0,1.0,2.1114942528735634,0.0,-1.0557471264367817,1.7294538360691527,0.06466808575358833,True
1.0,0.0,1.0166666666666666,2.1114942528735634,-0.008333333333333304,-1.0557471264367817,1.7342730375067068,0.06440079934174012,True
1.0,0.0,1.0333333333333334,2.1114942528735634,-0.01666666666666672,-1.0557471264367817,1.7390811447523662,0.06413671710242876,True
1.0,0.0,1.05,2.1114942528735634,-0.025000000000000022,-1.0557471264367817,1.743878206154364,0.06387577680938274,True
1.0,0.0,1.0666666666666667,2.1114942528735634,-0.033333333333333326,-1.0557471264367817,1.7486642703977913,0.06361791788758958,True
1.0,0.0,1.0833333333333333,2.1114942528735634,-0.04166666666666663,-1.0557471264367817,1.753439386470758,0.06336308135812553,True
1.0,0.0,1.1,2.1114942528735634,-0.050000000000000044,-1.0557471264367817,1.758203603632176,0.06311120978520082,True
1.0,0.0,1.1166666666666667,2.1114942528735634,-0.05833333333333335,-1.0557471264367817,1.7629569713813236,0.06286224722530492,True
1.0,0.0,1.1333333333333333,2.1114942528735634,-0.06666666666666665,-1.0557471264367817,1.7676995394284511,0.0626161391783893,True
1.0,0.0,1.1500000000000001,2.1114942528735634,-0.07500000000000007,-1.0557471264367817,1.7724313576676427,0.062372832540926855,True
1.0,0.0,1.1666666666666667,2.1114942528735634,-0.08333333333333337,-1.0557471264367817,1.7771524761503854,0.062132275560838404,True
1.0,0.0,1.1833333333333333,2.1114942528735634,-0.09166666666666667,-1.0557471264367817,1.7818629450607455,0.06189441779415258,True
1.0,0.0,1.2000000000000002,2.1114942528735634,-0.10000000000000009,-1.0557471264367817,1.7865628146918138,0.061659210063334025,True
1.0,0.0,1.2166666666666668,2.1114942528735634,-0.10833333333333339,-1.0557471264367817,1.7912521354232984,0.06142660441720953,True
1.0,0.0,1.2333333333333334,2.1114942528735634,-0.1166666666666667,-1.0557471264367817,1.7959309577003073,0.0611965540924144,True
1.0,0.0,1.25,2.1114942528735634,-0.125,-1.0557471264367817,1.8005993320131854,0.060969013476297226,True
1.0,0.0,1.2666666666666668,2.1114942528735634,-0.13333333333333341,-1.0557471264367817,1.8052573088784316,0.06074393807121457,True
1.0,0.0,1.2833333333333334,2.1114942528735634,-0.14166666666666672,-1.0557471264367817,1.8099049388205868,0.06052128446015776,True
1.0,0.0,1.3,2.1114942528735634,-0.15000000000000002,-1.0557471264367817,1.814542272355077,0.060301010273652436,True
1.0,0.0,1.3166666666666667,2.1114942528735634,-0.15833333333333333,-1.0557471264367817,1.8191693599719667,0.06008307415787671,True
1.0,0.0,1.3333333333333335,2.1114942528735634,-0.16666666666666674,-1.0557471264367817,1.8237862521205555,0.059867435743945416,True
1.0,0.0,1.35,2.1114942528735634,-0.17500000000000004,-1.0557471264367817,1.8283929991947971,0.05965405561831169,True
1.0,0.0,1.3666666666666667,2.1114942528735634,-0.18333333333333335,-1.0557471264367817,1.8329896515195336,0.05944289529423542,True
1.0,0.0,1.3833333333333333,2.1114942528735634,-0.19166666666666665,-1.0557471264367817,1.837576259337422,0.05923391718427924,True
1.0,0.0,1.4000000000000001,2.1114942528735634,-0.20000000000000007,-1.0557471264367817,1.8421528727966294,0.05902708457378257,True
1.0,0.0,1.4166666666666667,2.1114942528735634,-0.20833333333333337,-1.0557471264367817,1.8467195419391251,0.058822361595280426,True
1.0,0.0,1.4333333333333333,2.1114942528735634,-0.21666666666666667,-1.0557471264367817,1.8512763166897337,0.05861971320381856,True
1.0,0.0,1.45,2.1114942528735634,-0.22499999999999998,-1.0557471264367817,1.85582324684568,0.05841910515313926,True
1.0,0.0,0.1,2.1402298850574715,0.45,-1.0701149425287357,1.457950806355451,0.08596114077997788,True
1.0,0.0,0.11666666666666667,2.1402298850574715,0.44166666666666665,-1.0701149425287357,1.4634382078559962,0.08535102963591323,True
1.0,0.0,0.13333333333333333,2.1402298850574715,0.43333333333333335,-1.0701149425287357,1.4689144211379308,0.08475305904319334,True
1.0,0.0,0.15000000000000002,2.1402298850574715,0.425,-1.0701149425287357,1.4743793199135746,0.08416684597923865,True
1.0,0.0,0.16666666666666669,2.1402298850574715,0.41666666666666663,-1.0701149425287357,1.47983278786252,0.08359202371350309,True
1.0,0.0,0.18333333333333335,2.1402298850574715,0.4083333333333333,-1.0701149425287357,1.4852747181214037,0.08302824094147533,True
1.0,0.0,0.2,2.1402298850574715,0.4,-1.0701149425287357,1.49070501279843,0.08247516097379047,True
1.0,0.0,0.21666666666666667,2.1402298850574715,0.39166666666666666,-1.0701149425287357,1.4961235825119004,0.08193246097632818,True
1.0,0.0,0.23333333333333334,2.1402298850574715,0.3833333333333333,-1.0701149425287357,1.5015303459515639,0.08139983125757265,True
1.0,0.0,0.25,2.1402298850574715,0.375,-1.0701149425287357,1.5069252294616284,0.08087697459982081,True
1.0,0.0,0.26666666666666666,2.1402298850574715,0.3666666666666667,-1.0701149425287357,1.5123081666443834,0.08036360563110233,True
1.0,0.0,0.2833333333333333,2.1402298850574715,0.35833333333333334,-1.0701149425287357,1.5176790979834442,0.079859450234927,True
1.0,0.0,0.30000000000000004,2.1402298850574715,0.35,-1.0701149425287357,1.5230379704856745,0.07936424499521066,True
1.0,0.0,0.31666666666666665,2.1402298850574715,0.3416666666666667,-1.0701149425287357,1.528384737340813,0.0788777366739463,True
1.0,0.0,0.33333333333333337,2.1402298850574715,0.3333333333333333,-1.0701149425287357,1.5337193575979395,0.07839968171937538,True
1.0,0.0,0.35,2.1402298850574715,0.325,-1.0701149425287357,1.539041795858182,0.07792984580256765,True
1.0,0.0,0.3666666666666667,2.1402298850574715,0.31666666666666665,-1.0701149425287357,1.5443520219823081,0.07746800338055092,True
1.0,0.0,0.3833333333333333,2.1402298850574715,0.30833333333333335,-1.0701149425287357,1.5496500108130982,0.07701393728416901,True
1.0,0.0,0.4,2.1402298850574715,0.3,-1.0701149425287357,1.5549357419113452,0.07656743832907556,True
1.0,0.0,0.41666666666666663,2.1402298850574715,0.2916666666666667,-1.0701149425287357,1.5602091993049843,0.07612830494834089,True
1.0,0.0,0.43333333333333335,2.1402298850574715,0.2833333333333333,-1.0701149425287357,1.5654703712506062,0.07569634284528301,True
1.0,0.0,0.44999999999999996,2.1402298850574715,0.275,-1.0701149425287357,1.5707192500068283,0.07527136466522322,True
1.0,0.0,0.4666666666666667,2.1402298850574715,0.26666666666666666,-1.0701149425287357,1.5759558316188387,0.07485318968497334,True
1.0,0.0,0.4833333333333333,2.1402298850574715,0.25833333333333336,-1.0701149425287357,1.5811801157136425,0.07444164351893658,True
1.0,0.0,0.5,2.1402298850574715,0.25,-1.0701149425287357,1.5863921053054015,0.07403655784079383,True
1.0,0.0,0.5166666666666667,2.1402298850574715,0.24166666666666664,-1.0701149425287357,1.591591806610424,0.07363777011981204,True
1.0,0.0,0.5333333333333333,2.1402298850574715,0.23333333333333334,-1.0701149425287357,1.5967792288712732,0.07324512337088397,True
1.0,0.0,0.55,2.1402298850574715,0.22499999999999998,-1.0701149425287357,1.601954384189595,0.07285846591746696,True
1.0,0.0,0.5666666666666667,2.1402298850574715,0.21666666666666667,-1.0701149425287357,1.6071172873671664,0.07247765116664905,True
1.0,0.0,0.5833333333333334,2.1402298850574715,0.20833333333333331,-1.0701149425287357,1.6122679557548099,0.07210253739562164,True
1.0,0.0,0.6,2.1402298850574715,0.2,-1.0701149425287357,1.6174064091087454,0.07173298754888528,True
1.0,0.0,0.6166666666666666,2.1402298850574715,0.1916666666666667,-1.0701149425287357,1.6225326694540487,0.0713688690455621,True
1.0,0.0,0.6333333333333333,2.1402298850574715,0.18333333333333335,-1.0701149425287357,1.6276467609548035,0.0710100535962324,True
1.0,0.0,0.65,2.1402298850574715,0.175,-1.0701149425287357,1.632748709790692,0.07065641702874383,True
1.0,0.0,0.6666666666666666,2.1402298850574715,0.16666666666666669,-1.0701149425287357,1.6378385440396246,0.07030783912248702,True
1.0,0.0,0.6833333333333333,2.1402298850574715,0.15833333333333333,-1.0701149425287357,1.6429162935661732,0.06996420345065747,True
1.0,0.0,0.7,2.1402298850574715,0.15000000000000002,-1.0701149425287357,1.6479819899155026,0.06962539723005443,True
1.0,0.0,0.7166666666666667,2.1402298850574715,0.14166666666666666,-1.0701149425287357,1.6530356662124834,0.06929131117800448,True
1.0,0.0,0.7333333333333333,2.1402298850574715,0.13333333333333336,-1.0701149425287357,1.6580773570658125,0.06896183937601048,True
1.0,0.0,0.75,2.1402298850574715,0.125,-1.0701149425287357,1.6631070984768275,0.06863687913976237,True
1.0,0.0,0.7666666666666666,2.1402298850574715,0.1166666666666667,-1.0701149425287357,1.6681249277528272,0.068316330895163,True
1.0,0.0,0.7833333333333333,2.1402298850574715,0.10833333333333334,-1.0701149425287357,1.6731308834246184,0.06800009806004946,True
1.0,0.0,0.7999999999999999,2.1402298850574715,0.10000000000000003,-1.0701149425287357,1.6781250051681689,0.06768808693129909,True
1.0,0.0,0.8166666666666667,2.1402298850574715,0.09166666666666667,-1.0701149425287357,1.6831073337300861,0.06738020657704219,True
1.0,0.0,0.8333333333333333,2.1402298850574715,0.08333333333333337,-1.0701149425287357,1.6880779108567707,0.06707636873370833,True
1.0,0.0,0.85,2.1402298850574715,0.07500000000000001,-1.0701149425287357,1.6930367792270709,0.0667764877076568,True
1.0,0.0,0.8666666666666666,2.1402298850574715,0.06666666666666671,-1.0701149425287357,1.6979839823882446,0.06648048028115242,True
1.0,0.0,0.8833333333333333,2.1402298850574715,0.05833333333333335,-1.0701149425287357,1.7029195646950719,0.06618826562246624,True
1.0,0.0,0.9,2.1402298850574715,0.04999999999999999,-1.0701149425287357,1.7078435712520048,0.06589976519988565,True
1.0,0.0,0.9166666666666666,2.1402298850574715,0.041666666666666685,-1.0701149425287357,1.7127560478581407,0.06561490269944284,True
1.0,0.0,0.9333333333333333,2.1402298850574715,0.033333333333333326,-1.0701149425287357,1.7176570409549325,0.0653336039461694,True
1.0,0.0,0.95,2.1402298850574715,0.025000000000000022,-1.0701149425287357,1.7225465975764824,0.06505579682870444,True
1.0,0.0,0.9666666666666667,2.1402298850574715,0.016666666666666663,-1.0701149425287357,1.7274247653022998,0.06478141122708883,True
1.0,0.0,0.9833333333333333,2.1402298850574715,0.00833333333333336,-1.0701149425287357,1.7322915922124258,0.06451037894358805,True
1.0,0.0,1.0,2.1402298850574715,0.0,-1.0701149425287357,1.7371471268447163,0.0642426336364015,True
1.0,0.0,1.0166666666666666,2.1402298850574715,-0.008333333333333304,-1.0701149425287357,1.7419914181543705,0.06397811075610714,True
1.0,0.0,1.0333333333333334,2.1402298850574715,-0.01666666666666672,-1.0701149425287357,1.7468245154753517,0.06371674748472414,True
1.0,0.0,1.05,2.1402298850574715,-0.025000000000000022,-1.0701149425287357,1.7516464684838384,0.06345848267725561,True
1.0,0.0,1.0666666666666667,2.1402298850574715,-0.033333333333333326,-1.0701149425287357,1.7564573271634096,0.06320325680560446,True
1.0,0.0,1.0833333333333333,2.1402298850574715,-0.04166666666666663,-1.0701149425287357,1.7612571417721938,0.06295101190473405,True
1.0,0.0,1.1,2.1402298850574715,-0.050000000000000044,-1.0701149425287357,1.7660459628111629,0.06270169152100723,True
1.0,0.0,1.1166666666666667,2.1402298850574715,-0.05833333333333335,-1.0701149425287357,1.7708238409947832,0.06245524066253472,True
1.0,0.0,1.1333333333333333,2.1402298850574715,-0.06666666666666665,-1.0701149425287357,1.775590827222498,0.06221160575151617,True
1.0,0.0,1.1500000000000001,2.1402298850574715,-0.07500000000000007,-1.0701149425287357,1.7803469725519678,0.06197073457842985,True
1.0,0.0,1.1666666666666667,2.1402298850574715,-0.08333333333333337,-1.0701149425287357,1.7850923281735984,0.06173257625800846,True
1.0,0.0,1.1833333333333333,2.1402298850574715,-0.09166666666666667,-1.0701149425287357,1.7898269453864195,0.06149708118691343,True
1.0,0.0,1.2000000000000002,2.1402298850574715,-0.10000000000000009,-1.0701149425287357,1.794550875575133,0.06126420100303675,True
1.0,0.0,1.2166666666666668,2.1402298850574715,-0.10833333333333339,-1.0701149425287357,1.7992641701883931,0.06103388854635264,True
1.0,0.0,1.2333333333333334,2.1402298850574715,-0.1166666666666667,-1.0701149425287357,1.8039668807182159,0.06080609782125146,True
1.0,0.0,1.25,2.1402298850574715,-0.125,-1.0701149425287357,1.8086590586804383,0.06058078396029346,True
1.0,0.0,1.2666666666666668,2.1402298850574715,-0.13333333333333341,-1.0701149425287357,1.8133407555961887,0.060357903189317004,True
1.0,0.0,1.2833333333333334,2.1402298850574715,-0.14166666666666672,-1.0701149425287357,1.818012022974396,0.060137412793842,True
1.0,0.0,1.3,2.1402298850574715,-0.15000000000000002,-1.0701149425287357,1.8226729122951306,0.05991927108671641,True
1.0,0.0,1.3166666666666667,2.1402298850574715,-0.15833333333333333,-1.0701149425287357,1.827323474993931,0.05970343737694689,True
1.0,0.0,1.3333333333333335,2.1402298850574715,-0.16666666666666674,-1.0701149425287357,1.8319637624468892,0.059489871939668905,True
1.0,0.0,1.35,2.1402298850574715,-0.17500000000000004,-1.0701149425287357,1.8365938259566104,0.05927853598720166,True
1.0,0.0,1.3666666666666667,2.1402298850574715,-0.18333333333333335,-1.0701149425287357,1.8412137167388567,0.05906939164114909,True
1.0,0.0,1.3833333333333333,2.1402298850574715,-0.19166666666666665,-1.0701149425287357,1.845823485910026,0.05886240190549519,True
1.0,0.0,1.4000000000000001,2.1402298850574715,-0.20000000000000007,-1.0701149425287357,1.850423184475217,0.058657530640660246,True
1.0,0.0,1.4166666666666667,2.1402298850574715,-0.20833333333333337,-1.0701149425287357,1.8550128633170475,0.058454742538471376,True
1.0,0.0,1.4333333333333333,2.1402298850574715,-0.21666666666666667,-1.0701149425287357,1.859592573185042,0.05825400309801423,True
1.0,0.0,1.45,2.1402298850574715,-0.22499999999999998,-1.0701149425287357,1.8641623646856529,0.058055278602328085,True
1.0,0.0,0.1,2.1689655172413795,0.45,-1.0844827586206898,1.4640637538352597,0.08528217931173984,True
1.0,0.0,0.11666666666666667,2.1689655172413795,0.44166666666666665,-1.0844827586206898,1.4695847251314555,0.08468059726024248,True
1.0,0.0,0.13333333333333333,2.1689655172413795,0.43333333333333335,-1.0844827586206898,1.4750942527635624,0.08409091679807953,True
1.0,0.0,0.15000000000000002,2.1689655172413795,0.425,-1.0844827586206898,1.4805922161317213,0.0835127646002194,True
1.0,0.0,0.16666666666666669,2.1689655172413795,0.41666666666666663,-1.0844827586206898,1.4860785044268443,0.08294578312766138,True
1.0,0.0,0.18333333333333335,2.1689655172413795,0.4083333333333333,-1.0844827586206898,1.4915530161263921,0.08238962979346928,True
1.0,0.0,0.2,2.1689655172413795,0.4,-1.0844827586206898,1.4970156585147174,0.08184397618154084,True
1.0,0.0,0.21666666666666667,2.1689655172413795,0.39166666666666666,-1.0844827586206898,1.5024663472272821,0.08130850731418547,True
1.0,0.0,0.23333333333333334,2.1689655172413795,0.3833333333333333,-1.0844827586206898,1.5079050058174717,0.08078292096497777,True
1.0,0.0,0.25,2.1689655172413795,0.375,-1.0844827586206898,1.5133315653449175,0.08026692701363027,True
1.0,0.0,0.26666666666666666,2.1689655172413795,0.3666666666666667,-1.0844827586206898,1.5187459639842509,0.07976024683990175,True
1.0,0.0,0.2833333333333333,2.1689655172413795,0.35833333333333334,-1.0844827586206898,1.524148146653333,0.07926261275379011,True
1.0,0.0,0.30000000000000004,2.1689655172413795,0.35,-1.0844827586206898,1.5295380646599628,0.07877376745948979,True
1.0,0.0,0.31666666666666665,2.1689655172413795,0.3416666666666667,-1.0844827586206898,1.5349156753660698,0.07829346355079383,True
1.0,0.0,0.33333333333333337,2.1689655172413795,0.3333333333333333,-1.0844827586206898,1.5402809418689538,0.07782146303576103,True
1.0,0.0,0.35,2.1689655172413795,0.325,-1.0844827586206898,1.5456338326978711,0.07735753688874848,True
1.0,0.0,0.3666666666666667,2.1689655172413795,0.31666666666666665,-1.0844827586206898,1.550974321526154,0.07690146462789854,True
1.0,0.0,0.3833333333333333,2.1689655172413795,0.30833333333333335,-1.0844827586206898,1.5563023868974488,0.07645303391645294,True
1.0,0.0,0.4,2.1689655172413795,0.3,-1.0844827586206898,1.5616180119656595,0.07601204018630975,True
1.0,0.0,0.41666666666666663,2.1689655172413795,0.2916666666666667,-1.0844827586206898,1.5669211842477664,0.07557828628239129,True
1.0,0.0,0.43333333333333335,2.1689655172413795,0.2833333333333333,-1.0844827586206898,1.5722118953889925,0.07515158212648014,True
1.0,0.0,0.44999999999999996,2.1689655172413795,0.275,-1.0844827586206898,1.577490140939614,0.07473174439928895,True
1.0,0.0,0.4666666666666667,2.1689655172413795,0.26666666666666666,-1.0844827586206898,1.582755920142884,0.07431859623961296,True
1.0,0.0,0.4833333333333333,2.1689655172413795,0.25833333333333336,-1.0844827586206898,1.588009235733465,0.07391196695950217,True
1.0,0.0,0.5,2.1689655172413795,0.25,-1.0844827586206898,1.5932500937459093,0.07351169177445734,True
1.0,0.0,0.5166666666666667,2.1689655172413795,0.24166666666666664,-1.0844827586206898,1.5984785033326097,0.07311761154773468,True
1.0,0.0,0.5333333333333333,2.1689655172413795,0.23333333333333334,-1.0844827586206898,1.6036944765908214,0.07272957254789723,True
1.0,0.0,0.55,2.1689655172413795,0.22499999999999998,-1.0844827586206898,1.6088980283982193,0.07234742621882137,True
1.0,0.0,0.5666666666666667,2.1689655172413795,0.21666666666666667,-1.0844827586206898,1.6140891762566518,0.07197102896140911,True
1.0,0.0,0.5833333333333334,2.1689655172413795,0.20833333333333331,-1.0844827586206898,1.6192679401436019,0.07160024192631961,True
1.0,0.0,0.6,2.1689655172413795,0.2,-1.0844827586206898,1.6244343423710363,0.07123493081706943,True
1.0,0.0,0.6166666666666666,2.1689655172413795,0.1916666666666667,-1.0844827586206898,1.6295884074512053,0.07087496570290407,True
1.0,0.0,0.6333333333333333,2.1689655172413795,0.18333333333333335,-1.0844827586206898,1.6347301619691406,0.07052022084086973,True
1.0,0.0,0.65,2.1689655172413795,0.175,-1.0844827586206898,1.6398596344614025,0.07017057450657002,True
1.0,0.0,0.6666666666666666,2.1689655172413795,0.16666666666666669,-1.0844827586206898,1.6449768553008672,0.06982590883310606,True
1.0,0.0,0.6833333333333333,2.1689655172413795,0.15833333333333333,-1.0844827586206898,1.6500818565871966,0.0694861096577456,True
1.0,0.0,0.7,2.1689655172413795,0.15000000000000002,-1.0844827586206898,1.6551746720427205,0.069151066375889,True
1.0,0.0,0.7166666666666667,2.1689655172413795,0.14166666666666666,-1.0844827586206898,1.6602553369134883,0.0688206718019271,True
1.0,0.0,0.7333333333333333,2.1689655172413795,0.13333333333333336,-1.0844827586206898,1.6653238878751695,0.06849482203661712,True
1.0,0.0,0.75,2.1689655172413795,0.125,-1.0844827586206898,1.6703803629436622,0.06817341634061637,True
1.0,0.0,0.7666666666666666,2.1689655172413795,0.1166666666666667,-1.0844827586206898,1.6754248013900743,0.06785635701384647,True
1.0,0.0,0.7833333333333333,2.1689655172413795,0.10833333333333334,-1.0844827586206898,1.6804572436599317,0.06754354928037364,True
1.0,0.0,0.7999999999999999,2.1689655172413795,0.10000000000000003,-1.0844827586206898,1.68547773129638,0.0672349011785113,True
1.0,0.0,0.8166666666666667,2.1689655172413795,0.09166666666666667,-1.0844827586206898,1.6904863068671854,0.06693032345587159,True
1.0,0.0,0.8333333333333333,2.1689655172413795,0.08333333333333337,-1.0844827586206898,1.695483013895351,0.06662972946910503,True
1.0,0.0,0.85,2.1689655172413795,0.07500000000000001,-1.0844827586206898,1.7004678967931584,0.06633303508808705,True
1.0,0.0,0.8666666666666666,2.1689655172413795,0.06666666666666671,-1.0844827586206898,1.705441000799496,0.06604015860431958,True
1.0,0.0,0.8833333333333333,2.1689655172413795,0.05833333333333335,-1.0844827586206898,1.7104023719202792,0.0657510206433349,True
1.0,0.0,0.9,2.1689655172413795,0.04999999999999999,-1.0844827586206898,1.715352056871846,0.0654655440808961,True
1.0,0.0,0.9166666666666666,2.1689655172413795,0.041666666666666685,-1.0844827586206898,1.7202901030271474,0.0651836539628044,True
1.0,0.0,0.9333333333333333,2.1689655172413795,0.033333333333333326,-1.0844827586206898,1.7252165583646168,0.06490527742813382,True
1.0,0.0,0.95,2.1689655172413795,0.025000000000000022,-1.0844827586206898,1.7301314714196114,0.06463034363571865,True
1.0,0.0,0.9666666666666667,2.1689655172413795,0.016666666666666663,-1.0844827586206898,1.73503489123823,0.06435878369373992,True
1.0,0.0,0.9833333333333333,2.1689655172413795,0.00833333333333336,-1.0844827586206898,1.739926867333487,0.06409053059225281,True
1.0,0.0,1.0,2.1689655172413795,0.0,-1.0844827586206898,1.744807449643642,0.06382551913851675,True
1.0,0.0,1.0166666666666666,2.1689655172413795,-0.008333333333333304,-1.0844827586206898,1.7496766884926465,0.06356368589498965,True
1.0,0.0,1.0333333333333334,2.1689655172413795,-0.01666666666666672,-1.0844827586206898,1.7545346345525334,0.0633049691198624,True
1.0,0.0,1.05,2.1689655172413795,-0.025000000000000022,-1.0844827586206898,1.7593813388077741,0.06304930871000622,True
1.0,0.0,1.0666666666666667,2.1689655172413795,-0.033333333333333326,-1.0844827586206898,1.7642168525214648,0.06279664614622242,True
1.0,0.0,1.0833333333333333,2.1689655172413795,-0.04166666666666663,-1.0844827586206898,1.769041227202842,0.06254692444070539,True
1.0,0.0,1.1,2.1689655172413795,-0.050000000000000044,-1.0844827586206898,1.773854514577172,0.06230008808656056,True
1.0,0.0,1.1166666666666667,2.1689655172413795,-0.05833333333333335,-1.0844827586206898,1.7786567665564956,0.06205608300935404,True
1.0,0.0,1.1333333333333333,2.1689655172413795,-0.06666666666666665,-1.0844827586206898,1.783448035212203,0.06181485652054778,True
1.0,0.0,1.1500000000000001,2.1689655172413795,-0.07500000000000007,-1.0844827586206898,1.7882283727489372,0.06157635727275529,True
1.0,0.0,1.1666666666666667,2.1689655172413795,-0.08333333333333337,-1.0844827586206898,1.7929978314798536,0.06134053521673155,True
1.0,0.0,1.1833333333333333,2.1689655172413795,-0.09166666666666667,-1.0844827586206898,1.7977564638031351,0.06110734156001976,True
1.0,0.0,1.2000000000000002,2.1689655172413795,-0.10000000000000009,-1.0844827586206898,1.8025043221797425,0.060876728727179016,True
1.0,0.0,1.2166666666666668,2.1689655172413795,-0.10833333333333339,-1.0844827586206898,1.807241459112338,0.060648650321523584,True
1.0,0.0,1.2333333333333334,2.1689655172413795,-0.1166666666666667,-1.0844827586206898,1.8119679271252784,0.060423061088307084,True
1.0,0.0,1.25,2.1689655172413795,-0.125,-1.0844827586206898,1.8166837787456849,0.06019991687928818,True
1.0,0.0,1.2666666666666668,2.1689655172413795,-0.13333333333333341,-1.0844827586206898,1.82138906648553,0.05997917461861558,True
1.0,0.0,1.2833333333333334,2.1689655172413795,-0.14166666666666672,-1.0844827586206898,1.8260838428246302,0.05976079226997914,True
1.0,0.0,1.3,2.1689655172413795,-0.15000000000000002,-1.0844827586206898,1.8307681601946073,0.059544728804967195,True
1.0,0.0,1.3166666666666667,2.1689655172413795,-0.15833333333333333,-1.0844827586206898,1.8354420709636758,0.05933094417258313,True
1.0,0.0,1.3333333333333335,2.1689655172413795,-0.16666666666666674,-1.0844827586206898,1.8401056274222614,0.059119399269870095,True
1.0,0.0,1.35,2.1689655172413795,-0.17500000000000004,-1.0844827586206898,1.8447588817694411,0.05891005591359445,True
1.0,0.0,1.3666666666666667,2.1689655172413795,-0.18333333333333335,-1.0844827586206898,1.84940188610009,0.05870287681294853,True
1.0,0.0,1.3833333333333333,2.1689655172413795,-0.19166666666666665,-1.0844827586206898,1.8540346923927509,0.05849782554322624,True
1.0,0.0,1.4000000000000001,2.1689655172413795,-0.20000000000000007,-1.0844827586206898,1.8586573524982206,0.058294866520431414,True
1.0,0.0,1.4166666666666667,2.1689655172413795,-0.20833333333333337,-1.0844827586206898,1.8632699181287398,0.05809396497678235,True
1.0,0.0,1.4333333333333333,2.1689655172413795,-0.21666666666666667,-1.0844827586206898,1.8678724408478211,0.05789508693707436,True
1.0,0.0,1.45,2.1689655172413795,-0.22499999999999998,-1.0844827586206898,1.8724649720606836,0.05769819919586433,True
1.0,0.0,0.1,2.1977011494252876,0.45,-1.0988505747126438,1.4701539698243427,0.08461918399058475,True
1.0,0.0,0.11666666666666667,2.1977011494252876,0.44166666666666665,-1.0988505747126438,1.4757082650400408,0.08402584460700648,True
1.0,0.0,0.13333333333333333,2.1977011494252876,0.43333333333333335,-1.0988505747126438,1.4812508647983749,0.08344417764918609,True
1.0,0.0,0.15000000000000002,2.1977011494252876,0.425,-1.0988505747126438,1.4867816540830197,0.08287381902677048,True
1.0,0.0,0.16666666666666669,2.1977011494252876,0.41666666666666663,-1.0988505747126438,1.4923005274956345,0.08231441995682921,True
1.0,0.0,0.18333333333333335,2.1977011494252876,0.4083333333333333,-1.0988505747126438,1.49780738875697,0.08176564616004063,True
1.0,0.0,0.2,2.1977011494252876,0.4,-1.0988505747126438,1.5033021502333515,0.0812271771072951,True
1.0,0.0,0.21666666666666667,2.1977011494252876,0.39166666666666666,-1.0988505747126438,1.5087847324861818,0.0806987053131456,True
1.0,0.0,0.23333333333333334,2.1977011494252876,0.3833333333333333,-1.0988505747126438,1.5142550638442633,0.08017993567263422,True
1.0,0.0,0.25,2.1977011494252876,0.375,-1.0988505747126438,1.5197130799973178,0.07967058483844348,True
1.0,0.0,0.26666666666666666,2.1977011494252876,0.3666666666666667,-1.0988505747126438,1.5251587236097848,0.07917038063551389,True
1.0,0.0,0.2833333333333333,2.1977011494252876,0.35833333333333334,-1.0988505747126438,1.5305919439538795,0.07867906151050827,True
1.0,0.0,0.30000000000000004,2.1977011494252876,0.35,-1.0988505747126438,1.5360126965612009,0.07819637601369125,True
1.0,0.0,0.31666666666666665,2.1977011494252876,0.3416666666666667,-1.0988505747126438,1.541420942891249,0.07772208231106922,True
1.0,0.0,0.33333333333333337,2.1977011494252876,0.3333333333333333,-1.0988505747126438,1.5468166500171063,0.07725594772464306,True
1.0,0.0,0.35,2.1977011494252876,0.325,-1.0988505747126438,1.552199790326417,0.07679774829897577,True
1.0,0.0,0.3666666666666667,2.1977011494252876,0.31666666666666665,-1.0988505747126438,1.557570341237456,0.07634726839228115,True
1.0,0.0,0.3833333333333333,2.1977011494252876,0.30833333333333335,-1.0988505747126438,1.5629282849293762,0.07590430029043232,True
1.0,0.0,0.4,2.1977011494252876,0.3,-1.0988505747126438,1.5682736080859279,0.07546864384239893,True
1.0,0.0,0.41666666666666663,2.1977011494252876,0.2916666666666667,-1.0988505747126438,1.573606301651962,0.0750401061157321,True
1.0,0.0,0.43333333333333335,2.1977011494252876,0.2833333333333333,-1.0988505747126438,1.5789263606021342,0.07461850107081122,True
1.0,0.0,0.44999999999999996,2.1977011494252876,0.275,-1.0988505747126438,1.5842337837211158,0.07420364925267274,True
1.0,0.0,0.4666666666666667,2.1977011494252876,0.26666666666666666,-1.0988505747126438,1.5895285733947795,0.07379537749931563,True
1.0,0.0,0.4833333333333333,2.1977011494252876,0.25833333333333336,-1.0988505747126438,1.5948107354118277,0.07339351866545757,True
1.0,0.0,0.5,2.1977011494252876,0.25,-1.0988505747126438,1.6000802787752835,0.07299791136079738,True
1.0,0.0,0.5166666666666667,2.1977011494252876,0.24166666666666664,-1.0988505747126438,1.605337215523397,0.07260839970189377,True
1.0,0.0,0.5333333333333333,2.1977011494252876,0.23333333333333334,-1.0988505747126438,1.6105815605594558,0.07222483307684133,True
1.0,0.0,0.55,2.1977011494252876,0.22499999999999998,-1.0988505747126438,1.615813331490096,0.07184706592197437,True
1.0,0.0,0.5666666666666667,2.1977011494252876,0.21666666666666667,-1.0988505747126438,1.6210325484716408,0.07147495750988732,True
1.0,0.0,0.5833333333333334,2.1977011494252876,0.20833333333333331,-1.0988505747126438,1.626239234064086,0.07110837174810437,True
1.0,0.0,0.6,2.1977011494252876,0.2,-1.0988505747126438,1.6314334130923756,0.07074717698777562,True
1.0,0.0,0.6166666666666666,2.1977011494252876,0.1916666666666667,-1.0988505747126438,1.6366151125145483,0.07039124584182238,True
1.0,0.0,0.6333333333333333,2.1977011494252876,0.18333333333333335,-1.0988505747126438,1.6417843612964431,0.07004045501198944,True
1.0,0.0,0.65,2.1977011494252876,0.175,-1.0988505747126438,1.6469411902926436,0.06969468512429502,True
1.0,0.0,0.6666666666666666,2.1977011494252876,0.16666666666666669,-1.0988505747126438,1.6520856321333244,0.0693538205724072,True
1.0,0.0,0.6833333333333333,2.1977011494252876,0.15833333333333333,-1.0988505747126438,1.6572177211167434,0.06901774936850255,True
1.0,0.0,0.7,2.1977011494252876,0.15000000000000002,-1.0988505747126438,1.6623374931070332,0.0686863630011931,True
1.0,0.0,0.7166666666666667,2.1977011494252876,0.14166666666666666,-1.0988505747126438,1.6674449854371154,0.0683595563001293,True
1.0,0.0,0.7333333333333333,2.1977011494252876,0.13333333333333336,-1.0988505747126438,1.6725402368163997,0.06803722730691886,True
1.0,0.0,0.75,2.1977011494252876,0.125,-1.0988505747126438,1.6776232872430952,0.06771927715201558,True
1.0,0.0,0.7666666666666666,2.1977011494252876,0.1166666666666667,-1.0988505747126438,1.6826941779208673,0.06740560993725958,True
1.0,0.0,0.7833333333333333,2.1977011494252876,0.10833333333333334,-1.0988505747126438,1.6877529511796356,0.06709613262376701,True
1.0,0.0,0.7999999999999999,2.1977011494252876,0.10000000000000003,-1.0988505747126438,1.692799650400314,0.06679075492488602,True
1.0,0.0,0.8166666666666667,2.1977011494252876,0.09166666666666667,-1.0988505747126438,1.6978343199432846,0.0664893892039533,True
1.0,0.0,0.8333333333333333,2.1977011494252876,0.08333333333333337,-1.0988505747126438,1.7028570050804608,0.06619195037659971,True
1.0,0.0,0.85,2.1977011494252876,0.07500000000000001,-1.0988505747126438,1.7078677519306844,0.06589835581737363,True
1.0,0.0,0.8666666666666666,2.1977011494252876,0.06666666666666671,-1.0988505747126438,1.7128666073983856,0.0656085252704554,True
1.0,0.0,0.8833333333333333,2.1977011494252876,0.05833333333333335,-1.0988505747126438,1.7178536191152916,0.0653223807642566,True
1.0,0.0,0.9,2.1977011494252876,0.04999999999999999,-1.0988505747126438,1.7228288353850258,0.06503984652971118,True
1.0,0.0,0.9166666666666666,2.1977011494252876,0.041666666666666685,-1.0988505747126438,1.7277923051305244,0.06476084892206461,True
1.0,0.0,0.9333333333333333,2.1977011494252876,0.033333333333333326,-1.0988505747126438,1.732744077844009,0.06448531634599836,True
1.0,0.0,0.95,2.1977011494252876,0.025000000000000022,-1.0988505747126438,1.7376842035395499,0.06421317918391314,True
1.0,0.0,0.9666666666666667,2.1977011494252876,0.016666666666666663,-1.0988505747126438,1.742612732707948,0.06394436972722387,True
1.0,0.0,0.9833333333333333,2.1977011494252876,0.00833333333333336,-1.0988505747126438,1.7475297162739354,0.0636788221105149,True
1.0,0.0,1.0,2.1977011494252876,0.0,-1.0988505747126438,1.7524352055554906,0.06341647224842073,True
1.0,0.0,1.0166666666666666,2.1977011494252876,-0.008333333333333304,-1.0988505747126438,1.757329252225189,0.06315725777509981,True
1.0,0.0,1.0333333333333334,2.1977011494252876,-0.01666666666666672,-1.0988505747126438,1.762211908273733,0.06290111798616543,True
1.0,0.0,1.05,2.1977011494252876,-0.025000000000000022,-1.0988505747126438,1.7670832259747737,0.06264799378299835,True
1.0,0.0,1.0666666666666667,2.1977011494252876,-0.033333333333333326,-1.0988505747126438,1.7719432578523069,0.06239782761925789,True
1.0,0.0,1.0833333333333333,2.1977011494252876,-0.04166666666666663,-1.0988505747126438,1.776792056649071,0.06215056344956467,True
1.0,0.0,1.1,2.1977011494252876,-0.050000000000000044,-1.0988505747126438,1.7816296752968919,0.06190614668020265,True
1.0,0.0,1.1166666666666667,2.1977011494252876,-0.05833333333333335,-1.0988505747126438,1.7864561668884544,0.0616645241217693,True
1.0,0.0,1.1333333333333333,2.1977011494252876,-0.06666666666666665,-1.0988505747126438,1.7912715846505587,0.06142564394367716,True
1.0,0.0,1.1500000000000001,2.1977011494252876,-0.07500000000000007,-1.0988505747126438,1.7960759819187206,0.06118945563042773,True
1.0,0.0,1.1666666666666667,2.1977011494252876,-0.08333333333333337,-1.0988505747126438,1.8008694121131648,0.060955909939570466,True
1.0,0.0,1.1833333333333333,2.1977011494252876,-0.09166666666666667,-1.0988505747126438,1.8056519287159762,0.06072495886128019,True
1.0,0.0,1.2000000000000002,2.1977011494252876,-0.10000000000000009,-1.0988505747126438,1.8104235852495272,0.060496555579471194,True
1.0,0.0,1.2166666666666668,2.1977011494252876,-0.10833333333333339,-1.0988505747126438,1.8151844352559972,0.060270654434387866,True
1.0,0.0,1.2333333333333334,2.1977011494252876,-0.1166666666666667,-1.0988505747126438,1.8199345322780094,0.060047210886600755,True
1.0,0.0,1.25,2.1977011494252876,-0.125,-1.0988505747126438,1.8246739298402552,0.05982618148235097,True
1.0,0.0,1.2666666666666668,2.1977011494252876,-0.13333333333333341,-1.0988505747126438,1.8294026814321513,0.05960752382018097,True
1.0,0.0,1.2833333333333334,2.1977011494252876,-0.14166666666666672,-1.0988505747126438,1.8341208404913982,0.05939119651879867,True
1.0,0.0,1.3,2.1977011494252876,-0.15000000000000002,-1.0988505747126438,1.8388284603884455,0.05917715918611962,True
1.0,0.0,1.3166666666666667,2.1977011494252876,-0.15833333333333333,-1.0988505747126438,1.8435255944118132,0.05896537238943819,True
1.0,0.0,1.3333333333333335,2.1977011494252876,-0.16666666666666674,-1.0988505747126438,1.8482122957542066,0.05875579762668014,True
1.0,0.0,1.35,2.1977011494252876,-0.17500000000000004,-1.0988505747126438,1.8528886174994055,0.05854839729869044,True
1.0,0.0,1.3666666666666667,2.1977011494252876,-0.18333333333333335,-1.0988505747126438,1.8575546126099018,0.05834313468251247,True
1.0,0.0,1.3833333333333333,2.1977011494252876,-0.19166666666666665,-1.0988505747126438,1.8622103339152316,0.05813997390561718,True
1.0,0.0,1.4000000000000001,2.1977011494252876,-0.20000000000000007,-1.0988505747126438,1.866855834100949,0.05793887992104603,True
1.0,0.0,1.4166666666666667,2.1977011494252876,-0.20833333333333337,-1.0988505747126438,1.8714911656982802,0.057739818483423876,True
1.0,0.0,1.4333333333333333,2.1977011494252876,-0.21666666666666667,-1.0988505747126438,1.8761163810743404,0.057542756125813034,True
1.0,0.0,1.45,2.1977011494252876,-0.22499999999999998,-1.0988505747126438,1.8807315324229334,0.05734766013736989,True
1.0,0.0,0.1,2.2264367816091957,0.45,-1.1132183908045978,1.4762216424645078,0.08397153564904777,True
1.0,0.0,0.11666666666666667,2.2264367816091957,0.44166666666666665,-1.1132183908045978,1.481809021555927,0.08338616686959084,True
1.0,0.0,0.13333333333333333,2.2264367816091957,0.43333333333333335,-1.1132183908045978,1.4873844569282415,0.08281225057984251,True
1.0,0.0,0.15000000000000002,2.2264367816091957,0.425,-1.1132183908045978,1.4929478390485558,0.08224943149154414,True
1.0,0.0,0.16666666666666669,2.2264367816091957,0.41666666666666663,-1.1132183908045978,1.4984990678319847,0.08169736917074287,True
1.0,0.0,0.18333333333333335,2.2264367816091957,0.4083333333333333,-1.1132183908045978,1.5040380521487122,0.0811557372622677,True
1.0,0.0,0.2,2.2264367816091957,0.4,-1.1132183908045978,1.5095647093559532,0.08062422276258238,True
1.0,0.0,0.21666666666666667,2.2264367816091957,0.39166666666666666,-1.1132183908045978,1.5150789648531253,0.08010252533755173,True
1.0,0.0,0.23333333333333334,2.2264367816091957,0.3833333333333333,-1.1132183908045978,1.5205807516593484,0.07959035668187378,True
1.0,0.0,0.25,2.2264367816091957,0.375,-1.1132183908045978,1.5260700100121165,0.0790874399172254,True
1.0,0.0,0.26666666666666666,2.2264367816091957,0.3666666666666667,-1.1132183908045978,1.5315466869860106,0.07859350902641063,True
1.0,0.0,0.2833333333333333,2.2264367816091957,0.35833333333333334,-1.1132183908045978,1.5370107361307448,0.07810830832098256,True
1.0,0.0,0.30000000000000004,2.2264367816091957,0.35,-1.1132183908045978,1.5424621171269985,0.07763159194009144,True
1.0,0.0,0.31666666666666665,2.2264367816091957,0.3416666666666667,-1.1132183908045978,1.5479007954598987,0.07716312337836413,True
1.0,0.0,0.33333333333333337,2.2264367816091957,0.3333333333333333,-1.1132183908045978,1.553326742108664,0.07670267504091438,True
1.0,0.0,0.35,2.2264367816091957,0.325,-1.1132183908045978,1.5587399332518757,0.07625002782364922,True
1.0,0.0,0.3666666666666667,2.2264367816091957,0.31666666666666665,-1.1132183908045978,1.564140349987562,0.07580497071720298,True
1.0,0.0,0.3833333333333333,2.2264367816091957,0.30833333333333335,-1.1132183908045978,1.5695279780673002,0.07536730043296055,True
1.0,0.0,0.4,2.2264367816091957,0.3,-1.1132183908045978,1.5749028076436717,0.07493682104973198,True
1.0,0.0,0.41666666666666663,2.2264367816091957,0.2916666666666667,-1.1132183908045978,1.5802648330303772,0.0745133436797597,True
1.0,0.0,0.43333333333333335,2.2264367816091957,0.2833333333333333,-1.1132183908045978,1.585614052474378,0.07409668615282658,True
1.0,0.0,0.44999999999999996,2.2264367816091957,0.275,-1.1132183908045978,1.5909504679394697,0.07368667271732657,True
1.0,0.0,0.4666666666666667,2.2264367816091957,0.26666666666666666,-1.1132183908045978,1.5962740849006798,0.07328313375724173,True
1.0,0.0,0.4833333333333333,2.2264367816091957,0.25833333333333336,-1.1132183908045978,1.6015849121489931,0.07288590552403891,True
1.0,0.0,0.5,2.2264367816091957,0.25,-1.1132183908045978,1.6068829616058116,0.07249482988257962,True
1.0,0.0,0.5166666666666667,2.2264367816091957,0.24166666666666664,-1.1132183908045978,1.6121682481467505,0.07210975407018351,True
1.0,0.0,0.5333333333333333,2.2264367816091957,0.23333333333333334,-1.1132183908045978,1.6174407894341973,0.07173053046806468,True
1.0,0.0,0.55,2.2264367816091957,0.22499999999999998,-1.1132183908045978,1.6227006057582984,0.07135701638439378,True
1.0,0.0,0.5666666666666667,2.2264367816091957,0.21666666666666667,-1.1132183908045978,1.6279477198858423,0.07098907384830717,True
1.0,0.0,0.5833333333333334,2.2264367816091957,0.20833333333333331,-1.1132183908045978,1.633182156916742,0.07062656941421551,True
1.0,0.0,0.6,2.2264367816091957,0.2,-1.1132183908045978,1.6384039441476403,0.07026937397581952,True
1.0,0.0,0.6166666666666666,2.2264367816091957,0.1916666666666667,-1.1132183908045978,1.6436131109423782,0.06991736258926694,True
1.0,0.0,0.6333333333333333,2.2264367816091957,0.18333333333333335,-1.1132183908045978,1.6488096886088832,0.06957041430493648,True
1.0,0.0,0.65,2.2264367816091957,0.175,-1.1132183908045978,1.6539937102822275,0.06922841200735516,True
1.0,0.0,0.6666666666666666,2.2264367816091957,0.16666666666666669,-1.1132183908045978,1.6591652108135433,0.06889124226279143,True
1.0,0.0,0.6833333333333333,2.2264367816091957,0.15833333333333333,-1.1132183908045978,1.6643242266644234,0.06855879517410365,True
1.0,0.0,0.7,2.2264367816091957,0.15000000000000002,-1.1132183908045978,1.6694707958066484,0.06823096424243363,True
1.0,0.0,0.7166666666666667,2.2264367816091957,0.14166666666666666,-1.1132183908045978,1.6746049576269024,0.06790764623537651,True
1.0,0.0,0.7333333333333333,2.2264367816091957,0.13333333333333336,-1.1132183908045978,1.6797267528362243,0.06758874106127412,True
1.0,0.0,0.75,2.2264367816091957,0.125,-1.1132183908045978,1.684836223384006,0.06727415164929859,True
1.0,0.0,0.7666666666666666,2.2264367816091957,0.1166666666666667,-1.1132183908045978,1.6899334123762713,0.0669637838350195,True
1.0,0.0,0.7833333333333333,2.2264367816091957,0.10833333333333334,-1.1132183908045978,1.6950183639980494,0.0666575462511609,True
1.0,0.0,0.7999999999999999,2.2264367816091957,0.10000000000000003,-1.1132183908045978,1.7000911234395915,0.06635535022327882,True
1.0,0.0,0.8166666666666667,2.2264367816091957,0.09166666666666667,-1.1132183908045978,1.7051517368263416,0.06605710967009451,True
1.0,0.0,0.8333333333333333,2.2264367816091957,0.08333333333333337,-1.1132183908045978,1.7102002511523597,0.06576274100825023,True
1.0,0.0,0.85,2.2264367816091957,0.07500000000000001,-1.1132183908045978,1.7152367142170766,0.06547216306125547,True
1.0,0.0,0.8666666666666666,2.2264367816091957,0.06666666666666671,-1.1132183908045978,1.7202611745652607,0.06518529697240766,True
1.0,0.0,0.8833333333333333,2.2264367816091957,0.05833333333333335,-1.1132183908045978,1.7252736814299805,0.06490206612148906,True
1.0,0.0,0.9,2.2264367816091957,0.04999999999999999,-1.1132183908045978,1.7302742846783838,0.06462239604505134,True
1.0,0.0,0.9166666666666666,2.2264367816091957,0.041666666666666685,-1.1132183908045978,1.7352630347602869,0.06434621436010036,True
1.0,0.0,0.9333333333333333,2.2264367816091957,0.033333333333333326,-1.1132183908045978,1.7402399826592996,0.06407345069102093,True
1.0,0.0,0.95,2.2264367816091957,0.025000000000000022,-1.1132183908045978,1.745205179846421,0.06380403659957885,True
1.0,0.0,0.9666666666666667,2.2264367816091957,0.016666666666666663,-1.1132183908045978,1.7501586782359992,0.06353790551784684,True
1.0,0.0,0.9833333333333333,2.2264367816091957,0.00833333333333336,-1.1132183908045978,1.7551005301438967,0.06327499268391758,True
1.0,0.0,1.0,2.2264367816091957,0.0,-1.1132183908045978,1.7600307882478785,0.06301523508026051,True
1.0,0.0,1.0166666666666666,2.2264367816091957,-0.008333333333333304,-1.1132183908045978,1.764949505549694,0.06275857137461861,True
1.0,0.0,1.0333333333333334,2.2264367816091957,-0.01666666666666672,-1.1132183908045978,1.7698567353396493,0.06250494186327858,True
1.0,0.0,1.05,2.2264367816091957,-0.025000000000000022,-1.1132183908045978,1.7747525311624672,0.062254288416658504,True
1.0,0.0,1.0666666666666667,2.2264367816091957,-0.033333333333333326,-1.1132183908045978,1.7796369467851318,0.06200655442706459,True
1.0,0.0,1.0833333333333333,2.2264367816091957,-0.04166666666666663,-1.1132183908045978,1.784510036166388,0.061761684758527564,True
1.0,0.0,1.1,2.2264367816091957,-0.050000000000000044,-1.1132183908045978,1.7893718534277816,0.061519625698626214,True
1.0,0.0,1.1166666666666667,2.2264367816091957,-0.05833333333333335,-1.1132183908045978,1.79422245282619,0.06128032491220231,True
1.0,0.0,1.1333333333333333,2.2264367816091957,-0.06666666666666665,-1.1132183908045978,1.799061888727801,0.06104373139688177,True
1.0,0.0,1.1500000000000001,2.2264367816091957,-0.07500000000000007,-1.1132183908045978,1.80389021558345,0.060809795440319836,True
1.0,0.0,1.1666666666666667,2.2264367816091957,-0.08333333333333337,-1.1132183908045978,1.8087074879052414,0.06057846857909284,True
1.0,0.0,1.1833333333333333,2.2264367816091957,-0.09166666666666667,-1.1132183908045978,1.813513760244405,0.06034970355916257,True
1.0,0.0,1.2000000000000002,2.2264367816091957,-0.10000000000000009,-1.1132183908045978,1.8183090871703442,0.060123454297843035,True
1.0,0.0,1.2166666666666668,2.2264367816091957,-0.10833333333333339,-1.1132183908045978,1.823093523250774,0.05989967584720394,True
1.0,0.0,1.2333333333333334,2.2264367816091957,-0.1166666666666667,-1.1132183908045978,1.8278671230329075,0.059678324358848185,True
1.0,0.0,1.25,2.2264367816091957,-0.125,-1.1132183908045978,1.8326299410257385,0.05945935704999935,True
1.0,0.0,1.2666666666666668,2.2264367816091957,-0.13333333333333341,-1.1132183908045978,1.8373820316831795,0.05924273217084959,True
1.0,0.0,1.2833333333333334,2.2264367816091957,-0.14166666666666672,-1.1132183908045978,1.8421234493881948,0.05902840897310623,True
1.0,0.0,1.3,2.2264367816091957,-0.15000000000000002,-1.1132183908045978,1.8468542484377717,0.05881634767969086,True
1.0,0.0,1.3166666666666667,2.2264367816091957,-0.15833333333333333,-1.1132183908045978,1.851574483028753,0.058606509455538955,True
1.0,0.0,1.3333333333333335,2.2264367816091957,-0.16666666666666674,-1.1132183908045978,1.8562842072444188,0.05839885637945531,True
1.0,0.0,1.35,2.2264367816091957,-0.17500000000000004,-1.1132183908045978,1.8609834750418714,0.05819335141697928,True
1.0,0.0,1.3666666666666667,2.2264367816091957,-0.18333333333333335,-1.1132183908045978,1.8656723402401127,0.057989958394218756,True
1.0,0.0,1.3833333333333333,2.2264367816091957,-0.19166666666666665,-1.1132183908045978,1.870350856508815,0.057788641972612215,True
1.0,0.0,1.4000000000000001,2.2264367816091957,-0.20000000000000007,-1.1132183908045978,1.875019077357735,0.057589367624580313,True
1.0,0.0,1.4166666666666667,2.2264367816091957,-0.20833333333333337,-1.1132183908045978,1.8796770561267275,0.057392101610033094,True
1.0,0.0,1.4333333333333333,2.2264367816091957,-0.21666666666666667,-1.1132183908045978,1.884324845976558,0.05719681095368508,True
1.0,0.0,1.45,2.2264367816091957,-0.22499999999999998,-1.1132183908045978,1.8889624998797108,0.05700346342318109,True
1.0,0.0,0.1,2.2551724137931033,0.45,-1.1275862068965516,1.4822669600554401,0.08333864832292649,True
1.0,0.0,0.11666666666666667,2.2551724137931033,0.44166666666666665,-1.1275862068965516,1.4878871885798304,0.08276099150450643,True
1.0,0.0,0.13333333333333333,2.2551724137931033,0.43333333333333335,-1.1275862068965516,1.493495228540448,0.08219457593858945,True
1.0,0.0,0.15000000000000002,2.2551724137931033,0.425,-1.1275862068965516,1.4990909757909214,0.08163905473432036,True
1.0,0.0,0.16666666666666669,2.2551724137931033,0.41666666666666663,-1.1275862068965516,1.5046743354660026,0.08109409542567253,True
1.0,0.0,0.18333333333333335,2.2551724137931033,0.4083333333333333,-1.1275862068965516,1.5102452214945996,0.08055937922255493,True
1.0,0.0,0.2,2.2551724137931033,0.4,-1.1275862068965516,1.5158035561370866,0.08003460030840241,True
1.0,0.0,0.21666666666666667,2.2551724137931033,0.39166666666666666,-1.1275862068965516,1.5213492695459532,0.07951946518087354,True
1.0,0.0,0.23333333333333334,2.2551724137931033,0.3833333333333333,-1.1275862068965516,1.5268822993485074,0.07901369203259336,True
1.0,0.0,0.25,2.2551724137931033,0.375,-1.1275862068965516,1.5324025902505132,0.07851701016911719,True
1.0,0.0,0.26666666666666666,2.2551724137931033,0.3666666666666667,-1.1275862068965516,1.537910093659968,0.0780291594614956,True
1.0,0.0,0.2833333333333333,2.2551724137931033,0.35833333333333334,-1.1275862068965516,1.5434047673295597,0.07754988983108951,True
1.0,0.0,0.30000000000000004,2.2551724137931033,0.35,-1.1275862068965516,1.5488865750173437,0.07707896076438897,True
1.0,0.0,0.31666666666666665,2.2551724137931033,0.3416666666666667,-1.1275862068965516,1.5543554861644346,0.07661614085582912,True
1.0,0.0,0.33333333333333337,2.2551724137931033,0.3333333333333333,-1.1275862068965516,1.559811475588938,0.07616120737672202,True
1.0,0.0,0.35,2.2551724137931033,0.325,-1.1275862068965516,1.56525452319532,0.07571394586856985,True
1.0,0.0,0.3666666666666667,2.2551724137931033,0.31666666666666665,-1.1275862068965516,1.5706846136984265,0.07527414975915785,True
1.0,0.0,0.3833333333333333,2.2551724137931033,0.30833333333333335,-1.1275862068965516,1.5761017363613736,0.07484161999995062,True
1.0,0.0,0.4,2.2551724137931033,0.3,-1.1275862068965516,1.5815058847466816,0.07441616472341109,True
1.0,0.0,0.41666666666666663,2.2551724137931033,0.2916666666666667,-1.1275862068965516,1.5868970564799039,0.07399759891897943,True
1.0,0.0,0.43333333333333335,2.2551724137931033,0.2833333333333333,-1.1275862068965516,1.5922752530251851,0.07358574412652472,True
1.0,0.0,0.44999999999999996,2.2551724137931033,0.275,-1.1275862068965516,1.5976404794720944,0.0731804281461819,True
1.0,0.0,0.4666666666666667,2.2551724137931033,0.26666666666666666,-1.1275862068965516,1.6029927443331855,0.07278148476355292,True
1.0,0.0,0.4833333333333333,2.2551724137931033,0.25833333333333336,-1.1275862068965516,1.6083320593517478,0.07238875348932929,True
1.0,0.0,0.5,2.2551724137931033,0.25,-1.1275862068965516,1.613658439319207,0.07200207931245747,True
1.0,0.0,0.5166666666666667,2.2551724137931033,0.24166666666666664,-1.1275862068965516,1.618971901901724,0.07162131246602807,True
1.0,0.0,0.5333333333333333,2.2551724137931033,0.23333333333333334,-1.1275862068965516,1.6242724674754725,0.07124630820513009,True
1.0,0.0,0.55,2.2551724137931033,0.22499999999999998,-1.1275862068965516,1.6295601589702158,0.07087692659595696,True
1.0,0.0,0.5666666666666667,2.2551724137931033,0.21666666666666667,-1.1275862068965516,1.6348350017207294,0.07051303231550524,True
1.0,0.0,0.5833333333333334,2.2551724137931033,0.20833333333333331,-1.1275862068965516,1.6400970233256689,0.07015449446124718,True
1.0,0.0,0.6,2.2551724137931033,0.2,-1.1275862068965516,1.6453462535135348,0.06980118637020087,True
1.0,0.0,0.6166666666666666,2.2551724137931033,0.1916666666666667,-1.1275862068965516,1.6505827240153452,0.06945298544685945,True
1.0,0.0,0.6333333333333333,2.2551724137931033,0.18333333333333335,-1.1275862068965516,1.6558064684437197,0.06910977299947431,True
1.0,0.0,0.65,2.2551724137931033,0.175,-1.1275862068965516,1.661017522177974,0.0687714340842262,True
1.0,0.0,0.6666666666666666,2.2551724137931033,0.16666666666666669,-1.1275862068965516,1.666215922255052,0.06843785735683362,True
1.0,0.0,0.6833333333333333,2.2551724137931033,0.15833333333333333,-1.1275862068965516,1.6714017072658542,0.06810893493119796,True
1.0,0.0,0.7,2.2551724137931033,0.15000000000000002,-1.1275862068965516,1.676574917256805,0.06778456224468898,True
1.0,0.0,0.7166666666666667,2.2551724137931033,0.14166666666666666,-1.1275862068965516,1.6817355936363565,0.06746463792971127,True
1.0,0.0,0.7333333333333333,2.2551724137931033,0.13333333333333336,-1.1275862068965516,1.6868837790861526,0.06714906369121457,True
1.0,0.0,0.75,2.2551724137931033,0.125,-1.1275862068965516,1.6920195174766812,0.0668377441898231,True
1.0,0.0,0.7666666666666666,2.2551724137931033,0.1166666666666667,-1.1275862068965516,1.6971428537871462,0.06653058693028902,True
1.0,0.0,0.7833333333333333,2.2551724137931033,0.10833333333333334,-1.1275862068965516,1.7022538340293663,0.06622750215498552,True
1.0,0.0,0.7999999999999999,2.2551724137931033,0.10000000000000003,-1.1275862068965516,1.7073525051754912,0.06592840274217786,True
1.0,0.0,0.8166666666666667,2.2551724137931033,0.09166666666666667,-1.1275862068965516,1.712438915089363,0.06563320410881972,True
1.0,0.0,0.8333333333333333,2.2551724137931033,0.08333333333333337,-1.1275862068965516,1.7175131124613212,0.06534182411764501,True
1.0,0.0,0.85,2.2551724137931033,0.07500000000000001,-1.1275862068965516,1.7225751467462889,0.0650541829883316,True
1.0,0.0,0.8666666666666666,2.2551724137931033,0.06666666666666671,-1.1275862068965516,1.7276250681050052,0.06477020321253087,True
1.0,0.0,0.8833333333333333,2.2551724137931033,0.05833333333333335,-1.1275862068965516,1.7326629273481924,0.06448980947256805,True
1.0,0.0,0.9,2.2551724137931033,0.04999999999999999,-1.1275862068965516,1.7376887758835582,0.06421292856362851,True
1.0,0.0,0.9166666666666666,2.2551724137931033,0.041666666666666685,-1.1275862068965516,1.7427026656654896,0.06393948931925604,True
1.0,0.0,0.9333333333333333,2.2551724137931033,0.033333333333333326,-1.1275862068965516,1.747704649147293,0.06366942253999985,True
1.0,0.0,0.95,2.2551724137931033,0.025000000000000022,-1.1275862068965516,1.7526947792358385,0.06340266092505663,True
1.0,0.0,0.9666666666666667,2.2551724137931033,0.016666666666666663,-1.1275862068965516,1.7576731092485172,0.06313913900676019,True
1.0,0.0,0.9833333333333333,2.2551724137931033,0.00833333333333336,-1.1275862068965516,1.76263969287256,0.06287879308777271,True
1.0,0.0,1.0,2.2551724137931033,0.0,-1.1275862068965516,1.7675945841259249,0.06262156118088318,True
1.0,0.0,1.0166666666666666,2.2551724137931033,-0.008333333333333304,-1.1275862068965516,1.7725378373209777,0.06236738295121923,True
1.0,0.0,1.0333333333333334,2.2551724137931033,-0.01666666666666672,-1.1275862068965516,1.7774695070293367,0.062116199660837916,True
1.0,0.0,1.05,2.2551724137931033,-0.025000000000000022,-1.1275862068965516,1.7823896480488794,0.06186795411552701,True
1.0,0.0,1.0666666666666667,2.2551724137931033,-0.033333333333333326,-1.1275862068965516,1.787298315372381,0.06162259061373595,True
1.0,0.0,1.0833333333333333,2.2551724137931033,-0.04166666666666663,-1.1275862068965516,1.7921955641577643,0.061380054897534925,True
1.0,0.0,1.1,2.2551724137931033,-0.050000000000000044,-1.1275862068965516,1.797081449699931,0.06114029410550454,True
1.0,0.0,1.1166666666666667,2.2551724137931033,-0.05833333333333335,-1.1275862068965516,1.8019560274040232,0.06090325672747396,True
1.0,0.0,1.1333333333333333,2.2551724137931033,-0.06666666666666665,-1.1275862068965516,1.8068193527601386,0.060668892561015465,True
1.0,0.0,1.1500000000000001,2.2551724137931033,-0.07500000000000007,-1.1275862068965516,1.8116714813193273,0.06043715266962433,True
1.0,0.0,1.1666666666666667,2.2551724137931033,-0.08333333333333337,-1.1275862068965516,1.8165124686709075,0.06020798934250037,True
1.0,0.0,1.1833333333333333,2.2551724137931033,-0.09166666666666667,-1.1275862068965516,1.8213423704209597,0.05998135605586585,True
1.0,0.0,1.2000000000000002,2.2551724137931033,-0.10000000000000009,-1.1275862068965516,1.8261612421719884,0.05975720743574814,True
1.0,0.0,1.2166666666666668,2.2551724137931033,-0.10833333333333339,-1.1275862068965516,1.8309691395036631,0.05953549922216375,True
1.0,0.0,1.2333333333333334,2.2551724137931033,-0.1166666666666667,-1.1275862068965516,1.835766117954621,0.05931618823464197,True
1.0,0.0,1.25,2.2551724137931033,-0.125,-1.1275862068965516,1.8405522330052604,0.059099232339029764,True
1.0,0.0,1.2666666666666668,2.2551724137931033,-0.13333333333333341,-1.1275862068965516,1.8453275400614582,0.05888459041552391,True
1.0,0.0,1.2833333333333334,2.2551724137931033,-0.14166666666666672,-1.1275862068965516,1.8500920944392143,0.05867222232787492,True
1.0,0.0,1.3,2.2551724137931033,-0.15000000000000002,-1.1275862068965516,1.8548459513501558,0.058462088893714376,True
1.0,0.0,1.3166666666666667,2.2551724137931033,-0.15833333333333333,-1.1275862068965516,1.859589165887806,0.05825415185596,True
1.0,0.0,1.3333333333333335,2.2551724137931033,-0.16666666666666674,-1.1275862068965516,1.8643217930147282,0.058048373855246894,True
1.0,0.0,1.35,2.2551724137931033,-0.17500000000000004,-1.1275862068965516,1.869043887550287,0.05784471840335039,True
1.0,0.0,1.3666666666666667,2.2551724137931033,-0.18333333333333335,-1.1275862068965516,1.8737555041592324,0.05764314985755021,True
1.0,0.0,1.3833333333333333,2.2551724137931033,-0.19166666666666665,-1.1275862068965516,1.8784566973408467,0.05744363339590575,True
1.0,0.0,1.4000000000000001,2.2551724137931033,-0.20000000000000007,-1.1275862068965516,1.8831475214189135,0.057246134993393094,True
1.0,0.0,1.4166666666666667,2.2551724137931033,-0.20833333333333337,-1.1275862068965516,1.8878280305318857,0.05705062139889275,True
1.0,0.0,1.4333333333333333,2.2551724137931033,-0.21666666666666667,-1.1275862068965516,1.8924982786242466,0.056857060112951094,True
1.0,0.0,1.45,2.2551724137931033,-0.22499999999999998,-1.1275862068965516,1.8971583194378792,0.05666541936633273,True
1.0,0.0,0.1,2.2839080459770114,0.45,-1.1419540229885057,1.4882901108373625,0.08271996699237522,True
1.0,0.0,0.11666666666666667,2.2839080459770114,0.44166666666666665,-1.1419540229885057,1.493942959734413,0.0821497760476892,True
1.0,0.0,0.13333333333333333,2.2839080459770114,0.43333333333333335,-1.1419540229885057,1.4995833785308081,0.08159062332699869,True
1.0,0.0,0.15000000000000002,2.2839080459770114,0.425,-1.1419540229885057,1.5052112683730052,0.08104216995779556,True
1.0,0.0,0.16666666666666669,2.2839080459770114,0.41666666666666663,-1.1419540229885057,1.5108265395249527,0.08050409108488345,True
1.0,0.0,0.18333333333333335,2.2839080459770114,0.4083333333333333,-1.1419540229885057,1.5164291108865773,0.07997607514663602,True
1.0,0.0,0.2,2.2839080459770114,0.4,-1.1419540229885057,1.522018909536678,0.07945782319589216,True
1.0,0.0,0.21666666666666667,2.2839080459770114,0.39166666666666666,-1.1419540229885057,1.5275958702988284,0.0789490482623092,True
1.0,0.0,0.23333333333333334,2.2839080459770114,0.3833333333333333,-1.1419540229885057,1.5331599353291328,0.07844947475323281,True
1.0,0.0,0.25,2.2839080459770114,0.375,-1.1419540229885057,1.5387110537250406,0.07795883789035639,True
1.0,0.0,0.26666666666666666,2.2839080459770114,0.3666666666666667,-1.1419540229885057,1.5442491811536123,0.07747688317973413,True
1.0,0.0,0.2833333333333333,2.2839080459770114,0.35833333333333334,-1.1419540229885057,1.5497742794988336,0.07700336591280635,True
1.0,0.0,0.30000000000000004,2.2839080459770114,0.35,-1.1419540229885057,1.5552863165266657,0.07653805069635804,True
1.0,0.0,0.31666666666666665,2.2839080459770114,0.3416666666666667,-1.1419540229885057,1.5607852655670589,0.07608071100945328,True
1.0,0.0,0.33333333333333337,2.2839080459770114,0.3333333333333333,-1.1419540229885057,1.5662711052120646,0.07563112878554852,True
1.0,0.0,0.35,2.2839080459770114,0.325,-1.1419540229885057,1.5717438190292101,0.07518909401812508,True
1.0,0.0,0.3666666666666667,2.2839080459770114,0.31666666666666665,-1.1419540229885057,1.5772033952893623,0.07475440438830322,True
1.0,0.0,0.3833333333333333,2.2839080459770114,0.30833333333333335,-1.1419540229885057,1.5826498267083946,0.07432686491301334,True
1.0,0.0,0.4,2.2839080459770114,0.3,-1.1419540229885057,1.5880831102018815,0.07390628761241039,True
1.0,0.0,0.41666666666666663,2.2839080459770114,0.2916666666666667,-1.1419540229885057,1.593503246652197,0.07349249119530905,True
1.0,0.0,0.43333333333333335,2.2839080459770114,0.2833333333333333,-1.1419540229885057,1.5989102406874163,0.07308530076150192,True
1.0,0.0,0.44999999999999996,2.2839080459770114,0.275,-1.1419540229885057,1.6043041004713519,0.0726845475199159,True
1.0,0.0,0.4666666666666667,2.2839080459770114,0.26666666666666666,-1.1419540229885057,1.6096848375042188,0.07229006852162247,True
1.0,0.0,0.4833333333333333,2.2839080459770114,0.25833333333333336,-1.1419540229885057,1.6150524664333479,0.07190170640679741,True
1.0,0.0,0.5,2.2839080459770114,0.25,-1.1419540229885057,1.6204070048734722,0.07151930916478104,True
1.0,0.0,0.5166666666666667,2.2839080459770114,0.24166666666666664,-1.1419540229885057,1.6257484732360732,0.07114272990645319,True
1.0,0.0,0.5333333333333333,2.2839080459770114,0.23333333333333334,-1.1419540229885057,1.6310768945673144,0.07077182664819093,True
1.0,0.0,0.55,2.2839080459770114,0.22499999999999998,-1.1419540229885057,1.6363922943941958,0.07040646210671972,True
1.0,0.0,0.5666666666666667,2.2839080459770114,0.21666666666666667,-1.1419540229885057,1.6416947005784133,0.07004650350422675,True
1.0,0.0,0.5833333333333334,2.2839080459770114,0.20833333333333331,-1.1419540229885057,1.6469841431776104,0.06969182238313666,True
1.0,0.0,0.6,2.2839080459770114,0.2,-1.1419540229885057,1.6522606543136291,0.06934229442999348,True
1.0,0.0,0.6166666666666666,2.2839080459770114,0.1916666666666667,-1.1419540229885057,1.6575242680473607,0.06899779930793287,True
1.0,0.0,0.6333333333333333,2.2839080459770114,0.18333333333333335,-1.1419540229885057,1.6627750202599418,0.06865822049725281,True
1.0,0.0,0.65,2.2839080459770114,0.175,-1.1419540229885057,1.6680129485399324,0.06832344514363116,True
1.0,0.0,0.6666666666666666,2.2839080459770114,0.16666666666666669,-1.1419540229885057,1.673238092076126,0.06799336391356799,True
1.0,0.0,0.6833333333333333,2.2839080459770114,0.15833333333333333,-1.1419540229885057,1.6784504915558225,0.0676678708566449,True
1.0,0.0,0.7,2.2839080459770114,0.15000000000000002,-1.1419540229885057,1.6836501890681974,0.06734686327423536,True
1.0,0.0,0.7166666666666667,2.2839080459770114,0.14166666666666666,-1.1419540229885057,1.6888372280125328,0.06703024159431273,True
1.0,0.0,0.7333333333333333,2.2839080459770114,0.13333333333333336,-1.1419540229885057,1.6940116530110951,0.06671790925202652,True
1.0,0.0,0.75,2.2839080459770114,0.125,-1.1419540229885057,1.6991735098263798,0.06640977257574011,True
1.0,0.0,0.7666666666666666,2.2839080459770114,0.1166666666666667,-1.1419540229885057,1.7043228452825554,0.06610574067823773,True
1.0,0.0,0.7833333333333333,2.2839080459770114,0.10833333333333334,-1.1419540229885057,1.709459707190868,0.06580572535282937,True
1.0,0.0,0.7999999999999999,2.2839080459770114,0.10000000000000003,-1.1419540229885057,1.7145841442787921,0.06550964097409956,True
1.0,0.0,0.8166666666666667,2.2839080459770114,0.09166666666666667,-1.1419540229885057,1.7196962061228012,0.06521740440305444,True
1.0,0.0,0.8333333333333333,2.2839080459770114,0.08333333333333337,-1.1419540229885057,1.724795943084508,0.06492893489644537,True
1.0,0.0,0.85,2.2839080459770114,0.07500000000000001,-1.1419540229885057,1.7298834062500466,0.06464415402005337,True
1.0,0.0,0.8666666666666666,2.2839080459770114,0.06666666666666671,-1.1419540229885057,1.7349586473725453,0.06436298556573226,True
1.0,0.0,0.8833333333333333,2.2839080459770114,0.05833333333333335,-1.1419540229885057,1.740021718817499,0.06408535547202392,True
1.0,0.0,0.9,2.2839080459770114,0.04999999999999999,-1.1419540229885057,1.7450726735109425,0.06381119174816502,True
1.0,0.0,0.9166666666666666,2.2839080459770114,0.041666666666666685,-1.1419540229885057,1.7501115648902394,0.06354042440131752,True
1.0,0.0,0.9333333333333333,2.2839080459770114,0.033333333333333326,-1.1419540229885057,1.7551384468573976,0.06327298536686472,True
1.0,0.0,0.95,2.2839080459770114,0.025000000000000022,-1.1419540229885057,1.7601533737348387,0.06300880844161753,True
1.0,0.0,0.9666666666666667,2.2839080459770114,0.016666666666666663,-1.1419540229885057,1.765156400223141,0.0627478292198104,True
1.0,0.0,0.9833333333333333,2.2839080459770114,0.00833333333333336,-1.1419540229885057,1.7701475813615053,0.06248998503170618,True
1.0,0.0,1.0,2.2839080459770114,0.0,-1.1419540229885057,1.7751269724896896,0.06223521488474563,True
1.0,0.0,1.0166666666666666,2.2839080459770114,-0.008333333333333304,-1.1419540229885057,1.7800946292122404,0.06198345940707167,True
1.0,0.0,1.0333333333333334,2.2839080459770114,-0.01666666666666672,-1.1419540229885057,1.7850506073644687,0.06173466079333965,True
1.0,0.0,1.05,2.2839080459770114,-0.025000000000000022,-1.1419540229885057,1.7899949629802028,0.06148876275270122,True
1.0,0.0,1.0666666666666667,2.2839080459770114,-0.033333333333333326,-1.1419540229885057,1.7949277522612639,0.06124571045885685,True
1.0,0.0,1.0833333333333333,2.2839080459770114,-0.04166666666666663,-1.1419540229885057,1.7998490315484754,0.06100545050208869,True
1.0,0.0,1.1,2.2839080459770114,-0.050000000000000044,-1.1419540229885057,1.8047588572942441,0.06076793084317508,True
1.0,0.0,1.1166666666666667,2.2839080459770114,-0.05833333333333335,-1.1419540229885057,1.8096572860365725,0.06053310076910599,True
1.0,0.0,1.1333333333333333,2.2839080459770114,-0.06666666666666665,-1.1419540229885057,1.8145443743744474,0.06030091085051455,True
1.0,0.0,1.1500000000000001,2.2839080459770114,-0.07500000000000007,-1.1419540229885057,1.8194201789445357,0.06007131290074943,True
1.0,0.0,1.1666666666666667,2.2839080459770114,-0.08333333333333337,-1.1419540229885057,1.8242847563991447,0.05984425993651279,True
1.0,0.0,1.1833333333333333,2.2839080459770114,-0.09166666666666667,-1.1419540229885057,1.8291381633853643,0.05961970613999492,True
1.0,0.0,1.2000000000000002,2.2839080459770114,-0.10000000000000009,-1.1419540229885057,1.8339804565252955,0.05939760682244128,True
1.0,0.0,1.2166666666666668,2.2839080459770114,-0.10833333333333339,-1.1419540229885057,1.8388116923974513,0.059177918389082894,True
1.0,0.0,1.2333333333333334,2.2839080459770114,-0.1166666666666667,-1.1419540229885057,1.8436319275190647,0.05896059830537997,True
1.0,0.0,1.25,2.2839080459770114,-0.125,-1.1419540229885057,1.848441218329485,0.05874560506451142,True
1.0,0.0,1.2666666666666668,2.2839080459770114,-0.13333333333333341,-1.1419540229885057,1.8532396211743924,0.058532898156066375,True
1.0,0.0,1.2833333333333334,2.2839080459770114,-0.14166666666666672,-1.1419540229885057,1.858027192290996,0.058322438035877326,True
1.0,0.0,1.3,2.2839080459770114,-0.15000000000000002,-1.1419540229885057,1.862803987793983,0.05811418609695391,True
1.0,0.0,1.3166666666666667,2.2839080459770114,-0.15833333333333333,-1.1419540229885057,1.8675700636623471,0.05790810464146445,True
1.0,0.0,1.3333333333333335,2.2839080459770114,-0.16666666666666674,-1.1419540229885057,1.8723254757269157,0.05770415685372625,True
1.0,0.0,1.35,2.2839080459770114,-0.17500000000000004,-1.1419540229885057,1.8770702796586263,0.05750230677415893,True
1.0,0.0,1.3666666666666667,2.2839080459770114,-0.18333333333333335,-1.1419540229885057,1.8818045309575928,0.05730251927415864,True
1.0,0.0,1.3833333333333333,2.2839080459770114,-0.19166666666666665,-1.1419540229885057,1.8865282849424514,0.057104760031873446,True
1.0,0.0,1.4000000000000001,2.2839080459770114,-0.20000000000000007,-1.1419540229885057,1.8912415967409846,0.05690899550880156,True
1.0,0.0,1.4166666666666667,2.2839080459770114,-0.20833333333333337,-1.1419540229885057,1.8959445212807202,0.0567151929272304,True
1.0,0.0,1.4333333333333333,2.2839080459770114,-0.21666666666666667,-1.1419540229885057,1.9006371132804072,0.05652332024844462,True
1.0,0.0,1.45,2.2839080459770114,-0.22499999999999998,-1.1419540229885057,1.9053194272419582,0.056333346151687475,True
1.0,0.0,0.1,2.3126436781609194,0.45,-1.1563218390804597,1.494291282794823,0.08211496550826512,True
1.0,0.0,0.11666666666666667,2.3126436781609194,0.44166666666666665,-1.1563218390804597,1.4999765281797532,0.08155200610901946,True
1.0,0.0,0.13333333333333333,2.3126436781609194,0.43333333333333335,-1.1563218390804597,1.505649105130506,0.08099988965897884,True
1.0,0.0,0.15000000000000002,2.3126436781609194,0.425,-1.1563218390804597,1.511308919996071,0.08045828494850021,True
1.0,0.0,0.16666666666666669,2.3126436781609194,0.41666666666666663,-1.1563218390804597,1.5169558880819936,0.07992687439823133,True
1.0,0.0,0.18333333333333335,2.3126436781609194,0.4083333333333333,-1.1563218390804597,1.5225899331746093,0.07940535335907416,True
1.0,0.0,0.2,2.3126436781609194,0.4,-1.1563218390804597,1.5282109870892384,0.07889342945510855,True
1.0,0.0,0.21666666666666667,2.3126436781609194,0.39166666666666666,-1.1563218390804597,1.533818989241243,0.07839082196640601,True
1.0,0.0,0.23333333333333334,2.3126436781609194,0.3833333333333333,-1.1563218390804597,1.5394138862390647,0.0778972612488983,True
1.0,0.0,0.25,2.3126436781609194,0.375,-1.1563218390804597,1.5449956314975473,0.0774124881887678,True
1.0,0.0,0.26666666666666666,2.3126436781609194,0.3666666666666667,-1.1563218390804597,1.5505641848712073,0.076936253688917,True
1.0,0.0,0.2833333333333333,2.3126436781609194,0.35833333333333334,-1.1563218390804597,1.5561195123059535,0.07646831818536734,True
1.0,0.0,0.30000000000000004,2.3126436781609194,0.35,-1.1563218390804597,1.5616615855085894,0.07600845119154119,True
1.0,0.0,0.31666666666666665,2.3126436781609194,0.3416666666666667,-1.1563218390804597,1.5671903816330277,0.07555643086857321,True
1.0,0.0,0.33333333333333337,2.3126436781609194,0.3333333333333333,-1.1563218390804597,1.5727058829825042,0.07511204361991565,True
1.0,0.0,0.35,2.3126436781609194,0.325,-1.1563218390804597,1.5782080767268967,0.0746750837086485,True
1.0,0.0,0.3666666666666667,2.3126436781609194,0.31666666666666665,-1.1563218390804597,1.583696954634395,0.07424535289601744,True
1.0,0.0,0.3833333333333333,2.3126436781609194,0.30833333333333335,-1.1563218390804597,1.5891725128168068,0.07382266009983246,True
1.0,0.0,0.4,2.3126436781609194,0.3,-1.1563218390804597,1.594634751487803,0.0734068210714596,True
1.0,0.0,0.41666666666666663,2.3126436781609194,0.2916666666666667,-1.1563218390804597,1.6000836747334024,0.0729976580902347,True
1.0,0.0,0.43333333333333335,2.3126436781609194,0.2833333333333333,-1.1563218390804597,1.6055192902941542,0.07259499967420283,True
1.0,0.0,0.44999999999999996,2.3126436781609194,0.275,-1.1563218390804597,1.6109416093583224,0.07219868030617778,True
1.0,0.0,0.4666666666666667,2.3126436781609194,0.26666666666666666,-1.1563218390804597,1.616350646365586,0.07180854017417507,True
1.0,0.0,0.4833333333333333,2.3126436781609194,0.25833333333333336,-1.1563218390804597,1.6217464188206858,0.071424424925345,True
1.0,0.0,0.5,2.3126436781609194,0.25,-1.1563218390804597,1.6271289471165045,0.07104618543259181,True
1.0,0.0,0.5166666666666667,2.3126436781609194,0.24166666666666664,-1.1563218390804597,1.6324982543661364,0.07067367757311727,True
1.0,0.0,0.5333333333333333,2.3126436781609194,0.23333333333333334,-1.1563218390804597,1.6378543662434217,0.07030676201818606,True
1.0,0.0,0.55,2.3126436781609194,0.22499999999999998,-1.1563218390804597,1.64319731083161,0.06994530403344662,True
1.0,0.0,0.5666666666666667,2.3126436781609194,0.21666666666666667,-1.1563218390804597,1.6485271184796413,0.06958917328919885,True
1.0,0.0,0.5833333333333334,2.3126436781609194,0.20833333333333331,-1.1563218390804597,1.653843821665704,0.06923824368003124,True
1.0,0.0,0.6,2.3126436781609194,0.2,-1.1563218390804597,1.6591474548677405,0.06889239315328652,True
1.0,0.0,0.6166666666666666,2.3126436781609194,0.1916666666666667,-1.1563218390804597,1.6644380544404547,0.06855150354586163,True
1.0,0.0,0.6333333333333333,2.3126436781609194,0.18333333333333335,-1.1563218390804597,1.6697156584985637,0.06821546042886675,True
1.0,0.0,0.65,2.3126436781609194,0.175,-1.1563218390804597,1.6749803068059628,0.067884152959705,True
1.0,0.0,0.6666666666666666,2.3126436781609194,0.16666666666666669,-1.1563218390804597,1.6802320406704998,0.06755747374116203,True
1.0,0.0,0.6833333333333333,2.3126436781609194,0.15833333333333333,-1.1563218390804597,1.6854709028440462,0.06723531868712156,True
1.0,0.0,0.7,2.3126436781609194,0.15000000000000002,-1.1563218390804597,1.6906969374276697,0.06691758689454085,True
1.0,0.0,0.7166666666666667,2.3126436781609194,0.14166666666666666,-1.1563218390804597,1.6959101897815896,0.06660418052135114,True
1.0,0.0,0.7333333333333333,2.3126436781609194,0.13333333333333336,-1.1563218390804597,1.701110706439667,0.06629500466996435,True
1.0,0.0,0.75,2.3126436781609194,0.125,-1.1563218390804597,1.7062985350282776,0.06598996727608494,True
1.0,0.0,0.7666666666666666,2.3126436781609194,0.1166666666666667,-1.1563218390804597,1.7114737241892706,0.065688979002548,True
1.0,0.0,0.7833333333333333,2.3126436781609194,0.10833333333333334,-1.1563218390804597,1.7166363235068318,0.06539195313792066,True
1.0,0.0,0.7999999999999999,2.3126436781609194,0.10000000000000003,-1.1563218390804597,1.7217863834380778,0.06509880549961694,True
1.0,0.0,0.8166666666666667,2.3126436781609194,0.09166666666666667,-1.1563218390804597,1.726923955247172,0.06480945434129277,True
1.0,0.0,0.8333333333333333,2.3126436781609194,0.08333333333333337,-1.1563218390804597,1.7320490909427968,0.06452382026430312,True
1.0,0.0,0.85,2.3126436781609194,0.07500000000000001,-1.1563218390804597,1.7371618432188016,0.06424182613301342,True
1.0,0.0,0.8666666666666666,2.3126436781609194,0.06666666666666671,-1.1563218390804597,1.742262265397891,0.06396339699376974,True
1.0,0.0,0.8833333333333333,2.3126436781609194,0.05833333333333335,-1.1563218390804597,1.7473504113781877,0.06368845999734539,True
1.0,0.0,0.9,2.3126436781609194,0.04999999999999999,-1.1563218390804597,1.7524263355825245,0.06341694432469006,True
1.0,0.0,0.9166666666666666,2.3126436781609194,0.041666666666666685,-1.1563218390804597,1.7574900929103165,0.06314878111581923,True
1.0,0.0,0.9333333333333333,2.3126436781609194,0.033333333333333326,-1.1563218390804597,1.7625417386920945,0.06288390340167883,True
1.0,0.0,0.95,2.3126436781609194,0.025000000000000022,-1.1563218390804597,1.7675813286458408,0.06262224603887818,True
1.0,0.0,0.9666666666666667,2.3126436781609194,0.016666666666666663,-1.1563218390804597,1.7726089188363992,0.06236374564708071,True
1.0,0.0,0.9833333333333333,2.3126436781609194,0.00833333333333336,-1.1563218390804597,1.777624565636258,0.06210834054900602,True
1.0,0.0,1.0,2.3126436781609194,0.0,-1.1563218390804597,1.7826283256887507,0.0618559707128603,True
1.0,0.0,1.0166666666666666,2.3126436781609194,-0.008333333333333304,-1.1563218390804597,1.787620255873045,0.061606577697107194,True
1.0,0.0,1.0333333333333334,2.3126436781609194,-0.01666666666666672,-1.1563218390804597,1.792600413270994,0.06136010459745933,True
1.0,0.0,1.05,2.3126436781609194,-0.025000000000000022,-1.1563218390804597,1.7975688551357387,0.06111649599598849,True
1.0,0.0,1.0666666666666667,2.3126436781609194,-0.033333333333333326,-1.1563218390804597,1.8025256388619084,0.0608756979122595,True
1.0,0.0,1.0833333333333333,2.3126436781609194,-0.04166666666666663,-1.1563218390804597,1.8074708219574611,0.06063765775638766,True
1.0,0.0,1.1,2.3126436781609194,-0.050000000000000044,-1.1563218390804597,1.812404462016973,0.060402324283938186,True
1.0,0.0,1.1166666666666667,2.3126436781609194,-0.05833333333333335,-1.1563218390804597,1.8173266166963593,0.06016964755257933,True
1.0,0.0,1.1333333333333333,2.3126436781609194,-0.06666666666666665,-1.1563218390804597,1.8222373436889692,0.05993957888041158,True
1.0,0.0,1.1500000000000001,2.3126436781609194,-0.07500000000000007,-1.1563218390804597,1.827136700702923,0.05971207080589862,True
1.0,0.0,1.1666666666666667,2.3126436781609194,-0.08333333333333337,-1.1563218390804597,1.832024745439744,0.059487077049324294,True
1.0,0.0,1.1833333333333333,2.3126436781609194,-0.09166666666666667,-1.1563218390804597,1.8369015355740768,0.059264552475714695,True
1.0,0.0,1.2000000000000002,2.3126436781609194,-0.10000000000000009,-1.1563218390804597,1.8417671287345991,0.059044453059152464,True
1.0,0.0,1.2166666666666668,2.3126436781609194,-0.10833333333333339,-1.1563218390804597,1.8466215824858918,0.058826735848431795,True
1.0,0.0,1.2333333333333334,2.3126436781609194,-0.1166666666666667,-1.1563218390804597,1.8514649543114126,0.05861135893398539,True
1.0,0.0,1.25,2.3126436781609194,-0.125,-1.1563218390804597,1.8562973015973394,0.05839828141603854,True
1.0,0.0,1.2666666666666668,2.3126436781609194,-0.13333333333333341,-1.1563218390804597,1.8611186816173968,0.05818746337392823,True
1.0,0.0,1.2833333333333334,2.3126436781609194,-0.14166666666666672,-1.1563218390804597,1.8659291515184955,0.05797886583654545,True
1.0,0.0,1.3,2.3126436781609194,-0.15000000000000002,-1.1563218390804597,1.8707287683072202,0.05777245075384739,True
1.0,0.0,1.3166666666666667,2.3126436781609194,-0.15833333333333333,-1.1563218390804597,1.8755175888370876,0.057568180969397455,True
1.0,0.0,1.3333333333333335,2.3126436781609194,-0.16666666666666674,-1.1563218390804597,1.880295669796533,0.05736602019389005,True
1.0,0.0,1.35,2.3126436781609194,-0.17500000000000004,-1.1563218390804597,1.8850630676978235,0.057165932979608425,True
1.0,0.0,1.3666666666666667,2.3126436781609194,-0.18333333333333335,-1.1563218390804597,1.8898198388660206,0.05696788469581262,True
1.0,0.0,1.3833333333333333,2.3126436781609194,-0.19166666666666665,-1.1563218390804597,1.8945660394295099,0.056771841504955504,True
1.0,0.0,1.4000000000000001,2.3126436781609194,-0.20000000000000007,-1.1563218390804597,1.8993017253103828,0.056577770339760844,True
1.0,0.0,1.4166666666666667,2.3126436781609194,-0.20833333333333337,-1.1563218390804597,1.9040269522157371,0.05638563888108509,True
1.0,0.0,1.4333333333333333,2.3126436781609194,-0.21666666666666667,-1.1563218390804597,1.9087417756294347,0.0561954155365473,True
1.0,0.0,1.45,2.3126436781609194,-0.22499999999999998,-1.1563218390804597,1.9134462508044867,0.056007069419890206,True
1.0,0.0,0.1,2.3413793103448275,0.45,-1.1706896551724137,1.5002706634802871,0.08152314468604731,True
1.0,0.0,0.11666666666666667,2.3413793103448275,0.44166666666666665,-1.1706896551724137,1.5059880864475714,0.08096719352806113,True
1.0,0.0,0.13333333333333333,2.3413793103448275,0.43333333333333335,-1.1706896551724137,1.5116926057510922,0.08042189737531813,True
1.0,0.0,0.15000000000000002,2.3413793103448275,0.425,-1.1706896551724137,1.5173841328547995,0.07988693234734917,True
1.0,0.0,0.16666666666666669,2.3413793103448275,0.41666666666666663,-1.1706896551724137,1.5230625880213255,0.07936198782602347,True
1.0,0.0,0.18333333333333335,2.3413793103448275,0.4083333333333333,-1.1706896551724137,1.5287278998415754,0.07884676577794178,True
1.0,0.0,0.2,2.3413793103448275,0.4,-1.1706896551724137,1.5343800047881533,0.07834098011818431,True
1.0,0.0,0.21666666666666667,2.3413793103448275,0.39166666666666666,-1.1706896551724137,1.5400188467918228,0.07784435611244858,True
1.0,0.0,0.23333333333333334,2.3413793103448275,0.3833333333333333,-1.1706896551724137,1.545644376839094,0.07735662981495274,True
1.0,0.0,0.25,2.3413793103448275,0.375,-1.1706896551724137,1.5512565525906692,0.0768775475395513,True
1.0,0.0,0.26666666666666666,2.3413793103448275,0.3666666666666667,-1.1706896551724137,1.5568553380191856,0.07640686536182806,True
1.0,0.0,0.2833333333333333,2.3413793103448275,0.35833333333333334,-1.1706896551724137,1.5624407030654741,0.07594434865004428,True
1.0,0.0,0.30000000000000004,2.3413793103448275,0.35,-1.1706896551724137,1.5680126233123244,0.07548977162300538,True
1.0,0.0,0.31666666666666665,2.3413793103448275,0.3416666666666667,-1.1706896551724137,1.5735710796749163,0.07504291693305028,True
1.0,0.0,0.33333333333333337,2.3413793103448275,0.3333333333333333,-1.1706896551724137,1.5791160581070174,0.07460357527250912,True
1.0,0.0,0.35,2.3413793103448275,0.325,-1.1706896551724137,1.584647549322173,0.0741715450020954,True
1.0,0.0,0.3666666666666667,2.3413793103448275,0.31666666666666665,-1.1706896551724137,1.5901655485291297,0.07374663179981296,True
1.0,0.0,0.3833333333333333,2.3413793103448275,0.30833333333333335,-1.1706896551724137,1.5956700551807255,0.07332864832906551,True
1.0,0.0,0.4,2.3413793103448275,0.3,-1.1706896551724137,1.6011610727355818,0.07291741392474918,True
1.0,0.0,0.41666666666666663,2.3413793103448275,0.2916666666666667,-1.1706896551724137,1.6066386084319741,0.07251275429619494,True
1.0,0.0,0.43333333333333335,2.3413793103448275,0.2833333333333333,-1.1706896551724137,1.6121026730731707,0.07211450124591721,True
1.0,0.0,0.44999999999999996,2.3413793103448275,0.275,-1.1706896551724137,1.6175532808237554,0.07172249240318579,True
1.0,0.0,0.4666666666666667,2.3413793103448275,0.26666666666666666,-1.1706896551724137,1.6229904490162734,0.0713365709715212,True
1.0,0.0,0.4833333333333333,2.3413793103448275,0.25833333333333336,-1.1706896551724137,1.6284141979677804,0.07095658548926177,True
1.0,0.0,0.5,2.3413793103448275,0.25,-1.1706896551724137,1.6338245508056557,0.07058238960242685,True
1.0,0.0,0.5166666666666667,2.3413793103448275,0.24166666666666664,-1.1706896551724137,1.6392215333023339,0.07021384184913385,True
1.0,0.0,0.5333333333333333,2.3413793103448275,0.23333333333333334,-1.1706896551724137,1.6446051737184215,0.06985080545489279,True
1.0,0.0,0.55,2.3413793103448275,0.22499999999999998,-1.1706896551724137,1.6499755026537797,0.06949314813814145,True
1.0,0.0,0.5666666666666667,2.3413793103448275,0.21666666666666667,-1.1706896551724137,1.655332552906213,0.0691407419254223,True
1.0,0.0,0.5833333333333334,2.3413793103448275,0.20833333333333331,-1.1706896551724137,1.6606763593372946,0.0687934629756534,True
1.0,0.0,0.6,2.3413793103448275,0.2,-1.1706896551724137,1.6660069587450492,0.06845119141296746,True
1.0,0.0,0.6166666666666666,2.3413793103448275,0.1916666666666667,-1.1706896551724137,1.6713243897430965,0.0681138111676376,True
1.0,0.0,0.6333333333333333,2.3413793103448275,0.18333333333333335,-1.1706896551724137,1.6766286926459213,0.06778120982463655,True
1.0,0.0,0.65,2.3413793103448275,0.175,-1.1706896551724137,1.6819199093600126,0.06745327847940025,True
1.0,0.0,0.6666666666666666,2.3413793103448275,0.16666666666666669,-1.1706896551724137,1.6871980832804927,0.06712991160040398,True
1.0,0.0,0.6833333333333333,2.3413793103448275,0.15833333333333333,-1.1706896551724137,1.6924632591930326,0.06681100689817186,True
1.0,0.0,0.7,2.3413793103448275,0.15000000000000002,-1.1706896551724137,1.6977154831807457,0.06649646520037412,True
1.0,0.0,0.7166666666666667,2.3413793103448275,0.14166666666666666,-1.1706896551724137,1.7029548025358288,0.0661861903326807,True
1.0,0.0,0.7333333333333333,2.3413793103448275,0.13333333333333336,-1.1706896551724137,1.7081812656756945,0.06588008900506621,True
1.0,0.0,0.75,2.3413793103448275,0.125,-1.1706896551724137,1.7133949220633604,0.06557807070327556,True
1.0,0.0,0.7666666666666666,2.3413793103448275,0.1166666666666667,-1.1706896551724137,1.7185958221319337,0.06528004758517662,True
1.0,0.0,0.7833333333333333,2.3413793103448275,0.10833333333333334,-1.1706896551724137,1.7237840172129282,0.06498593438174619,True
1.0,0.0,0.7999999999999999,2.3413793103448275,0.10000000000000003,-1.1706896551724137,1.7289595594682279,0.06469564830244999,True
1.0,0.0,0.8166666666666667,2.3413793103448275,0.09166666666666667,-1.1706896551724137,1.734122501825553,0.06440910894478759,True
1.0,0.0,0.8333333333333333,2.3413793103448275,0.08333333333333337,-1.1706896551724137,1.7392728979172274,0.0641262382077901,True
1.0,0.0,0.85,2.3413793103448275,0.07500000000000001,-1.1706896551724137,1.7444108020220612,0.06384696020927264,True
1.0,0.0,0.8666666666666666,2.3413793103448275,0.06666666666666671,-1.1706896551724137,1.749536269010259,0.06357120120664679,True
1.0,0.0,0.8833333333333333,2.3413793103448275,0.05833333333333335,-1.1706896551724137,1.7546493542911052,0.06329888952112336,True
1.0,0.0,0.9,2.3413793103448275,0.04999999999999999,-1.1706896551724137,1.7597501137634526,0.06302995546512445,True
1.0,0.0,0.9166666666666666,2.3413793103448275,0.041666666666666685,-1.1706896551724137,1.7648386037684842,0.062764331272771,True
1.0,0.0,0.9333333333333333,2.3413793103448275,0.033333333333333326,-1.1706896551724137,1.769914881045436,0.06250195103325036,True
1.0,0.0,0.95,2.3413793103448275,0.025000000000000022,-1.1706896551724137,1.7749790026890646,0.06224275062698167,True
1.0,0.0,0.9666666666666667,2.3413793103448275,0.016666666666666663,-1.1706896551724137,1.7800310261096661,0.061986667664396956,True
1.0,0.0,0.9833333333333333,2.3413793103448275,0.00833333333333336,-1.1706896551724137,1.7850710089950323,0.06173364142723721,True
1.0,0.0,1.0,2.3413793103448275,0.0,-1.1706896551724137,1.7900990092745102,0.06148361281223142,True
1.0,0.0,1.0166666666666666,2.3413793103448275,-0.008333333333333304,-1.1706896551724137,1.7951150850848134,0.061236524277057655,True
1.0,0.0,1.0333333333333334,2.3413793103448275,-0.01666666666666672,-1.1706896551724137,1.800119294737759,0.060992319788466434,True
1.0,0.0,1.05,2.3413793103448275,-0.025000000000000022,-1.1706896551724137,1.8051116966896203,0.06075094477247636,True
1.0,0.0,1.0666666666666667,2.3413793103448275,-0.033333333333333326,-1.1706896551724137,1.8100923495121564,0.060512346066538075,True
1.0,0.0,1.0833333333333333,2.3413793103448275,-0.04166666666666663,-1.1706896551724137,1.8150613118651664,0.06027647187358123,True
1.0,0.0,1.1,2.3413793103448275,-0.050000000000000044,-1.1706896551724137,1.8200186424705178,0.06004327171785506,True
1.0,0.0,1.1166666666666667,2.3413793103448275,-0.05833333333333335,-1.1706896551724137,1.824964400087562,0.059812696402484225,True
1.0,0.0,1.1333333333333333,2.3413793103448275,-0.06666666666666665,-1.1706896551724137,1.8298986434899078,0.05958469796865818,True
1.0,0.0,1.1500000000000001,2.3413793103448275,-0.07500000000000007,-1.1706896551724137,1.834821431443423,0.05935922965638583,True
1.0,0.0,1.1666666666666667,2.3413793103448275,-0.08333333333333337,-1.1706896551724137,1.839732822685472,0.05913624586674175,True
1.0,0.0,1.1833333333333333,2.3413793103448275,-0.09166666666666667,-1.1706896551724137,1.844632875905273,0.05891570212554059,True
1.0,0.0,1.2000000000000002,2.3413793103448275,-0.10000000000000009,-1.1706896551724137,1.8495216497253613,0.058697555048375157,True
1.0,0.0,1.2166666666666668,2.3413793103448275,-0.10833333333333339,-1.1706896551724137,1.8543992026840757,0.05848176230696004,True
1.0,0.0,1.2333333333333334,2.3413793103448275,-0.1166666666666667,-1.1706896551724137,1.859265593219024,0.05826828259672299,True
1.0,0.0,1.25,2.3413793103448275,-0.125,-1.1706896551724137,1.864120879651535,0.05805707560558986,True
1.0,0.0,1.2666666666666668,2.3413793103448275,-0.13333333333333341,-1.1706896551724137,1.868965120171926,0.057848101983914185,True
1.0,0.0,1.2833333333333334,2.3413793103448275,-0.14166666666666672,-1.1706896551724137,1.8737983728256797,0.05764132331550007,True
1.0,0.0,1.3,2.3413793103448275,-0.15000000000000002,-1.1706896551724137,1.878620695500384,0.05743670208967427,True
1.0,0.0,1.3166666666666667,2.3413793103448275,-0.15833333333333333,-1.1706896551724137,1.8834321459135892,0.057234201674355785,True
1.0,0.0,1.3333333333333335,2.3413793103448275,-0.16666666666666674,-1.1706896551724137,1.888232781600947,0.05703378629010726,True
1.0,0.0,1.35,2.3413793103448275,-0.17500000000000004,-1.1706896551724137,1.8930226599057813,0.056835420985076025,True
1.0,0.0,1.3666666666666667,2.3413793103448275,-0.18333333333333335,-1.1706896551724137,1.8978018379686568,0.056639071610848274,True
1.0,0.0,1.3833333333333333,2.3413793103448275,-0.19166666666666665,-1.1706896551724137,1.9025703727178598,0.0564447047991376,True
1.0,0.0,1.4000000000000001,2.3413793103448275,-0.20000000000000007,-1.1706896551724137,1.9073283208605103,0.05625228793928609,True
1.0,0.0,1.4166666666666667,2.3413793103448275,-0.20833333333333337,-1.1706896551724137,1.9120757388741285,0.05606178915654962,True
1.0,0.0,1.4333333333333333,2.3413793103448275,-0.21666666666666667,-1.1706896551724137,1.9168126829988075,0.05587317729112911,True
1.0,0.0,1.45,2.3413793103448275,-0.22499999999999998,-1.1706896551724137,1.9215392092299082,0.05568642187792012,True
1.0,0.0,0.1,2.3701149425287356,0.45,-1.1850574712643678,1.5062284398551506,0.08094403055140599,True
1.0,0.0,0.11666666666666667,2.3701149425287356,0.44166666666666665,-1.1850574712643678,1.5119778262927281,0.08039487467589237,True
1.0,0.0,0.13333333333333333,2.3701149425287356,0.43333333333333335,-1.1850574712643678,1.5177140768455741,0.07985619279902692,True
1.0,0.0,0.15000000000000002,2.3701149425287356,0.425,-1.1850574712643678,1.5234371080081461,0.07932766805589618,True
1.0,0.0,0.16666666666666669,2.3701149425287356,0.41666666666666663,-1.1850574712643678,1.5291468449183658,0.07880899649380399,True
1.0,0.0,0.18333333333333335,2.3701149425287356,0.4083333333333333,-1.1850574712643678,1.534843220892482,0.07829988641588301,True
1.0,0.0,0.2,2.3701149425287356,0.4,-1.1850574712643678,1.540526176984048,0.07780005776451612,True
1.0,0.0,0.21666666666666667,2.3701149425287356,0.39166666666666666,-1.1850574712643678,1.5461956615649501,0.07730924154183712,True
1.0,0.0,0.23333333333333334,2.3701149425287356,0.3833333333333333,-1.1850574712643678,1.5518516299282596,0.07682717926464791,True
1.0,0.0,0.25,2.3701149425287356,0.375,-1.1850574712643678,1.5574940439112221,0.07635362245142703,True
1.0,0.0,0.26666666666666666,2.3701149425287356,0.3666666666666667,-1.1850574712643678,1.5631228715376027,0.0758883321392174,True
1.0,0.0,0.2833333333333333,2.3701149425287356,0.35833333333333334,-1.1850574712643678,1.5687380866783194,0.07543107842837929,True
1.0,0.0,0.30000000000000004,2.3701149425287356,0.35,-1.1850574712643678,1.5743396687294795,0.07498164005334068,True
1.0,0.0,0.31666666666666665,2.3701149425287356,0.3416666666666667,-1.1850574712643678,1.5799276023068716,0.07453980397762461,True
1.0,0.0,0.33333333333333337,2.3701149425287356,0.3333333333333333,-1.1850574712643678,1.5855018769561333,0.07410536501155804,True
1.0,0.0,0.35,2.3701149425287356,0.325,-1.1850574712643678,1.59106248687775,0.07367812545118939,True
1.0,0.0,0.3666666666666667,2.3701149425287356,0.31666666666666665,-1.1850574712643678,1.5966094306661196,0.07325789473705034,True
1.0,0.0,0.3833333333333333,2.3701149425287356,0.30833333333333335,-1.1850574712643678,1.6021427110620001,0.07284448913149393,True
1.0,0.0,0.4,2.3701149425287356,0.3,-1.1850574712643678,1.6076623347175987,0.07243773141343987,True
1.0,0.0,0.41666666666666663,2.3701149425287356,0.2916666666666667,-1.1850574712643678,1.613168311973704,0.07203745058943281,True
1.0,0.0,0.43333333333333335,2.3701149425287356,0.2833333333333333,-1.1850574712643678,1.6186606566482082,0.07164348162000571,True
1.0,0.0,0.44999999999999996,2.3701149425287356,0.275,-1.1850574712643678,1.6241393858354396,0.07125566516040716,True
1.0,0.0,0.4666666666666667,2.3701149425287356,0.26666666666666666,-1.1850574712643678,1.6296045197157647,0.07087384731481569,True
1.0,0.0,0.4833333333333333,2.3701149425287356,0.25833333333333336,-1.1850574712643678,1.6350560813749004,0.07049787940323168,True
1.0,0.0,0.5,2.3701149425287356,0.25,-1.1850574712643678,1.640494096632516,0.07012761774028094,True
1.0,0.0,0.5166666666666667,2.3701149425287356,0.24166666666666664,-1.1850574712643678,1.645918593879503,0.06976292342523391,True
1.0,0.0,0.5333333333333333,2.3701149425287356,0.23333333333333334,-1.1850574712643678,1.6513296039236245,0.06940366214257138,True
1.0,0.0,0.55,2.3701149425287356,0.22499999999999998,-1.1850574712643678,1.6567271598430389,0.06904970397248653,True
1.0,0.0,0.5666666666666667,2.3701149425287356,0.21666666666666667,-1.1850574712643678,1.6621112968472578,0.06870092321075044,True
1.0,0.0,0.5833333333333334,2.3701149425287356,0.20833333333333331,-1.1850574712643678,1.6674820521452813,0.06835719819739848,True
1.0,0.0,0.6,2.3701149425287356,0.2,-1.1850574712643678,1.672839464820371,0.06801841115374484,True
1.0,0.0,0.6166666666666666,2.3701149425287356,0.1916666666666667,-1.1850574712643678,1.678183575711297,0.0676844480272472,True
1.0,0.0,0.6333333333333333,2.3701149425287356,0.18333333333333335,-1.1850574712643678,1.6835144272996057,0.067355198343788,True
1.0,0.0,0.65,2.3701149425287356,0.175,-1.1850574712643678,1.6888320636026501,0.06703055506695944,True
1.0,0.0,0.6666666666666666,2.3701149425287356,0.16666666666666669,-1.1850574712643678,1.6941365300721116,0.06671041446396526,True
1.0,0.0,0.6833333333333333,2.3701149425287356,0.15833333333333333,-1.1850574712643678,1.6994278734976478,0.06639467597778279,True
1.0,0.0,0.7,2.3701149425287356,0.15000000000000002,-1.1850574712643678,1.7047061419155316,0.06608324210524,True
1.0,0.0,0.7166666666666667,2.3701149425287356,0.14166666666666666,-1.1850574712643678,1.7099713845219293,0.065776018280694,True
1.0,0.0,0.7333333333333333,2.3701149425287356,0.13333333333333336,-1.1850574712643678,1.7152236515906114,0.06547291276501245,True
1.0,0.0,0.75,2.3701149425287356,0.125,-1.1850574712643678,1.7204629943948926,0.0651738365395749,True
1.0,0.0,0.7666666666666666,2.3701149425287356,0.1166666666666667,-1.1850574712643678,1.725689465133573,0.06487870320503189,True
1.0,0.0,0.7833333333333333,2.3701149425287356,0.10833333333333334,-1.1850574712643678,1.730903116860667,0.0645874288845744,True
1.0,0.0,0.7999999999999999,2.3701149425287356,0.10000000000000003,-1.1850574712643678,1.736104003418744,0.06429993213148015,True
1.0,0.0,0.8166666666666667,2.3701149425287356,0.09166666666666667,-1.1850574712643678,1.7412921793757123,0.06401613384071517,True
1.0,0.0,0.8333333333333333,2.3701149425287356,0.08333333333333337,-1.1850574712643678,1.7464676999648492,0.06373595716438779,True
1.0,0.0,0.85,2.3701149425287356,0.07500000000000001,-1.1850574712643678,1.7516306210278958,0.06345932743085815,True
1.0,0.0,0.8666666666666666,2.3701149425287356,0.06666666666666671,-1.1850574712643678,1.7567809989611345,0.06318617206731843,True
1.0,0.0,0.8833333333333333,2.3701149425287356,0.05833333333333335,-1.1850574712643678,1.7619188906643353,0.0629164205256679,True
1.0,0.0,0.9,2.3701149425287356,0.04999999999999999,-1.1850574712643678,1.767044353491969,0.06265000421154392,True
1.0,0.0,0.9166666666666666,2.3701149425287356,0.041666666666666685,-1.1850574712643678,1.7721574452076032,0.06238685641629968,True
1.0,0.0,0.9333333333333333,2.3701149425287356,0.033333333333333326,-1.1850574712643678,1.7772582239401038,0.06212691225184942,True
1.0,0.0,0.95,2.3701149425287356,0.025000000000000022,-1.1850574712643678,1.782346748142357,0.061870108588199746,True
1.0,0.0,0.9666666666666667,2.3701149425287356,0.016666666666666663,-1.1850574712643678,1.7874230765521715,0.06161638399354845,True
1.0,0.0,0.9833333333333333,2.3701149425287356,0.00833333333333336,-1.1850574712643678,1.7924872681551707,0.06136567867683387,True
1.0,0.0,1.0,2.3701149425287356,0.0,-1.1850574712643678,1.7975393821496572,0.061117934432612785,True
1.0,0.0,1.0166666666666666,2.3701149425287356,-0.008333333333333304,-1.1850574712643678,1.802579477913392,0.060873094588156165,True
1.0,0.0,1.0333333333333334,2.3701149425287356,-0.01666666666666672,-1.1850574712643678,1.8076076149720361,0.060631103952666694,True
1.0,0.0,1.05,2.3701149425287356,-0.025000000000000022,-1.1850574712643678,1.8126238529693597,0.06039190876850968,True
1.0,0.0,1.0666666666666667,2.3701149425287356,-0.033333333333333326,-1.1850574712643678,1.817628251639007,0.060155456664370645,True
1.0,0.0,1.0833333333333333,2.3701149425287356,-0.04166666666666663,-1.1850574712643678,1.8226208707778082,0.05992169661024902,True
1.0,0.0,1.1,2.3701149425287356,-0.050000000000000044,-1.1850574712643678,1.827601770220486,0.059690578874205584,True
1.0,0.0,1.1166666666666667,2.3701149425287356,-0.05833333333333335,-1.1850574712643678,1.8325710098158072,0.05946205498078148,True
1.0,0.0,1.1333333333333333,2.3701149425287356,-0.06666666666666665,-1.1850574712643678,1.8375286494039729,0.05923607767101725,True
1.0,0.0,1.1500000000000001,2.3701149425287356,-0.07500000000000007,-1.1850574712643678,1.842474748795282,0.05901260086399835,True
1.0,0.0,1.1666666666666667,2.3701149425287356,-0.08333333333333337,-1.1850574712643678,1.847409367749993,0.05879157961985778,True
1.0,0.0,1.1833333333333333,2.3701149425287356,-0.09166666666666667,-1.1850574712643678,1.8523325659592609,0.05857297010417654,True
1.0,0.0,1.2000000000000002,2.3701149425287356,-0.10000000000000009,-1.1850574712643678,1.85724440302719,0.05835672955371456,True
1.0,0.0,1.2166666666666668,2.3701149425287356,-0.10833333333333339,-1.1850574712643678,1.86214493845389,0.058142816243418445,True
1.0,0.0,1.2333333333333334,2.3701149425287356,-0.1166666666666667,-1.1850574712643678,1.867034231619478,0.057931189454649305,True
1.0,0.0,1.25,2.3701149425287356,-0.125,-1.1850574712643678,1.8719123417690158,0.05772180944457851,True
1.0,0.0,1.2666666666666668,2.3701149425287356,-0.13333333333333341,-1.1850574712643678,1.8767793279983431,0.05751463741669987,True
1.0,0.0,1.2833333333333334,2.3701149425287356,-0.14166666666666672,-1.1850574712643678,1.8816352492407518,0.05730963549241155,True
1.0,0.0,1.3,2.3701149425287356,-0.15000000000000002,-1.1850574712643678,1.8864801642542333,0.05710676668363268,True
1.0,0.0,1.3166666666666667,2.3701149425287356,-0.15833333333333333,-1.1850574712643678,1.8913141316099729,0.05690599486638091,True
1.0,0.0,1.3333333333333335,2.3701149425287356,-0.16666666666666674,-1.1850574712643678,1.8961372096810383,0.056707284755312996,True
1.0,0.0,1.35,2.3701149425287356,-0.17500000000000004,-1.1850574712643678,1.9009494566320284,0.05651060187915574,True
1.0,0.0,1.3666666666666667,2.3701149425287356,-0.18333333333333335,-1.1850574712643678,1.9057509304093008,0.056315912557004834,True
1.0,0.0,1.3833333333333333,2.3701149425287356,-0.19166666666666665,-1.1850574712643678,1.9105416887318336,0.056123183875451996,True
1.0,0.0,1.4000000000000001,2.3701149425287356,-0.20000000000000007,-1.1850574712643678,1.9153217890826604,0.05593238366650894,True
1.0,0.0,1.4166666666666667,2.3701149425287356,-0.20833333333333337,-1.1850574712643678,1.9200912887008708,0.055743480486293455,True
1.0,0.0,1.4333333333333333,2.3701149425287356,-0.21666666666666667,-1.1850574712643678,1.9248502445741367,0.055556443594449466,True
1.0,0.0,1.45,2.3701149425287356,-0.22499999999999998,-1.1850574712643678,1.929598713431723,0.05537124293427022,True
1.0,0.0,0.1,2.3988505747126436,0.45,-1.1994252873563218,1.5121647981472823,0.08037717272354784,True
1.0,0.0,0.11666666666666667,2.3988505747126436,0.44166666666666665,-1.1994252873563218,1.5179459385598446,0.07983460888959167,True
1.0,0.0,0.13333333333333333,2.3988505747126436,0.43333333333333335,-1.1994252873563218,1.5237137137844745,0.07930234461850273,True
1.0,0.0,0.15000000000000002,2.3988505747126436,0.425,-1.1994252873563218,1.529468045264355,0.07878006976589436,True
1.0,0.0,0.16666666666666669,2.3988505747126436,0.41666666666666663,-1.1994252873563218,1.5352088629334322,0.07826748676614732,True
1.0,0.0,0.18333333333333335,2.3988505747126436,0.4083333333333333,-1.1994252873563218,1.540936104756986,0.07776430999606941,True
1.0,0.0,0.2,2.3988505747126436,0.4,-1.1994252873563218,1.5466497162952033,0.0772702651770315,True
1.0,0.0,0.21666666666666667,2.3988505747126436,0.39166666666666666,-1.1994252873563218,1.5523496502895868,0.07678508881279576,True
1.0,0.0,0.23333333333333334,2.3988505747126436,0.3833333333333333,-1.1994252873563218,1.5580358662704399,0.07630852766061251,True
1.0,0.0,0.25,2.3988505747126436,0.375,-1.1994252873563218,1.563708330184537,0.07584033823328694,True
1.0,0.0,0.26666666666666666,2.3988505747126436,0.3666666666666667,-1.1994252873563218,1.5693670140419311,0.07538028633011037,True
1.0,0.0,0.2833333333333333,2.3988505747126436,0.35833333333333334,-1.1994252873563218,1.5750118955809291,0.07492814659471703,True
1.0,0.0,0.30000000000000004,2.3988505747126436,0.35,-1.1994252873563218,1.580642957950295,0.07448370209807031,True
1.0,0.0,0.31666666666666665,2.3988505747126436,0.3416666666666667,-1.1994252873563218,1.5862601894077684,0.07404674394492626,True
1.0,0.0,0.33333333333333337,2.3988505747126436,0.3333333333333333,-1.1994252873563218,1.5918635830341068,0.07361707090223585,True
1.0,0.0,0.35,2.3988505747126436,0.325,-1.1994252873563218,1.5974531364618216,0.07319448904806919,True
1.0,0.0,0.3666666666666667,2.3988505747126436,0.31666666666666665,-1.1994252873563218,1.603028851617868,0.0727788114397479,True
1.0,0.0,0.3833333333333333,2.3988505747126436,0.30833333333333335,-1.1994252873563218,1.6085907344795303,0.072369857799966,True
1.0,0.0,0.4,2.3988505747126436,0.3,-1.1994252873563218,1.614138794842889,0.0719674542197672,True
1.0,0.0,0.41666666666666663,2.3988505747126436,0.2916666666666667,-1.1994252873563218,1.6196730461031412,0.07157143287733046,True
1.0,0.0,0.43333333333333335,2.3988505747126436,0.2833333333333333,-1.1994252873563218,1.625193505046235,0.07118163177158635,True
1.0,0.0,0.44999999999999996,2.3988505747126436,0.275,-1.1994252873563218,1.630700191651195,0.07079789446975736,True
1.0,0.0,0.4666666666666667,2.3988505747126436,0.26666666666666666,-1.1994252873563218,1.6361931289025826,0.0704200698679787,True
1.0,0.0,0.4833333333333333,2.3988505747126436,0.25833333333333336,-1.1994252873563218,1.6416723426126034,0.07004801196421226,True
1.0,0.0,0.5,2.3988505747126436,0.25,-1.1994252873563218,1.6471378612522998,0.06968157964272435,True
1.0,0.0,0.5166666666666667,2.3988505747126436,0.24166666666666664,-1.1994252873563218,1.6525897157914673,0.06932063646943819,True
1.0,0.0,0.5333333333333333,2.3988505747126436,0.23333333333333334,-1.1994252873563218,1.658027939546713,0.06896505049753318,True
1.0,0.0,0.55,2.3988505747126436,0.22499999999999998,-1.1994252873563218,1.6634525680373646,0.06861469408268667,True
1.0,0.0,0.5666666666666667,2.3988505747126436,0.21666666666666667,-1.1994252873563218,1.6688636388487328,0.06826944370741099,True
1.0,0.0,0.5833333333333334,2.3988505747126436,0.20833333333333331,-1.1994252873563218,1.6742611915023875,0.06792917981396301,True
1.0,0.0,0.6,2.3988505747126436,0.2,-1.1994252873563218,1.6796452673331197,0.06759378664533872,True
1.0,0.0,0.6166666666666666,2.3988505747126436,0.1916666666666667,-1.1994252873563218,1.6850159093721526,0.06726315209390557,True
1.0,0.0,0.6333333333333333,2.3988505747126436,0.18333333333333335,-1.1994252873563218,1.6903731622364133,0.0669371675572389,True
1.0,0.0,0.65,2.3988505747126436,0.175,-1.1994252873563218,1.6957170720234358,0.06661572780077096,True
1.0,0.0,0.6666666666666666,2.3988505747126436,0.16666666666666669,-1.1994252873563218,1.7010476862116737,0.06629873082687614,True
1.0,0.0,0.6833333333333333,2.3988505747126436,0.15833333333333333,-1.1994252873563218,1.7063650535659338,0.06598607775004257,True
1.0,0.0,0.7,2.3988505747126436,0.15000000000000002,-1.1994252873563218,1.7116692240476676,0.06567767267780289,True
1.0,0.0,0.7166666666666667,2.3988505747126436,0.14166666666666666,-1.1994252873563218,1.716960248729869,0.0653734225971144,True
1.0,0.0,0.7333333333333333,2.3988505747126436,0.13333333333333336,-1.1994252873563218,1.7222381797163613,0.06507323726589985,True
1.0,0.0,0.75,2.3988505747126436,0.125,-1.1994252873563218,1.7275030700652214,0.0647770291094782,True
1.0,0.0,0.7666666666666666,2.3988505747126436,0.1166666666666667,-1.1994252873563218,1.7327549737161612,0.06448471312162671,True
1.0,0.0,0.7833333333333333,2.3988505747126436,0.10833333333333334,-1.1994252873563218,1.7379939454216649,0.06419620677003587,True
1.0,0.0,0.7999999999999999,2.3988505747126436,0.10000000000000003,-1.1994252873563218,1.7432200406816718,0.0639114299059303,True
1.0,0.0,0.8166666666666667,2.3988505747126436,0.09166666666666667,-1.1994252873563218,1.748433315681613,0.06363030467764418,True
1.0,0.0,0.8333333333333333,2.3988505747126436,0.08333333333333337,-1.1994252873563218,1.7536338272337373,0.06335275544794448,True
1.0,0.0,0.85,2.3988505747126436,0.07500000000000001,-1.1994252873563218,1.758821632721347,0.06307870871492455,True
1.0,0.0,0.8666666666666666,2.3988505747126436,0.06666666666666671,-1.1994252873563218,1.7639967900462203,0.06280809303626754,True
1.0,0.0,0.8833333333333333,2.3988505747126436,0.05833333333333335,-1.1994252873563218,1.7691593575781592,0.0625408389567585,True
1.0,0.0,0.9,2.3988505747126436,0.04999999999999999,-1.1994252873563218,1.774309394108048,0.06227687893880764,True
1.0,0.0,0.9166666666666666,2.3988505747126436,0.041666666666666685,-1.1994252873563218,1.7794469588026103,0.06201614729592328,True
1.0,0.0,0.9333333333333333,2.3988505747126436,0.033333333333333326,-1.1994252873563218,1.78457211116193,0.06175858012892994,True
1.0,0.0,0.95,2.3988505747126436,0.025000000000000022,-1.1994252873563218,1.7896849109790796,0.061504115264826006,True
1.0,0.0,0.9666666666666667,2.3988505747126436,0.016666666666666663,-1.1994252873563218,1.7947854183019334,0.06125269219814689,True
1.0,0.0,0.9833333333333333,2.3988505747126436,0.00833333333333336,-1.1994252873563218,1.7998736933969621,0.061004252034715795,True
1.0,0.0,1.0,2.3988505747126436,0.0,-1.1994252873563218,1.8049497967149777,0.0607587374376699,True
1.0,0.0,1.0166666666666666,2.3988505747126436,-0.008333333333333304,-1.1994252873563218,1.8100137888586902,0.06051609257565286,True
1.0,0.0,1.0333333333333334,2.3988505747126436,-0.01666666666666672,-1.1994252873563218,1.8150657305520217,0.06027626307307453,True
1.0,0.0,1.05,2.3988505747126436,-0.025000000000000022,-1.1994252873563218,1.820105682611059,0.06003919596234095,True
1.0,0.0,1.0666666666666667,2.3988505747126436,-0.033333333333333326,-1.1994252873563218,1.825133705916566,0.05980483963796594,True
1.0,0.0,1.0833333333333333,2.3988505747126436,-0.04166666666666663,-1.1994252873563218,1.8301498613880183,0.05957314381247372,True
1.0,0.0,1.1,2.3988505747126436,-0.050000000000000044,-1.1994252873563218,1.835154209959026,0.05934405947401707,True
1.0,0.0,1.1166666666666667,2.3988505747126436,-0.05833333333333335,-1.1994252873563218,1.840146812554138,0.059117538845628294,True
1.0,0.0,1.1333333333333333,2.3988505747126436,-0.06666666666666665,-1.1994252873563218,1.8451277300668834,0.058893535346034136,True
1.0,0.0,1.1500000000000001,2.3988505747126436,-0.07500000000000007,-1.1994252873563218,1.8500970233390879,0.058672003551960755,True
1.0,0.0,1.1666666666666667,2.3988505747126436,-0.08333333333333337,-1.1994252873563218,1.8550547531413224,0.05845289916186598,True
1.0,0.0,1.1833333333333333,2.3988505747126436,-0.09166666666666667,-1.1994252873563218,1.860000980154439,0.05823617896103555,True
1.0,0.0,1.2000000000000002,2.3988505747126436,-0.10000000000000009,-1.1994252873563218,1.8649357649521863,0.05802180078798193,True
1.0,0.0,1.2166666666666668,2.3988505747126436,-0.10833333333333339,-1.1994252873563218,1.8698591679848178,0.05780972350209074,True
1.0,0.0,1.2333333333333334,2.3988505747126436,-0.1166666666666667,-1.1994252873563218,1.8747712495636069,0.05759990695246186,True
1.0,0.0,1.25,2.3988505747126436,-0.125,-1.1994252873563218,1.87967206984631,0.05739231194789092,True
1.0,0.0,1.2666666666666668,2.3988505747126436,-0.13333333333333341,-1.1994252873563218,1.8845616888236196,0.057186900227938764,True
1.0,0.0,1.2833333333333334,2.3988505747126436,-0.14166666666666672,-1.1994252873563218,1.889440166305902,0.056983634435070325,True
1.0,0.0,1.3,2.3988505747126436,-0.15000000000000002,-1.1994252873563218,1.894307561911574,0.05678247808776009,True
1.0,0.0,1.3166666666666667,2.3988505747126436,-0.15833333333333333,-1.1994252873563218,1.899163935055442,0.05658339555459127,True
1.0,0.0,1.3333333333333335,2.3988505747126436,-0.16666666666666674,-1.1994252873563218,1.9040093449381252,0.05638635202925992,True
1.0,0.0,1.35,2.3988505747126436,-0.17500000000000004,-1.1994252873563218,1.908843850536057,0.05619131350646535,True
1.0,0.0,1.3666666666666667,2.3988505747126436,-0.18333333333333335,-1.1994252873563218,1.91366751059215,0.05599824675864724,True
1.0,0.0,1.3833333333333333,2.3988505747126436,-0.19166666666666665,-1.1994252873563218,1.9184803836070063,0.0558071193135348,True
1.0,0.0,1.4000000000000001,2.3988505747126436,-0.20000000000000007,-1.1994252873563218,1.9232825278307701,0.05561789943247493,True
1.0,0.0,1.4166666666666667,2.3988505747126436,-0.20833333333333337,-1.1994252873563218,1.9280740012554833,0.05543055608950759,True
1.0,0.0,1.4333333333333333,2.3988505747126436,-0.21666666666666667,-1.1994252873563218,1.9328548616079584,0.05524505895115961,True
1.0,0.0,1.45,2.3988505747126436,-0.22499999999999998,-1.1994252873563218,1.9376251663431976,0.05506137835692515,True
1.0,0.0,0.1,2.4275862068965517,0.45,-1.2137931034482758,1.518079923722747,0.07982214292361815,True
1.0,0.0,0.11666666666666667,2.4275862068965517,0.44166666666666665,-1.2137931034482758,1.5238926130642296,0.07928597702724517,True
1.0,0.0,0.13333333333333333,2.4275862068965517,0.43333333333333335,-1.2137931034482758,1.5296917107453218,0.07875994248694881,True
1.0,0.0,0.15000000000000002,2.4275862068965517,0.425,-1.2137931034482758,1.53547714307881,0.07824373560103964,True
1.0,0.0,0.16666666666666669,2.4275862068965517,0.41666666666666663,-1.2137931034482758,1.5412488447181547,0.0777370649287312,True
1.0,0.0,0.18333333333333335,2.4275862068965517,0.4083333333333333,-1.2137931034482758,1.547006758203335,0.07723965067283325,True
1.0,0.0,0.2,2.4275862068965517,0.4,-1.2137931034482758,1.5527508335296347,0.0767512240995762,True
1.0,0.0,0.21666666666666667,2.4275862068965517,0.39166666666666666,-1.2137931034482758,1.558481027738804,0.07627152699292537,True
1.0,0.0,0.23333333333333334,2.4275862068965517,0.3833333333333333,-1.2137931034482758,1.5641973045313133,0.07580031114101671,True
1.0,0.0,0.25,2.4275862068965517,0.375,-1.2137931034482758,1.5698996338985862,0.07533733785252336,True
1.0,0.0,0.26666666666666666,2.4275862068965517,0.3666666666666667,-1.2137931034482758,1.5755879917742257,0.07488237750092566,True
1.0,0.0,0.2833333333333333,2.4275862068965517,0.35833333333333334,-1.2137931034482758,1.581262359703242,0.07443520909481886,True
1.0,0.0,0.30000000000000004,2.4275862068965517,0.35,-1.2137931034482758,1.5869227245283406,0.07399561987253324,True
1.0,0.0,0.31666666666666665,2.4275862068965517,0.3416666666666667,-1.2137931034482758,1.5925690780924284,0.07356340491946826,True
1.0,0.0,0.33333333333333337,2.4275862068965517,0.3333333333333333,-1.2137931034482758,1.5982014169564562,0.07313836680666817,True
1.0,0.0,0.35,2.4275862068965517,0.325,-1.2137931034482758,1.6038197421318308,0.0727203152492689,True
1.0,0.0,0.3666666666666667,2.4275862068965517,0.31666666666666665,-1.2137931034482758,1.6094240588266455,0.07230906678355022,True
1.0,0.0,0.3833333333333333,2.4275862068965517,0.30833333333333335,-1.2137931034482758,1.6150143762049796,0.07190444446141837,True
1.0,0.0,0.4,2.4275862068965517,0.3,-1.2137931034482758,1.6205907071586443,0.07150627756122602,True
1.0,0.0,0.41666666666666663,2.4275862068965517,0.2916666666666667,-1.2137931034482758,1.6261530680906917,0.07111440131391826,True
1.0,0.0,0.43333333333333335,2.4275862068965517,0.2833333333333333,-1.2137931034482758,1.631701478710054,0.07072865664356381,True
1.0,0.0,0.44999999999999996,2.4275862068965517,0.275,-1.2137931034482758,1.6372359618368337,0.07034888992139002,True
1.0,0.0,0.4666666666666667,2.4275862068965517,0.26666666666666666,-1.2137931034482758,1.6427565432175721,0.06997495273251346,True
1.0,0.0,0.4833333333333333,2.4275862068965517,0.25833333333333336,-1.2137931034482758,1.6482632513500595,0.06960670165460098,True
1.0,0.0,0.5,2.4275862068965517,0.25,-1.2137931034482758,1.6537561173171804,0.06924399804775559,True
1.0,0.0,0.5166666666666667,2.4275862068965517,0.24166666666666664,-1.2137931034482758,1.6592351746293,0.06888670785496774,True
1.0,0.0,0.5333333333333333,2.4275862068965517,0.23333333333333334,-1.2137931034482758,1.6647004590747712,0.06853470141251401,True
1.0,0.0,0.55,2.4275862068965517,0.22499999999999998,-1.2137931034482758,1.6701520085781596,0.06818785326972955,True
1.0,0.0,0.5666666666666667,2.4275862068965517,0.21666666666666667,-1.2137931034482758,1.6755898630657438,0.06784604201761608,True
1.0,0.0,0.5833333333333334,2.4275862068965517,0.20833333333333331,-1.2137931034482758,1.6810140643379852,0.06750915012578204,True
1.0,0.0,0.6,2.4275862068965517,0.2,-1.2137931034482758,1.6864246559484906,0.06717706378725039,True
1.0,0.0,0.6166666666666666,2.4275862068965517,0.1916666666666667,-1.2137931034482758,1.691821683089307,0.06684967277068365,True
1.0,0.0,0.6333333333333333,2.4275862068965517,0.18333333333333335,-1.2137931034482758,1.6972051924820515,0.06652687027962569,True
1.0,0.0,0.65,2.4275862068965517,0.175,-1.2137931034482758,1.702575232274692,0.06620855281836713,True
1.0,0.0,0.6666666666666666,2.4275862068965517,0.16666666666666669,-1.2137931034482758,1.7079318519436382,0.06589462006407426,True
1.0,0.0,0.6833333333333333,2.4275862068965517,0.15833333333333333,-1.2137931034482758,1.7132751022008823,0.06558497474484418,True
1.0,0.0,0.7,2.4275862068965517,0.15000000000000002,-1.2137931034482758,1.7186050349059476,0.06527952252336386,True
1.0,0.0,0.7166666666666667,2.4275862068965517,0.14166666666666666,-1.2137931034482758,1.723921702982377,0.06497817188587766,True
1.0,0.0,0.7333333333333333,2.4275862068965517,0.13333333333333336,-1.2137931034482758,1.7292251603385385,0.06468083403618058,True
1.0,0.0,0.75,2.4275862068965517,0.125,-1.2137931034482758,1.7345154617925223,0.0643874227943742,True
1.0,0.0,0.7666666666666666,2.4275862068965517,0.1166666666666667,-1.2137931034482758,1.7397926630009668,0.06409785450013493,True
1.0,0.0,0.7833333333333333,2.4275862068965517,0.10833333333333334,-1.2137931034482758,1.7450568203915242,0.06381204792026424,True
1.0,0.0,0.7999999999999999,2.4275862068965517,0.10000000000000003,-1.2137931034482758,1.7503079910988684,0.06352992416029864,True
1.0,0.0,0.8166666666666667,2.4275862068965517,0.09166666666666667,-1.2137931034482758,1.7555462329040363,0.06325140657997284,True
1.0,0.0,0.8333333333333333,2.4275862068965517,0.08333333333333337,-1.2137931034482758,1.760771604176971,0.06297642071233871,True
1.0,0.0,0.85,2.4275862068965517,0.07500000000000001,-1.2137931034482758,1.7659841638218041,0.0627048941863731,True
1.0,0.0,0.8666666666666666,2.4275862068965517,0.06666666666666671,-1.2137931034482758,1.7711839712255228,0.06243675665285924,True
1.0,0.0,0.8833333333333333,2.4275862068965517,0.05833333333333335,-1.2137931034482758,1.7763710862088202,0.06217193971343356,True
1.0,0.0,0.9,2.4275862068965517,0.04999999999999999,-1.2137931034482758,1.7815455689797548,0.061910376852603,True
1.0,0.0,0.9166666666666666,2.4275862068965517,0.041666666666666685,-1.2137931034482758,1.7867074800898595,0.061652003372601245,True
1.0,0.0,0.9333333333333333,2.4275862068965517,0.033333333333333326,-1.2137931034482758,1.7918568803925137,0.061396756330947266,True
1.0,0.0,0.95,2.4275862068965517,0.025000000000000022,-1.2137931034482758,1.7969938310035796,0.06114457448057164,True
1.0,0.0,0.9666666666666667,2.4275862068965517,0.016666666666666663,-1.2137931034482758,1.802118393264066,0.06089539821239404,True
1.0,0.0,0.9833333333333333,2.4275862068965517,0.00833333333333336,-1.2137931034482758,1.8072306287048399,0.060649169500228604,True
1.0,0.0,1.0,2.4275862068965517,0.0,-1.2137931034482758,1.8123305990132015,0.06040583184791227,True
1.0,0.0,1.0166666666666666,2.4275862068965517,-0.008333333333333304,-1.2137931034482758,1.8174183660012742,0.06016533023854992,True
1.0,0.0,1.0333333333333334,2.4275862068965517,-0.01666666666666672,-1.2137931034482758,1.8224939915761027,0.05992761108577779,True
1.0,0.0,1.05,2.4275862068965517,-0.025000000000000022,-1.2137931034482758,1.8275575377113529,0.05969262218695342,True
1.0,0.0,1.0666666666666667,2.4275862068965517,-0.033333333333333326,-1.2137931034482758,1.8326090664205723,0.05946031267818231,True
1.0,0.0,1.0833333333333333,2.4275862068965517,-0.04166666666666663,-1.2137931034482758,1.8376486397319451,0.059230632991095995,True
1.0,0.0,1.1,2.4275862068965517,-0.050000000000000044,-1.2137931034482758,1.8426763196643878,0.059003534811307,True
1.0,0.0,1.1166666666666667,2.4275862068965517,-0.05833333333333335,-1.2137931034482758,1.8476921682049943,0.058778971038460706,True
1.0,0.0,1.1333333333333333,2.4275862068965517,-0.06666666666666665,-1.2137931034482758,1.8526962472877955,0.05855689574781227,True
1.0,0.0,1.1500000000000001,2.4275862068965517,-0.07500000000000007,-1.2137931034482758,1.8576886187735862,0.05833726415326779,True
1.0,0.0,1.1666666666666667,2.4275862068965517,-0.08333333333333337,-1.2137931034482758,1.862669344431051,0.05812003257181392,True
1.0,0.0,1.1833333333333333,2.4275862068965517,-0.09166666666666667,-1.2137931034482758,1.8676384859188382,0.057905158389286324,True
1.0,0.0,1.2000000000000002,2.4275862068965517,-0.10000000000000009,-1.2137931034482758,1.8725961047687698,0.05769260002740933,True
1.0,0.0,1.2166666666666668,2.4275862068965517,-0.10833333333333339,-1.2137931034482758,1.877542262369926,0.05748231691205937,True
1.0,0.0,1.2333333333333334,2.4275862068965517,-0.1166666666666667,-1.2137931034482758,1.8824770199538174,0.05727426944269082,True
1.0,0.0,1.25,2.4275862068965517,-0.125,-1.2137931034482758,1.8874004385801093,0.057068418962891644,True
1.0,0.0,1.2666666666666668,2.4275862068965517,-0.13333333333333341,-1.2137931034482758,1.8923125791237496,0.05686472773198716,True
1.0,0.0,1.2833333333333334,2.4275862068965517,-0.14166666666666672,-1.2137931034482758,1.8972135022623153,0.05666315889769193,True
1.0,0.0,1.3,2.4275862068965517,-0.15000000000000002,-1.2137931034482758,1.9021032684644568,0.056463676469730065,True
1.0,0.0,1.3166666666666667,2.4275862068965517,-0.15833333333333333,-1.2137931034482758,1.9069819379789668,0.05626624529439969,True
1.0,0.0,1.3333333333333335,2.4275862068965517,-0.16666666666666674,-1.2137931034482758,1.911849570824581,0.05607083103003852,True
1.0,0.0,1.35,2.4275862068965517,-0.17500000000000004,-1.2137931034482758,1.916706226780337,0.055877400123356534,True
1.0,0.0,1.3666666666666667,2.4275862068965517,-0.18333333333333335,-1.2137931034482758,1.9215519653766913,0.05568591978659306,True
1.0,0.0,1.3833333333333333,2.4275862068965517,-0.19166666666666665,-1.2137931034482758,1.9263868458870854,0.05549635797547502,True
1.0,0.0,1.4000000000000001,2.4275862068965517,-0.20000000000000007,-1.2137931034482758,1.931210927320207,0.05530868336793215,True
1.0,0.0,1.4166666666666667,2.4275862068965517,-0.20833333333333337,-1.2137931034482758,1.9360242684126643,0.05512286534354995,True
1.0,0.0,1.4333333333333333,2.4275862068965517,-0.21666666666666667,-1.2137931034482758,1.9408269276222683,0.05493887396372137,True
1.0,0.0,1.45,2.4275862068965517,-0.22499999999999998,-1.2137931034482758,1.9456189631217355,0.05475667995247596,True
1.0,0.0,0.1,2.4563218390804598,0.45,-1.2281609195402299,1.5239740009712495,0.07927853359687426,True
1.0,0.0,0.11666666666666667,2.4563218390804598,0.44166666666666665,-1.2281609195402299,1.529818038485511,0.07874858013268185,True
1.0,0.0,0.13333333333333333,2.4563218390804598,0.43333333333333335,-1.2281609195402299,1.5356482606146158,0.07822859572762977,True
1.0,0.0,0.15000000000000002,2.4563218390804598,0.425,-1.2281609195402299,1.5414645984639999,0.0777182828608729,True
1.0,0.0,0.16666666666666669,2.4563218390804598,0.41666666666666663,-1.2281609195402299,1.5472669913325978,0.07721735596916944,True
1.0,0.0,0.18333333333333335,2.4563218390804598,0.4083333333333333,-1.2281609195402299,1.55305538626337,0.07672554084768124,True
1.0,0.0,0.2,2.4563218390804598,0.4,-1.2281609195402299,1.5588297376172437,0.07624257408658613,True
1.0,0.0,0.21666666666666667,2.4563218390804598,0.39166666666666666,-1.2281609195402299,1.5645900066690837,0.07576820254103682,True
1.0,0.0,0.23333333333333334,2.4563218390804598,0.3833333333333333,-1.2281609195402299,1.570336161224582,0.07530218283217316,True
1.0,0.0,0.25,2.4563218390804598,0.375,-1.2281609195402299,1.5760681752570056,0.07484428087707762,True
1.0,0.0,0.26666666666666666,2.4563218390804598,0.3666666666666667,-1.2281609195402299,1.5817860285627448,0.07439427144572797,True
1.0,0.0,0.2833333333333333,2.4563218390804598,0.35833333333333334,-1.2281609195402299,1.5874897064347422,0.07395193774314562,True
1.0,0.0,0.30000000000000004,2.4563218390804598,0.35,-1.2281609195402299,1.5931791993528135,0.07351707101508284,True
1.0,0.0,0.31666666666666665,2.4563218390804598,0.3416666666666667,-1.2281609195402299,1.5988545026900438,0.07308947017570598,True
1.0,0.0,0.33333333333333337,2.4563218390804598,0.3333333333333333,-1.2281609195402299,1.6045156164343826,0.07266894145585519,True
1.0,0.0,0.35,2.4563218390804598,0.325,-1.2281609195402299,1.61016254492468,0.07225529807056003,True
1.0,0.0,0.3666666666666667,2.4563218390804598,0.31666666666666665,-1.2281609195402299,1.61579529660038,0.07184835990459106,True
1.0,0.0,0.3833333333333333,2.4563218390804598,0.30833333333333335,-1.2281609195402299,1.621413883764196,0.07144795321490917,True
1.0,0.0,0.4,2.4563218390804598,0.3,-1.2281609195402299,1.6270183223570711,0.071053910348964,True
1.0,0.0,0.41666666666666663,2.4563218390804598,0.2916666666666667,-1.2281609195402299,1.6326086317447879,0.07066606947785914,True
1.0,0.0,0.43333333333333335,2.4563218390804598,0.2833333333333333,-1.2281609195402299,1.638184834515635,0.07028427434347613,True
1.0,0.0,0.44999999999999996,2.4563218390804598,0.275,-1.2281609195402299,1.643746956288542,0.06990837401871042,True
1.0,0.0,0.4666666666666667,2.4563218390804598,0.26666666666666666,-1.2281609195402299,1.6492950255311318,0.06953822268003157,True
1.0,0.0,0.4833333333333333,2.4563218390804598,0.25833333333333336,-1.2281609195402299,1.6548290733872069,0.06917367939163056,True
1.0,0.0,0.5,2.4563218390804598,0.25,-1.2281609195402299,1.6603491335131426,0.0688146079004737,True
1.0,0.0,0.5166666666666667,2.4563218390804598,0.24166666666666664,-1.2281609195402299,1.6658552419227657,0.0684608764416198,True
1.0,0.0,0.5333333333333333,2.4563218390804598,0.23333333333333334,-1.2281609195402299,1.6713474368402357,0.06811235755320881,True
1.0,0.0,0.55,2.4563218390804598,0.22499999999999998,-1.2281609195402299,1.6768257585605477,0.06776892790056135,True
1.0,0.0,0.5666666666666667,2.4563218390804598,0.21666666666666667,-1.2281609195402299,1.6822902493172338,0.06743046810887242,True
1.0,0.0,0.5833333333333334,2.4563218390804598,0.20833333333333331,-1.2281609195402299,1.6877409531569376,0.06709686260400739,True
1.0,0.0,0.6,2.4563218390804598,0.2,-1.2281609195402299,1.6931779158204723,0.06676799946094909,True
1.0,0.0,0.6166666666666666,2.4563218390804598,0.1916666666666667,-1.2281609195402299,1.6986011846300058,0.0664437702594703,True
1.0,0.0,0.6333333333333333,2.4563218390804598,0.18333333333333335,-1.2281609195402299,1.7040108083821244,0.06612406994662796,True
1.0,0.0,0.65,2.4563218390804598,0.175,-1.2281609195402299,1.7094068372464106,0.0658087967057085,True
1.0,0.0,0.6666666666666666,2.4563218390804598,0.16666666666666669,-1.2281609195402299,1.714789322669278,0.0654978518312733,True
1.0,0.0,0.6833333333333333,2.4563218390804598,0.15833333333333333,-1.2281609195402299,1.720158317282833,0.06519113960997032,True
1.0,0.0,0.7,2.4563218390804598,0.15000000000000002,-1.2281609195402299,1.7255138748183885,0.06488856720681174,True
1.0,0.0,0.7166666666666667,2.4563218390804598,0.14166666666666666,-1.2281609195402299,1.730856050024547,0.06459004455661757,True
1.0,0.0,0.7333333333333333,2.4563218390804598,0.13333333333333336,-1.2281609195402299,1.7361848985894996,0.06429548426035922,True
1.0,0.0,0.75,2.4563218390804598,0.125,-1.2281609195402299,1.7415004770673903,0.06400480148614325,True
1.0,0.0,0.7666666666666666,2.4563218390804598,0.1166666666666667,-1.2281609195402299,1.7468028428084816,0.06371791387459742,True
1.0,0.0,0.7833333333333333,2.4563218390804598,0.10833333333333334,-1.2281609195402299,1.7520920538930218,0.0634347414484271,True
1.0,0.0,0.7999999999999999,2.4563218390804598,0.10000000000000003,-1.2281609195402299,1.757368169068488,0.06315520652593487,True
1.0,0.0,0.8166666666666667,2.4563218390804598,0.09166666666666667,-1.2281609195402299,1.7626312476903192,0.06287923363828887,True
1.0,0.0,0.8333333333333333,2.4563218390804598,0.08333333333333337,-1.2281609195402299,1.7678813496652641,0.06260674945038529,True
1.0,0.0,0.85,2.4563218390804598,0.07500000000000001,-1.2281609195402299,1.773118535398447,0.062337682685062124,True
1.0,0.0,0.8666666666666666,2.4563218390804598,0.06666666666666671,-1.2281609195402299,1.7783428657425708,0.06207196405056904,True
1.0,0.0,0.8833333333333333,2.4563218390804598,0.05833333333333335,-1.2281609195402299,1.7835544019501213,0.061809526171082936,True
1.0,0.0,0.9,2.4563218390804598,0.04999999999999999,-1.2281609195402299,1.788753205628031,0.06155030352013971,True
1.0,0.0,0.9166666666666666,2.4563218390804598,0.041666666666666685,-1.2281609195402299,1.7939393386947435,0.061294232356836786,True
1.0,0.0,0.9333333333333333,2.4563218390804598,0.033333333333333326,-1.2281609195402299,1.7991128633395743,0.061041250664672544,True
1.0,0.0,0.95,2.4563218390804598,0.025000000000000022,-1.2281609195402299,1.8042738419842728,0.060791298092893784,True
1.0,0.0,0.9666666666666667,2.4563218390804598,0.016666666666666663,-1.2281609195402299,1.8094223372465648,0.06054431590023836,True
1.0,0.0,0.9833333333333333,2.4563218390804598,0.00833333333333336,-1.2281609195402299,1.8145584119057552,0.06030024690095026,True
1.0,0.0,1.0,2.4563218390804598,0.0,-1.2281609195402299,1.8196821288700933,0.060059035412969176,True
1.0,0.0,1.0166666666666666,2.4563218390804598,-0.008333333333333304,-1.2281609195402299,1.8247935511460334,0.059820627208184235,True
1.0,0.0,1.0333333333333334,2.4563218390804598,-0.01666666666666672,-1.2281609195402299,1.8298927418090278,0.05958496946466649,True
1.0,0.0,1.05,2.4563218390804598,-0.025000000000000022,-1.2281609195402299,1.8349797639760264,0.05935201072077906,True
1.0,0.0,1.0666666666666667,2.4563218390804598,-0.033333333333333326,-1.2281609195402299,1.8400546807794684,0.059121700831083916,True
1.0,0.0,1.0833333333333333,2.4563218390804598,-0.04166666666666663,-1.2281609195402299,1.8451175553426975,0.058893990923964225,True
1.0,0.0,1.1,2.4563218390804598,-0.050000000000000044,-1.2281609195402299,1.8501684507567464,0.05866883336088337,True
1.0,0.0,1.1166666666666667,2.4563218390804598,-0.05833333333333335,-1.2281609195402299,1.8552074300584542,0.05844618169720524,True
1.0,0.0,1.1333333333333333,2.4563218390804598,-0.06666666666666665,-1.2281609195402299,1.8602345562098033,0.05822599064451035,True
1.0,0.0,1.1500000000000001,2.4563218390804598,-0.07500000000000007,-1.2281609195402299,1.8652498920784386,0.0580082160343374,True
1.0,0.0,1.1666666666666667,2.4563218390804598,-0.08333333333333337,-1.2281609195402299,1.8702535004192835,0.057792814783291735,True
1.0,0.0,1.1833333333333333,2.4563218390804598,-0.09166666666666667,-1.2281609195402299,1.8752454438572532,0.057579744859456244,True
1.0,0.0,1.2000000000000002,2.4563218390804598,-0.10000000000000009,-1.2281609195402299,1.8802257848709307,0.057368965250052695,True
1.0,0.0,1.2166666666666668,2.4563218390804598,-0.10833333333333339,-1.2281609195402299,1.8851945857774142,0.05716043593028844,True
1.0,0.0,1.2333333333333334,2.4563218390804598,-0.1166666666666667,-1.2281609195402299,1.8901519087175005,0.05695411783337011,True
1.0,0.0,1.25,2.4563218390804598,-0.125,-1.2281609195402299,1.8950978156425822,0.05674997282157573,True
1.0,0.0,1.2666666666666668,2.4563218390804598,-0.13333333333333341,-1.2281609195402299,1.9000323683016989,0.05654796365840328,True
1.0,0.0,1.2833333333333334,2.4563218390804598,-0.14166666666666672,-1.2281609195402299,1.90495562822957,0.05634805398171339,True
1.0,0.0,1.3,2.4563218390804598,-0.15000000000000002,-1.2281609195402299,1.9098676567355308,0.05615020827782839,True
1.0,0.0,1.3166666666666667,2.4563218390804598,-0.15833333333333333,-1.2281609195402299,1.9147685148929454,0.055954391856560655,True
1.0,0.0,1.3333333333333335,2.4563218390804598,-0.16666666666666674,-1.2281609195402299,1.9196582635294408,0.05576057082712019,True
1.0,0.0,1.35,2.4563218390804598,-0.17500000000000004,-1.2281609195402299,1.9245369632177058,0.05556871207487014,True
1.0,0.0,1.3666666666666667,2.4563218390804598,-0.18333333333333335,-1.2281609195402299,1.9294046742669828,0.05537878323889285,True
1.0,0.0,1.3833333333333333,2.4563218390804598,-0.19166666666666665,-1.2281609195402299,1.9342614567150285,0.05519075269033829,True
1.0,0.0,1.4000000000000001,2.4563218390804598,-0.20000000000000007,-1.2281609195402299,1.9391073703207249,0.05500458951151686,True
1.0,0.0,1.4166666666666667,2.4563218390804598,-0.20833333333333337,-1.2281609195402299,1.9439424745571274,0.05482026347571361,True
1.0,0.0,1.4333333333333333,2.4563218390804598,-0.21666666666666667,-1.2281609195402299,1.9487668286050743,0.0546377450276875,True
1.0,0.0,1.45,2.4563218390804598,-0.22499999999999998,-1.2281609195402299,1.9535804913472847,0.054457005264833325,True
1.0,0.0,0.1,2.485057471264368,0.45,-1.242528735632184,1.5298472132036025,0.07874595663854046,True
1.0,0.0,0.11666666666666667,2.485057471264368,0.44166666666666665,-1.242528735632184,1.5357224022731495,0.0782220382001881,True
1.0,0.0,0.13333333333333333,2.485057471264368,0.43333333333333335,-1.242528735632184,1.541583554900439,0.07770793213569624,True
1.0,0.0,0.15000000000000002,2.485057471264368,0.425,-1.242528735632184,1.5474306069095907,0.07720334685795485,True
1.0,0.0,0.16666666666666669,2.485057471264368,0.41666666666666663,-1.242528735632184,1.5532635021730044,0.07670800244789455,True
1.0,0.0,0.18333333333333335,2.485057471264368,0.4083333333333333,-1.242528735632184,1.5590821921671416,0.0762216300724267,True
1.0,0.0,0.2,2.485057471264368,0.4,-1.242528735632184,1.5648866355513298,0.07574397143702578,True
1.0,0.0,0.21666666666666667,2.485057471264368,0.39166666666666666,-1.242528735632184,1.57067679776851,0.07527477827055504,True
1.0,0.0,0.23333333333333334,2.485057471264368,0.3833333333333333,-1.242528735632184,1.5764526506666963,0.0748138118401384,True
1.0,0.0,0.25,2.485057471264368,0.375,-1.242528735632184,1.5822141721401386,0.07436084249404411,True
1.0,0.0,0.26666666666666666,2.485057471264368,0.3666666666666667,-1.242528735632184,1.5879613457891768,0.0739156492307018,True
1.0,0.0,0.2833333333333333,2.485057471264368,0.35833333333333334,-1.242528735632184,1.5936941605977495,0.07347801929212674,True
1.0,0.0,0.30000000000000004,2.485057471264368,0.35,-1.242528735632184,1.5994126106277229,0.07304774778014177,True
1.0,0.0,0.31666666666666665,2.485057471264368,0.3416666666666667,-1.242528735632184,1.6051166947290896,0.07262463729392035,True
1.0,0.0,0.33333333333333337,2.485057471264368,0.3333333333333333,-1.242528735632184,1.6108064162652762,0.07220849758747308,True
1.0,0.0,0.35,2.485057471264368,0.325,-1.242528735632184,1.6164817828527231,0.07179914524580888,True
1.0,0.0,0.3666666666666667,2.485057471264368,0.31666666666666665,-1.242528735632184,1.6221428061140062,0.07139640337858812,True
1.0,0.0,0.3833333333333333,2.485057471264368,0.30833333333333335,-1.242528735632184,1.627789501443796,0.071000101330175,True
1.0,0.0,0.4,2.485057471264368,0.3,-1.242528735632184,1.6334218877870232,0.07061007440506552,True
1.0,0.0,0.41666666666666663,2.485057471264368,0.2916666666666667,-1.242528735632184,1.6390399874285055,0.07022616360775613,True
1.0,0.0,0.43333333333333335,2.485057471264368,0.2833333333333333,-1.242528735632184,1.6446438257935985,0.06984821539615944,True
1.0,0.0,0.44999999999999996,2.485057471264368,0.275,-1.242528735632184,1.6502334312591165,0.06947608144776321,True
1.0,0.0,0.4666666666666667,2.485057471264368,0.26666666666666666,-1.242528735632184,1.6558088349741436,0.06910961843775644,True
1.0,0.0,0.4833333333333333,2.485057471264368,0.25833333333333336,-1.242528735632184,1.6613700706901315,0.06874868782842118,True
1.0,0.0,0.5,2.485057471264368,0.25,-1.242528735632184,1.6669171745998135,0.06839315566912366,True
1.0,0.0,0.5166666666666667,2.485057471264368,0.24166666666666664,-1.242528735632184,1.6724501851845073,0.06804289240628547,True
1.0,0.0,0.5333333333333333,2.485057471264368,0.23333333333333334,-1.242528735632184,1.6779691430693395,0.06769777270275948,True
1.0,0.0,0.55,2.485057471264368,0.22499999999999998,-1.242528735632184,1.6834740908859889,0.06735767526606974,True
1.0,0.0,0.5666666666666667,2.485057471264368,0.21666666666666667,-1.242528735632184,1.6889650731425634,0.0670224826850113,True
1.0,0.0,0.5833333333333334,2.485057471264368,0.20833333333333331,-1.242528735632184,1.6944421361002424,0.06669208127413766,True
1.0,0.0,0.6,2.485057471264368,0.2,-1.242528735632184,1.699905327656338,0.06636636092569417,True
1.0,0.0,0.6166666666666666,2.485057471264368,0.1916666666666667,-1.242528735632184,1.7053546972334144,0.0660452149685866,True
1.0,0.0,0.6333333333333333,2.485057471264368,0.18333333333333335,-1.242528735632184,1.7107902956741938,0.06572854003399294,True
1.0,0.0,0.65,2.485057471264368,0.175,-1.242528735632184,1.716212175141931,0.06541623592725843,True
1.0,0.0,0.6666666666666666,2.485057471264368,0.16666666666666669,-1.242528735632184,1.7216203890259816,0.06510820550573244,True
1.0,0.0,0.6833333333333333,2.485057471264368,0.15833333333333333,-1.242528735632184,1.7270149918522582,0.06480435456222829,True
1.0,0.0,0.7,2.485057471264368,0.15000000000000002,-1.242528735632184,1.7323960391984161,0.06450459171380327,True
1.0,0.0,0.7166666666666667,2.485057471264368,0.14166666666666666,-1.242528735632184,1.7377635876134017,0.06420882829558099,True
1.0,0.0,0.7333333333333333,2.485057471264368,0.13333333333333336,-1.242528735632184,1.743117694541264,0.06391697825934693,True
1.0,0.0,0.75,2.485057471264368,0.125,-1.242528735632184,1.7484584182489165,0.06362895807667068,True
1.0,0.0,0.7666666666666666,2.485057471264368,0.1166666666666667,-1.242528735632184,1.7537858177577,0.06334468664632034,True
1.0,0.0,0.7833333333333333,2.485057471264368,0.10833333333333334,-1.242528735632184,1.7590999527785114,0.06306408520574848,True
1.0,0.0,0.7999999999999999,2.485057471264368,0.10000000000000003,-1.242528735632184,1.764400883650516,0.06278707724643245,True
1.0,0.0,0.8166666666666667,2.485057471264368,0.09166666666666667,-1.242528735632184,1.7696886712825866,0.06251358843290905,True
1.0,0.0,0.8333333333333333,2.485057471264368,0.08333333333333337,-1.242528735632184,1.7749633770986086,0.062243546525250874,True
1.0,0.0,0.85,2.485057471264368,0.07500000000000001,-1.242528735632184,1.780225062984979,0.0619768813048897,True
1.0,0.0,0.8666666666666666,2.485057471264368,0.06666666666666671,-1.242528735632184,1.7854737912412733,0.06171352450356467,True
1.0,0.0,0.8833333333333333,2.485057471264368,0.05833333333333335,-1.242528735632184,1.79070962453341,0.06145340973526717,True
1.0,0.0,0.9,2.485057471264368,0.04999999999999999,-1.242528735632184,1.7959326258493262,0.06119647243102985,True
1.0,0.0,0.9166666666666666,2.485057471264368,0.041666666666666685,-1.242528735632184,1.8011428584570304,0.06094264977642151,True
1.0,0.0,0.9333333333333333,2.485057471264368,0.033333333333333326,-1.242528735632184,1.806340385864925,0.06069188065161703,True
1.0,0.0,0.95,2.485057471264368,0.025000000000000022,-1.242528735632184,1.8115252717842267,0.06044410557392156,True
1.0,0.0,0.9666666666666667,2.485057471264368,0.016666666666666663,-1.242528735632184,1.8166975800934653,0.0601992666426294,True
1.0,0.0,0.9833333333333333,2.485057471264368,0.00833333333333336,-1.242528735632184,1.821857374804863,0.05995730748610989,True
1.0,0.0,1.0,2.485057471264368,0.0,-1.242528735632184,1.8270047200325779,0.05971817321101396,True
1.0,0.0,1.0166666666666666,2.485057471264368,-0.008333333333333304,-1.242528735632184,1.8321396799626921,0.05948181035350312,True
1.0,0.0,1.0333333333333334,2.485057471264368,-0.01666666666666672,-1.242528735632184,1.8372623188248205,0.0592481668324087,True
1.0,0.0,1.05,2.485057471264368,-0.025000000000000022,-1.242528735632184,1.84237270086533,0.05901719190423,True
1.0,0.0,1.0666666666666667,2.485057471264368,-0.033333333333333326,-1.242528735632184,1.8474708903220225,0.05878883611989016,True
1.0,0.0,1.0833333333333333,2.485057471264368,-0.04166666666666663,-1.242528735632184,1.8525569514002451,0.05856305128316795,True
1.0,0.0,1.1,2.485057471264368,-0.050000000000000044,-1.242528735632184,1.857630948250365,0.05833979041073087,True
1.0,0.0,1.1166666666666667,2.485057471264368,-0.05833333333333335,-1.242528735632184,1.8626929449464993,0.05811900769369791,True
1.0,0.0,1.1333333333333333,2.485057471264368,-0.06666666666666665,-1.242528735632184,1.8677430054664605,0.0579006584606643,True
1.0,0.0,1.1500000000000001,2.485057471264368,-0.07500000000000007,-1.242528735632184,1.8727811936728758,0.05768469914212264,True
1.0,0.0,1.1666666666666667,2.485057471264368,-0.08333333333333337,-1.242528735632184,1.877807573295418,0.057471087236218465,True
1.0,0.0,1.1833333333333333,2.485057471264368,-0.09166666666666667,-1.242528735632184,1.882822207914095,0.057259781275782656,True
1.0,0.0,1.2000000000000002,2.485057471264368,-0.10000000000000009,-1.242528735632184,1.8878251609432948,0.05705074079659597,True
1.0,0.0,1.2166666666666668,2.485057471264368,-0.10833333333333339,-1.242528735632184,1.8928164956172957,0.05684392630680033,True
1.0,0.0,1.2333333333333334,2.485057471264368,-0.1166666666666667,-1.242528735632184,1.8977962749761301,0.05663929925745229,True
1.0,0.0,1.25,2.485057471264368,-0.125,-1.242528735632184,1.9027645618525764,0.05643682201413644,True
1.0,0.0,1.2666666666666668,2.485057471264368,-0.13333333333333341,-1.242528735632184,1.9077214188599134,0.05623645782960662,True
1.0,0.0,1.2833333333333334,2.485057471264368,-0.14166666666666672,-1.242528735632184,1.9126669083804526,0.056038170817410034,True
1.0,0.0,1.3,2.485057471264368,-0.15000000000000002,-1.242528735632184,1.9176010925547613,0.0558419259264548,True
1.0,0.0,1.3166666666666667,2.485057471264368,-0.15833333333333333,-1.242528735632184,1.9225240332716191,0.05564768891647865,True
1.0,0.0,1.3333333333333335,2.485057471264368,-0.16666666666666674,-1.242528735632184,1.9274357921586323,0.05545542633438307,True
1.0,0.0,1.35,2.485057471264368,-0.17500000000000004,-1.242528735632184,1.9323364305734279,0.05526510549139997,True
1.0,0.0,1.3666666666666667,2.485057471264368,-0.18333333333333335,-1.242528735632184,1.9372260095955196,0.05507669444105004,True
1.0,0.0,1.3833333333333333,2.485057471264368,-0.19166666666666665,-1.242528735632184,1.9421045900186629,0.05489016195786947,True
1.0,0.0,1.4000000000000001,2.485057471264368,-0.20000000000000007,-1.242528735632184,1.9469722323438388,0.05470547751686529,True
1.0,0.0,1.4166666666666667,2.485057471264368,-0.20833333333333337,-1.242528735632184,1.951828996772627,0.054522611273678405,True
1.0,0.0,1.4333333333333333,2.485057471264368,-0.21666666666666667,-1.242528735632184,1.956674943201165,0.05434153404542011,True
1.0,0.0,1.45,2.485057471264368,-0.22499999999999998,-1.242528735632184,1.9615101312145975,0.05416221729215407,True
1.0,0.0,0.1,2.513793103448276,0.45,-1.256896551724138,1.5356997425605252,0.07822404221420837,True
1.0,0.0,0.11666666666666667,2.513793103448276,0.44166666666666665,-1.256896551724138,1.541605890562075,0.07770598903052879,True
1.0,0.0,0.13333333333333333,2.513793103448276,0.43333333333333335,-1.256896551724138,1.547497783655896,0.07719759686807316,True
1.0,0.0,0.15000000000000002,2.513793103448276,0.425,-1.256896551724138,1.553375362312662,0.0766985798401469,True
1.0,0.0,0.16666666666666669,2.513793103448276,0.41666666666666663,-1.256896551724138,1.559238574908626,0.0762086634513737,True
1.0,0.0,0.18333333333333335,2.513793103448276,0.4083333333333333,-1.256896551724138,1.565087377286377,0.07572758403194715,True
1.0,0.0,0.2,2.513793103448276,0.4,-1.256896551724138,1.5709217323384943,0.07525508820539557,True
1.0,0.0,0.21666666666666667,2.513793103448276,0.39166666666666666,-1.256896551724138,1.5767416096129603,0.0747909323875532,True
1.0,0.0,0.23333333333333334,2.513793103448276,0.3833333333333333,-1.256896551724138,1.582546984939146,0.07433488231462167,True
1.0,0.0,0.25,2.513793103448276,0.375,-1.256896551724138,1.5883378400733288,0.0738867125983602,True
1.0,0.0,0.26666666666666666,2.513793103448276,0.3666666666666667,-1.256896551724138,1.5941141623627506,0.07344620630659586,True
1.0,0.0,0.2833333333333333,2.513793103448276,0.35833333333333334,-1.256896551724138,1.5998759444271873,0.07301315456738638,True
1.0,0.0,0.30000000000000004,2.513793103448276,0.35,-1.256896551724138,1.6056231838571884,0.07258735619528527,True
1.0,0.0,0.31666666666666665,2.513793103448276,0.3416666666666667,-1.256896551724138,1.6113558829280448,0.07216861733828236,True
1.0,0.0,0.33333333333333337,2.513793103448276,0.3333333333333333,-1.256896551724138,1.6170740483287154,0.07175675114409277,True
1.0,0.0,0.35,2.513793103448276,0.325,-1.256896551724138,1.6227776909049243,0.07135157744456141,True
1.0,0.0,0.3666666666666667,2.513793103448276,0.31666666666666665,-1.256896551724138,1.6284668254156225,0.07095292245705237,True
1.0,0.0,0.3833333333333333,2.513793103448276,0.30833333333333335,-1.256896551724138,1.634141470302236,0.07056061850175158,True
1.0,0.0,0.4,2.513793103448276,0.3,-1.256896551724138,1.6398016474698969,0.07017450373391124,True
1.0,0.0,0.41666666666666663,2.513793103448276,0.2916666666666667,-1.256896551724138,1.645447382080128,0.06979442189011248,True
1.0,0.0,0.43333333333333335,2.513793103448276,0.2833333333333333,-1.256896551724138,1.6510787023543334,0.06942022204769994,True
1.0,0.0,0.44999999999999996,2.513793103448276,0.275,-1.256896551724138,1.6566956393875518,0.06905175839659425,True
1.0,0.0,0.4666666666666667,2.513793103448276,0.26666666666666666,-1.256896551724138,1.6622982269719175,0.06868889002274377,True
1.0,0.0,0.4833333333333333,2.513793103448276,0.25833333333333336,-1.256896551724138,1.6678865014293343,0.06833148070252935,True
1.0,0.0,0.5,2.513793103448276,0.25,-1.256896551724138,1.6734605014528958,0.06797939870747645,True
1.0,0.0,0.5166666666666667,2.513793103448276,0.24166666666666664,-1.256896551724138,1.679020267956534,0.06763251661868129,True
1.0,0.0,0.5333333333333333,2.513793103448276,0.23333333333333334,-1.256896551724138,1.6845658439325801,0.0672907111503826,True
1.0,0.0,0.55,2.513793103448276,0.22499999999999998,-1.256896551724138,1.6900972743166756,0.06695386298216686,True
1.0,0.0,0.5666666666666667,2.513793103448276,0.21666666666666667,-1.256896551724138,1.6956146058598165,0.06662185659930639,True
1.0,0.0,0.5833333333333334,2.513793103448276,0.20833333333333331,-1.256896551724138,1.7011178870070087,0.06629458014078267,True
1.0,0.0,0.6,2.513793103448276,0.2,-1.256896551724138,1.7066071677823071,0.06597192525455899,True
1.0,0.0,0.6166666666666666,2.513793103448276,0.1916666666666667,-1.256896551724138,1.712082499679835,0.06565378695970639,True
1.0,0.0,0.6333333333333333,2.513793103448276,0.18333333333333335,-1.256896551724138,1.7175439355605084,0.06534006351500349,True
1.0,0.0,0.65,2.513793103448276,0.175,-1.256896551724138,1.7229915295541591,0.0650306562936595,True
1.0,0.0,0.6666666666666666,2.513793103448276,0.16666666666666669,-1.256896551724138,1.7284253369667815,0.06472546966382836,True
1.0,0.0,0.6833333333333333,2.513793103448276,0.15833333333333333,-1.256896551724138,1.7338454141926487,0.06442441087460403,True
1.0,0.0,0.7,2.513793103448276,0.15000000000000002,-1.256896551724138,1.739251818631023,0.06412738994720538,True
1.0,0.0,0.7166666666666667,2.513793103448276,0.14166666666666666,-1.256896551724138,1.7446446086072256,0.06383431957107809,True
1.0,0.0,0.7333333333333333,2.513793103448276,0.13333333333333336,-1.256896551724138,1.750023843297916,0.06354511500465024,True
1.0,0.0,0.75,2.513793103448276,0.125,-1.256896551724138,1.755389582660202,0.0632596939805105,True
1.0,0.0,0.7666666666666666,2.513793103448276,0.1166666666666667,-1.256896551724138,1.7607418873646556,0.0629779766147633,True
1.0,0.0,0.7833333333333333,2.513793103448276,0.10833333333333334,-1.256896551724138,1.7660808187315158,0.06269988532037746,True
1.0,0.0,0.7999999999999999,2.513793103448276,0.10000000000000003,-1.256896551724138,1.7714064386708352,0.0624253447242746,True
1.0,0.0,0.8166666666666667,2.513793103448276,0.09166666666666667,-1.256896551724138,1.7767188096252355,0.06215428158802868,True
1.0,0.0,0.8333333333333333,2.513793103448276,0.08333333333333337,-1.256896551724138,1.7820179945160117,0.06188662473195065,True
1.0,0.0,0.85,2.513793103448276,0.07500000000000001,-1.256896551724138,1.7873040566920375,0.06162230496240834,True
1.0,0.0,0.8666666666666666,2.513793103448276,0.06666666666666671,-1.256896551724138,1.7925770598813893,0.0613612550022188,True
1.0,0.0,0.8833333333333333,2.513793103448276,0.05833333333333335,-1.256896551724138,1.7978370681455738,0.06110340942396256,True
1.0,0.0,0.9,2.513793103448276,0.04999999999999999,-1.256896551724138,1.8030841458361944,0.060848704586076496,True
1.0,0.0,0.9166666666666666,2.513793103448276,0.041666666666666685,-1.256896551724138,1.808318357554005,0.06059707857159049,True
1.0,0.0,0.9333333333333333,2.513793103448276,0.033333333333333326,-1.256896551724138,1.8135397681100915,0.06034847112938469,True
1.0,0.0,0.95,2.513793103448276,0.025000000000000022,-1.256896551724138,1.818748442489261,0.060102823617840036,True
1.0,0.0,0.9666666666666667,2.513793103448276,0.016666666666666663,-1.256896551724138,1.8239444458153375,0.059860078950776704,True
1.0,0.0,0.9833333333333333,2.513793103448276,0.00833333333333336,-1.256896551724138,1.8291278433184224,0.05962018154556601,True
1.0,0.0,1.0,2.513793103448276,0.0,-1.256896551724138,1.8342987003039395,0.05938307727331783,True
1.0,0.0,1.0166666666666666,2.513793103448276,-0.008333333333333304,-1.256896551724138,1.839457082123366,0.05914871341104699,True
1.0,0.0,1.0333333333333334,2.513793103448276,-0.01666666666666672,-1.256896551724138,1.8446030541466087,0.05891703859572635,True
1.0,0.0,1.05,2.513793103448276,-0.025000000000000022,-1.256896551724138,1.8497366817359757,0.05868800278013821,True
1.0,0.0,1.0666666666666667,2.513793103448276,-0.033333333333333326,-1.256896551724138,1.8548580302215059,0.05846155719044838,True
1.0,0.0,1.0833333333333333,2.513793103448276,-0.04166666666666663,-1.256896551724138,1.8599671648777931,0.05823765428541725,True
1.0,0.0,1.1,2.513793103448276,-0.050000000000000044,-1.256896551724138,1.8650641509020816,0.05801624771718021,True
1.0,0.0,1.1166666666666667,2.513793103448276,-0.05833333333333335,-1.256896551724138,1.8701490533936553,0.05779729229352345,True
1.0,0.0,1.1333333333333333,2.513793103448276,-0.06666666666666665,-1.256896551724138,1.8752219373343573,0.05758074394159307,True
1.0,0.0,1.1500000000000001,2.513793103448276,-0.07500000000000007,-1.256896551724138,1.8802828675703112,0.05736655967296947,True
1.0,0.0,1.1666666666666667,2.513793103448276,-0.08333333333333337,-1.256896551724138,1.885331908794852,0.05715469755004346,True
1.0,0.0,1.1833333333333333,2.513793103448276,-0.09166666666666667,-1.256896551724138,1.890369125531926,0.05694511665366668,True
1.0,0.0,1.2000000000000002,2.513793103448276,-0.10000000000000009,-1.256896551724138,1.895394582121331,0.056737777051962555,True
1.0,0.0,1.2166666666666668,2.513793103448276,-0.10833333333333339,-1.256896551724138,1.9004083427041685,0.05653263977031178,True
1.0,0.0,1.2333333333333334,2.513793103448276,-0.1166666666666667,-1.256896551724138,1.9054104712094566,0.05632966676242304,True
1.0,0.0,1.25,2.513793103448276,-0.125,-1.256896551724138,1.9104010313415942,0.05612882088245244,True
1.0,0.0,1.2666666666666668,2.513793103448276,-0.13333333333333341,-1.256896551724138,1.9153800865685284,0.05593006585813168,True
1.0,0.0,1.2833333333333334,2.513793103448276,-0.14166666666666672,-1.256896551724138,1.9203477001107583,0.05573336626485715,True
1.0,0.0,1.3,2.513793103448276,-0.15000000000000002,-1.256896551724138,1.9253039349309822,0.05553868750070392,True
1.0,0.0,1.3166666666666667,2.513793103448276,-0.15833333333333333,-1.256896551724138,1.9302488537244917,0.055345995762322846,True
1.0,0.0,1.3333333333333335,2.513793103448276,-0.16666666666666674,-1.256896551724138,1.9351825189101544,0.05515525802168768,True
1.0,0.0,1.35,2.513793103448276,-0.17500000000000004,-1.256896551724138,1.9401049926220795,0.05496644200365342,True
1.0,0.0,1.3666666666666667,2.513793103448276,-0.18333333333333335,-1.256896551724138,1.945016336701754,0.054779516164299345,True
1.0,0.0,1.3833333333333333,2.513793103448276,-0.19166666666666665,-1.256896551724138,1.9499166126908913,0.0545944496700154,True
1.0,0.0,1.4000000000000001,2.513793103448276,-0.20000000000000007,-1.256896551724138,1.9548058818246759,0.05441121237731112,True
1.0,0.0,1.4166666666666667,2.513793103448276,-0.20833333333333337,-1.256896551724138,1.95968420502543,0.05422977481331917,True
1.0,0.0,1.4333333333333333,2.513793103448276,-0.21666666666666667,-1.256896551724138,1.9645516428972234,0.05405010815694225,True
1.0,0.0,1.45,2.513793103448276,-0.22499999999999998,-1.256896551724138,1.969408255720178,0.0538721842206656,True
1.0,0.0,0.1,2.542528735632184,0.45,-1.271264367816092,1.541531769931039,0.07771243766665918,True
1.0,0.0,0.11666666666666667,2.542528735632184,0.44166666666666665,-1.271264367816092,1.54746868809862,0.07720008717030455,True
1.0,0.0,0.13333333333333333,2.542528735632184,0.43333333333333335,-1.271264367816092,1.5533911354113081,0.07669725141395403,True
1.0,0.0,0.15000000000000002,2.542528735632184,0.425,-1.271264367816092,1.5592990569165712,0.07620364999077991,True
1.0,0.0,0.16666666666666669,2.542528735632184,0.41666666666666663,-1.271264367816092,1.5651924054269934,0.07571901362063514,True
1.0,0.0,0.18333333333333335,2.542528735632184,0.4083333333333333,-1.271264367816092,1.5710711410859846,0.07524308359982008,True
1.0,0.0,0.2,2.542528735632184,0.4,-1.271264367816092,1.576935230956199,0.07477561128329922,True
1.0,0.0,0.21666666666666667,2.542528735632184,0.39166666666666666,-1.271264367816092,1.5827846486295603,0.07431635759714066,True
1.0,0.0,0.23333333333333334,2.542528735632184,0.3833333333333333,-1.271264367816092,1.5886193738576915,0.073865092579141,True
1.0,0.0,0.25,2.542528735632184,0.375,-1.271264367816092,1.5944393922017341,0.0734215949457417,True
1.0,0.0,0.26666666666666666,2.542528735632184,0.3666666666666667,-1.271264367816092,1.6002446947005389,0.07298565168349413,True
1.0,0.0,0.2833333333333333,2.542528735632184,0.35833333333333334,-1.271264367816092,1.6060352775562396,0.07255705766346175,True
1.0,0.0,0.30000000000000004,2.542528735632184,0.35,-1.271264367816092,1.6118111418363292,0.07213561527706494,True
1.0,0.0,0.31666666666666665,2.542528735632184,0.3416666666666667,-1.271264367816092,1.617572293191348,0.07172113409198798,True
1.0,0.0,0.33333333333333337,2.542528735632184,0.3333333333333333,-1.271264367816092,1.6233187415873838,0.07131343052686666,True
1.0,0.0,0.35,2.542528735632184,0.325,-1.271264367816092,1.6290505010525922,0.07091232754356817,True
1.0,0.0,0.3666666666666667,2.542528735632184,0.31666666666666665,-1.271264367816092,1.6347675894369995,0.07051765435596231,True
1.0,0.0,0.3833333333333333,2.542528735632184,0.30833333333333335,-1.271264367816092,1.6404700281849136,0.07012924615415705,True
1.0,0.0,0.4,2.542528735632184,0.3,-1.271264367816092,1.646157842119249,0.0697469438432503,True
1.0,0.0,0.41666666666666663,2.542528735632184,0.2916666666666667,-1.271264367816092,1.6518310592371541,0.06937059379570924,True
1.0,0.0,0.43333333333333335,2.542528735632184,0.2833333333333333,-1.271264367816092,1.6574897105163406,0.06900004761655634,True
1.0,0.0,0.44999999999999996,2.542528735632184,0.275,-1.271264367816092,1.6631338297315998,0.06863516192058984,True
1.0,0.0,0.4666666666666667,2.542528735632184,0.26666666666666666,-1.271264367816092,1.6687634532808528,0.06827579812093214,True
1.0,0.0,0.4833333333333333,2.542528735632184,0.25833333333333336,-1.271264367816092,1.6743786200204127,0.06792182222822701,True
1.0,0.0,0.5,2.542528735632184,0.25,-1.271264367816092,1.6799793711087931,0.06757310465987576,True
1.0,0.0,0.5166666666666667,2.542528735632184,0.24166666666666664,-1.271264367816092,1.685565749858733,0.06722952005872355,True
1.0,0.0,0.5333333333333333,2.542528735632184,0.23333333333333334,-1.271264367816092,1.6911378015969956,0.06689094712065345,True
1.0,0.0,0.55,2.542528735632184,0.22499999999999998,-1.271264367816092,1.6966955735314782,0.06655726843058543,True
1.0,0.0,0.5666666666666667,2.542528735632184,0.21666666666666667,-1.271264367816092,1.7022391146253102,0.06622837030640039,True
1.0,0.0,0.5833333333333334,2.542528735632184,0.20833333333333331,-1.271264367816092,1.7077684754775355,0.06590414265034948,True
1.0,0.0,0.6,2.542528735632184,0.2,-1.271264367816092,1.7132837082100958,0.06558447880752766,True
1.0,0.0,0.6166666666666666,2.542528735632184,0.1916666666666667,-1.271264367816092,1.718784866360695,0.06526927543102769,True
1.0,0.0,0.6333333333333333,2.542528735632184,0.18333333333333335,-1.271264367816092,1.7242720047813096,0.06495843235340568,True
1.0,0.0,0.65,2.542528735632184,0.175,-1.271264367816092,1.7297451795420646,0.06465185246411434,True
1.0,0.0,0.6666666666666666,2.542528735632184,0.16666666666666669,-1.271264367816092,1.735204447840107,0.06434944159258779,True
1.0,0.0,0.6833333333333333,2.542528735632184,0.15833333333333333,-1.271264367816092,1.7406498679133353,0.06405110839666957,True
1.0,0.0,0.7,2.542528735632184,0.15000000000000002,-1.271264367816092,1.7460814989586366,0.06375676425610573,True
1.0,0.0,0.7166666666666667,2.542528735632184,0.14166666666666666,-1.271264367816092,1.751499401054457,0.06346632317083348,True
1.0,0.0,0.7333333333333333,2.542528735632184,0.13333333333333336,-1.271264367816092,1.7569036350874592,0.06317970166381523,True
1.0,0.0,0.75,2.542528735632184,0.125,-1.271264367816092,1.7622942626831466,0.06289681868817992,True
1.0,0.0,0.7666666666666666,2.542528735632184,0.1166666666666667,-1.271264367816092,1.76767134613983,0.06261759553846914,True
1.0,0.0,0.7833333333333333,2.542528735632184,0.10833333333333334,-1.271264367816092,1.7730349483667038,0.06234195576573133,True
1.0,0.0,0.7999999999999999,2.542528735632184,0.10000000000000003,-1.271264367816092,1.7783851328246405,0.062069825096330335,True
1.0,0.0,0.8166666666666667,2.542528735632184,0.09166666666666667,-1.271264367816092,1.783721963470438,0.06180113135423453,True
1.0,0.0,0.8333333333333333,2.542528735632184,0.08333333333333337,-1.271264367816092,1.7890455047039777,0.061535804386633475,True
1.0,0.0,0.85,2.542528735632184,0.07500000000000001,-1.271264367816092,1.7943558213182491,0.06127377599271001,True
1.0,0.0,0.8666666666666666,2.542528735632184,0.06666666666666671,-1.271264367816092,1.799652978451995,0.06101497985541825,True
1.0,0.0,0.8833333333333333,2.542528735632184,0.05833333333333335,-1.271264367816092,1.804937041545008,0.06075935147611234,True
1.0,0.0,0.9,2.542528735632184,0.04999999999999999,-1.271264367816092,1.810208076295746,0.060506828111896026,True
1.0,0.0,0.9166666666666666,2.542528735632184,0.041666666666666685,-1.271264367816092,1.8154661486212984,0.06025734871555655,True
1.0,0.0,0.9333333333333333,2.542528735632184,0.033333333333333326,-1.271264367816092,1.8207113246195759,0.06001085387795707,True
1.0,0.0,0.95,2.542528735632184,0.025000000000000022,-1.271264367816092,1.8259436705334828,0.05976728577277892,True
1.0,0.0,0.9666666666666667,2.542528735632184,0.016666666666666663,-1.271264367816092,1.8311632527171258,0.059526588103493885,True
1.0,0.0,0.9833333333333333,2.542528735632184,0.00833333333333336,-1.271264367816092,1.836370137603859,0.05928870605246693,True
1.0,0.0,1.0,2.542528735632184,0.0,-1.271264367816092,1.8415643916761362,0.05905358623208698,True
1.0,0.0,1.0166666666666666,2.542528735632184,-0.008333333333333304,-1.271264367816092,1.8467460814370007,0.058821176637836196,True
1.0,0.0,1.0333333333333334,2.542528735632184,-0.01666666666666672,-1.271264367816092,1.851915273383205,0.05859142660320316,True
1.0,0.0,1.05,2.542528735632184,-0.025000000000000022,-1.271264367816092,1.8570720339798752,0.058364286756358456,True
1.0,0.0,1.0666666666666667,2.542528735632184,-0.033333333333333326,-1.271264367816092,1.8622164296365318,0.05813970897851527,True
1.0,0.0,1.0833333333333333,2.542528735632184,-0.04166666666666663,-1.271264367816092,1.8673485266845968,0.05791764636389179,True
1.0,0.0,1.1,2.542528735632184,-0.050000000000000044,-1.271264367816092,1.8724683913561282,0.05769805318121077,True
1.0,0.0,1.1166666666666667,2.542528735632184,-0.05833333333333335,-1.271264367816092,1.877576089763761,0.057480884836666614,True
1.0,0.0,1.1333333333333333,2.542528735632184,-0.06666666666666665,-1.271264367816092,1.8826716878819987,0.05726609783828559,True
1.0,0.0,1.1500000000000001,2.542528735632184,-0.07500000000000007,-1.271264367816092,1.8877552515292282,0.05705364976164255,True
1.0,0.0,1.1666666666666667,2.542528735632184,-0.08333333333333337,-1.271264367816092,1.8928268463514015,0.056843499216832995,True
1.0,0.0,1.1833333333333333,2.542528735632184,-0.09166666666666667,-1.271264367816092,1.8978865378061278,0.0566356058166948,True
1.0,0.0,1.2000000000000002,2.542528735632184,-0.10000000000000009,-1.271264367816092,1.9029343911480676,0.05642993014618885,True
1.0,0.0,1.2166666666666668,2.542528735632184,-0.10833333333333339,-1.271264367816092,1.9079704714151182,0.05622643373290617,True
1.0,0.0,1.2333333333333334,2.542528735632184,-0.1166666666666667,-1.271264367816092,1.9129948434154813,0.05602507901864875,True
1.0,0.0,1.25,2.542528735632184,-0.125,-1.271264367816092,1.9180075717155953,0.05582582933203698,True
1.0,0.0,1.2666666666666668,2.542528735632184,-0.13333333333333341,-1.271264367816092,1.9230087206287374,0.05562864886210751,True
1.0,0.0,1.2833333333333334,2.542528735632184,-0.14166666666666672,-1.271264367816092,1.9279983542044774,0.05543350263285067,True
1.0,0.0,1.3,2.542528735632184,-0.15000000000000002,-1.271264367816092,1.932976536218794,0.05524035647865418,True
1.0,0.0,1.3166666666666667,2.542528735632184,-0.15833333333333333,-1.271264367816092,1.9379433301647941,0.05504917702061738,True
1.0,0.0,1.3333333333333335,2.542528735632184,-0.16666666666666674,-1.271264367816092,1.9428987992441782,0.05485993164369247,True
1.0,0.0,1.35,2.542528735632184,-0.17500000000000004,-1.271264367816092,1.9478430063592584,0.054672588474625826,True
1.0,0.0,1.3666666666666667,2.542528735632184,-0.18333333333333335,-1.271264367816092,1.9527760141055066,0.05448711636066655,True
1.0,0.0,1.3833333333333333,2.542528735632184,-0.19166666666666665,-1.271264367816092,1.9576978847646103,0.05430348484901063,True
1.0,0.0,1.4000000000000001,2.542528735632184,-0.20000000000000007,-1.271264367816092,1.9626086802983589,0.054121664166938,True
1.0,0.0,1.4166666666666667,2.542528735632184,-0.20833333333333337,-1.271264367816092,1.9675084623424584,0.0539416252026485,True
1.0,0.0,1.4333333333333333,2.542528735632184,-0.21666666666666667,-1.271264367816092,1.972397292201322,0.0537633394867276,True
1.0,0.0,1.45,2.542528735632184,-0.22499999999999998,-1.271264367816092,1.977275230843065,0.05358677917424626,True
1.0,0.0,0.1,2.571264367816092,0.45,-1.285632183908046,1.5473434748807644,0.07721080650161885,True
1.0,0.0,0.11666666666666667,2.571264367816092,0.44166666666666665,-1.285632183908046,1.5533109781748398,0.07670400292764423,True
1.0,0.0,0.13333333333333333,2.571264367816092,0.43333333333333335,-1.285632183908046,1.5592637971150312,0.07620657263901075,True
1.0,0.0,0.15000000000000002,2.571264367816092,0.425,-1.285632183908046,1.5652018812578918,0.07571824050012016,True
1.0,0.0,0.16666666666666669,2.571264367816092,0.41666666666666663,-1.285632183908046,1.5711251877868586,0.0752387422487787,True
1.0,0.0,0.18333333333333335,2.571264367816092,0.4083333333333333,-1.285632183908046,1.577033681082814,0.07476782396074207,True
1.0,0.0,0.2,2.571264367816092,0.4,-1.285632183908046,1.5829273323172355,0.07430524154569551,True
1.0,0.0,0.21666666666666667,2.571264367816092,0.39166666666666666,-1.285632183908046,1.5888061190667107,0.0738507602725333,True
1.0,0.0,0.23333333333333334,2.571264367816092,0.3833333333333333,-1.285632183908046,1.5946700249477985,0.07340415432195552,True
1.0,0.0,0.25,2.571264367816092,0.375,-1.285632183908046,1.6005190392710624,0.0729652063645688,True
1.0,0.0,0.26666666666666666,2.571264367816092,0.3666666666666667,-1.285632183908046,1.6063531567133416,0.07253370716280132,True
1.0,0.0,0.2833333333333333,2.571264367816092,0.35833333333333334,-1.285632183908046,1.612172377007252,0.0721094551950765,True
1.0,0.0,0.30000000000000004,2.571264367816092,0.35,-1.285632183908046,1.617976704647054,0.07169225630080171,True
1.0,0.0,0.31666666666666665,2.571264367816092,0.3416666666666667,-1.285632183908046,1.6237661486100023,0.0712819233448372,True
1.0,0.0,0.33333333333333337,2.571264367816092,0.3333333333333333,-1.285632183908046,1.6295407220923461,0.07087827590020686,True
1.0,0.0,0.35,2.571264367816092,0.325,-1.285632183908046,1.6353004422592545,0.0704811399478999,True
1.0,0.0,0.3666666666666667,2.571264367816092,0.31666666666666665,-1.285632183908046,1.6410453300078627,0.07009034759270115,True
1.0,0.0,0.3833333333333333,2.571264367816092,0.30833333333333335,-1.285632183908046,1.6467754097428335,0.06970573679405097,True
1.0,0.0,0.4,2.571264367816092,0.3,-1.285632183908046,1.6524907091637007,0.06932715111102215,True
1.0,0.0,0.41666666666666663,2.571264367816092,0.2916666666666667,-1.285632183908046,1.6581912590633987,0.06895443946054959,True
1.0,0.0,0.43333333333333335,2.571264367816092,0.2833333333333333,-1.285632183908046,1.6638770931373945,0.06858745588811847,True
1.0,0.0,0.44999999999999996,2.571264367816092,0.275,-1.285632183908046,1.6695482478028822,0.0682260593501642,True
1.0,0.0,0.4666666666666667,2.571264367816092,0.26666666666666666,-1.285632183908046,1.6752047620274728,0.06787011350749236,True
1.0,0.0,0.4833333333333333,2.571264367816092,0.25833333333333336,-1.285632183908046,1.6808466771668655,0.06751948652907498,True
1.0,0.0,0.5,2.571264367816092,0.25,-1.285632183908046,1.6864740368111293,0.06717405090561174,True
1.0,0.0,0.5166666666666667,2.571264367816092,0.24166666666666664,-1.285632183908046,1.6920868866389933,0.06683368327230188,True
1.0,0.0,0.5333333333333333,2.571264367816092,0.23333333333333334,-1.285632183908046,1.6976852742798825,0.06649826424029107,True
1.0,0.0,0.55,2.571264367816092,0.22499999999999998,-1.285632183908046,1.703269249183135,0.06616767823630944,True
1.0,0.0,0.5666666666666667,2.571264367816092,0.21666666666666667,-1.285632183908046,1.7088388624941968,0.06584181335002971,True
1.0,0.0,0.5833333333333334,2.571264367816092,0.20833333333333331,-1.285632183908046,1.7143941669372496,0.06552056118872593,True
1.0,0.0,0.6,2.571264367816092,0.2,-1.285632183908046,1.7199352167041004,0.06520381673881741,True
1.0,0.0,0.6166666666666666,2.571264367816092,0.1916666666666667,-1.285632183908046,1.725462067348879,0.0648914782339272,True
1.0,0.0,0.6333333333333333,2.571264367816092,0.18333333333333335,-1.285632183908046,1.7309747756883134,0.06458344702909646,True
1.0,0.0,0.65,2.571264367816092,0.175,-1.285632183908046,1.7364733997072865,0.06427962748082224,True
1.0,0.0,0.6666666666666666,2.571264367816092,0.16666666666666669,-1.285632183908046,1.7419579984693543,0.06397992683260673,True
1.0,0.0,0.6833333333333333,2.571264367816092,0.15833333333333333,-1.285632183908046,1.7474286320320456,0.06368425510572286,True
1.0,0.0,0.7,2.571264367816092,0.15000000000000002,-1.285632183908046,1.752885361366585,0.06339252499492434,True
1.0,0.0,0.7166666666666667,2.571264367816092,0.14166666666666666,-1.285632183908046,1.758328248281928,0.06310465176883542,True
1.0,0.0,0.7333333333333333,2.571264367816092,0.13333333333333336,-1.285632183908046,1.7637573553529682,0.06282055317477284,True
1.0,0.0,0.75,2.571264367816092,0.125,-1.285632183908046,1.7691727458520299,0.06254014934780455,True
1.0,0.0,0.7666666666666666,2.571264367816092,0.1166666666666667,-1.285632183908046,1.7745744836848898,0.062263362723755655,True
1.0,0.0,0.7833333333333333,2.571264367816092,0.10833333333333334,-1.285632183908046,1.7799626333294147,0.061990117956047516,True
1.0,0.0,0.7999999999999999,2.571264367816092,0.10000000000000003,-1.285632183908046,1.785337259777908,0.06172034183611204,True
1.0,0.0,0.8166666666666667,2.571264367816092,0.09166666666666667,-1.285632183908046,1.7906984284824552,0.06145396321722947,True
1.0,0.0,0.8333333333333333,2.571264367816092,0.08333333333333337,-1.285632183908046,1.7960462053031805,0.06119091294161448,True
1.0,0.0,0.85,2.571264367816092,0.07500000000000001,-1.285632183908046,1.8013806564593506,0.060931123770587285,True
1.0,0.0,0.8666666666666666,2.571264367816092,0.06666666666666671,-1.285632183908046,1.8067018484830806,0.06067453031768119,True
1.0,0.0,0.8833333333333333,2.571264367816092,0.05833333333333335,-1.285632183908046,1.812009848175606,0.06042106898454069,True
1.0,0.0,0.9,2.571264367816092,0.04999999999999999,-1.285632183908046,1.817304722565871,0.06017067789947861,True
1.0,0.0,0.9166666666666666,2.571264367816092,0.041666666666666685,-1.285632183908046,1.8225865388714466,0.059923296858559516,True
1.0,0.0,0.9333333333333333,2.571264367816092,0.033333333333333326,-1.285632183908046,1.8278553644615827,0.059678867269092245,True
1.0,0.0,0.95,2.571264367816092,0.025000000000000022,-1.285632183908046,1.8331112668222747,0.059437332095416344,True
1.0,0.0,0.9666666666666667,2.571264367816092,0.016666666666666663,-1.285632183908046,1.8383543135232876,0.059198635806874685,True
1.0,0.0,0.9833333333333333,2.571264367816092,0.00833333333333336,-1.285632183908046,1.8435845721870425,0.058962724327867415,True
1.0,0.0,1.0,2.571264367816092,0.0,-1.285632183908046,1.848802110459175,0.05872954498989591,True
1.0,0.0,1.0166666666666666,2.571264367816092,-0.008333333333333304,-1.285632183908046,1.8540069959808552,0.05849904648549668,True
1.0,0.0,1.0333333333333334,2.571264367816092,-0.01666666666666672,-1.285632183908046,1.8591992963625894,0.05827117882398802,True
1.0,0.0,1.05,2.571264367816092,-0.025000000000000022,-1.285632183908046,1.8643790791595753,0.05804589328893767,True
1.0,0.0,1.0666666666666667,2.571264367816092,-0.033333333333333326,-1.285632183908046,1.8695464118484428,0.057823142397280945,True
1.0,0.0,1.0833333333333333,2.571264367816092,-0.04166666666666663,-1.285632183908046,1.8747013618053596,0.05760287986001009,True
1.0,0.0,1.1,2.571264367816092,-0.050000000000000044,-1.285632183908046,1.8798439962854616,0.05738506054436481,True
1.0,0.0,1.1166666666666667,2.571264367816092,-0.05833333333333335,-1.285632183908046,1.8849743824032488,0.057169640437469645,True
1.0,0.0,1.1333333333333333,2.571264367816092,-0.06666666666666665,-1.285632183908046,1.8900925871146512,0.05695657661132149,True
1.0,0.0,1.1500000000000001,2.571264367816092,-0.07500000000000007,-1.285632183908046,1.8951986771996439,0.05674582718911304,True
1.0,0.0,1.1666666666666667,2.571264367816092,-0.08333333333333337,-1.285632183908046,1.900292719246191,0.05653735131279929,True
1.0,0.0,1.1833333333333333,2.571264367816092,-0.09166666666666667,-1.285632183908046,1.905374779635138,0.05633110911186642,True
1.0,0.0,1.2000000000000002,2.571264367816092,-0.10000000000000009,-1.285632183908046,1.9104449245259958,0.056127061673251946,True
1.0,0.0,1.2166666666666668,2.571264367816092,-0.10833333333333339,-1.285632183908046,1.9155032198436799,0.05592517101236166,True
1.0,0.0,1.2333333333333334,2.571264367816092,-0.1166666666666667,-1.285632183908046,1.9205497312660371,0.055725400045143,True
1.0,0.0,1.25,2.571264367816092,-0.125,-1.285632183908046,1.9255845242121854,0.05552771256116585,True
1.0,0.0,1.2666666666666668,2.571264367816092,-0.13333333333333341,-1.285632183908046,1.9306076638316838,0.05533207319766817,True
1.0,0.0,1.2833333333333334,2.571264367816092,-0.14166666666666672,-1.285632183908046,1.9356192149943134,0.055138447414530486,True
1.0,0.0,1.3,2.571264367816092,-0.15000000000000002,-1.285632183908046,1.9406192422806563,0.054946801470135184,True
1.0,0.0,1.3166666666666667,2.571264367816092,-0.15833333333333333,-1.285632183908046,1.9456078099732448,0.05475710239807894,True
1.0,0.0,1.3333333333333335,2.571264367816092,-0.16666666666666674,-1.285632183908046,1.9505849820483785,0.05456931798469992,True
1.0,0.0,1.35,2.571264367816092,-0.17500000000000004,-1.285632183908046,1.9555508221684936,0.05438341674738858,True
1.0,0.0,1.3666666666666667,2.571264367816092,-0.18333333333333335,-1.285632183908046,1.960505393675242,0.05419936791364455,True
1.0,0.0,1.3833333333333333,2.571264367816092,-0.19166666666666665,-1.285632183908046,1.96544875958273,0.05401714140086744,True
1.0,0.0,1.4000000000000001,2.571264367816092,-0.20000000000000007,-1.285632183908046,1.9703809825717147,0.0538367077968233,True
1.0,0.0,1.4166666666666667,2.571264367816092,-0.20833333333333337,-1.285632183908046,1.9753021249839915,0.05365803834078535,True
1.0,0.0,1.4333333333333333,2.571264367816092,-0.21666666666666667,-1.285632183908046,1.9802122488173348,0.05348110490531001,True
1.0,0.0,1.45,2.571264367816092,-0.22499999999999998,-1.285632183908046,1.9851114157207965,0.05330587997862698,True
1.0,0.0,0.1,2.6,0.45,-1.3,1.55313503558814,0.07671882744588841,True
1.0,0.0,0.11666666666666667,2.6,0.44166666666666665,-1.3,1.5591329425710223,0.0762174214577725,True
1.0,0.0,0.13333333333333333,2.6,0.43333333333333335,-1.3,1.5651159540818618,0.0757252518971805,True
1.0,0.0,0.15000000000000002,2.6,0.425,-1.3,1.5710840241206132,0.07524204870220248,True
1.0,0.0,0.16666666666666669,2.6,0.41666666666666663,-1.3,1.5770371141780426,0.07476755244175516,True
1.0,0.0,0.18333333333333335,2.6,0.4083333333333333,-1.3,1.5829751928110487,0.07430151379421321,True
1.0,0.0,0.2,2.6,0.4,-1.3,1.5888982352404541,0.07384369305651349,True
1.0,0.0,0.21666666666666667,2.6,0.39166666666666666,-1.3,1.5948062229700517,0.07339385968167188,True
1.0,0.0,0.23333333333333334,2.6,0.3833333333333333,-1.3,1.6006991434257116,0.07295179184281149,True
1.0,0.0,0.25,2.6,0.375,-1.3,1.6065769896136277,0.0725172760219333,True
1.0,0.0,0.26666666666666666,2.6,0.3666666666666667,-1.3,1.6124397597965923,0.07209010662180795,True
1.0,0.0,0.2833333333333333,2.6,0.35833333333333334,-1.3,1.618287457187379,0.07167008559948145,True
1.0,0.0,0.30000000000000004,2.6,0.35,-1.3,1.6241200896583463,0.07125702211999843,True
1.0,0.0,0.31666666666666665,2.6,0.3416666666666667,-1.3,1.6299376694663485,0.07085073222905539,True
1.0,0.0,0.33333333333333337,2.6,0.3333333333333333,-1.3,1.6357402129922483,0.07045103854337736,True
1.0,0.0,0.35,2.6,0.325,-1.3,1.641527740494141,0.07005776995771457,True
1.0,0.0,0.3666666666666667,2.6,0.31666666666666665,-1.3,1.6473002758736155,0.06967076136742217,True
1.0,0.0,0.3833333333333333,2.6,0.30833333333333335,-1.3,1.6530578464544259,0.06928985340565909,True
1.0,0.0,0.4,2.6,0.3,-1.3,1.658800482772771,0.0689148921943223,True
1.0,0.0,0.41666666666666663,2.6,0.2916666666666667,-1.3,1.6645282183787133,0.06854572910787625,True
1.0,0.0,0.43333333333333335,2.6,0.2833333333333333,-1.3,1.6702410896480686,0.06818222054930898,True
1.0,0.0,0.44999999999999996,2.6,0.275,-1.3,1.6759391356042186,0.06782422773749264,True
1.0,0.0,0.4666666666666667,2.6,0.26666666666666666,-1.3,1.6816223977493627,0.06747161650527399,True
1.0,0.0,0.4833333333333333,2.6,0.25833333333333336,-1.3,1.687290919904655,0.06712425710767109,True
1.0,0.0,0.5,2.6,0.25,-1.3,1.692944748058819,0.06678202403958589,True
1.0,0.0,0.5166666666666667,2.6,0.24166666666666664,-1.3,1.6985839302247339,0.06644479586248932,True
1.0,0.0,0.5333333333333333,2.6,0.23333333333333334,-1.3,1.7042085163036176,0.06611245503956545,True
1.0,0.0,0.55,2.6,0.22499999999999998,-1.3,1.7098185579563936,0.06578488777883575,True
1.0,0.0,0.5666666666666667,2.6,0.21666666666666667,-1.3,1.7154141084818384,0.0654619838838185,True
1.0,0.0,0.5833333333333334,2.6,0.20833333333333331,-1.3,1.7209952227012257,0.0651436366112988,True
1.0,0.0,0.6,2.6,0.2,-1.3,1.7265619568490185,0.06482974253582377,True
1.0,0.0,0.6166666666666666,2.6,0.1916666666666667,-1.3,1.7321143684694178,0.06452020142054772,True
1.0,0.0,0.6333333333333333,2.6,0.18333333333333335,-1.3,1.7376525163183378,0.06421491609408708,True
1.0,0.0,0.65,2.6,0.175,-1.3,1.7431764602706394,0.06391379233305775,True
1.0,0.0,0.6666666666666666,2.6,0.16666666666666669,-1.3,1.7486862612322693,0.06361673874999295,True
1.0,0.0,0.6833333333333333,2.6,0.15833333333333333,-1.3,1.7541819810570525,0.06332366668635635,True
1.0,0.0,0.7,2.6,0.15000000000000002,-1.3,1.7596636824679996,0.06303449011037658,True
1.0,0.0,0.7166666666666667,2.6,0.14166666666666666,-1.3,1.7651314289826034,0.06274912551946668,True
1.0,0.0,0.7333333333333333,2.6,0.13333333333333336,-1.3,1.7705852848425234,0.06246749184695731,True
1.0,0.0,0.75,2.6,0.125,-1.3,1.7760253149466187,0.06218951037296618,True
1.0,0.0,0.7666666666666666,2.6,0.1166666666666667,-1.3,1.7814515847878003,0.06191510463915681,True
1.0,0.0,0.7833333333333333,2.6,0.10833333333333334,-1.3,1.7868641603932207,0.06164420036720413,True
1.0,0.0,0.7999999999999999,2.6,0.10000000000000003,-1.3,1.7922631082677154,0.06137672538077672,True
1.0,0.0,0.8166666666666667,2.6,0.09166666666666667,-1.3,1.7976484953402978,0.06111260953086027,True
1.0,0.0,0.8333333333333333,2.6,0.08333333333333337,-1.3,1.803020388913501,0.060851784624258665,True
1.0,0.0,0.85,2.6,0.07500000000000001,-1.3,1.8083788566155568,0.06059418435511019,True
1.0,0.0,0.8666666666666666,2.6,0.06666666666666671,-1.3,1.8137239663551266,0.06033974423927695,True
1.0,0.0,0.8833333333333333,2.6,0.05833333333333335,-1.3,1.819055786278524,0.06008840155146453,True
1.0,0.0,0.9,2.6,0.04999999999999999,-1.3,1.8243743847293006,0.059840095264940954,True
1.0,0.0,0.9166666666666666,2.6,0.041666666666666685,-1.3,1.8296798302100574,0.059594765993729294,True
1.0,0.0,0.9333333333333333,2.6,0.033333333333333326,-1.3,1.8349721913463557,0.0593523559371588,True
1.0,0.0,0.95,2.6,0.025000000000000022,-1.3,1.8402515368526866,0.05911280882665763,True
1.0,0.0,0.9666666666666667,2.6,0.016666666666666663,-1.3,1.8455179355002806,0.05887606987468927,True
1.0,0.0,0.9833333333333333,2.6,0.00833333333333336,-1.3,1.8507714560867654,0.05864208572572588,True
1.0,0.0,1.0,2.6,0.0,-1.3,1.856012167407566,0.05841080440916607,True
1.0,0.0,1.0166666666666666,2.6,-0.008333333333333304,-1.3,1.8612401382288826,0.058182175294110516,True
1.0,0.0,1.0333333333333334,2.6,-0.01666666666666672,-1.3,1.8664554372622462,0.05795614904590593,True
1.0,0.0,1.05,2.6,-0.025000000000000022,-1.3,1.871658133140559,0.05773267758437959,True
1.0,0.0,1.0666666666666667,2.6,-0.033333333333333326,-1.3,1.8768482943954699,0.05751171404368895,True
1.0,0.0,1.0833333333333333,2.6,-0.04166666666666663,-1.3,1.8820259894362112,0.05729321273370739,True
1.0,0.0,1.1,2.6,-0.050000000000000044,-1.3,1.8871912865293865,0.05707712910289465,True
1.0,0.0,1.1166666666666667,2.6,-0.05833333333333335,-1.3,1.8923442537804787,0.056863419702553084,True
1.0,0.0,1.1333333333333333,2.6,-0.06666666666666665,-1.3,1.8974849591159109,0.05665204215245296,True
1.0,0.0,1.1500000000000001,2.6,-0.07500000000000007,-1.3,1.9026134702665862,0.056442955107727615,True
1.0,0.0,1.1666666666666667,2.6,-0.08333333333333337,-1.3,1.9077298547522552,0.05623611822700668,True
1.0,0.0,1.1833333333333333,2.6,-0.09166666666666667,-1.3,1.9128341798669493,0.05603149214172329,True
1.0,0.0,1.2000000000000002,2.6,-0.10000000000000009,-1.3,1.9179265126652651,0.05582903842655036,True
1.0,0.0,1.2166666666666668,2.6,-0.10833333333333339,-1.3,1.923006919949591,0.05562871957091263,True
1.0,0.0,1.2333333333333334,2.6,-0.1166666666666667,-1.3,1.9280754682581038,0.05543049895153456,True
1.0,0.0,1.25,2.6,-0.125,-1.3,1.9331322238535822,0.05523434080597622,True
1.0,0.0,1.2666666666666668,2.6,-0.13333333333333341,-1.3,1.9381772527129892,0.055040210207115345,True
1.0,0.0,1.2833333333333334,2.6,-0.14166666666666672,-1.3,1.9432106205177184,0.054848073038541244,True
1.0,0.0,1.3,2.6,-0.15000000000000002,-1.3,1.9482323926445257,0.05465789597081736,True
1.0,0.0,1.3166666666666667,2.6,-0.15833333333333333,-1.3,1.9532426341571738,0.05446964643857701,True
1.0,0.0,1.3333333333333335,2.6,-0.16666666666666674,-1.3,1.9582414097984628,0.054283292618427695,True
1.0,0.0,1.35,2.6,-0.17500000000000004,-1.3,1.9632287839833258,0.054098803407605874,True
1.0,0.0,1.3666666666666667,2.6,-0.18333333333333335,-1.3,1.968204820791754,0.053916148403394884,True
1.0,0.0,1.3833333333333333,2.6,-0.19166666666666665,-1.3,1.9731695839628818,0.05373529788322678,True
1.0,0.0,1.4000000000000001,2.6,-0.20000000000000007,-1.3,1.9781231368892558,0.05355622278547506,True
1.0,0.0,1.4166666666666667,2.6,-0.20833333333333337,-1.3,1.9830655426115624,0.053378894690899875,True
1.0,0.0,1.4333333333333333,2.6,-0.21666666666666667,-1.3,1.9879968638139922,0.05320328580471174,True
1.0,0.0,1.45,2.6,-0.22499999999999998,-1.3,1.9929171628197913,0.053029368939247076,True
