case_id,B,gamma_dark,noise_scale,control,replica,seed,sigma,training_complex_samples,holdout_complex_samples,model,model_correct,start_index,chi2,success,status,nfev,optimality,boundaries,parameters
0,0.05,0.003,0.0001,zero_drift,0,2026092710,0.0026965025258932677,162,160,unchanged,True,0,313.1415266419385,True,2,44,0.013072945334778208,,"[1.0500535997650688, -5.805426531868056, 6.760569521401415, -5.0504614289739305, 0.9695859777252097, -5.8091553271337295, -6.437760516129674]"
0,0.05,0.003,0.0001,zero_drift,0,2026092710,0.0026965025258932677,162,160,unchanged,True,1,619.7215657693835,False,0,160,13840566.474491682,,"[1.0506176373101992, -5.776789158876993, 6.730879441338257, -6.34386486535558, 0.969586230205283, -5.809348330701008, -6.437567122586417]"
0,0.05,0.003,0.0001,zero_drift,0,2026092710,0.0026965025258932677,162,160,unchanged,True,2,400.71012759978953,False,0,160,90319.49085393993,,"[1.0500540808105485, -5.835103514507994, 6.760494765604851, -4.503731136024667, 0.9695856260877387, -5.809122823919353, -6.437761704629131]"
0,0.05,0.003,0.0001,zero_drift,0,2026092710,0.0026965025258932677,162,160,drift_aware,True,0,312.51639240664815,True,3,53,11.502046562395408,,"[1.0500550909850803, -5.806897298172577, 6.760488219345004, -5.014570624143168, 0.9695856858429077, -5.809113759169707, -6.43775762449966, 6.059783683882711e-07, -5.806941582509448]"
0,0.05,0.003,0.0001,zero_drift,0,2026092710,0.0026965025258932677,162,160,drift_aware,True,1,2272363919.3297853,False,0,160,45484550.147048734,,"[1.14625235489589, -6.583030507968781, 4.043981654907954, -3.6364852720932883, 0.9243349907385231, -8.286442870897506, -9.04463677026265, -0.044435140246258754, -5.112531340610996]"
0,0.05,0.003,0.0001,zero_drift,0,2026092710,0.0026965025258932677,162,160,drift_aware,True,2,312.5163924068536,True,2,152,0.06801552493670417,,"[1.0500550910082689, -5.806897357087897, 6.7604882180455395, -5.014569211633566, 0.9695856858390458, -5.809113759220191, -6.437757624490983, 6.059852575318721e-07, -5.806941641348058]"
0,0.05,0.003,0.0001,zero_drift,0,2026092710,0.0026965025258932677,162,160,extended,True,0,316.3113000822511,False,0,160,24972.529872932115,,"[1.0500489218249147, -5.791721333237154, 6.760831813467953, -5.47088377520426, 0.9696024816943688, -5.80912680348584, -6.344557250247352, 2.7538815642518674e-05, -5.791767709749826, 0.013882019828437307]"
0,0.05,0.003,0.0001,zero_drift,0,2026092710,0.0026965025258932677,162,160,extended,True,1,1353675105.3354464,True,2,96,81227.42264111346,remote_sq;log_gr;log_gd;log_t;link_l,"[1.1492728306443067, -5.767893051353787, 4.000000000000001, -9.21034037197618, 0.9528745829517843, -9.21034037197618, -11.512925464970227, 0.03466745451461152, -5.040599472877242, 0.09999999999999999]"
0,0.05,0.003,0.0001,zero_drift,0,2026092710,0.0026965025258932677,162,160,extended,True,2,328.60627465158467,False,0,160,16081.357168864639,,"[1.0500643007062491, -5.779410042587941, 6.760026173658657, -6.116918529344315, 0.9696688800783281, -5.809125615143794, -6.660313456480407, -5.692626909679478e-05, -5.779433380775756, -0.030647739619577653]"
1,0.05,0.003,0.0001,zero_drift,1,2026092747,0.0026965025258932677,162,160,unchanged,True,0,332.99019963010556,True,3,48,36.480328806110734,,"[1.0501591242847792, -5.808312937519893, 6.754994237956409, -4.9829814705871, 0.96958574944456, -5.809168183812089, -6.437721245413091]"
1,0.05,0.003,0.0001,zero_drift,1,2026092747,0.0026965025258932677,162,160,unchanged,True,1,2450.675183327431,False,0,160,110656317.9249678,,"[1.051795976612557, -5.796328754636948, 6.669727601072045, -5.3400149883425, 0.9695856079190037, -5.809651876946225, -6.437158663548757]"
1,0.05,0.003,0.0001,zero_drift,1,2026092747,0.0026965025258932677,162,160,unchanged,True,2,332.9948262216928,False,0,160,6746.364313618378,,"[1.0501591452845747, -5.808504798850262, 6.754992880478898, -4.978541767547178, 0.9695857471382878, -5.8091679780013985, -6.4377212453774195]"
1,0.05,0.003,0.0001,zero_drift,1,2026092747,0.0026965025258932677,162,160,drift_aware,True,0,330.69494374038004,True,2,49,0.0053031457765894225,,"[1.0501497673518523, -5.807667596193729, 6.755489725575047, -4.997914085882919, 0.9695859404822552, -5.809382840391266, -6.437734555967393, -4.155456434072098e-07, -5.807434969529152]"
1,0.05,0.003,0.0001,zero_drift,1,2026092747,0.0026965025258932677,162,160,drift_aware,True,1,2241221109.7488017,True,2,148,228489.44943102569,log_gb;remote_sq;drift_u,"[1.1490914898506341, -9.21034037197618, 4.000000000000001, -3.1141807743637084, 0.905284496575564, -5.161790158391284, -7.3091344298736205, -0.049999999999999996, -5.525945247767579]"
1,0.05,0.003,0.0001,zero_drift,1,2026092747,0.0026965025258932677,162,160,drift_aware,True,2,337.1029326157013,False,0,160,34923.733863371184,,"[1.0501504264734445, -5.798220529828289, 6.755466596876104, -5.2503625987747204, 0.969586560759939, -5.809370402684156, -6.437734131523069, -1.5287268531097704e-06, -5.798012555981265]"
1,0.05,0.003,0.0001,zero_drift,1,2026092747,0.0026965025258932677,162,160,extended,True,0,334.7860138903546,False,0,160,8885.272637992597,,"[1.0501454921443394, -5.794695817536475, 6.755730945656843, -5.3644882620173355, 0.9695922151569467, -5.809394161602349, -6.379606538169324, 1.643466286242443e-05, -5.794466005616295, 0.00857478168703314]"
1,0.05,0.003,0.0001,zero_drift,1,2026092747,0.0026965025258932677,162,160,extended,True,1,1353689011.2609158,True,2,131,2218583.366911461,remote_sq;log_gr;log_gd;log_t;link_l,"[1.1492730073361412, -5.76788963460161, 4.000000000000001, -9.21034037197618, 0.9528745734009003, -9.21034037197618, -11.512925464970227, 0.0346671214895648, -5.040538591250765, 0.09999999999999999]"
1,0.05,0.003,0.0001,zero_drift,1,2026092747,0.0026965025258932677,162,160,extended,True,2,16670.001136810708,False,0,160,201018851.0769187,,"[1.0549408265296263, -5.790959230616291, 6.512795510636966, -5.587410787166209, 0.969662781490141, -5.80759758481497, -6.650535755404765, -6.481537414513228e-05, -5.794097868329644, -0.028378930637627454]"
2,0.05,0.003,0.0001,allowed_drift,0,2026092784,0.0026965025258932677,162,160,unchanged,False,0,619692.006245827,True,2,58,0.7117971784991818,log_gr,"[1.0524646260261339, -5.766170205592359, 6.636190601276394, -9.210340371976171, 0.9698136479589393, -5.770931496843676, -6.435534530015891]"
2,0.05,0.003,0.0001,allowed_drift,0,2026092784,0.0026965025258932677,162,160,unchanged,False,1,619692.0062447193,True,4,136,4.677908242426002,log_gr,"[1.0524646271342688, -5.766170205628907, 6.636190545107634, -9.21034037197618, 0.9698136479589357, -5.770931497277404, -6.435534529623645]"
2,0.05,0.003,0.0001,allowed_drift,0,2026092784,0.0026965025258932677,162,160,unchanged,False,2,619692.0062547151,True,2,128,0.7611982702584504,log_gr,"[1.0524646170298628, -5.766170205391278, 6.6361910573027805, -9.21034037197618, 0.969813647960081, -5.770931494769881, -6.435534533162534]"
2,0.05,0.003,0.0001,allowed_drift,0,2026092784,0.0026965025258932677,162,160,drift_aware,True,0,331.36640252745144,True,3,57,0.5080321447904649,,"[1.0500923826714748, -5.8087145597910235, 6.758522763692063, -4.972515595891752, 0.9695861644334403, -5.809314769560281, -6.437738680180191, 0.000499241669958031, -5.767702121586327]"
2,0.05,0.003,0.0001,allowed_drift,0,2026092784,0.0026965025258932677,162,160,drift_aware,True,1,2212478591.478338,True,2,80,503600.9243450367,log_gb;remote_sq;drift_u,"[1.1490933217229777, -9.21034037197618, 4.000000000000001, -3.11418511802715, 0.9045961517364944, -5.140423375139114, -7.262610786602196, -0.049999999999999996, -5.4617454657227]"
2,0.05,0.003,0.0001,allowed_drift,0,2026092784,0.0026965025258932677,162,160,drift_aware,True,2,18560.09779907698,False,0,160,79824391.39940584,,"[1.0552872701469442, -5.774519034688448, 6.496125703104241, -6.660789475780602, 0.969588163605002, -5.807420616726905, -6.435770023097852, 0.0004952825855456151, -5.738280760528403]"
2,0.05,0.003,0.0001,allowed_drift,0,2026092784,0.0026965025258932677,162,160,extended,True,0,339.104342803903,False,0,160,23033.159314711724,,"[1.0500878917844112, -5.794160217883877, 6.758777642155409, -5.381942715156321, 0.9695939104953617, -5.809323315039653, -6.373711030184045, 0.0005176677801703332, -5.753729925694712, 0.009463970379306139]"
2,0.05,0.003,0.0001,allowed_drift,0,2026092784,0.0026965025258932677,162,160,extended,True,1,1047.620048238003,False,0,160,22185720.17078225,,"[1.0511369241954647, -5.781527794878798, 6.703806409942233, -5.990186769649677, 0.9697459523885431, -5.8089599298130405, -6.754271523718763, 0.0004178372316046252, -5.742223975227265, -0.042245715684744695]"
2,0.05,0.003,0.0001,allowed_drift,0,2026092784,0.0026965025258932677,162,160,extended,True,2,346.30131019421725,False,0,160,5866.937204692917,,"[1.0500780949727628, -5.787364217973452, 6.759301647990716, -5.654695799364293, 0.9697273849527401, -5.809326678476042, -6.180446371044473, 0.0005751955371670289, -5.74722115281662, 0.03993745513774218]"
3,0.05,0.003,0.0001,allowed_drift,1,2026092821,0.0026965025258932677,162,160,unchanged,False,0,620963.5363255906,True,2,58,3.7365798109434385,log_gr,"[1.0524649696264747, -5.766166936263091, 6.636167346625833, -9.210340371976075, 0.969814029629181, -5.770990037677825, -6.43554819318249]"
3,0.05,0.003,0.0001,allowed_drift,1,2026092821,0.0026965025258932677,162,160,unchanged,False,1,620963.5361625132,True,2,155,14.36484849540152,log_gr,"[1.0524651514970333, -5.766166939586783, 6.6361581276000905, -9.21034037197618, 0.9698140296054559, -5.770990089786407, -6.435548129871537]"
3,0.05,0.003,0.0001,allowed_drift,1,2026092821,0.0026965025258932677,162,160,unchanged,False,2,620963.5363097683,True,2,126,2.2519789786721036,log_gr,"[1.0524649852982622, -5.766166936541321, 6.636166552219205, -9.21034037197618, 0.9698140296272589, -5.7709900425775125, -6.435548187742982]"
3,0.05,0.003,0.0001,allowed_drift,1,2026092821,0.0026965025258932677,162,160,drift_aware,True,0,328.59796305724353,True,2,49,0.0055717380858735606,,"[1.0501060873762502, -5.811129661291279, 6.757787346515862, -4.918813155633004, 0.9695858770582341, -5.809045967656059, -6.437731826923657, 0.000500679348348292, -5.770364144199686]"
3,0.05,0.003,0.0001,allowed_drift,1,2026092821,0.0026965025258932677,162,160,drift_aware,True,1,2212634665.624356,True,2,156,683887.2954504573,log_gb;remote_sq;drift_u,"[1.1490931834309939, -9.21034037197618, 4.000000000000001, -3.1141793543499388, 0.9045627272218449, -5.139613283302, -7.261655183719532, -0.049999999999999996, -5.461685352029388]"
3,0.05,0.003,0.0001,allowed_drift,1,2026092821,0.0026965025258932677,162,160,drift_aware,True,2,330.92646795533227,False,0,160,73624.26889077389,,"[1.050106192407347, -5.805467517248571, 6.757789772376582, -5.049947656358091, 0.9695862368012247, -5.8090459219379635, -6.437731708243608, 0.0005000348748206681, -5.764930986420322]"
3,0.05,0.003,0.0001,allowed_drift,1,2026092821,0.0026965025258932677,162,160,extended,True,0,334.05325384081544,False,0,160,233681.2452982932,,"[1.0501041179807271, -5.801874163837494, 6.757904004275972, -5.143535785368588, 0.9695866952749114, -5.809051127713688, -6.4155988326758635, 0.0005070869458838808, -5.761476082570712, 0.003236603382033737]"
3,0.05,0.003,0.0001,allowed_drift,1,2026092821,0.0026965025258932677,162,160,extended,True,1,379.9344454215206,False,0,160,64785.036075447526,,"[1.0501085527641834, -5.783512009756899, 6.757686176888679, -5.8516633835324425, 0.9695943086557225, -5.809047737758138, -6.498597144927275, 0.00048117315533771415, -5.743844457249795, -0.008719013338071974]"
3,0.05,0.003,0.0001,allowed_drift,1,2026092821,0.0026965025258932677,162,160,extended,True,2,17965.530509801985,False,0,160,159992344.20354563,,"[1.0551341011923068, -5.788757680734917, 6.503456069001287, -5.681709038985131, 0.9698961425858582, -5.807214213437102, -6.057727172236969, 0.0006218273862022328, -5.752267521123682, 0.05792560982638876]"
4,0.05,0.003,0.0001,extra_link,0,2026092858,0.0026965025258932677,162,160,unchanged,False,0,582256.2604063082,True,3,59,2.4350057963074163,log_gr,"[1.0529889852214693, -5.766206030526285, 6.609722604072176, -9.210340368680866, 0.9697911928339689, -5.773703209551963, -6.505036005261135]"
4,0.05,0.003,0.0001,extra_link,0,2026092858,0.0026965025258932677,162,160,unchanged,False,1,582256.2599359388,True,2,95,37.95879861569578,log_gr,"[1.0529894478593664, -5.766206039007611, 6.609699370105053, -9.210340371974747, 0.9697911927845742, -5.773703340217101, -6.505035847663424]"
4,0.05,0.003,0.0001,extra_link,0,2026092858,0.0026965025258932677,162,160,unchanged,False,2,582256.2604114718,True,2,115,2.2378822464994452,log_gr,"[1.0529889809738373, -5.766206030507244, 6.609722817390571, -9.21034037197575, 0.9697911928345166, -5.773703207753035, -6.505036006693061]"
4,0.05,0.003,0.0001,extra_link,0,2026092858,0.0026965025258932677,162,160,drift_aware,False,0,272.8121205891828,True,2,87,0.006621589978554153,,"[1.0500820558657484, -5.837634367099153, 6.759007956631287, -4.469440646853955, 0.9695785180379466, -5.808980173750337, -6.507675668958626, 0.00047906109021165626, -5.795812580347677]"
4,0.05,0.003,0.0001,extra_link,0,2026092858,0.0026965025258932677,162,160,drift_aware,False,1,2235472521.5649905,True,2,160,837330.6661476521,log_gb;remote_sq;drift_u,"[1.149095482387377, -9.21034037197618, 4.000000000000001, -3.114179882386585, 0.9010852155144577, -5.048256219554923, -7.027180045751179, -0.049999999999999996, -5.459403365898982]"
4,0.05,0.003,0.0001,extra_link,0,2026092858,0.0026965025258932677,162,160,drift_aware,False,2,286.67568723141414,False,0,160,54125.20441432296,,"[1.0500850366729304, -5.822549808986903, 6.758881448919013, -4.698427642462054, 0.9695793908041036, -5.808972074120976, -6.507673618070547, 0.00047747022179500377, -5.7813492895869905]"
4,0.05,0.003,0.0001,extra_link,0,2026092858,0.0026965025258932677,162,160,extended,True,0,255.90962083948935,False,0,160,105516.76106709804,,"[1.050070196977742, -5.804332946684123, 6.759695082930885, -5.077999550800158, 0.9695921097132675, -5.808979077468935, -6.418047692749131, 0.0005051250544509778, -5.763878678647931, 0.012877232057219575]"
4,0.05,0.003,0.0001,extra_link,0,2026092858,0.0026965025258932677,162,160,extended,True,1,2231562573.0487237,False,0,160,273539.04421837727,log_gb;remote_sq;log_t;drift_u,"[1.1490943594553134, -9.21034037197618, 4.000000000000001, -3.1134029967440084, 0.9071335177365678, -5.134269688347437, -11.512925464970227, -0.049999999999999996, -5.409796901097789, -0.09777808247959034]"
4,0.05,0.003,0.0001,extra_link,0,2026092858,0.0026965025258932677,162,160,extended,True,2,40644.471048216205,False,0,160,375524553.76855147,,"[1.0574200802139573, -5.7716765910892915, 6.394939661998546, -7.101366437186172, 0.9695838010597396, -5.806317052297323, -6.504374515917278, 0.0004687409070698893, -5.737339420652569, 7.220619489940142e-05]"
5,0.05,0.003,0.0001,extra_link,1,2026092895,0.0026965025258932677,162,160,unchanged,False,0,584146.9982353144,True,2,59,0.7924338559854096,log_gr,"[1.0530034970739803, -5.766218022657153, 6.609001495109579, -9.21034037197607, 0.9697908732614872, -5.773727787812315, -6.505051574823409]"
5,0.05,0.003,0.0001,extra_link,1,2026092895,0.0026965025258932677,162,160,unchanged,False,1,584146.9975681889,True,2,75,87.0403216355042,log_gr,"[1.053004542457423, -5.766218041895101, 6.608949008874061, -9.21034037197618, 0.9697908731545336, -5.773728085288853, -6.505051218624533]"
5,0.05,0.003,0.0001,extra_link,1,2026092895,0.0026965025258932677,162,160,unchanged,False,2,584146.998248551,True,2,118,3.1765419074894883,log_gr,"[1.0530034874234606, -5.76621802252756, 6.609001979641493, -9.210340371966854, 0.9697908732625518, -5.7737277852388535, -6.505051578120339]"
5,0.05,0.003,0.0001,extra_link,1,2026092895,0.0026965025258932677,162,160,drift_aware,False,0,349.6336534431447,True,2,104,0.10096268167471927,,"[1.0500918899722747, -5.845811144626581, 6.758475493091341, -4.365721415605718, 0.9695773909205047, -5.809058091536001, -6.507696045920628, 0.0004806732912247481, -5.803592781459582]"
5,0.05,0.003,0.0001,extra_link,1,2026092895,0.0026965025258932677,162,160,drift_aware,False,1,2235684722.7791104,True,2,158,949447.9696751145,log_gb;remote_sq;drift_u,"[1.1490956331899673, -9.21034037197618, 4.000000000000001, -3.1141929805253636, 0.9011010189685725, -5.047633914980341, -7.027442866868695, -0.049999999999999996, -5.459498338049101]"
5,0.05,0.003,0.0001,extra_link,1,2026092895,0.0026965025258932677,162,160,drift_aware,False,2,457.6193341621657,False,0,160,228162.73270087136,,"[1.0500987004083902, -5.804053636302333, 6.758194977274872, -5.085632453754958, 0.9695798196395538, -5.809035995671282, -6.507691039279725, 0.0004762462797809104, -5.763547723557499]"
5,0.05,0.003,0.0001,extra_link,1,2026092895,0.0026965025258932677,162,160,extended,True,0,307.8896402072887,False,0,160,6304.980775331386,,"[1.050077336411645, -5.807136156221932, 6.7593209254333715, -5.009266343627314, 0.9695927770511055, -5.80905862402826, -6.4118913629106995, 0.0005091754430494836, -5.766515666838882, 0.01378522080026816]"
5,0.05,0.003,0.0001,extra_link,1,2026092895,0.0026965025258932677,162,160,extended,True,1,2231764322.58784,False,0,160,5283485.613904154,log_gb;remote_sq;log_t;drift_u,"[1.1490944525328743, -9.21034037197618, 4.000000000000001, -3.113417055357494, 0.9070806549283141, -5.132770653366367, -11.512925464970227, -0.049999999999999996, -5.409613420478997, -0.0978575322539038]"
5,0.05,0.003,0.0001,extra_link,1,2026092895,0.0026965025258932677,162,160,extended,True,2,34490.24825204309,False,0,160,203477160.3471678,,"[1.0570722443713276, -5.800879488802814, 6.411258087285722, -5.294467680791028, 0.9696088405896223, -5.806542149492608, -6.373167245404844, 0.0005162782913447917, -5.765259405648889, 0.018031324977159424]"
6,0.05,0.003,0.001,zero_drift,0,2026092932,0.026965025258932674,162,160,unchanged,True,0,377.5455876279021,True,2,95,0.0006174195807439351,log_gr,"[1.0504322696939152, -5.766828029002161, 6.7406107099134855, -9.210340371962262, 0.9695863457991517, -5.808891030129329, -6.4374411462181715]"
6,0.05,0.003,0.001,zero_drift,0,2026092932,0.026965025258932674,162,160,unchanged,True,1,377.5612502206562,False,0,160,77962.57199594361,log_gr,"[1.050442959999489, -5.766828178757538, 6.740043302264613, -9.21033995340507, 0.9695863439857354, -5.808894092124446, -6.437437505724452]"
6,0.05,0.003,0.001,zero_drift,0,2026092932,0.026965025258932674,162,160,unchanged,True,2,383.87949503974244,False,0,160,2020.240622464933,,"[1.0504261705983517, -5.825328841740695, 6.740880139954404, -4.661585704784601, 0.9695856336865002, -5.808823712350299, -6.437444858574044]"
6,0.05,0.003,0.001,zero_drift,0,2026092932,0.026965025258932674,162,160,drift_aware,True,0,376.3583986524013,True,2,101,0.00027578972032373547,log_gr,"[1.0504916847119354, -5.766816181685387, 6.73749390815135, -9.210340371961816, 0.9695884143045239, -5.807692352592411, -6.437370844710066, -4.488949102760835e-06, -5.7680599113609645]"
6,0.05,0.003,0.001,zero_drift,0,2026092932,0.026965025258932674,162,160,drift_aware,True,1,22406241.84054915,True,2,128,9004.056501157185,log_gb;remote_sq;drift_u,"[1.1490912211200381, -9.21034037197618, 4.000000000000001, -3.1143839377357208, 0.9051316235457699, -5.162574457548589, -7.306322200911427, -0.049999999999999996, -5.5247046398152575]"
6,0.05,0.003,0.001,zero_drift,0,2026092932,0.026965025258932674,162,160,drift_aware,True,2,376.3583986524089,True,4,95,0.000536103157049984,log_gr,"[1.0504916847022152, -5.766816181685055, 6.737493908661787, -9.21034037197616, 0.9695884143045399, -5.807692352671033, -6.437370844716923, -4.488949139321863e-06, -5.768059911284539]"
6,0.05,0.003,0.001,zero_drift,0,2026092932,0.026965025258932674,162,160,extended,True,0,375.08404671713765,True,2,137,0.00025193244252620867,log_gr,"[1.0504904157171253, -5.766816167704453, 6.737560542855291, -9.210340371976134, 0.9696160186284639, -5.807584391565537, -6.327246794116357, 1.9593074817934346e-05, -5.768191047830039, 0.016409895505997966]"
6,0.05,0.003,0.001,zero_drift,0,2026092932,0.026965025258932674,162,160,extended,True,1,375.83816249891316,False,0,160,1178.1865097024317,,"[1.0505099694322788, -5.795578868465077, 6.736519264873115, -5.347956149416264, 0.9697336761129052, -5.807627137975834, -6.7337430626550185, -8.760777215519862e-05, -5.796935809095708, -0.03993008269203883]"
6,0.05,0.003,0.001,zero_drift,0,2026092932,0.026965025258932674,162,160,extended,True,2,375.08404671730074,True,2,157,0.3827252459569447,log_gr,"[1.0504904161365212, -5.766816167708468, 6.737560520832648, -9.21034037197618, 0.9696160184231675, -5.8075843918160945, -6.327247215811746, 1.9592979939439925e-05, -5.768191047620466, 0.016409830803381355]"
7,0.05,0.003,0.001,zero_drift,1,2026092969,0.026965025258932674,162,160,unchanged,True,0,311.1028942524492,False,0,160,130.5997901920532,,"[1.0501778758202012, -5.768735375939686, 6.75399667427508, -7.727931169396474, 0.9695845264028544, -5.809365503493908, -6.437712078597272]"
7,0.05,0.003,0.001,zero_drift,1,2026092969,0.026965025258932674,162,160,unchanged,True,1,311.19727539211453,False,0,160,78840.04461084268,,"[1.0501875271036876, -5.7760747536094454, 6.753480674604634, -6.4091463964507955, 0.9695844333022783, -5.8093601598887705, -6.437708880704058]"
7,0.05,0.003,0.001,zero_drift,1,2026092969,0.026965025258932674,162,160,unchanged,True,2,316.15172550935165,False,0,160,8733.666955462922,,"[1.0501753131413107, -5.836328898182395, 6.754058459979195, -4.489000146478686, 0.9695837101909583, -5.809290352973041, -6.4377151868144855]"
7,0.05,0.003,0.001,zero_drift,1,2026092969,0.026965025258932674,162,160,drift_aware,True,0,309.3128424400291,True,2,83,0.10712639343218691,,"[1.0502376279814962, -5.783647473716815, 6.750832690593383, -5.849635082364063, 0.9695809268782073, -5.80789795336241, -6.437618146218919, 7.60224802997923e-06, -5.785197340757108]"
7,0.05,0.003,0.001,zero_drift,1,2026092969,0.026965025258932674,162,160,drift_aware,True,1,22431591.91822141,True,2,140,6612.317223455839,log_gb;remote_sq;drift_u,"[1.14909083872164, -9.21034037197618, 4.000000000000001, -3.114225293430576, 0.9053868119891529, -5.16097077453259, -7.3116051007728595, -0.049999999999999996, -5.526266339370582]"
7,0.05,0.003,0.001,zero_drift,1,2026092969,0.026965025258932674,162,160,drift_aware,True,2,309.312842439417,True,2,142,0.11006526875099594,,"[1.050237629544056, -5.783635657092617, 6.750832615318236, -5.8503011889432095, 0.9695809276703795, -5.807897937293392, -6.437618145584957, 7.600826560516064e-06, -5.785185534163923]"
7,0.05,0.003,0.001,zero_drift,1,2026092969,0.026965025258932674,162,160,extended,True,0,308.97178826897033,False,0,160,5.252561953612808,,"[1.0502216371960889, -5.7884418689029875, 6.751673056595143, -5.610712127140164, 0.9697078719507406, -5.807956432739222, -6.190840126279294, 8.423808115551201e-05, -5.789949804643008, 0.03815547712968633]"
7,0.05,0.003,0.001,zero_drift,1,2026092969,0.026965025258932674,162,160,extended,True,1,22393249.246912405,True,2,160,8835.406813775691,log_gb;remote_sq;log_t;drift_u,"[1.1490897630444554, -9.21034037197618, 4.000000000000001, -3.1134948359645547, 0.9104853991083097, -5.243437780690849, -11.512925464970227, -0.049999999999999996, -5.483488066793241, -0.08324065486679552]"
7,0.05,0.003,0.001,zero_drift,1,2026092969,0.026965025258932674,162,160,extended,True,2,1549.8860986902057,False,0,160,3415825.340865865,,"[1.0632744279451354, -5.782809735139719, 6.1357098018607195, -6.121489906276497, 0.9699063481518918, -5.803124883544133, -6.934061733807965, -0.00012216221325602367, -5.793438592604514, -0.057784027591031156]"
8,0.05,0.003,0.001,allowed_drift,0,2026093006,0.026965025258932674,162,160,unchanged,False,0,6571.452830663392,True,2,54,0.012361377006961459,log_gr,"[1.052248669797345, -5.766469132757614, 6.6471903632728715, -9.210340371972054, 0.969813861184135, -5.7700811266114, -6.4356295123298795]"
8,0.05,0.003,0.001,allowed_drift,0,2026093006,0.026965025258932674,162,160,unchanged,False,1,6571.452827032088,True,3,146,0.26996441200999,log_gr,"[1.0522491004427688, -5.766469140772707, 6.647168449339272, -9.21034037197618, 0.9698138611294848, -5.770081249581749, -6.435629362682157]"
8,0.05,0.003,0.001,allowed_drift,0,2026093006,0.026965025258932674,162,160,unchanged,False,2,6571.452830730742,True,2,121,0.024586173381948066,log_gr,"[1.052248663870412, -5.766469132595457, 6.64719066486868, -9.210340371972633, 0.9698138611851156, -5.770081125019592, -6.435629514404923]"
8,0.05,0.003,0.001,allowed_drift,0,2026093006,0.026965025258932674,162,160,drift_aware,True,0,334.65988455497035,True,2,50,0.0002945193462181049,,"[1.0497866861138714, -5.785006822064131, 6.774796018529907, -5.782225873160782, 0.9695885349048919, -5.81025297740451, -6.437948938752062, 0.0004950076132085566, -5.743091451413356]"
8,0.05,0.003,0.001,allowed_drift,0,2026093006,0.026965025258932674,162,160,drift_aware,True,1,22119450.275008384,True,2,158,6162.648635323368,log_gb;remote_sq;drift_u,"[1.149093998385187, -9.21034037197618, 4.000000000000001, -3.114517562026559, 0.9042969145411992, -5.138199349797787, -7.255776410553628, -0.049999999999999996, -5.460116694542538]"
8,0.05,0.003,0.001,allowed_drift,0,2026093006,0.026965025258932674,162,160,drift_aware,True,2,334.6598845584514,True,4,147,0.0003209497800179616,,"[1.0497866866977028, -5.785009029456979, 6.774795986043704, -5.78210881326347, 0.9695885347617956, -5.810252977233164, -6.43794893852689, 0.0004950078695034787, -5.743093567272069]"
8,0.05,0.003,0.001,allowed_drift,0,2026093006,0.026965025258932674,162,160,extended,True,0,334.679971197888,False,0,160,488.36188948955385,,"[1.0497823720752955, -5.785095964358334, 6.77502542077357, -5.7774305219755755, 0.9696027450579867, -5.810251313536764, -6.352541884612812, 0.0005191238714790261, -5.743184241868692, 0.012726024617018463]"
8,0.05,0.003,0.001,allowed_drift,0,2026093006,0.026965025258932674,162,160,extended,True,1,22084170.20889737,False,0,160,97408.22498291387,log_gb;remote_sq;log_t;drift_u,"[1.1490926480877761, -9.21034037197618, 4.000000000000001, -3.1138049423526795, 0.9091381901656632, -5.214930589130401, -11.512925464970227, -0.049999999999999996, -5.416748286661241, -0.08651274654228547]"
8,0.05,0.003,0.001,allowed_drift,0,2026093006,0.026965025258932674,162,160,extended,True,2,334.7030358536122,False,0,160,1944.521267662283,,"[1.049777930716655, -5.784886554823757, 6.775261807906197, -5.78846585326241, 0.9696511907282493, -5.810249153500412, -6.26305367264833, 0.0005453527152292065, -5.7429920019005465, 0.02665562556494178]"
8,0.05,0.003,0.001,allowed_drift,0,2026093006,0.026965025258932674,162,160,extended,True,profile_restart,334.61400627221485,False,0,160,46.33332433472398,,"[1.049794654678927, -5.783440531494595, 6.774373199974754, -5.869170917855916, 0.969636198040189, -5.810259738187131, -6.604207436782418, 0.00045166020444086695, -5.741570184468164, -0.02326859134101417]"
9,0.05,0.003,0.001,allowed_drift,1,2026093043,0.026965025258932674,162,160,unchanged,False,0,6600.36950176757,True,2,57,0.021173006337554257,log_gr,"[1.0527175411664336, -5.766165634949001, 6.623332163218566, -9.21034037197617, 0.9698136474401273, -5.771057742361256, -6.435549326390906]"
9,0.05,0.003,0.001,allowed_drift,1,2026093043,0.026965025258932674,162,160,unchanged,False,1,6600.3695016352995,True,3,137,2.2283658491733864,log_gr,"[1.0527175545203025, -5.766165636999942, 6.62333148919909, -9.21034037197618, 0.9698136474410715, -5.771057739959469, -6.435549320750974]"
9,0.05,0.003,0.001,allowed_drift,1,2026093043,0.026965025258932674,162,160,unchanged,False,2,6600.369501825814,True,3,133,0.022465315001734532,log_gr,"[1.0527175433321692, -5.76616563504482, 6.623332053933675, -9.210340325654249, 0.9698136474396115, -5.7710577430642065, -6.435549325636137]"
9,0.05,0.003,0.001,allowed_drift,1,2026093043,0.026965025258932674,162,160,drift_aware,True,0,301.4359591551944,True,2,50,0.11481833352315322,,"[1.0504003807789264, -5.793720813597503, 6.742219344944752, -5.402497139115387, 0.9695839803631746, -5.8080929792433516, -6.437670274720985, 0.0005046450253254167, -5.754704513660175]"
9,0.05,0.003,0.001,allowed_drift,1,2026093043,0.026965025258932674,162,160,drift_aware,True,1,22127300.4905765,True,2,147,1957.2002793940355,log_gb;remote_sq;drift_u,"[1.1490919050913708, -9.21034037197618, 4.000000000000001, -3.1141664016505075, 0.9045566160789648, -5.142197863094625, -7.26104969779774, -0.049999999999999996, -5.46074855234198]"
9,0.05,0.003,0.001,allowed_drift,1,2026093043,0.026965025258932674,162,160,drift_aware,True,2,301.4359591851168,True,2,138,0.06324823833871342,,"[1.0504003793448082, -5.793711293130402, 6.742219429278755, -5.402835787406877, 0.9695839809789663, -5.808092980456248, -6.437670275272126, 0.0005046439224004196, -5.754695361390246]"
9,0.05,0.003,0.001,allowed_drift,1,2026093043,0.026965025258932674,162,160,extended,True,0,301.2067672085715,False,0,160,925.2227688364605,,"[1.0503891064495314, -5.7808599821414495, 6.742821707375242, -6.019145683249862, 0.9697254330777355, -5.808063185294953, -6.182101746389709, 0.0005750103990351588, -5.7423852173368, 0.039541391706481986]"
9,0.05,0.003,0.001,allowed_drift,1,2026093043,0.026965025258932674,162,160,extended,True,1,300.28232246845585,False,0,160,7837.371690209032,,"[1.0504131244440122, -5.801091312042405, 6.741541409333284, -5.170510044192203, 0.9696331073127664, -5.808075124820557, -6.59940536995269, 0.0004537963436783753, -5.761824471062198, -0.022537491059309914]"
9,0.05,0.003,0.001,allowed_drift,1,2026093043,0.026965025258932674,162,160,extended,True,2,301.1870787802758,False,0,160,0.20224045163357524,,"[1.0503823117249949, -5.781906021630095, 6.7431786172077315, -5.951554339320796, 0.9699549571536994, -5.808049175576886, -6.0367726909703725, 0.0006218770106476131, -5.743408535049546, 0.06438285928331305]"
10,0.05,0.003,0.001,extra_link,0,2026093080,0.026965025258932674,162,160,unchanged,False,0,6211.528006978215,True,3,58,0.49257262848753774,log_gr,"[1.0529562446156935, -5.76623669536184, 6.611326891482463, -9.21034036086663, 0.9697920261269017, -5.77383808206074, -6.505050033075836]"
10,0.05,0.003,0.001,extra_link,0,2026093080,0.026965025258932674,162,160,unchanged,False,1,6211.5280002715335,True,2,87,0.6088644957456333,log_gr,"[1.0529570451493664, -5.7662367094636355, 6.611286665520154, -9.21034037197618, 0.9697920260449681, -5.7738383112018665, -6.505049761033634]"
10,0.05,0.003,0.001,extra_link,0,2026093080,0.026965025258932674,162,160,unchanged,False,2,6211.528006679502,True,2,124,0.0192069617056217,log_gr,"[1.0529562650055064, -5.766236695249374, 6.611325866885002, -9.2103403719761, 0.9697920261277552, -5.773838089792076, -6.505050026710678]"
10,0.05,0.003,0.001,extra_link,0,2026093080,0.026965025258932674,162,160,drift_aware,False,0,344.7269569193537,True,2,54,0.00029410017012635527,,"[1.0501069576315945, -5.813565611175049, 6.7576904805983995, -4.867861873165702, 0.9695787875476176, -5.80764826038273, -6.507594516136533, 0.0004810838847000143, -5.774287646384507]"
10,0.05,0.003,0.001,extra_link,0,2026093080,0.026965025258932674,162,160,drift_aware,False,1,22359657.841413323,False,0,160,7781.692715150536,log_gb;remote_sq;drift_u,"[1.1490945691380914, -9.21034037197618, 4.000000000000001, -3.114199391470281, 0.9010393481117033, -5.048488406607801, -7.025929793790796, -0.049999999999999996, -5.459061538220264]"
10,0.05,0.003,0.001,extra_link,0,2026093080,0.026965025258932674,162,160,drift_aware,False,2,344.8922250099285,False,0,160,415.41333887504976,,"[1.0501100461161867, -5.797475089481919, 6.757548414153859, -5.272979903718276, 0.9695797421316543, -5.807639570403997, -6.5075926370237065, 0.0004793442906828659, -5.758820031320263]"
10,0.05,0.003,0.001,extra_link,0,2026093080,0.026965025258932674,162,160,extended,True,0,344.4193306046855,False,0,160,22.146509649067934,,"[1.0500878750113578, -5.789039667124053, 6.758728726843753, -5.580700255976532, 0.9697569055062393, -5.80765354067537, -6.210618627735227, 0.0005655613948639854, -5.750734919050883, 0.0449642550326008]"
10,0.05,0.003,0.001,extra_link,0,2026093080,0.026965025258932674,162,160,extended,True,1,11561362.075280394,True,2,118,482.4994625415449,remote_sq;log_gr;log_gd;log_t;link_l,"[1.1492719820027573, -5.767899799825406, 4.000000000000001, -9.210340371672656, 0.9572333788328984, -9.21034037197618, -11.512925464970227, 0.03210287955305112, -4.967332117308209, 0.09999999999999999]"
10,0.05,0.003,0.001,extra_link,0,2026093080,0.026965025258932674,162,160,extended,True,2,545.9146775721642,False,0,160,358108.5097111862,,"[1.0555977497621232, -5.7846390585354435, 6.481167762434291, -5.888393234983573, 0.9696661893673895, -5.8056881563222325, -6.745441396867294, 0.0004157648882576131, -5.750091546537108, -0.030274864228251302]"
10,0.05,0.003,0.001,extra_link,0,2026093080,0.026965025258932674,162,160,extended,True,profile_restart,344.3795092542022,False,0,160,130.04869576093594,,"[1.0500794884377374, -5.787189883523985, 6.759173768370427, -5.663402276247377, 0.9701106156007456, -5.80766024477474, -6.019939522868697, 0.0006251003085174553, -5.748972331425226, 0.0775555477453375]"
11,0.05,0.003,0.001,extra_link,1,2026093117,0.026965025258932674,162,160,unchanged,False,0,6025.559377484751,True,2,49,0.05950172730193122,log_gr,"[1.0528026363389762, -5.766341311746924, 6.619227601831771, -9.210340371974981, 0.9697887624944938, -5.7738309842750075, -6.505046280420056]"
11,0.05,0.003,0.001,extra_link,1,2026093117,0.026965025258932674,162,160,unchanged,False,1,6025.5593743427435,True,2,96,0.21591837835546818,log_gr,"[1.0528029484906525, -5.766341317461042, 6.6192118727610945, -9.21034037197618, 0.9697887624627684, -5.773831073217774, -6.505046174263408]"
11,0.05,0.003,0.001,extra_link,1,2026093117,0.026965025258932674,162,160,unchanged,False,2,6025.559377342336,True,2,122,0.02142997675703809,log_gr,"[1.0528026480487642, -5.766341311896632, 6.619227011771195, -9.210340371974718, 0.969788762494071, -5.77383098779705, -6.505046276513764]"
11,0.05,0.003,0.001,extra_link,1,2026093117,0.026965025258932674,162,160,drift_aware,False,0,312.67526059520685,True,2,95,0.10112937305255798,,"[1.0499004218134833, -5.91513223704602, 6.768519333957955, -3.7718634785935974, 0.9695742497783281, -5.809229444468823, -6.507696093987736, 0.00048128248548618216, -5.869896634519842]"
11,0.05,0.003,0.001,extra_link,1,2026093117,0.026965025258932674,162,160,drift_aware,False,1,22360164.925221507,True,2,157,2226.7524270951108,log_gb;remote_sq;drift_u,"[1.1490983910051213, -9.21034037197618, 4.000000000000001, -3.1143169551285523, 0.9013055597028287, -5.05006061526293, -7.032046697391066, -0.049999999999999996, -5.460709018625914]"
11,0.05,0.003,0.001,extra_link,1,2026093117,0.026965025258932674,162,160,drift_aware,False,2,321.02942852896143,False,0,160,14626.466441976352,,"[1.0499259097638225, -5.797942066654463, 6.767490575875634, -5.255791312179036, 0.969580848447413, -5.809166177889538, -6.507677567690109, 0.00046925532711216295, -5.757672846548958]"
11,0.05,0.003,0.001,extra_link,1,2026093117,0.026965025258932674,162,160,extended,True,0,311.8649806366433,False,0,160,606.5651337559269,,"[1.0499173778324862, -5.933796516333087, 6.767536498639109, -3.663217406803165, 0.9695765984808783, -5.809227441743732, -6.520799727591078, 0.00047363471890884967, -5.887716009800754, -0.0018378620848294794]"
11,0.05,0.003,0.001,extra_link,1,2026093117,0.026965025258932674,162,160,extended,True,1,22320682.6049325,False,0,160,2694.022485382408,log_gb;remote_sq;log_t;drift_u,"[1.149097170554145, -9.21034037197618, 4.000000000000001, -3.1135392038890117, 0.9071808108960936, -5.136164576025336, -11.512925464970227, -0.049999999999999996, -5.410255894112163, -0.09769787045049415]"
11,0.05,0.003,0.001,extra_link,1,2026093117,0.026965025258932674,162,160,extended,True,2,315.81814418781715,False,0,160,4755.560229511626,,"[1.0498843220342, -5.833216081591548, 6.769640710278421, -4.528857749618146, 0.9695795326325483, -5.809210167844283, -6.454445983463465, 0.000495515102620459, -5.791510695884707, 0.007593091156403462]"
12,0.05,0.009,0.0001,zero_drift,0,2026093154,0.0026965025258932677,162,160,unchanged,True,0,313.11817383145666,True,3,104,0.04920765704721925,,"[1.0501322886759812, -5.819758754920568, 6.756393073705145, -4.748334323494941, 0.9695851768490946, -4.710523276461232, -6.437752856452186]"
12,0.05,0.009,0.0001,zero_drift,0,2026093154,0.0026965025258932677,162,160,unchanged,True,1,313.1619491059459,False,0,160,4348.213995935765,,"[1.0501321806977235, -5.818491680671183, 6.756400947027015, -4.7715460358193695, 0.969585212634808, -4.710523430930415, -6.4377527909436365]"
12,0.05,0.009,0.0001,zero_drift,0,2026093154,0.0026965025258932677,162,160,unchanged,True,2,313.1181738247401,True,2,98,0.003421551962091186,,"[1.0501322886326725, -5.819758307307193, 6.756393076767827, -4.748342425790237, 0.9695851768617298, -4.710523276515104, -6.43775285643045]"
12,0.05,0.009,0.0001,zero_drift,0,2026093154,0.0026965025258932677,162,160,drift_aware,True,0,310.7955766204158,True,2,47,0.022139246089110654,,"[1.050123891493683, -5.816839928577597, 6.7568426734114055, -4.802557767709858, 0.9695855942131922, -4.7105747772008835, -6.437777085829022, -1.1503934580895568e-06, -5.81667157534233]"
12,0.05,0.009,0.0001,zero_drift,0,2026093154,0.0026965025258932677,162,160,drift_aware,True,1,932397648.9386855,False,0,160,427363217.9767952,log_gr;log_gd;log_t,"[0.9979927979172463, -5.871701839788369, 11.991385777083437, -2.813410716760037, 0.8571318175999687, -9.21034037197618, -11.512925464970227, -0.022739426677860157, -3.851806144756358]"
12,0.05,0.009,0.0001,zero_drift,0,2026093154,0.0026965025258932677,162,160,drift_aware,True,2,932404720.5947886,True,2,138,144281.4032727597,remote_sq;log_gr;omega_d;log_gd;log_t,"[0.9979534147325071, -5.871563622497507, 11.999999999999998, -2.813410716760037, 1.0999999999999999, -3.5065578973199822, -11.512925464970227, -0.022580901436172633, -3.851048775081656]"
12,0.05,0.009,0.0001,zero_drift,0,2026093154,0.0026965025258932677,162,160,extended,True,0,310.78414624238445,False,0,160,1.3579093236545483,,"[1.050123354372834, -5.81747894588341, 6.756869991808879, -4.790376248989918, 0.9695867146903799, -4.710573830019097, -6.4143560914568685, 5.170136885499557e-06, -5.817318481127913, 0.0034255924145753657]"
12,0.05,0.009,0.0001,zero_drift,0,2026093154,0.0026965025258932677,162,160,extended,True,1,933135659.9039783,False,0,160,9426370.037960645,log_gr,"[1.018415440941426, -5.968887924870644, 9.109932530024231, -2.8134108913257156, 0.9018814303663603, -7.711996135534158, -10.18645152664739, -0.023232442844287566, -3.870711922786384, 0.07954734904446699]"
12,0.05,0.009,0.0001,zero_drift,0,2026093154,0.0026965025258932677,162,160,extended,True,2,310.8226932586997,False,0,160,15.676057355263387,,"[1.050116855219226, -5.820710718648064, 6.757207938984586, -4.730983990935761, 0.9697394372849617, -4.710561652580798, -6.170146925810881, 7.717250326969661e-05, -5.820638717960321, 0.04163480703529218]"
13,0.05,0.009,0.0001,zero_drift,1,2026093191,0.0026965025258932677,162,160,unchanged,True,0,308.7909726163255,True,3,51,0.0027064566286649936,,"[1.0500908347504188, -5.807733066694627, 6.758597723802553, -4.994673403247611, 0.9695856067595906, -4.710511435557343, -6.437760173742163]"
13,0.05,0.009,0.0001,zero_drift,1,2026093191,0.0026965025258932677,162,160,unchanged,True,1,308.7909726253359,True,2,133,0.0164934412001969,,"[1.0500908347351858, -5.8077335654816595, 6.758597723929232, -4.994661702805743, 0.9695856067453485, -4.710511435484985, -6.437760173781874]"
13,0.05,0.009,0.0001,zero_drift,1,2026093191,0.0026965025258932677,162,160,unchanged,True,2,308.79097262644746,True,2,36,0.006477449360496352,,"[1.0500908348247353, -5.807733601664931, 6.758597719143527, -4.994660855703111, 0.9695856067443118, -4.7105114355017035, -6.43776017375793]"
13,0.05,0.009,0.0001,zero_drift,1,2026093191,0.0026965025258932677,162,160,drift_aware,True,0,306.8115918187036,True,2,51,0.007584915498577466,,"[1.0501052785505565, -5.805685126911959, 6.757837198045237, -5.044196860321019, 0.9695859269241556, -4.710428520653456, -6.437722928936497, -7.885162082365944e-07, -5.805948802258448]"
13,0.05,0.009,0.0001,zero_drift,1,2026093191,0.0026965025258932677,162,160,drift_aware,True,1,932537042.4529052,False,0,160,2261396.664387243,log_gr;log_gd;log_t,"[0.9994251008143721, -5.8773141120355, 11.725593317994125, -2.813410716760037, 0.8524365843898953, -9.21034037197618, -11.512925464970227, -0.022760455254891315, -3.8533204687736475]"
13,0.05,0.009,0.0001,zero_drift,1,2026093191,0.0026965025258932677,162,160,drift_aware,True,2,306.8115918271764,True,2,120,0.7485048777178958,,"[1.0501052784728406, -5.805685581294763, 6.7578372015517205, -5.044185637891127, 0.9695859269054958, -4.710428520625705, -6.437722928990615, -7.884975823217448e-07, -5.805949256653048]"
13,0.05,0.009,0.0001,zero_drift,1,2026093191,0.0026965025258932677,162,160,extended,True,0,306.6470963673449,True,2,101,0.008826020275959088,,"[1.0501049765613604, -5.807185450451426, 6.757851140216912, -5.007841430187771, 0.9695872163928885, -4.7104280092510695, -6.414733353828394, 5.0218911464526154e-06, -5.807455631611733, 0.0033628058174462122]"
13,0.05,0.009,0.0001,zero_drift,1,2026093191,0.0026965025258932677,162,160,extended,True,1,932960087.3516206,False,0,160,161460173.90677086,log_gr,"[1.011411807705912, -5.931149105624365, 9.912203001683674, -2.8134107167602593, 0.9004098772001792, -7.4950429046435545, -10.277593556483259, -0.02301438855060971, -3.86391560054877, 0.08162726664937357]"
13,0.05,0.009,0.0001,zero_drift,1,2026093191,0.0026965025258932677,162,160,extended,True,2,308.0193003734134,False,0,160,6028.187816165355,,"[1.050102453289737, -5.814426384366406, 6.757973804068058, -4.849482748148187, 0.9696303199158212, -4.710421387947746, -6.29076324977685, 3.947573159308642e-05, -5.814739679755727, 0.022176681257892985]"
14,0.05,0.009,0.0001,allowed_drift,0,2026093228,0.0026965025258932677,162,160,unchanged,False,0,450674.85064340587,True,2,57,0.526490437180587,log_gr,"[1.0527121856961104, -5.7664687262515315, 6.623565105358867, -9.210340371976178, 0.9697411694827192, -4.6970965902424044, -6.431948657123513]"
14,0.05,0.009,0.0001,allowed_drift,0,2026093228,0.0026965025258932677,162,160,unchanged,False,1,450674.85064508964,True,2,117,2.967168519987596,log_gr,"[1.0527121807839424, -5.766468726150747, 6.623565353257214, -9.210340366202741, 0.9697411694828999, -4.697096588990153, -6.431948658597536]"
14,0.05,0.009,0.0001,allowed_drift,0,2026093228,0.0026965025258932677,162,160,unchanged,False,2,450674.85064409126,True,2,62,0.21553452901904183,log_gr,"[1.052712183334243, -5.766468726217137, 6.623565224551482, -9.21034037197248, 0.9697411694830098, -4.6970965895448655, -6.431948657824337]"
14,0.05,0.009,0.0001,allowed_drift,0,2026093228,0.0026965025258932677,162,160,drift_aware,True,0,313.34576463721845,True,2,85,0.0030738829981913664,,"[1.0501282280579038, -5.806963226849609, 6.756629861078427, -5.013857276830899, 0.9695859300362991, -4.7105534459996194, -6.43774064132465, 0.0005008082843294891, -5.766085900681811]"
14,0.05,0.009,0.0001,allowed_drift,0,2026093228,0.0026965025258932677,162,160,drift_aware,True,1,920393555.7206552,False,0,160,10958947.46013224,log_gr;log_gd;log_t,"[0.9984009562104219, -5.873302262513172, 11.915079119889764, -2.813410716760037, 0.8525727678932159, -9.21034037197618, -11.512925464970227, -0.01965348832989841, -3.7995092349318593]"
14,0.05,0.009,0.0001,allowed_drift,0,2026093228,0.0026965025258932677,162,160,drift_aware,True,2,313.34576463616696,True,2,58,0.282544522105102,,"[1.0501282281409978, -5.806963490550399, 6.756629856326082, -5.013850971775043, 0.9695859300255519, -4.710553445902561, -6.437740641274545, 0.0005008082950741252, -5.766086154170618]"
14,0.05,0.009,0.0001,allowed_drift,0,2026093228,0.0026965025258932677,162,160,extended,True,0,312.9679371417198,True,2,61,2.0256699987630116,,"[1.0501273777742561, -5.809823536240352, 6.756670769247559, -4.947770124918816, 0.96959033773672, -4.710552146419069, -6.392311532348545, 0.0005125728187039007, -5.768842697211533, 0.006681122859438365]"
14,0.05,0.009,0.0001,allowed_drift,0,2026093228,0.0026965025258932677,162,160,extended,True,1,921126841.2643654,False,0,160,520260.4024740933,log_gr,"[1.0151449866116897, -5.950662379940113, 9.466077027310885, -2.8134107293598203, 0.9342925822249548, -8.451055928376208, -9.946247841081645, -0.02002446812795905, -3.8129606308878556, 0.07489466234320619]"
14,0.05,0.009,0.0001,allowed_drift,0,2026093228,0.0026965025258932677,162,160,extended,True,2,312.9679371483584,True,2,122,2.0615185380941057,,"[1.0501273779375653, -5.809822581719646, 6.75667076200504, -4.947791434408833, 0.9695903357955092, -4.710552147004069, -6.392322258173808, 0.0005125699195800971, -5.768841777501307, 0.006679527511725308]"
15,0.05,0.009,0.0001,allowed_drift,1,2026093265,0.0026965025258932677,162,160,unchanged,False,0,448285.2545226144,True,3,63,2.3165149034548547,log_gr,"[1.0526052691836032, -5.7664527684800335, 6.628948860473026, -9.210340368887827, 0.9697409063639756, -4.697083295976426, -6.432020435933607]"
15,0.05,0.009,0.0001,allowed_drift,1,2026093265,0.0026965025258932677,162,160,unchanged,False,1,448285.2545200231,True,2,114,1.3096625231393404,log_gr,"[1.0526052774324965, -5.766452768645685, 6.628948443399745, -9.21034037159635, 0.9697409063635013, -4.697083297898982, -6.4320204334367]"
15,0.05,0.009,0.0001,allowed_drift,1,2026093265,0.0026965025258932677,162,160,unchanged,False,2,448285.2545228177,True,2,62,0.9261638506770571,log_gr,"[1.052605268026215, -5.766452768460046, 6.628948918994919, -9.21034037183972, 0.9697409063636215, -4.697083295824302, -6.4320204363259785]"
15,0.05,0.009,0.0001,allowed_drift,1,2026093265,0.0026965025258932677,162,160,drift_aware,True,0,304.31959738772593,True,3,53,0.018468108016686555,,"[1.0500130280502884, -5.804135488288142, 6.762712278477634, -5.081500685805103, 0.9695862315493977, -4.710576681885777, -6.4378298288905675, 0.0004991643913344636, -5.763255491760136]"
15,0.05,0.009,0.0001,allowed_drift,1,2026093265,0.0026965025258932677,162,160,drift_aware,True,1,920429436.9023143,False,0,160,11279511.443166563,log_gr;log_gd;log_t,"[0.9983890524030227, -5.873241221874898, 11.917260586209524, -2.813410716760037, 0.852568605914783, -9.21034037197618, -11.512925464970227, -0.019663500859566214, -3.799680443183363]"
15,0.05,0.009,0.0001,allowed_drift,1,2026093265,0.0026965025258932677,162,160,drift_aware,True,2,304.3195973875625,True,3,62,0.4814109205796567,,"[1.0500130280297508, -5.80413552769992, 6.762712279514574, -5.081499672080311, 0.969586231547764, -4.710576681881021, -6.4378298289008065, 0.0004991643929625406, -5.76325552959117]"
15,0.05,0.009,0.0001,allowed_drift,1,2026093265,0.0026965025258932677,162,160,extended,True,0,303.50925571142966,True,2,85,0.2341755470884288,,"[1.0500135248469524, -5.800334781659153, 6.762690606160615, -5.184557444458752, 0.9695881018977304, -4.710576464405871, -6.4748294084243305, 0.0004903484802526487, -5.759600901070524, -0.005335972343682431]"
15,0.05,0.009,0.0001,allowed_drift,1,2026093265,0.0026965025258932677,162,160,extended,True,1,921312854.3754517,False,0,160,630231.1045771341,log_gr,"[1.0179778731358013, -5.966374791465842, 9.155830427909512, -2.8134165847890493, 0.9343279314788389, -8.360803777705716, -9.631631459372175, -0.020139748900017525, -3.8160628118913302, 0.08492835688165687]"
15,0.05,0.009,0.0001,allowed_drift,1,2026093265,0.0026965025258932677,162,160,extended,True,2,303.5092557053882,True,2,60,0.18002679706890198,,"[1.0500135248825688, -5.800335112634365, 6.762690603890214, -5.184547974870409, 0.9695881019208596, -4.710576464346138, -6.474829620916094, 0.0004903484224533568, -5.7596012189601495, -0.005336002706590787]"
16,0.05,0.009,0.0001,extra_link,0,2026093302,0.0026965025258932677,162,160,unchanged,False,0,445576.6800004769,True,2,66,0.6132134011404168,log_gr,"[1.0527467888331548, -5.766440941798165, 6.621828118981707, -9.21034037197481, 0.9697194836850197, -4.69711389100929, -6.501498584507132]"
16,0.05,0.009,0.0001,extra_link,0,2026093302,0.0026965025258932677,162,160,unchanged,False,1,445576.68000281806,True,2,110,6.330824406041647,log_gr,"[1.0527467806383854, -5.766440941769483, 6.621828532277672, -9.21034037197618, 0.9697194836881426, -4.697113888541867, -6.501498586832911]"
16,0.05,0.009,0.0001,extra_link,0,2026093302,0.0026965025258932677,162,160,unchanged,False,2,445576.6800007208,True,2,56,1.0269587777232114,log_gr,"[1.0527467879442027, -5.766440941776477, 6.621828163817825, -9.210340371975908, 0.9697194836846087, -4.6971138908471675, -6.5014985847874796]"
16,0.05,0.009,0.0001,extra_link,0,2026093302,0.0026965025258932677,162,160,drift_aware,False,0,287.5405425215157,True,2,97,1.2568963675085456,,"[1.0500991121319467, -5.804964306869009, 6.75817216417065, -5.061686149173452, 0.9695757817630306, -4.710423569886423, -6.507653993889733, 0.0004828046153295132, -5.764519825676141]"
16,0.05,0.009,0.0001,extra_link,0,2026093302,0.0026965025258932677,162,160,drift_aware,False,1,896465715.6399535,False,0,160,194658516.74013445,log_gr;log_gd;log_t,"[0.9988232713864096, -5.874916780518717, 11.835688236462609, -2.8134107167600373, 0.8657077482751725, -9.21034037197618, -11.512925464970227, -0.01612437524819496, -3.8013090739506294]"
16,0.05,0.009,0.0001,extra_link,0,2026093302,0.0026965025258932677,162,160,drift_aware,False,2,287.54054251649234,True,3,90,2.4174264181465626,,"[1.050099112024444, -5.80496403242618, 6.758172170213746, -5.061693047137807, 0.9695757817736749, -4.710423569992392, -6.507653993955641, 0.00048280460524873284, -5.764519561711565]"
16,0.05,0.009,0.0001,extra_link,0,2026093302,0.0026965025258932677,162,160,extended,True,0,283.24197490580985,False,0,160,153.85976381465875,,"[1.0500958200259785, -5.812257532421783, 6.758335918263891, -4.8937844279614175, 0.9696331773631365, -4.710416470597024, -6.336201399786382, 0.000526104193776089, -5.771563751060347, 0.02514077608418534]"
16,0.05,0.009,0.0001,extra_link,0,2026093302,0.0026965025258932677,162,160,extended,True,1,896647675.0384107,False,0,160,184934611.4254446,log_gr,"[1.0036602151617644, -5.894866205018906, 11.006520044656673, -2.8134107186473836, 0.8916606992061079, -7.776987008756602, -10.104283084109722, -0.016127495430774595, -3.804130163586349, 0.08208695890422107]"
16,0.05,0.009,0.0001,extra_link,0,2026093302,0.0026965025258932677,162,160,extended,True,2,896395391.0699644,False,0,160,7073086.151711539,log_gr,"[0.9988306518211976, -5.874951718116899, 11.834784820783968, -2.8134107168063887, 1.0944737499188475, -3.5649522198930823, -10.198427959386677, -0.01595197081455715, -3.8002453722913714, 0.07879403804991456]"
17,0.05,0.009,0.0001,extra_link,1,2026093339,0.0026965025258932677,162,160,unchanged,False,0,447804.8771236126,True,2,71,1.0841018565024478,log_gr,"[1.052785744003563, -5.766451419586393, 6.619858326797882, -9.210340371976168, 0.9697197813126004, -4.697185025091734, -6.501510438213539]"
17,0.05,0.009,0.0001,extra_link,1,2026093339,0.0026965025258932677,162,160,unchanged,False,1,447804.8771239146,True,2,111,1.000593437939068,log_gr,"[1.052785742956717, -5.766451419558598, 6.619858379559191, -9.210340371975741, 0.9697197813127872, -4.697185025222602, -6.501510438627037]"
17,0.05,0.009,0.0001,extra_link,1,2026093339,0.0026965025258932677,162,160,unchanged,False,2,447804.877126243,True,2,56,0.29254335204673076,log_gr,"[1.052785735866586, -5.766451419409338, 6.619858736901632, -9.210340371976109, 0.9697197813127012, -4.697185023270805, -6.50151044067866]"
17,0.05,0.009,0.0001,extra_link,1,2026093339,0.0026965025258932677,162,160,drift_aware,False,0,289.0197879899951,True,2,112,0.06896555418159055,,"[1.0501114273762766, -5.80773703443373, 6.757510438932838, -4.994879447566435, 0.969575648088113, -4.7106451084802625, -6.507737600722802, 0.000483832860241036, -5.766722793725802]"
17,0.05,0.009,0.0001,extra_link,1,2026093339,0.0026965025258932677,162,160,drift_aware,False,1,896744054.7889802,False,0,160,1850698.9178854728,log_gr;log_gd;log_t,"[1.00281551406284, -5.891254126594238, 11.142492577314028, -2.8134473449922464, 0.8793333294869558, -9.21034037197618, -11.512925464970015, -0.016232331635300017, -3.8039955471346936]"
17,0.05,0.009,0.0001,extra_link,1,2026093339,0.0026965025258932677,162,160,drift_aware,False,2,289.0197879825153,True,2,49,0.0160623426677383,,"[1.050111427597559, -5.80773842593946, 6.7575104252971485, -4.994846816777263, 0.969575648034261, -4.710645108061088, -6.507737600568127, 0.00048383291121216606, -5.7667241307393855]"
17,0.05,0.009,0.0001,extra_link,1,2026093339,0.0026965025258932677,162,160,extended,True,0,288.65466793681196,True,2,61,0.036585299555449764,,"[1.0501119218129036, -5.805288559421921, 6.757487609740877, -5.054102670229914, 0.9695771055248792, -4.710645284867532, -6.540897861324522, 0.0004762248140211131, -5.764366695736726, -0.004618295798940924]"
17,0.05,0.009,0.0001,extra_link,1,2026093339,0.0026965025258932677,162,160,extended,True,1,896892813.0990771,False,0,160,14747859.674165538,log_gr,"[1.007007290921706, -5.909875001718816, 10.503213773944298, -2.8134107182321713, 0.9199040266384183, -7.530723205190624, -10.152221743657831, -0.01620475674575573, -3.806443291813049, 0.07584178266317285]"
17,0.05,0.009,0.0001,extra_link,1,2026093339,0.0026965025258932677,162,160,extended,True,2,896455585.3669287,False,0,160,31463248.758211583,log_gr,"[0.9988827654356306, -5.8751685881616895, 11.825040847902324, -2.8134107167656968, 1.0971120361753008, -3.7864539105970323, -10.433663097839952, -0.015940628408230784, -3.800120271535074, 0.07445535044565106]"
18,0.05,0.009,0.001,zero_drift,0,2026093376,0.026965025258932674,162,160,unchanged,True,0,325.6466194431918,True,2,97,3.933528228190253,,"[1.050278184397302, -5.78904278073493, 6.748705157571331, -5.591065274378609, 0.9695922740775843, -4.711351884919485, -6.437807426075747]"
18,0.05,0.009,0.001,zero_drift,0,2026093376,0.026965025258932674,162,160,unchanged,True,1,325.6466194812589,True,2,140,4.82417659568023,,"[1.0502781840288402, -5.789037382474699, 6.748705181041389, -5.591298482549849, 0.9695922742347376, -4.711351885540012, -6.437807425859603]"
18,0.05,0.009,0.001,zero_drift,0,2026093376,0.026965025258932674,162,160,unchanged,True,2,325.64661948848516,True,2,51,0.05532845498843472,,"[1.0502781856752113, -5.789064318081337, 6.7487050740620385, -5.590135492088792, 0.9695922734503684, -4.711351882402376, -6.437807426955703]"
18,0.05,0.009,0.001,zero_drift,0,2026093376,0.026965025258932674,162,160,drift_aware,True,0,319.53339844348517,True,2,129,0.2068525106572735,,"[1.050512175502682, -5.827272412082839, 6.736334574974972, -4.631153362382172, 0.9695868832175669, -4.709940603264649, -6.437154507708075, 1.5426679405545797e-05, -5.831918871985516]"
18,0.05,0.009,0.001,zero_drift,0,2026093376,0.026965025258932674,162,160,drift_aware,True,1,9338397.480421744,False,0,160,880715.3985639649,log_gr;log_gd;log_t,"[0.9996813591275735, -5.878539163790888, 11.678892799662968, -2.813410716760037, 0.8571212660593458, -9.21034037197618, -11.512925464970227, -0.022783011401830585, -3.853689211248393]"
18,0.05,0.009,0.001,zero_drift,0,2026093376,0.026965025258932674,162,160,drift_aware,True,2,319.53339838127374,True,2,42,0.08133438229485644,,"[1.0505121778073483, -5.827291070333631, 6.736334417512911, -4.630857353474331, 0.9695868824651713, -4.7099405997843045, -6.437154507173184, 1.5427431467781266e-05, -5.8319376238275344]"
18,0.05,0.009,0.001,zero_drift,0,2026093376,0.026965025258932674,162,160,extended,True,0,319.3294805642428,False,0,160,355.6125011243064,,"[1.0505224539768394, -5.840744990700548, 6.735766188483749, -4.438748562512167, 0.9696613318615726, -4.709964309216805, -6.642850552387595, -4.430749086922745e-05, -5.845350256152244, -0.02833246057032725]"
18,0.05,0.009,0.001,zero_drift,0,2026093376,0.026965025258932674,162,160,extended,True,1,9341949.6944137,False,0,160,664553.147899424,log_gr,"[1.0102464767086439, -5.925564295046326, 10.061373768931277, -2.813410716760037, 0.8621475412004956, -6.695931112715064, -10.137034256880916, -0.02295878655043647, -3.8628122161923857, 0.0654185957585645]"
18,0.05,0.009,0.001,zero_drift,0,2026093376,0.026965025258932674,162,160,extended,True,2,319.5468716827967,False,0,160,95.54794088431282,,"[1.0505072762225762, -5.817586687127449, 6.736609306149146, -4.798847879754688, 0.9696524616903054, -4.709934236031237, -6.259812872451784, 6.462510007315638e-05, -5.822245581564715, 0.02687619466746167]"
19,0.05,0.009,0.001,zero_drift,1,2026093413,0.026965025258932674,162,160,unchanged,True,0,348.8286326459949,True,2,97,0.04913362080658735,,"[1.0496285220848878, -5.816615832803126, 6.783163278140176, -4.79467045003406, 0.9695887383016927, -4.7101523461413946, -6.437995639585168]"
19,0.05,0.009,0.001,zero_drift,1,2026093413,0.026965025258932674,162,160,unchanged,True,1,348.84743862977024,False,0,160,688.5256651429935,,"[1.049627876184418, -5.808508274427562, 6.783210188119969, -4.964469829865327, 0.9695889677904433, -4.71015331677071, -6.4379952415585935]"
19,0.05,0.009,0.001,zero_drift,1,2026093413,0.026965025258932674,162,160,unchanged,True,2,348.82863266615425,True,2,88,0.008648702810225761,,"[1.0496285240161833, -5.816623062355031, 6.783163163111206, -4.794531720863728, 0.9695887380977969, -4.71015234559763, -6.437995639565757]"
19,0.05,0.009,0.001,zero_drift,1,2026093413,0.026965025258932674,162,160,drift_aware,True,0,344.6751187873493,True,4,57,0.009174914482654698,,"[1.0494560872669807, -5.7828031904217925, 6.792423432949901, -5.871448213408254, 0.9695935526177022, -4.711194127015817, -6.438479456534054, -1.3619756614048257e-05, -5.779534561206358]"
19,0.05,0.009,0.001,zero_drift,1,2026093413,0.026965025258932674,162,160,drift_aware,True,1,9322103.144989606,False,0,160,488663.65820464276,log_gr;log_gd;log_t,"[1.0037423577140192, -5.895082112260348, 10.993892509802599, -2.813410716760037, 0.8524755080569048, -9.21034037197618, -11.512925464970227, -0.022971743013893712, -3.858854578877795]"
19,0.05,0.009,0.001,zero_drift,1,2026093413,0.026965025258932674,162,160,drift_aware,True,2,344.6751188632102,True,2,66,0.0037363001769248456,,"[1.0494561051851097, -5.782815654112283, 6.7924224667222335, -5.870720080383777, 0.9695935520998834, -4.711194117283032, -6.4384794464998985, -1.361923550732032e-05, -5.7795470229355885]"
19,0.05,0.009,0.001,zero_drift,1,2026093413,0.026965025258932674,162,160,extended,True,0,344.4495949306271,True,2,134,0.006698131690861531,log_gr,"[1.0494552568462254, -5.766441269893222, 6.792472970205749, -9.210339439617343, 0.969599469267952, -4.711186695451345, -6.509823860703889, -2.639460518371734e-05, -5.763226723262895, -0.010250825786205108]"
19,0.05,0.009,0.001,zero_drift,1,2026093413,0.026965025258932674,162,160,extended,True,1,9324189.704960749,False,0,160,106940.54262120837,log_gr,"[1.0100258524486456, -5.9240988502994885, 10.09041806140948, -2.8134107167629705, 0.9196807897590619, -7.40822912911011, -10.04277487898918, -0.023033483296497383, -3.863780915278163, 0.07769083339544931]"
19,0.05,0.009,0.001,zero_drift,1,2026093413,0.026965025258932674,162,160,extended,True,2,345.12825154306694,False,0,160,124138.373366761,,"[1.0495513521102209, -5.817140231777847, 6.78728070774699, -4.78343502213078, 0.9696944641617478, -4.711136549728546, -6.218851732675294, 4.960354848585499e-05, -5.814042839322081, 0.03390720205444683]"
20,0.05,0.009,0.001,allowed_drift,0,2026093450,0.026965025258932674,162,160,unchanged,False,0,4730.512918635596,True,2,56,0.0025710934001486477,log_gr,"[1.0527093381824233, -5.766477189397656, 6.623602267211028, -9.210340371976127, 0.9697368207247427, -4.6977057214721905, -6.4320280204081755]"
20,0.05,0.009,0.001,allowed_drift,0,2026093450,0.026965025258932674,162,160,unchanged,False,1,4730.512918631101,True,2,118,0.006575726713448234,log_gr,"[1.052709340898465, -5.76647718944659, 6.623602130142682, -9.210340371976033, 0.9697368207244962, -4.697705722180839, -6.4320280196130515]"
20,0.05,0.009,0.001,allowed_drift,0,2026093450,0.026965025258932674,162,160,unchanged,False,2,4730.512918630226,True,3,74,0.0067942130014189755,log_gr,"[1.0527093415621676, -5.76647718945806, 6.623602096647819, -9.21034037129183, 0.969736820724337, -4.697705722484392, -6.432028019406963]"
20,0.05,0.009,0.001,allowed_drift,0,2026093450,0.026965025258932674,162,160,drift_aware,True,0,327.49666313415287,True,3,51,0.9270678910156209,,"[1.0501327060503978, -5.794720023171632, 6.7563002431970425, -5.363228547407051, 0.9695838099381597, -4.711151217158843, -6.437813721787303, 0.0004942551261442506, -5.754364858815648]"
20,0.05,0.009,0.001,allowed_drift,0,2026093450,0.026965025258932674,162,160,drift_aware,True,1,9208450.492843967,False,0,160,18663.187599976914,log_gr;log_gd;log_t,"[0.9993344257930625, -5.876984237442293, 11.7417759417632, -2.813410716760037, 0.8524256181851586, -9.21034037197618, -11.512925464970227, -0.019786971730585617, -3.8023579322601777]"
20,0.05,0.009,0.001,allowed_drift,0,2026093450,0.026965025258932674,162,160,drift_aware,True,2,327.49666313681007,True,2,82,0.21812114549672149,,"[1.050132706898202, -5.794716275365138, 6.756300202117643, -5.363357208160895, 0.9695838100925523, -4.711151217839743, -6.4378137214700395, 0.000494254972451394, -5.754361258083936]"
20,0.05,0.009,0.001,allowed_drift,0,2026093450,0.026965025258932674,162,160,extended,True,0,326.86797680144224,False,0,160,6.9669494246093855,,"[1.0501268773268213, -5.806375757154761, 6.756594761280432, -5.028226908578799, 0.9698031378245036, -4.711131864191819, -6.12523410584992, 0.0005783992596165281, -5.76560909011819, 0.04918317581546927]"
20,0.05,0.009,0.001,allowed_drift,0,2026093450,0.026965025258932674,162,160,extended,True,1,9217322.0134442,False,0,160,7554.924646034019,log_gr,"[1.019506163635175, -5.975250394069344, 8.997493309197083, -2.813410750705606, 0.9295618823639628, -8.464067786103412, -9.60947713810806, -0.020391292375533374, -3.8200935605318187, 0.09142847375686901]"
20,0.05,0.009,0.001,allowed_drift,0,2026093450,0.026965025258932674,162,160,extended,True,2,326.8381740387896,False,0,160,854.6640887576767,,"[1.0501252153091711, -5.80884812861663, 6.756679182869096, -4.969981052885339, 0.9699274866332851, -4.711122546700248, -6.052284440965255, 0.000601872440088695, -5.768006419355081, 0.06180769362020936]"
21,0.05,0.009,0.001,allowed_drift,1,2026093487,0.026965025258932674,162,160,unchanged,False,0,4798.90314065187,True,2,48,0.16287715061366168,log_gr,"[1.0526282579024113, -5.766707061371108, 6.627821797536413, -9.210340328765438, 0.9697355593755362, -4.696322239073725, -6.432130793206269]"
21,0.05,0.009,0.001,allowed_drift,1,2026093487,0.026965025258932674,162,160,unchanged,False,1,4798.90314061626,True,2,117,0.016806309907414343,log_gr,"[1.0526282627295611, -5.766707061419195, 6.627821553547829, -9.21034037197583, 0.9697355593771444, -4.69632224031237, -6.4321307918071575]"
21,0.05,0.009,0.001,allowed_drift,1,2026093487,0.026965025258932674,162,160,unchanged,False,2,4798.903140629121,True,3,73,0.009124160342876442,log_gr,"[1.0526282589757174, -5.766707061383107, 6.627821743273479, -9.210340371732704, 0.9697355593770143, -4.696322239100914, -6.432130792861875]"
21,0.05,0.009,0.001,allowed_drift,1,2026093487,0.026965025258932674,162,160,drift_aware,True,0,341.4981785180226,True,2,116,0.00026196987521860194,log_gr,"[1.0498401851682393, -5.766849143010046, 6.7719467010449454, -9.210340359359023, 0.969583515492189, -4.711003080607551, -6.438493404941738, 0.000493437772458828, -5.723906844088222]"
21,0.05,0.009,0.001,allowed_drift,1,2026093487,0.026965025258932674,162,160,drift_aware,True,1,9193030.274255041,False,0,160,592681.679836007,log_gr;log_gd;log_t,"[0.9981932409344825, -5.872771812182055, 11.954276202224078, -2.813410716760037, 0.8523523176353283, -9.21034037197618, -11.512925464970227, -0.019660484561944257, -3.7997873651279974]"
21,0.05,0.009,0.001,allowed_drift,1,2026093487,0.026965025258932674,162,160,drift_aware,True,2,341.5467915651493,False,0,160,407.08716498659,,"[1.0498405212755533, -5.777349656464902, 6.771926672624514, -6.299386445920852, 0.9695830733680239, -4.710999870345344, -6.438492530389841, 0.0004938791705304535, -5.733973743448203]"
21,0.05,0.009,0.001,allowed_drift,1,2026093487,0.026965025258932674,162,160,extended,True,0,340.48789222429446,False,0,160,50.29689903038061,,"[1.0498355292269455, -5.795280048083722, 6.772179487894159, -5.347167940091468, 0.9697628880530774, -4.710982385778509, -6.156424567195557, 0.000563147535059478, -5.751144707083463, 0.044141052881412554]"
21,0.05,0.009,0.001,allowed_drift,1,2026093487,0.026965025258932674,162,160,extended,True,1,9204477.914023127,False,0,160,35831.52871365467,log_gr,"[1.0220138059913977, -5.990568629876206, 8.750997484454038, -2.8134843656264032, 0.8847676343318666, -9.198816366767819, -9.635226158979268, -0.020347921382072486, -3.820759657673772, 0.0940296652686892]"
21,0.05,0.009,0.001,allowed_drift,1,2026093487,0.026965025258932674,162,160,extended,True,2,340.49114186058824,False,0,160,5.033520204943113,,"[1.0498358981665212, -5.793902407339509, 6.772161219558472, -5.3951053504528, 0.9697408888993744, -4.710985290035005, -6.173810978960903, 0.0005578686549043366, -5.749821010803751, 0.04123696835509706]"
22,0.05,0.009,0.001,extra_link,0,2026093524,0.026965025258932674,162,160,unchanged,False,0,5052.934220759603,True,2,52,0.012579507753644805,log_gr,"[1.0522271654145776, -5.766597284075175, 6.648052567039248, -9.210340371975427, 0.969724334913436, -4.697463702155479, -6.501843138776786]"
22,0.05,0.009,0.001,extra_link,0,2026093524,0.026965025258932674,162,160,unchanged,False,1,5052.934220722592,True,3,118,3.936121151081223,log_gr,"[1.0522271840723534, -5.766597285684905, 6.648051617009085, -9.210340371583118, 0.969724334940002, -4.697463701886659, -6.501843130919468]"
22,0.05,0.009,0.001,extra_link,0,2026093524,0.026965025258932674,162,160,unchanged,False,2,5052.934220741661,True,2,56,0.005102094302124891,log_gr,"[1.0522271740413827, -5.766597284227363, 6.648052127920854, -9.210340371975937, 0.9697243349132073, -4.697463704272336, -6.501843136221648]"
22,0.05,0.009,0.001,extra_link,0,2026093524,0.026965025258932674,162,160,drift_aware,False,0,298.68392083319407,True,2,87,0.00044774371677137057,log_gr,"[1.0498114451949174, -5.766721286803588, 6.773326996799585, -9.210339812445167, 0.9695767557239144, -4.709299402176919, -6.507266130594058, 0.0005013757226871793, -5.7321957453726275]"
22,0.05,0.009,0.001,extra_link,0,2026093524,0.026965025258932674,162,160,drift_aware,False,1,8976373.965255596,False,0,160,2866.5826029456152,log_gr;log_gd;log_t,"[0.9979622132518794, -5.871751555920607, 11.9978792804649, -2.813410716760037, 0.8703517872118159, -9.21034037197618, -11.512925464970227, -0.016026667795022063, -3.8003754244672034]"
22,0.05,0.009,0.001,extra_link,0,2026093524,0.026965025258932674,162,160,drift_aware,False,2,298.7197992958358,False,0,160,73.80480998592732,,"[1.0498117390705388, -5.775607439096503, 6.773309786650164, -6.455346871268571, 0.9695763996785389, -4.709296839015658, -6.5072653552919215, 0.0005017121032161267, -5.740787431879627]"
22,0.05,0.009,0.001,extra_link,0,2026093524,0.026965025258932674,162,160,extended,True,0,298.36237789764243,True,2,110,0.050323457845040845,,"[1.0498096056640025, -5.785508453303046, 6.773418203021624, -5.745564229798387, 0.9696145857735344, -4.709297430357677, -6.3733253677500095, 0.0005289805018850461, -5.750334297707556, 0.019509630804002087]"
22,0.05,0.009,0.001,extra_link,0,2026093524,0.026965025258932674,162,160,extended,True,1,8978866.252372691,False,0,160,1091095.935240762,log_gr,"[1.0040638262603323, -5.896804752091939, 10.942794207515558, -2.813410716760047, 0.856712092478001, -7.230275067556933, -10.23398411527421, -0.01608024012426012, -3.80404889594923, 0.0693525508810197]"
22,0.05,0.009,0.001,extra_link,0,2026093524,0.026965025258932674,162,160,extended,True,2,8976277.776463144,False,0,160,100659.24824401949,log_gr,"[0.9992066145726349, -5.876608705815235, 11.765049191071213, -2.8134107167903593, 1.0974573687983988, -3.642622309385032, -10.394895807767092, -0.015918373524059025, -3.800398409550285, 0.06562440049207731]"
23,0.05,0.009,0.001,extra_link,1,2026093561,0.026965025258932674,162,160,unchanged,False,0,4724.68134765703,True,2,66,0.013867106042760723,log_gr,"[1.0528197277104288, -5.766382789304763, 6.618227072013259, -9.210340371967932, 0.969720772840423, -4.697281883492378, -6.501246094805228]"
23,0.05,0.009,0.001,extra_link,1,2026093561,0.026965025258932674,162,160,unchanged,False,1,4724.681347611446,True,2,125,0.005354753435367681,log_gr,"[1.0528197396337708, -5.766382789524751, 6.618226471423753, -9.21034037197618, 0.9697207728400371, -4.697281886324091, -6.501246091216979]"
23,0.05,0.009,0.001,extra_link,1,2026093561,0.026965025258932674,162,160,unchanged,False,2,4724.681347625076,True,2,51,0.0035051417992945904,log_gr,"[1.0528197360147722, -5.76638278945857, 6.61822665371661, -9.210340371860251, 0.9697207728399421, -4.697281885424905, -6.501246092290068]"
23,0.05,0.009,0.001,extra_link,1,2026093561,0.026965025258932674,162,160,drift_aware,False,0,366.04567910321936,True,2,51,0.001777223457796824,,"[1.0502336379403072, -5.7869435935283455, 6.751167173995917, -5.672294409958014, 0.9695790770330209, -4.710237693087808, -6.507225163398805, 0.000477561929157499, -5.748237137752898]"
23,0.05,0.009,0.001,extra_link,1,2026093561,0.026965025258932674,162,160,drift_aware,False,1,8970803.019077295,False,0,160,2949.6642094088656,log_gr;log_gd;log_t,"[0.9980159031238834, -5.871705931861431, 11.98836865484355, -2.8134107168271436, 0.8569094639429259, -9.21034037197618, -11.512925464970227, -0.015996381715905783, -3.7995841023693386]"
23,0.05,0.009,0.001,extra_link,1,2026093561,0.026965025258932674,162,160,drift_aware,False,2,366.0456792639782,False,0,160,1.374673520717508,,"[1.050233639238275, -5.786962601122059, 6.75116709181747, -5.671400248512942, 0.9695790762803201, -4.710237687843161, -6.507225161809544, 0.0004775626434632153, -5.7482554412940345]"
23,0.05,0.009,0.001,extra_link,1,2026093561,0.026965025258932674,162,160,extended,True,0,357.9980035983218,True,2,91,0.0005059983340922151,log_gr,"[1.0502404909854859, -5.766514173937736, 6.750813301484504, -9.210340230975927, 0.9698187485217444, -4.710106680497686, -6.935672329273187, 0.00041432426516711557, -5.728705380299226, -0.05412388507709193]"
23,0.05,0.009,0.001,extra_link,1,2026093561,0.026965025258932674,162,160,extended,True,1,8972107.364499541,False,0,160,2436787.530622172,log_gr,"[1.0017561135608004, -5.886696046369743, 11.317541243938214, -2.813410716760153, 0.8707130398758255, -7.614578022366782, -10.413620160893858, -0.01598399866563324, -3.80141330558505, 0.07379456890626454]"
23,0.05,0.009,0.001,extra_link,1,2026093561,0.026965025258932674,162,160,extended,True,2,362.11643834972347,False,0,160,2744.0674696627098,,"[1.0502163609298802, -5.844810353627923, 6.75198464871971, -4.3786600726471665, 0.9702477272703809, -4.710249600351301, -5.962374715797722, 0.0006641235552440534, -5.804236722545706, 0.08785280372027736]"
24,0.2,0.003,0.0001,zero_drift,0,2026093598,0.0026965025258932677,162,160,unchanged,True,0,295.26589789284765,True,2,54,0.005182850188803933,,"[1.0500977085038128, -5.809348711004546, 6.758219102903672, -4.957482492820899, 0.9695861183004942, -5.809183725800767, -3.6651533501296116]"
24,0.2,0.003,0.0001,zero_drift,0,2026093598,0.0026965025258932677,162,160,unchanged,True,1,295.26589789198016,True,4,117,0.008296897784511698,,"[1.0500977085991179, -5.80934871506222, 6.758219097858169, -4.9574824030094975, 0.9695861183005348, -5.809183725778657, -3.6651533500978744]"
24,0.2,0.003,0.0001,zero_drift,0,2026093598,0.0026965025258932677,162,160,unchanged,True,2,295.2658978937557,True,2,123,0.0051793966381942615,,"[1.050097708442863, -5.80934873034169, 6.758219106101775, -4.957482055436262, 0.9695861183001782, -5.809183725534029, -3.665153350151279]"
24,0.2,0.003,0.0001,zero_drift,0,2026093598,0.0026965025258932677,162,160,drift_aware,True,0,292.72134718676665,True,2,57,0.005119920577867758,,"[1.0500984764666403, -5.808046818861409, 6.7581805341391545, -4.987328386133604, 0.9695889902380422, -5.809177734019605, -3.665153168560941, -5.714136800322884e-06, -5.808050450837363]"
24,0.2,0.003,0.0001,zero_drift,0,2026093598,0.0026965025258932677,162,160,drift_aware,True,1,292.7213471851552,True,2,153,0.005450551965432314,,"[1.0500984766191608, -5.808046817044652, 6.758180526075739, -4.987328431189142, 0.9695889902400405, -5.809177734277297, -3.6651531685102903, -5.7141404677458375e-06, -5.808050448818216]"
24,0.2,0.003,0.0001,zero_drift,0,2026093598,0.0026965025258932677,162,160,drift_aware,True,2,292.7213471865037,True,2,126,0.00906396843528345,,"[1.0500984765475088, -5.808046850843381, 6.758180529817641, -4.987327643227269, 0.9695889902038665, -5.809177733648928, -3.6651531685331946, -5.71406904399436e-06, -5.808050483042658]"
24,0.2,0.003,0.0001,zero_drift,0,2026093598,0.0026965025258932677,162,160,extended,True,0,321.65923522757083,False,0,160,3454.6127541960723,,"[1.050174821286148, -5.770577582797169, 6.754175557587347, -7.183783974233905, 0.9698927653777173, -5.809358572428878, -3.768459245816324, -0.00044767487089777014, -5.770243217756979, -0.058568148669675184]"
24,0.2,0.003,0.0001,zero_drift,0,2026093598,0.0026965025258932677,162,160,extended,True,1,271626.05916976725,False,0,160,302783873.2151664,log_gr,"[1.0692303671335754, -6.457409484666942, 5.89342327251941, -2.813882048508343, 0.9697248370220486, -5.783283977566551, -3.712217197424987, -0.00036831676128429227, -6.5243991272205175, -0.026492673399371645]"
24,0.2,0.003,0.0001,zero_drift,0,2026093598,0.0026965025258932677,162,160,extended,True,2,321.6591622047112,True,3,155,11.74424957462282,,"[1.0501749023175997, -5.770598876753527, 6.754171274708309, -7.179178053808641, 0.9698933802852948, -5.809358467733544, -3.768566435729346, -0.0004481217970717035, -5.7702644216060355, -0.058627376546733605]"
25,0.2,0.003,0.0001,zero_drift,1,2026093635,0.0026965025258932677,162,160,unchanged,True,0,302.8463226848821,True,2,50,0.07383502264794285,,"[1.0500672381745855, -5.8078116480914845, 6.75984655189134, -4.993331689301355, 0.9695858628319753, -5.809201284275193, -3.665163369975476]"
25,0.2,0.003,0.0001,zero_drift,1,2026093635,0.0026965025258932677,162,160,unchanged,True,1,302.84632268504106,True,2,138,0.0050466273836095275,,"[1.0500672381314433, -5.807811630422608, 6.759846554196443, -4.993332102546317, 0.9695858628321663, -5.809201284486724, -3.6651633699888646]"
25,0.2,0.003,0.0001,zero_drift,1,2026093635,0.0026965025258932677,162,160,unchanged,True,2,302.84632268422484,True,2,144,0.0074532716508394796,,"[1.0500672381022902, -5.807811651157474, 6.759846555713032, -4.99333161610704, 0.9695858628318627, -5.809201284215461, -3.665163369999929]"
25,0.2,0.003,0.0001,zero_drift,1,2026093635,0.0026965025258932677,162,160,drift_aware,True,0,299.97808632320016,True,3,52,3.64178696345638,,"[1.0500644912587622, -5.808736861037304, 6.759990470671508, -4.971853338720341, 0.9695838871936873, -5.809985871301972, -3.6651663637380794, 3.8678821018944e-06, -5.807931886886651]"
25,0.2,0.003,0.0001,zero_drift,1,2026093635,0.0026965025258932677,162,160,drift_aware,True,1,299.97808632324296,True,3,142,1.06560087026911,,"[1.0500644913067316, -5.808736845998911, 6.759990468157334, -4.971853682010972, 0.9695838872096768, -5.809985870833994, -3.6651663637203287, 3.867850623314202e-06, -5.807931872452654]"
25,0.2,0.003,0.0001,zero_drift,1,2026093635,0.0026965025258932677,162,160,drift_aware,True,2,299.978086323955,True,2,113,0.01988054847081327,,"[1.0500644913484354, -5.808736847567321, 6.759990465948099, -4.971853648567355, 0.9695838872080094, -5.8099858709276715, -3.6651663637066227, 3.867853972566748e-06, -5.807931873930351]"
25,0.2,0.003,0.0001,zero_drift,1,2026093635,0.0026965025258932677,162,160,extended,True,0,322.6684386272976,True,3,159,60.26173038802963,,"[1.0501467617056839, -5.771650111170117, 6.755670613770801, -6.982113977211838, 0.9699343780803609, -5.810164359631174, -3.776334681440144, -0.0004705500067789592, -5.770524131136162, -0.06292343388114448]"
25,0.2,0.003,0.0001,zero_drift,1,2026093635,0.0026965025258932677,162,160,extended,True,1,804462.6886787028,False,0,160,1186697353.93504,,"[1.08035552737295, -6.2741387552457795, 5.501334168686077, -3.2045988183921805, 0.9694451203557228, -5.743122373111089, -3.6917767639317787, 0.00021425306456026143, -6.411130722896765, -0.0173709848692209]"
25,0.2,0.003,0.0001,zero_drift,1,2026093635,0.0026965025258932677,162,160,extended,True,2,322.6829930234438,False,0,160,103455.92832854587,,"[1.0501454672189692, -5.771364439992388, 6.755739069127179, -7.03401734838283, 0.9699239575685553, -5.810165695962545, -3.7746245798911455, -0.00046344948884544703, -5.770240429486111, -0.061981482503930554]"
26,0.2,0.003,0.0001,allowed_drift,0,2026093672,0.0026965025258932677,162,160,unchanged,False,0,8279180.545202673,True,2,55,995.2493282735475,log_gr,"[1.0560450167184752, -5.765999963937736, 6.460272871204497, -9.21034037197618, 0.9736313828475386, -5.2961821239827955, -3.66088939887557]"
26,0.2,0.003,0.0001,allowed_drift,0,2026093672,0.0026965025258932677,162,160,unchanged,False,1,8279180.545258532,True,2,116,1532.3652936766432,log_gr,"[1.0560449278593433, -5.765999962526481, 6.460277100325781, -9.21034037197618, 0.973631382786845, -5.29618210125652, -3.6608894315164355]"
26,0.2,0.003,0.0001,allowed_drift,0,2026093672,0.0026965025258932677,162,160,unchanged,False,2,1513276725.2968547,True,2,140,10180.218854954112,log_gb;remote_sq;omega_d,"[1.1491135360876237, -9.21034037197618, 4.000000000000101, -3.115548748876159, 1.0999999999988181, -4.16377795170225, -2.656439787428402]"
26,0.2,0.003,0.0001,allowed_drift,0,2026093672,0.0026965025258932677,162,160,drift_aware,True,0,274.3405770350255,True,2,51,0.00513019654768792,,"[1.05007102507491, -5.807306542896335, 6.759647956330487, -5.003802959148768, 0.9695866278772416, -5.809032777053374, -3.6651617193252264, 0.007998740460391583, -5.29731475258702]"
26,0.2,0.003,0.0001,allowed_drift,0,2026093672,0.0026965025258932677,162,160,drift_aware,True,1,274.3405770350741,True,2,152,0.018671061123383056,,"[1.0500710251542127, -5.807306550312542, 6.75964795212427, -5.003802784885932, 0.9695866278727298, -5.809032775629561, -3.6651617192973736, 0.007998740469668824, -5.297314757931837]"
26,0.2,0.003,0.0001,allowed_drift,0,2026093672,0.0026965025258932677,162,160,drift_aware,True,2,274.3405770348874,True,2,88,0.009388833865134349,,"[1.0500710252092027, -5.807306517716818, 6.759647949259662, -5.003803558117388, 0.9695866278941981, -5.809032780908178, -3.665161719278605, 0.007998740427675927, -5.297314735121141]"
26,0.2,0.003,0.0001,allowed_drift,0,2026093672,0.0026965025258932677,162,160,extended,True,0,310.6287910497709,False,0,160,7822.304682149886,,"[1.0501445314968105, -5.773756529402679, 6.755789248356111, -6.657103723138403, 0.9699903293642101, -5.809237771094186, -3.7846562882059773, 0.007488550202663814, -5.27673935215021, -0.06750005456677406]"
26,0.2,0.003,0.0001,allowed_drift,0,2026093672,0.0026965025258932677,162,160,extended,True,1,278.2767414178283,False,0,160,157968.61144772178,,"[1.0500823835538582, -5.821636633854112, 6.759024098839175, -4.713445623042813, 0.9695936239259023, -5.8091184350540095, -3.680030494319141, 0.00793250264680855, -5.305849911895225, -0.00861672923122077]"
26,0.2,0.003,0.0001,allowed_drift,0,2026093672,0.0026965025258932677,162,160,extended,True,2,310.6080776052187,True,2,156,0.09047405417178,,"[1.0501461767216702, -5.774061368767399, 6.755702229149491, -6.618916045534573, 0.9700080355472334, -5.809231704393556, -3.7873323127145686, 0.007477521392197384, -5.276926124385786, -0.06896667072973066]"
26,0.2,0.003,0.0001,allowed_drift,0,2026093672,0.0026965025258932677,162,160,extended,True,profile_restart,274.339343736527,True,2,8,0.005881620063739834,,"[1.0500713122448169, -5.807547397132102, 6.759632428596885, -4.998118983527267, 0.9695866403496062, -5.809034565978434, -3.6655634522930676, 0.007996953948580555, -5.297458252403904, -0.0002336440581344576]"
27,0.2,0.003,0.0001,allowed_drift,1,2026093709,0.0026965025258932677,162,160,unchanged,False,0,8269390.010666155,True,2,55,249.7702035201254,log_gr,"[1.0560768153237765, -5.766030099317126, 6.458755122765676, -9.21034037197618, 0.9736318786050442, -5.296186677526305, -3.6608782463148946]"
27,0.2,0.003,0.0001,allowed_drift,1,2026093709,0.0026965025258932677,162,160,unchanged,False,1,8269390.010657854,True,2,116,77.46620190151164,log_gr,"[1.056076828949724, -5.766030099428478, 6.458754474425725, -9.21034037197618, 0.9736318786458621, -5.2961866849286405, -3.660878241499023]"
27,0.2,0.003,0.0001,allowed_drift,1,2026093709,0.0026965025258932677,162,160,unchanged,False,2,1513186076.5372422,True,2,138,8696.051016585945,log_gb;remote_sq;omega_d,"[1.1491134660205367, -9.21034037197618, 4.0000000000000435, -3.1155788875794883, 1.0999999999996803, -4.163877353317424, -2.6564458403642854]"
27,0.2,0.003,0.0001,allowed_drift,1,2026093709,0.0026965025258932677,162,160,drift_aware,True,0,322.57270332055583,True,2,49,0.25161614137062444,,"[1.0501022597157483, -5.810536269473843, 6.757986764124229, -4.931429130014536, 0.9695872291343649, -5.809043971252329, -3.6651512089614937, 0.007998479678362183, -5.299238438398973]"
27,0.2,0.003,0.0001,allowed_drift,1,2026093709,0.0026965025258932677,162,160,drift_aware,True,1,322.57270332088797,True,2,140,0.00861140587906455,,"[1.050102259744322, -5.810536252344588, 6.7579867626387555, -4.931429506497491, 0.9695872291455773, -5.809043974064028, -3.6651512089518294, 0.007998479656424109, -5.299238426400963]"
27,0.2,0.003,0.0001,allowed_drift,1,2026093709,0.0026965025258932677,162,160,drift_aware,True,2,322.5727033200348,True,2,123,0.0037318274827753935,,"[1.0501022596819807, -5.810536264826716, 6.757986765916953, -4.931429231336786, 0.9695872291374434, -5.809043971860786, -3.665151208972589, 0.007998479672143937, -5.2992384352304045]"
27,0.2,0.003,0.0001,allowed_drift,1,2026093709,0.0026965025258932677,162,160,extended,True,0,354.1348004259028,False,0,160,9809.225117909167,,"[1.0501802090320405, -5.773162696004506, 6.753900353601637, -6.740804573513253, 0.9700465207514274, -5.809163367939913, -3.792936614202082, 0.007454661955788903, -5.276395107643649, -0.07201787564881695]"
27,0.2,0.003,0.0001,allowed_drift,1,2026093709,0.0026965025258932677,162,160,extended,True,1,354.1348234904966,False,0,160,41.33163188955957,,"[1.050180141515598, -5.773149850191653, 6.753903922159185, -6.742593577586956, 0.9700457793186769, -5.809163346520153, -3.7928301299135825, 0.00745510178344975, -5.276387392333608, -0.07195972768396583]"
27,0.2,0.003,0.0001,allowed_drift,1,2026093709,0.0026965025258932677,162,160,extended,True,2,354.13481338674677,True,2,114,0.005280316992604499,,"[1.050180150615315, -5.773151547609981, 6.753903441205584, -6.742357458650029, 0.9700458818484154, -5.80916331990648, -3.7928448651172118, 0.007455041169524215, -5.27638842795018, -0.07196777397293885]"
28,0.2,0.003,0.0001,extra_link,0,2026093746,0.0026965025258932677,162,160,unchanged,False,0,8144809.922316266,True,2,55,1415.0397963987862,log_gr,"[1.055089619845528, -5.765984463482985, 6.506152406220884, -9.21034037197618, 0.9733211165527116, -5.295672884347483, -3.7311413566299803]"
28,0.2,0.003,0.0001,extra_link,0,2026093746,0.0026965025258932677,162,160,unchanged,False,1,8144809.922316781,True,2,95,1496.8485467277314,log_gr,"[1.0550896179967812, -5.765984463835323, 6.506152495887958, -9.21034037197618, 0.9733211165904397, -5.295672885928075, -3.731141357055962]"
28,0.2,0.003,0.0001,extra_link,0,2026093746,0.0026965025258932677,162,160,unchanged,False,2,1526246465.4982235,True,2,142,15005.984383461442,log_gb;remote_sq;omega_d,"[1.1491138335371869, -9.21034037197618, 4.000000000000122, -3.1157027630385743, 1.099999999999775, -4.148003000728425, -2.702183837271522]"
28,0.2,0.003,0.0001,extra_link,0,2026093746,0.0026965025258932677,162,160,drift_aware,False,0,402.41185127795774,True,2,50,0.01860289814381707,,"[1.0501284176196088, -5.8571698946960025, 6.756515034117264, -4.238484241129092, 0.9694472455787971, -5.808770556290649, -3.7351706305012087, 0.007700524598452516, -5.327080254734444]"
28,0.2,0.003,0.0001,extra_link,0,2026093746,0.0026965025258932677,162,160,drift_aware,False,1,402.41185128115484,True,2,160,0.023139651483337215,,"[1.0501284176337635, -5.857169768168314, 6.756515033726026, -4.238485566523816, 0.9694472456569843, -5.808770574461201, -3.7351706304923846, 0.007700524444071634, -5.327080168769487]"
28,0.2,0.003,0.0001,extra_link,0,2026093746,0.0026965025258932677,162,160,drift_aware,False,2,402.41185127987535,True,2,83,0.019393290306576463,,"[1.050128417563969, -5.8571698861978545, 6.756515037081994, -4.23848432912276, 0.9694472455835004, -5.808770558243143, -3.735170630522272, 0.007700524588872057, -5.327080248483615]"
28,0.2,0.003,0.0001,extra_link,0,2026093746,0.0026965025258932677,162,160,extended,True,0,376.40080011270834,True,2,148,0.007848465670942686,,"[1.0500999732471343, -5.821008322810413, 6.75810270686986, -4.725187336084433, 0.969484902147074, -5.808587142362548, -3.69810812816478, 0.00785737209631147, -5.305757912221955, 0.02099897070188563]"
28,0.2,0.003,0.0001,extra_link,0,2026093746,0.0026965025258932677,162,160,extended,True,1,376.71055027679125,False,0,160,442652.41034584504,,"[1.0501039707952817, -5.8243631530171776, 6.757885117856795, -4.667693586766329, 0.9694730044969345, -5.808588739255646, -3.704232859086328, 0.00783163697472516, -5.30775486461915, 0.017502178220637658]"
28,0.2,0.003,0.0001,extra_link,0,2026093746,0.0026965025258932677,162,160,extended,True,2,468.1270308557264,True,3,98,0.003986958588924272,log_gr;link_l,"[1.0502301138403918, -5.766585151335402, 6.751279315072672, -9.21034037197618, 0.9703353453047058, -5.809296051535589, -3.9215959683929484, 0.006967917810971118, -5.2720847173884495, -0.09999999999999995]"
29,0.2,0.003,0.0001,extra_link,1,2026093783,0.0026965025258932677,162,160,unchanged,False,0,8146596.119676255,True,2,53,1994.5607815230599,log_gr,"[1.0550391819806457, -5.765993289414958, 6.5085884545904005, -9.21034037197618, 0.9733214288915925, -5.29562655397838, -3.7311567730292117]"
29,0.2,0.003,0.0001,extra_link,1,2026093783,0.0026965025258932677,162,160,unchanged,False,1,8146596.11968506,True,2,102,1824.5151429846892,log_gr,"[1.0550391061472322, -5.765993287000499, 6.508592128160816, -9.21034037197618, 0.9733214288101965, -5.295626527818958, -3.731156801606713]"
29,0.2,0.003,0.0001,extra_link,1,2026093783,0.0026965025258932677,162,160,unchanged,False,2,1526213934.3702703,True,2,145,10838.53009053138,log_gb;remote_sq;omega_d,"[1.149113710294882, -9.21034037197618, 4.000000000000142, -3.1157114543640123, 1.0999999999999768, -4.147962681262559, -2.7021850358024673]"
29,0.2,0.003,0.0001,extra_link,1,2026093783,0.0026965025258932677,162,160,drift_aware,False,0,326.0652473774255,True,3,59,4.432834071966127,,"[1.0500722349405196, -5.855704145020056, 6.7594832107525855, -4.253060496782819, 0.9694483165039642, -5.809374131994712, -3.7351885205274216, 0.007698858204211524, -5.325793596136947]"
29,0.2,0.003,0.0001,extra_link,1,2026093783,0.0026965025258932677,162,160,drift_aware,False,1,326.0652473786843,True,2,157,0.012467664908356022,,"[1.0500722351001888, -5.8557041847029145, 6.75948320219779, -4.253060076709212, 0.9694483164795986, -5.809374126339943, -3.7351885204743627, 0.0076988582530050755, -5.32579362311085]"
29,0.2,0.003,0.0001,extra_link,1,2026093783,0.0026965025258932677,162,160,drift_aware,False,2,326.06524737808104,True,2,115,0.004490116602112271,,"[1.0500722350583873, -5.8557041523916284, 6.759483204499409, -4.253060420179953, 0.9694483164997261, -5.809374130747659, -3.735188520486756, 0.007698858213075271, -5.325793601297186]"
29,0.2,0.003,0.0001,extra_link,1,2026093783,0.0026965025258932677,162,160,extended,True,0,290.4096066815416,False,0,160,181036.82308365122,,"[1.0500384358521406, -5.816505030916087, 6.76135970191795, -4.807402684613608, 0.9695064534337411, -5.809168573114056, -3.68948217546193, 0.007892155381549413, -5.302673154011455, 0.025964714787523636]"
29,0.2,0.003,0.0001,extra_link,1,2026093783,0.0026965025258932677,162,160,extended,True,1,889.8768332847287,False,0,160,235871.2576599681,,"[1.0501382356808646, -6.007903551393798, 6.755305751448193, -3.336341272916425, 0.9694652179284998, -5.808892363489551, -3.759673039367936, 0.007596699040962731, -5.413062039653427, -0.013664352457453437]"
29,0.2,0.003,0.0001,extra_link,1,2026093783,0.0026965025258932677,162,160,extended,True,2,374.3500272283776,True,2,91,0.006827671650373576,log_gr;link_l,"[1.0501725468201226, -5.766594286265453, 6.754311196489415, -9.210340371976171, 0.9703350816515268, -5.809718122762955, -3.9215143898307656, 0.0069687347867208455, -5.271798047472266, -0.09999999999999999]"
30,0.2,0.003,0.001,zero_drift,0,2026093820,0.026965025258932674,162,160,unchanged,True,0,310.545037171435,True,2,50,0.1194611180468888,,"[1.0503871266010778, -5.797196549668413, 6.743022985529492, -5.285607680858488, 0.9695848614871506, -5.809539438678806, -3.6650549770440435]"
30,0.2,0.003,0.001,zero_drift,0,2026093820,0.026965025258932674,162,160,unchanged,True,1,310.545037171375,True,2,120,0.00012652729287767998,,"[1.050387127072921, -5.797196767584247, 6.7430229605160985, -5.28560081488821, 0.9695848614847227, -5.809539436062811, -3.6650549768968865]"
30,0.2,0.003,0.001,zero_drift,0,2026093820,0.026965025258932674,162,160,unchanged,True,2,310.54503716841594,True,3,119,0.9127462954161673,,"[1.050387134026222, -5.797196771615982, 6.743022594642074, -5.285600809400743, 0.9695848614917064, -5.809539438246926, -3.665054974550631]"
30,0.2,0.003,0.001,zero_drift,0,2026093820,0.026965025258932674,162,160,drift_aware,True,0,309.8627634271381,True,2,60,0.00115323904887404,,"[1.0503939257602881, -5.790674617254902, 6.742672437949113, -5.516855927978814, 0.969599407577071, -5.808524243851926, -3.665050487719529, -2.8865647498934145e-05, -5.791688815154515]"
30,0.2,0.003,0.001,zero_drift,0,2026093820,0.026965025258932674,162,160,drift_aware,True,1,309.86276342729826,True,2,133,0.0008430958461739392,,"[1.0503939253716126, -5.790674675958155, 6.742672458345424, -5.516853572595912, 0.9695994075127068, -5.8085242434974775, -3.6650504878495904, -2.8865520963822675e-05, -5.791688873811121]"
30,0.2,0.003,0.001,zero_drift,0,2026093820,0.026965025258932674,162,160,drift_aware,True,2,309.8627634269,True,2,105,0.0014730368472503843,,"[1.050393926163989, -5.790674698353494, 6.7426724166452825, -5.516852691024371, 0.9695994074887094, -5.80852424400932, -3.6650504875835916, -2.8865471970908477e-05, -5.791688895845471]"
30,0.2,0.003,0.001,zero_drift,0,2026093820,0.026965025258932674,162,160,extended,True,0,309.8240105030042,False,0,160,11155.446476406943,,"[1.050491115221615, -5.782749359713679, 6.737570069794847, -5.901769180923392, 0.9700140487693678, -5.808573804664638, -3.785922918618416, -0.0005523035046055085, -5.783570021931082, -0.06805027515496323]"
30,0.2,0.003,0.001,zero_drift,0,2026093820,0.026965025258932674,162,160,extended,True,1,325.5056277165919,False,0,160,549840.5513933161,,"[1.051842175492731, -5.785855162898404, 6.667443252467953, -5.757687522778953, 0.9697769473399989, -5.8079811436651285, -3.589251785574383, 0.00030931369303067866, -5.7880263754894825, 0.04389930601448776]"
30,0.2,0.003,0.001,zero_drift,0,2026093820,0.026965025258932674,162,160,extended,True,2,309.90676269789674,False,0,160,2079.7998654606736,,"[1.0504660526343061, -5.78222423343283, 6.73888671683613, -5.93287612379258, 0.9698199679372406, -5.80855374386089, -3.7520400383394152, -0.00041192913064566893, -5.783113476676382, -0.04938330138490487]"
30,0.2,0.003,0.001,zero_drift,0,2026093820,0.026965025258932674,162,160,extended,True,profile_restart,309.74722895524656,True,2,55,0.007182658901696711,link_l,"[1.0505358882298823, -5.783287274658918, 6.735219653417341, -5.871268581750297, 0.9704910437798141, -5.808600243199655, -3.84527030772851, -0.0007942967280494879, -5.784001322319056, -0.09999999943903275]"
31,0.2,0.003,0.001,zero_drift,1,2026093857,0.026965025258932674,162,160,unchanged,True,0,304.04954878496227,True,2,47,0.00152108786184501,,"[1.0502770223581874, -5.8154001995824895, 6.74866829983268, -4.834483878718445, 0.969586953146952, -5.808612014435374, -3.665091836236753]"
31,0.2,0.003,0.001,zero_drift,1,2026093857,0.026965025258932674,162,160,unchanged,True,1,304.0495487838652,True,2,116,0.0004631047861795744,,"[1.0502770217369903, -5.815400142256255, 6.748668332661967, -4.834485000491373, 0.9695869531470928, -5.808612014959055, -3.665091836441717]"
31,0.2,0.003,0.001,zero_drift,1,2026093857,0.026965025258932674,162,160,unchanged,True,2,304.0495487848456,True,2,114,0.0017349821806889353,,"[1.0502770226137794, -5.815400083745353, 6.748668286531883, -4.834486172911498, 0.9695869531487352, -5.808612015986082, -3.6650918361429485]"
31,0.2,0.003,0.001,zero_drift,1,2026093857,0.026965025258932674,162,160,drift_aware,True,0,295.9591581375816,True,3,57,0.9294600291417145,,"[1.0502875681590182, -5.83645065161799, 6.74806873901979, -4.489810421112409, 0.9695409351550317, -5.800900110968056, -3.665066219259149, 9.219095286845517e-05, -5.844723123456179]"
31,0.2,0.003,0.001,zero_drift,1,2026093857,0.026965025258932674,162,160,drift_aware,True,1,295.9591581419614,True,2,147,0.0036760928382216173,,"[1.0502875718055507, -5.836450305949838, 6.748068547687652, -4.489815224382025, 0.9695409355148626, -5.800900114193924, -3.6650662180256317, 9.219024789617112e-05, -5.84472277466388]"
31,0.2,0.003,0.001,zero_drift,1,2026093857,0.026965025258932674,162,160,drift_aware,True,2,295.9591581416704,True,2,102,0.00030414836149440013,,"[1.0502875717289604, -5.836450438530261, 6.748068551427589, -4.489813405970731, 0.9695409353770399, -5.80090011372723, -3.665066218056114, 9.219052025733645e-05, -5.844722908052975]"
31,0.2,0.003,0.001,zero_drift,1,2026093857,0.026965025258932674,162,160,extended,True,0,299.24786679503194,True,2,94,0.0006024735513737934,log_gr,"[1.050390973968312, -5.7666470912525885, 6.742705683120747, -9.210340371974217, 0.9701068058030221, -5.801152161404554, -3.8071805287810094, -0.0005157933679535076, -5.773835669556771, -0.07967612100812174]"
31,0.2,0.003,0.001,zero_drift,1,2026093857,0.026965025258932674,162,160,extended,True,1,953.5691822751653,False,0,160,2788726.4961048434,,"[1.059992645055489, -6.072765137045233, 6.2769462454609, -3.301630242659426, 0.969609673419801, -5.796323301277524, -3.701129071321159, -0.00012979956931165744, -6.094008367181534, -0.020883605177186338]"
31,0.2,0.003,0.001,zero_drift,1,2026093857,0.026965025258932674,162,160,extended,True,2,299.2478667942559,True,2,134,0.0015933683676021822,log_gr,"[1.0503909741640052, -5.766647091252264, 6.742705672826522, -9.210340371976002, 0.9701068063529208, -5.801152160753387, -3.8071806055665105, -0.0005157936083054114, -5.773835669826048, -0.07967616249036075]"
32,0.2,0.003,0.001,allowed_drift,0,2026093894,0.026965025258932674,162,160,unchanged,False,0,83835.17409981682,True,2,55,9.536826735834918,log_gr,"[1.0560232698189733, -5.765876543905631, 6.46135886908335, -9.21034037197618, 0.9736328308403492, -5.295201922115644, -3.660870330432197]"
32,0.2,0.003,0.001,allowed_drift,0,2026093894,0.026965025258932674,162,160,unchanged,False,1,83835.17409963241,True,2,114,4.735892212147417,log_gr,"[1.056023320620406, -5.76587654447035, 6.461356449593927, -9.21034037197618, 0.9736328309479617, -5.295201945893925, -3.6608703125768374]"
32,0.2,0.003,0.001,allowed_drift,0,2026093894,0.026965025258932674,162,160,unchanged,False,2,83835.17409994965,True,2,72,0.43746128832753944,log_gr,"[1.0560232377409207, -5.765876543138374, 6.461360396806515, -9.21034037197618, 0.9736328308300987, -5.295201918651301, -3.66087034251527]"
32,0.2,0.003,0.001,allowed_drift,0,2026093894,0.026965025258932674,162,160,drift_aware,True,0,317.85943491773025,True,2,70,0.016618720555248094,,"[1.0500531854966446, -5.788369652549773, 6.76066600422087, -5.601228403120188, 0.9695825625294906, -5.809754088653671, -3.665151223569287, 0.008010252677455313, -5.28452969428686]"
32,0.2,0.003,0.001,allowed_drift,0,2026093894,0.026965025258932674,162,160,drift_aware,True,1,317.85943491620225,True,2,122,0.005949272665874632,,"[1.0500531848245185, -5.78836971740574, 6.760666039745331, -5.60122554854751, 0.9695825624854056, -5.809754076799347, -3.665151223794325, 0.008010252760931721, -5.284529740508122]"
32,0.2,0.003,0.001,allowed_drift,0,2026093894,0.026965025258932674,162,160,drift_aware,True,2,317.8594349178391,True,2,134,0.031634795643891836,,"[1.0500531848174475, -5.7883704061791175, 6.760666039586868, -5.601195305832945, 0.9695825620221242, -5.809753968169705, -3.665151223801983, 0.008010253672662148, -5.284530222686652]"
32,0.2,0.003,0.001,allowed_drift,0,2026093894,0.026965025258932674,162,160,extended,True,0,317.86704511852514,False,0,160,17034.889404586585,,"[1.0500533126437726, -5.788369982582146, 6.760659274089393, -5.601175656156672, 0.9695824647576772, -5.809756797124469, -3.6653895557151905, 0.008009178612540352, -5.284528061338606, -0.00013916248750574798]"
32,0.2,0.003,0.001,allowed_drift,0,2026093894,0.026965025258932674,162,160,extended,True,1,318.2142371229762,False,0,160,104.08186518280213,,"[1.0500807178922378, -5.772346543735477, 6.7592171504556475, -6.836094253779334, 0.9696364423268343, -5.810269571262868, -3.707287040605854, 0.007823429085290242, -5.274455485023269, -0.024260226234546253]"
32,0.2,0.003,0.001,allowed_drift,0,2026093894,0.026965025258932674,162,160,extended,True,2,318.4126730666214,False,0,160,10793.838322162836,,"[1.0500963824281617, -5.7785518624698735, 6.758386474247581, -6.1694532660614225, 0.9697330357781035, -5.809706401856863, -3.737475533095085, 0.007699297433441583, -5.278539830248942, -0.041335587970531495]"
32,0.2,0.003,0.001,allowed_drift,0,2026093894,0.026965025258932674,162,160,extended,True,profile_restart,316.74941502885565,True,2,107,0.00041109093769460384,link_l,"[1.0499512320446829, -5.784860744298528, 6.76606990530053, -5.766959689692461, 0.9704679087076098, -5.8095948330211895, -3.5001233324089567, 0.008765567376342416, -5.2826319588027975, 0.09999999996316791]"
33,0.2,0.003,0.001,allowed_drift,1,2026093931,0.026965025258932674,162,160,unchanged,False,0,83159.55218919946,True,2,55,7.023466439103384,log_gr,"[1.0559389843447342, -5.766058944660912, 6.46534998705465, -9.21034037197618, 0.9736281376192085, -5.296036873130944, -3.660925824886156]"
33,0.2,0.003,0.001,allowed_drift,1,2026093931,0.026965025258932674,162,160,unchanged,False,1,83159.55218988856,True,2,113,39.32389805313921,log_gr,"[1.0559389018218441, -5.766058942934973, 6.465353920202525, -9.210340371976164, 0.9736281375322225, -5.296036850508255, -3.6609258559515694]"
33,0.2,0.003,0.001,allowed_drift,1,2026093931,0.026965025258932674,162,160,unchanged,False,2,83159.55218981531,True,2,102,15.903073908881009,log_gr,"[1.0559389093984266, -5.766058943623333, 6.465353560344153, -9.21034037197618, 0.9736281375899379, -5.2960368514803555, -3.6609258522910464]"
33,0.2,0.003,0.001,allowed_drift,1,2026093931,0.026965025258932674,162,160,drift_aware,True,0,314.0483042966522,True,2,55,0.00011326336068039284,,"[1.0498964233083208, -5.83155536703545, 6.768886468481158, -4.552027474784772, 0.969559735262593, -5.8127664571369575, -3.665248000932931, 0.008044055562206201, -5.309354814358701]"
33,0.2,0.003,0.001,allowed_drift,1,2026093931,0.026965025258932674,162,160,drift_aware,True,1,314.04830429745556,True,2,140,0.0038410737173906096,,"[1.0498964226157759, -5.8315558989971175, 6.768886504113232, -4.552019607516976, 0.9695597349226697, -5.812766372851617, -3.6652480011808346, 0.00804405622771899, -5.309355182085921]"
33,0.2,0.003,0.001,allowed_drift,1,2026093931,0.026965025258932674,162,160,drift_aware,True,2,314.04830428924066,True,3,101,0.7130900571130573,,"[1.0498964293072626, -5.831556055984112, 6.768886148548941, -4.5520174096938995, 0.9695597348399181, -5.8127663441155795, -3.6652479988766027, 0.008044056423899049, -5.30935529447413]"
33,0.2,0.003,0.001,allowed_drift,1,2026093931,0.026965025258932674,162,160,extended,True,0,314.46030850513426,False,0,160,1237.1200299062264,,"[1.0499991389531065, -5.770652535038856, 6.763510732245782, -7.173669084488042, 0.9703713792525112, -5.812833564230447, -3.8367674297880643, 0.007323832807029073, -5.272431191676045, -0.0958206827339818]"
33,0.2,0.003,0.001,allowed_drift,1,2026093931,0.026965025258932674,162,160,extended,True,1,314.69919261981596,False,0,160,7706.570325034306,,"[1.0499840241161174, -5.768290012002548, 6.764311939703537, -7.884839875960825, 0.9700778064986828, -5.813809007141727, -3.800559160764149, 0.007462638629197229, -5.270474737436887, -0.07625805239837409]"
33,0.2,0.003,0.001,allowed_drift,1,2026093931,0.026965025258932674,162,160,extended,True,2,314.4439319944508,False,0,160,2496.917979662645,link_l,"[1.0500040644696147, -5.771368385445538, 6.763249655969997, -7.030271061493817, 0.9704437739423822, -5.812830600141886, -3.844587937567416, 0.0072923585169986935, -5.272859257368332, -0.09999949162734384]"
34,0.2,0.003,0.001,extra_link,0,2026093968,0.026965025258932674,162,160,unchanged,False,0,80868.54468652638,True,2,52,2.0407419247742786,log_gr,"[1.05450474630694, -5.766016146424549, 6.534560656513684, -9.21034037197618, 0.9733179908662771, -5.29497728252486, -3.7313485493439]"
34,0.2,0.003,0.001,extra_link,0,2026093968,0.026965025258932674,162,160,unchanged,False,1,80868.54468652952,True,2,119,14.21865397155445,log_gr,"[1.0545047377448358, -5.766016147208288, 6.534561075272337, -9.21034037197618, 0.973317990912797, -5.294977281222164, -3.7313485511602105]"
34,0.2,0.003,0.001,extra_link,0,2026093968,0.026965025258932674,162,160,unchanged,False,2,15248244.204914432,True,2,139,144.15358675478143,log_gb;remote_sq;omega_d,"[1.1491129301217544, -9.21034037197618, 4.0000000000001235, -3.1157331564758373, 1.0999999999998198, -4.147796775986628, -2.702161896938218]"
34,0.2,0.003,0.001,extra_link,0,2026093968,0.026965025258932674,162,160,drift_aware,False,0,325.50284833248185,True,3,63,0.24060940985071355,,"[1.0495232524250437, -5.843750330360857, 6.788666110191372, -4.380543638662668, 0.9694836078555176, -5.809755614729625, -3.735363127786946, 0.007620344221389565, -5.3178070140111195]"
34,0.2,0.003,0.001,extra_link,0,2026093968,0.026965025258932674,162,160,drift_aware,False,1,325.5028483322605,True,2,153,0.011722503648467032,,"[1.0495232523708933, -5.843750520624872, 6.788666112629942, -4.380541282033181, 0.9694836077374865, -5.809755585546469, -3.7353631278032053, 0.007620344454210333, -5.3178071447741075]"
34,0.2,0.003,0.001,extra_link,0,2026093968,0.026965025258932674,162,160,drift_aware,False,2,325.50284833291056,True,2,105,0.0003505473181137002,,"[1.0495232526363698, -5.843750848607741, 6.788666097624111, -4.380537230576378, 0.9694836075288809, -5.8097555437346315, -3.7353631277389994, 0.007620344867109899, -5.317807364844834]"
34,0.2,0.003,0.001,extra_link,0,2026093968,0.026965025258932674,162,160,extended,True,0,325.40602341233074,False,0,160,3403.263930897936,,"[1.0494930999975332, -5.810793071578785, 6.790344189820378, -4.915270616962485, 0.9695407706352936, -5.809718786099588, -3.6904828330232062, 0.00780730671475293, -5.298237092061009, 0.02561449413003615]"
34,0.2,0.003,0.001,extra_link,0,2026093968,0.026965025258932674,162,160,extended,True,1,327.61529862703907,False,0,160,4427.841773018352,,"[1.049606558932811, -5.766636504361546, 6.784318212338284, -9.177521414945941, 0.9701209849397812, -5.8104252501473495, -3.8916143026071377, 0.007003633776796629, -5.270823227292448, -0.08488916602836809]"
34,0.2,0.003,0.001,extra_link,0,2026093968,0.026965025258932674,162,160,extended,True,2,327.6016152702534,True,2,152,0.0005614274256483938,log_gr,"[1.0496066767799193, -5.766616546419593, 6.784311924380233, -9.21034037197618, 0.9701529333530396, -5.81015901104477, -3.8958111434086877, 0.006990435424217547, -5.270958555448113, -0.08708149980448363]"
34,0.2,0.003,0.001,extra_link,0,2026093968,0.026965025258932674,162,160,extended,True,profile_restart,325.0464302784326,True,2,146,0.0007999798979828997,link_l,"[1.049421892356561, -5.794133806980662, 6.7941749556027204, -5.371026713188355, 0.9703641659061747, -5.8098816055578455, -3.565492196016712, 0.00834411710490708, -5.288276563932331, 0.09999999999521667]"
35,0.2,0.003,0.001,extra_link,1,2026094005,0.026965025258932674,162,160,unchanged,False,0,80981.94609493618,True,2,54,3.5971358619116387,log_gr,"[1.0551663227660546, -5.7659105713999805, 6.502493899383931, -9.21034037197618, 0.9733189757249905, -5.295537737161941, -3.7310992618990864]"
35,0.2,0.003,0.001,extra_link,1,2026094005,0.026965025258932674,162,160,unchanged,False,1,80981.94609505693,True,2,84,12.087683313071343,log_gr,"[1.055166286395176, -5.765910570820732, 6.50249565687049, -9.21034037197618, 0.9733189756746647, -5.295537722941731, -3.7310992751838583]"
35,0.2,0.003,0.001,extra_link,1,2026094005,0.026965025258932674,162,160,unchanged,False,2,15250825.193096712,True,2,153,123.6934906656992,log_gb;remote_sq;omega_d,"[1.1491149655720867, -9.21034037197618, 4.000000000000142, -3.1156245435429146, 1.099999999999072, -4.148579466518905, -2.70214436302879]"
35,0.2,0.003,0.001,extra_link,1,2026094005,0.026965025258932674,162,160,drift_aware,False,0,320.88262578687653,True,2,65,0.0005756797240806617,,"[1.0501771315820967, -5.878858234608399, 6.753933593879137, -4.035938643764416, 0.96944901747745, -5.814455582607428, -3.7351589994585335, 0.007691388029103217, -5.335891571651194]"
35,0.2,0.003,0.001,extra_link,1,2026094005,0.026965025258932674,162,160,drift_aware,False,1,320.8826257874374,True,2,147,0.03213451717877941,,"[1.0501771313743309, -5.878858670423554, 6.753933603378237, -4.035934994801314, 0.9694490172120361, -5.814455521766515, -3.7351589995509347, 0.007691388552346852, -5.335891863404629]"
35,0.2,0.003,0.001,extra_link,1,2026094005,0.026965025258932674,162,160,drift_aware,False,2,320.8826257869877,True,2,109,0.0009070368009722513,,"[1.0501771314982553, -5.878858297663313, 6.753933598093377, -4.035938114914914, 0.969449017438939, -5.814455574967182, -3.7351589994939296, 0.007691388104707227, -5.335891613120119]"
35,0.2,0.003,0.001,extra_link,1,2026094005,0.026965025258932674,162,160,extended,True,0,318.20128899876573,False,0,160,70.4784582661196,,"[1.0500957127685668, -5.807421884692661, 6.758409255051806, -5.000018973873109, 0.9698349133266515, -5.813888247148319, -3.6202831267345434, 0.008185543476602582, -5.294215564635909, 0.06632771006324277]"
35,0.2,0.003,0.001,extra_link,1,2026094005,0.026965025258932674,162,160,extended,True,1,322.27852848874096,False,0,160,0.0002937960688637591,log_gr;link_l,"[1.0503038123608013, -5.766509385672235, 6.747453126493161, -9.210340371976171, 0.9703517614839573, -5.817771280772366, -3.9217011100452766, 0.006930134475592394, -5.266755415450107, -0.09999999972400832]"
35,0.2,0.003,0.001,extra_link,1,2026094005,0.026965025258932674,162,160,extended,True,2,322.2785284437425,True,4,90,0.0005018155738567111,log_gr;link_l,"[1.050303811450629, -5.766509385662792, 6.747453174450009, -9.210340371976114, 0.9703517614798759, -5.817771282744, -3.92170110931602, 0.006930134484926255, -5.26675541410355, -0.09999999999992426]"
36,0.2,0.009,0.0001,zero_drift,0,2026094042,0.0026965025258932677,162,160,unchanged,True,0,300.9787936058347,True,2,57,0.4157009042540721,,"[1.0500605247951917, -5.814579951469402, 6.760193073547056, -4.845895711753252, 0.9695853305185851, -4.710439261309568, -3.6651650008186256]"
36,0.2,0.009,0.0001,zero_drift,0,2026094042,0.0026965025258932677,162,160,unchanged,True,1,300.9838435594965,False,0,160,14297.924244622565,,"[1.0500605771482132, -5.814515789165327, 6.760190403951164, -4.847165934024672, 0.9695853328464592, -4.710439428385013, -3.6651649753425772]"
36,0.2,0.009,0.0001,zero_drift,0,2026094042,0.0026965025258932677,162,160,unchanged,True,2,300.9787936060344,True,2,149,0.00925471179211869,,"[1.050060524834625, -5.814579964065516, 6.7601930714409635, -4.8458954593251535, 0.9695853305181766, -4.71043926129413, -3.665165000806963]"
36,0.2,0.009,0.0001,zero_drift,0,2026094042,0.0026965025258932677,162,160,drift_aware,True,0,299.1749930924631,True,4,65,0.008857263906517443,,"[1.0500615370709205, -5.818092304633191, 6.760133559188533, -4.7778504391266425, 0.9695824862735815, -4.710291370607082, -3.6651610795009573, 5.651910570660155e-06, -5.818562675871342]"
36,0.2,0.009,0.0001,zero_drift,0,2026094042,0.0026965025258932677,162,160,drift_aware,True,1,307.5329708522293,False,0,160,210997.86712568658,,"[1.0500669886312974, -5.8082404905065435, 6.759860470714274, -4.98234062602193, 0.9695874788846559, -4.710312438506415, -3.6651589828906475, -3.81810645395051e-06, -5.808657612091723]"
36,0.2,0.009,0.0001,zero_drift,0,2026094042,0.0026965025258932677,162,160,drift_aware,True,2,350.3493272471935,False,0,160,59494.838093892446,,"[1.0500743162120627, -5.792461877987427, 6.75949100794189, -5.442469288241106, 0.9695955786612983, -4.7103439802536595, -3.6651562088136203, -1.918539257381568e-05, -5.792800816320463]"
36,0.2,0.009,0.0001,zero_drift,0,2026094042,0.0026965025258932677,162,160,extended,True,0,299.22225087752565,False,0,160,5834.19592952906,,"[1.0500657629516787, -5.816970061424354, 6.759911836533729, -4.799148514516602, 0.969585201928487, -4.710297679426189, -3.674843059801291, -3.6638249105591044e-05, -5.817382103353522, -0.005618235858954246]"
36,0.2,0.009,0.0001,zero_drift,0,2026094042,0.0026965025258932677,162,160,extended,True,1,307.4194062110936,False,0,160,102503.92084168835,,"[1.050109215514929, -5.8262629945135345, 6.757596556196562, -4.6369485301754745, 0.9698170127982064, -4.7103436636412255, -3.7553756870713597, -0.0003847183637058329, -5.82622204761602, -0.05133062632113265]"
36,0.2,0.009,0.0001,zero_drift,0,2026094042,0.0026965025258932677,162,160,extended,True,2,301.2819542489254,False,0,160,408938.43969009386,,"[1.050079890374993, -5.8167704588404545, 6.7591647030758635, -4.803229480164463, 0.9696469782008215, -4.710313637767027, -3.7130651680893614, -0.00019736067815061847, -5.81697013135722, -0.027540428483949317]"
37,0.2,0.009,0.0001,zero_drift,1,2026094079,0.0026965025258932677,162,160,unchanged,True,0,292.7442084096823,True,2,56,0.02298723314559999,,"[1.0500033135595597, -5.811538796871477, 6.7632233092089775, -4.90760015278642, 0.9695856806555272, -4.710508174642773, -3.6651837723250535]"
37,0.2,0.009,0.0001,zero_drift,1,2026094079,0.0026965025258932677,162,160,unchanged,True,1,296.2340268728171,False,0,160,334348.10229008645,,"[1.0500052441630927, -5.809043449866906, 6.76312459244417, -4.962192441866631, 0.9695857712978612, -4.71051464798879, -3.6651828250474403]"
37,0.2,0.009,0.0001,zero_drift,1,2026094079,0.0026965025258932677,162,160,unchanged,True,2,292.74420841138254,True,2,147,0.04052320479896682,,"[1.0500033134808122, -5.811538871774036, 6.763223313271289, -4.907598544362762, 0.9695856806527863, -4.710508174441103, -3.665183772360512]"
37,0.2,0.009,0.0001,zero_drift,1,2026094079,0.0026965025258932677,162,160,drift_aware,True,0,290.70054409744085,True,2,49,0.05622748946172678,,"[1.049997691595364, -5.814343199387103, 6.763516686873739, -4.849159185874126, 0.9695833355185652, -4.71079706024384, -3.66519275258386, 4.375772087626098e-06, -5.8134538030177625]"
37,0.2,0.009,0.0001,zero_drift,1,2026094079,0.0026965025258932677,162,160,drift_aware,True,1,306.34021215614416,False,0,160,240026.8995894022,,"[1.0500048930094985, -5.800670014828936, 6.7631541593625935, -5.174317536151174, 0.9695903014833989, -4.710826066123864, -3.6651900204607157, -8.838869297178719e-06, -5.799726107498591]"
37,0.2,0.009,0.0001,zero_drift,1,2026094079,0.0026965025258932677,162,160,drift_aware,True,2,293.7102718115085,False,0,160,129016.22791961537,,"[1.0500011582914186, -5.808454479736084, 6.763341922931011, -4.975925506355936, 0.9695863240223709, -4.710809504141928, -3.6651914320372594, -1.2924638717079292e-06, -5.807541949105517]"
37,0.2,0.009,0.0001,zero_drift,1,2026094079,0.0026965025258932677,162,160,extended,True,0,296.7249753535324,True,2,138,0.3912825251456402,,"[1.0500253354389146, -5.829460557274224, 6.762024816111757, -4.58515537349576, 0.9696927404760051, -4.710828948444602, -3.726881632274747, -0.00026054115611191423, -5.8282046655257815, -0.03536502457002829]"
37,0.2,0.009,0.0001,zero_drift,1,2026094079,0.0026965025258932677,162,160,extended,True,1,296.91807979616334,False,0,160,99902.3226100609,,"[1.0500299552330572, -5.829040211820625, 6.76178105000832, -4.591673559663889, 0.9697250223129735, -4.710836891318874, -3.7352838271485336, -0.0002975649066089524, -5.8277302830867415, -0.04009985212841991]"
37,0.2,0.009,0.0001,zero_drift,1,2026094079,0.0026965025258932677,162,160,extended,True,2,296.7310686451114,False,0,160,14273.201133941155,,"[1.0500261900271999, -5.829468115273118, 6.761979547099869, -4.58505546714541, 0.9696981042290965, -4.710830416132218, -3.7283406326859954, -0.00026704960789667093, -5.828202578228888, -0.03618859106349155]"
38,0.2,0.009,0.0001,allowed_drift,0,2026094116,0.0026965025258932677,162,160,unchanged,False,0,6964207.071581857,True,2,52,221.43085841682512,log_gr,"[1.0548184500573228, -5.766312320876232, 6.519216739872092, -9.21034037197618, 0.9735438885846479, -4.499794056650749, -3.6581646241795114]"
38,0.2,0.009,0.0001,allowed_drift,0,2026094116,0.0026965025258932677,162,160,unchanged,False,1,6964207.071577061,True,2,107,9.173285212434113,log_gr,"[1.0548184738840443, -5.7663123210495, 6.519215581197495, -9.21034037197618, 0.9735438887207561, -4.499794067040187, -3.658164616407124]"
38,0.2,0.009,0.0001,allowed_drift,0,2026094116,0.0026965025258932677,162,160,unchanged,False,2,6964207.071576921,True,2,66,33.682369931344105,log_gr,"[1.0548184745198264, -5.766312320914167, 6.519215550267408, -9.210340371974173, 0.973543888694027, -4.499794067019986, -3.6581646163675168]"
38,0.2,0.009,0.0001,allowed_drift,0,2026094116,0.0026965025258932677,162,160,drift_aware,True,0,310.75076588438753,True,2,80,0.01659390669245953,,"[1.0500807487021737, -5.821158697454818, 6.759111353942602, -4.722620982871104, 0.9695805955917817, -4.710233793730966, -3.6651500029153974, 0.008010055087783982, -5.3061285852122895]"
38,0.2,0.009,0.0001,allowed_drift,0,2026094116,0.0026965025258932677,162,160,drift_aware,True,1,311.9784512809459,False,0,160,85930.55779623929,,"[1.0500813768727733, -5.8169434148339585, 6.759085464228143, -4.799926337109696, 0.969582448367086, -4.710291450756602, -3.6651498338080377, 0.008006528983575413, -5.3034936408365265]"
38,0.2,0.009,0.0001,allowed_drift,0,2026094116,0.0026965025258932677,162,160,drift_aware,True,2,310.75076589192173,True,2,109,0.14722901302735378,,"[1.0500807486841985, -5.8211589800630135, 6.759111354384123, -4.722615998701141, 0.9695805954678512, -4.710233789876659, -3.66515000291895, 0.008010055323750839, -5.306128761742412]"
38,0.2,0.009,0.0001,allowed_drift,0,2026094116,0.0026965025258932677,162,160,extended,True,0,310.75377705080655,False,0,160,232.8103857705574,,"[1.0500837472126894, -5.820971354929646, 6.758953070828885, -4.725985019335744, 0.969582320108599, -4.710239430811692, -3.6727924209273777, 0.007976503665970068, -5.305987114532603, -0.004436060830454124]"
38,0.2,0.009,0.0001,allowed_drift,0,2026094116,0.0026965025258932677,162,160,extended,True,1,312.7286313969678,False,0,160,31427.847761790967,,"[1.0501106938402547, -5.821034782670573, 6.757527876041403, -4.725353143024784, 0.9697518283491219, -4.710267901931281, -3.7423724898673414, 0.007678174037012499, -5.305800241373516, -0.04407246511081934]"
38,0.2,0.009,0.0001,allowed_drift,0,2026094116,0.0026965025258932677,162,160,extended,True,2,311.7059283440269,False,0,160,30921.775584896273,,"[1.050101724630984, -5.821593559283931, 6.75800113093106, -4.71533885213152, 0.9696642432720044, -4.710260232244821, -3.718841055106874, 0.0077777057144806415, -5.306207611063782, -0.03081802042401936]"
39,0.2,0.009,0.0001,allowed_drift,1,2026094153,0.0026965025258932677,162,160,unchanged,False,0,6962778.246650589,True,2,51,190.18945170313742,log_gr,"[1.0548214847155268, -5.766314341336308, 6.519071438831261, -9.21034037197618, 0.9735442525951898, -4.49974424363404, -3.6581708913817375]"
39,0.2,0.009,0.0001,allowed_drift,1,2026094153,0.0026965025258932677,162,160,unchanged,False,1,6962778.246651062,True,2,120,36.622263575741314,log_gr,"[1.0548214819279598, -5.766314341234577, 6.51907157440526, -9.21034037197618, 0.97354425263131, -4.499744244812254, -3.658170892852482]"
39,0.2,0.009,0.0001,allowed_drift,1,2026094153,0.0026965025258932677,162,160,unchanged,False,2,6962778.246650633,True,2,66,5.385798621050473,log_gr,"[1.05482148475304, -5.766314341224641, 6.51907143702472, -9.21034037197618, 0.9735442526237609, -4.499744245934946, -3.658170892043877]"
39,0.2,0.009,0.0001,allowed_drift,1,2026094153,0.0026965025258932677,162,160,drift_aware,True,0,343.4453865678079,True,2,88,0.007838839530699228,,"[1.0500806998643961, -5.811736462295692, 6.759132122034123, -4.905326626372804, 0.9695858154599756, -4.710573176105589, -3.665163793844504, 0.00800055139137135, -5.299725047753874]"
39,0.2,0.009,0.0001,allowed_drift,1,2026094153,0.0026965025258932677,162,160,drift_aware,True,1,343.4495014929414,False,0,160,3177.249819157989,,"[1.0500807355400947, -5.8114840671507135, 6.759130616724394, -4.910731483417776, 0.9695859272479409, -4.710576637427568, -3.665163785489161, 0.008000338606783472, -5.299566945900728]"
39,0.2,0.009,0.0001,allowed_drift,1,2026094153,0.0026965025258932677,162,160,drift_aware,True,2,343.4453865673926,True,2,78,0.010955188530289043,,"[1.050080699885908, -5.811736487527682, 6.75913212085784, -4.905326087531948, 0.9695858154487108, -4.71057317585406, -3.665163793839082, 0.00800055141288512, -5.299725063397407]"
39,0.2,0.009,0.0001,allowed_drift,1,2026094153,0.0026965025258932677,162,160,extended,True,0,341.88134172729815,True,2,89,0.005984750040326068,,"[1.0500886955838964, -5.803421347672323, 6.758720692447677, -5.102022411395639, 0.969601324248511, -4.710558934194426, -3.68920361943786, 0.007898772276405874, -5.294691722660018, -0.013898408966170025]"
39,0.2,0.009,0.0001,allowed_drift,1,2026094153,0.0026965025258932677,162,160,extended,True,1,350.9855383564214,False,0,160,27504.271474229394,,"[1.0501059991429502, -5.81985581844121, 6.757780747504862, -4.746371821848821, 0.9697230924060367, -4.71046826519216, -3.735351814614402, 0.007707189630696187, -5.304618900066281, -0.04012627191718772]"
39,0.2,0.009,0.0001,allowed_drift,1,2026094153,0.0026965025258932677,162,160,extended,True,2,350.5073572428009,False,0,160,183008.64001622138,,"[1.0501036302583542, -5.81862303878601, 6.757908160662598, -4.768860506289855, 0.9697020467839504, -4.710458476085816, -3.7299668495603786, 0.007730667235950798, -5.303911730147471, -0.03709647262092926]"
40,0.2,0.009,0.0001,extra_link,0,2026094190,0.0026965025258932677,162,160,unchanged,False,0,6977937.0560150305,True,2,55,386.4926068079701,log_gr,"[1.0550485073625087, -5.766298262654015, 6.508061299589764, -9.21034037197618, 0.9732490819508526, -4.5005656246789405, -3.7276166902030043]"
40,0.2,0.009,0.0001,extra_link,0,2026094190,0.0026965025258932677,162,160,unchanged,False,1,6977937.056002641,True,2,114,47.810095898830646,log_gr,"[1.055048584094668, -5.76629826334871, 6.508057583091824, -9.21034037197618, 0.9732490819917042, -4.500565655347474, -3.727616665794192]"
40,0.2,0.009,0.0001,extra_link,0,2026094190,0.0026965025258932677,162,160,unchanged,False,2,6977937.056012918,True,2,77,485.81472993136424,log_gr,"[1.0550485189561742, -5.766298263846228, 6.508060738098275, -9.210340371975946, 0.9732490820880366, -4.500565629926791, -3.727616685306732]"
40,0.2,0.009,0.0001,extra_link,0,2026094190,0.0026965025258932677,162,160,drift_aware,False,0,315.09480344928943,True,2,119,0.024986431075394732,,"[1.0501271889059633, -5.785819797673103, 6.756697908253826, -5.729047801711754, 0.9694433523720015, -4.710232558007883, -3.7351599258395023, 0.0077108788754535066, -5.284733920157117]"
40,0.2,0.009,0.0001,extra_link,0,2026094190,0.0026965025258932677,162,160,drift_aware,False,1,315.3825480598693,False,0,160,41590.853546735925,,"[1.0501273451297528, -5.783787882672937, 6.756690969706128, -5.83600865410713, 0.9694442163597472, -4.710259339132571, -3.7351599553980437, 0.007709238100854565, -5.28344987450419]"
40,0.2,0.009,0.0001,extra_link,0,2026094190,0.0026965025258932677,162,160,drift_aware,False,2,315.09480344873697,True,2,157,0.018121866016957023,,"[1.0501271887664598, -5.785820212598676, 6.756697915344502, -5.729027078057448, 0.9694433521954972, -4.71023255264042, -3.7351599258736012, 0.007710879210110551, -5.284734182030906]"
40,0.2,0.009,0.0001,extra_link,0,2026094190,0.0026965025258932677,162,160,extended,True,0,330.7233338860058,True,4,147,0.02178103953253723,,"[1.050186454072651, -5.837339496817433, 6.7534898693863, -4.475165684256314, 0.9700177831907577, -4.710374903765789, -3.8834989599178447, 0.007116967967319543, -5.315157872443116, -0.08031769408710415]"
40,0.2,0.009,0.0001,extra_link,0,2026094190,0.0026965025258932677,162,160,extended,True,1,330.8481398324384,False,0,160,66616.23487520909,,"[1.0501835371175874, -5.838333298802513, 6.753641615188889, -4.461768782170036, 0.9699588562111532, -4.710360709303138, -3.875405350710021, 0.0071482527413455395, -5.315789980203489, -0.07608424907599019]"
40,0.2,0.009,0.0001,extra_link,0,2026094190,0.0026965025258932677,162,160,extended,True,2,330.7233355034912,True,4,144,0.013262896347031254,,"[1.050186448595818, -5.8373412454657565, 6.753490154586823, -4.475141940218251, 0.970017672357885, -4.710374879706093, -3.8834840924697693, 0.007117025199619887, -5.3151589842583675, -0.08030993270607685]"
41,0.2,0.009,0.0001,extra_link,1,2026094227,0.0026965025258932677,162,160,unchanged,False,0,6978849.09380923,True,2,54,57.8115564861639,log_gr,"[1.0549614981698812, -5.766292567272422, 6.512282783552646, -9.21034037197618, 0.9732486239507122, -4.500531444266354, -3.7276425340648447]"
41,0.2,0.009,0.0001,extra_link,1,2026094227,0.0026965025258932677,162,160,unchanged,False,1,6978849.093825578,True,2,120,1230.3475183656335,log_gr,"[1.0549614274562862, -5.766292566182664, 6.512286212918904, -9.21034037197618, 0.973248623837224, -4.500531419462734, -3.7276425602850636]"
41,0.2,0.009,0.0001,extra_link,1,2026094227,0.0026965025258932677,162,160,unchanged,False,2,6978849.093812327,True,2,88,15.812709080596457,log_gr,"[1.0549614827651728, -5.766292567096764, 6.512283530818641, -9.210340371976159, 0.9732486239610595, -4.500531439844852, -3.7276425395263124]"
41,0.2,0.009,0.0001,extra_link,1,2026094227,0.0026965025258932677,162,160,drift_aware,False,0,280.35417143815584,True,2,66,0.14504978539024901,,"[1.050013224296448, -5.797967513790946, 6.762721736618423, -5.254970397869351, 0.9694370508701149, -4.710963376584556, -3.735218680739834, 0.00772101260359582, -5.290659444838861]"
41,0.2,0.009,0.0001,extra_link,1,2026094227,0.0026965025258932677,162,160,drift_aware,False,1,280.84258390139905,False,0,160,38366.19378422325,,"[1.0500134719737069, -5.795201113021434, 6.76271149569305, -5.343990514302677, 0.9694382121698002, -4.710999516580201, -3.735218681881999, 0.007718807834935151, -5.288921784983963]"
41,0.2,0.009,0.0001,extra_link,1,2026094227,0.0026965025258932677,162,160,drift_aware,False,2,280.3541714363112,True,2,76,0.004744585468020194,,"[1.0500132243410016, -5.79796744356973, 6.762721734334781, -5.254972559975404, 0.9694370508995988, -4.71096337749436, -3.7352186807264234, 0.007721012547793612, -5.290659400786267]"
41,0.2,0.009,0.0001,extra_link,1,2026094227,0.0026965025258932677,162,160,extended,True,0,275.5576540660291,False,0,160,11464.743913037877,,"[1.049992235051586, -5.811030670959619, 6.763816798593789, -4.9185538221758, 0.9695525484335428, -4.7109534093021885, -3.6725457180557983, 0.007977287175355244, -5.298662362438246, 0.03575998458102636]"
41,0.2,0.009,0.0001,extra_link,1,2026094227,0.0026965025258932677,162,160,extended,True,1,305.272049100547,False,0,160,0.0655957773913883,,"[1.0500559285317606, -5.83343863036804, 6.760402720147569, -4.52702345611605, 0.9697602809094393, -4.710981815507061, -3.8458422901253275, 0.007280301943115725, -5.31165329216966, -0.060508579322545775]"
41,0.2,0.009,0.0001,extra_link,1,2026094227,0.0026965025258932677,162,160,extended,True,2,305.76909951393134,False,0,160,6975.094969266699,,"[1.0500618774097918, -5.8319588598969325, 6.760091069411749, -4.548582688689986, 0.9698587618764402, -4.711011864589528, -3.8619408525430483, 0.0072170442320189515, -5.310684546666712, -0.06904442283207689]"
42,0.2,0.009,0.001,zero_drift,0,2026094264,0.026965025258932674,162,160,unchanged,True,0,320.44330869130533,True,3,51,0.9578183962327419,,"[1.0501280819020478, -5.8251584030178964, 6.756620881089946, -4.660633843601782, 0.9695868547760007, -4.709757724538498, -3.6651388000869756]"
42,0.2,0.009,0.001,zero_drift,0,2026094264,0.026965025258932674,162,160,unchanged,True,1,320.44330869390234,True,2,149,0.0003592041074862011,,"[1.0501280829262767, -5.825158080203039, 6.756620827627968, -4.6606391844005275, 0.9695868547876912, -4.709757725753133, -3.6651387997171754]"
42,0.2,0.009,0.001,zero_drift,0,2026094264,0.026965025258932674,162,160,unchanged,True,2,320.44330869426653,True,2,140,0.03501193233504794,,"[1.0501280830120114, -5.825158165474596, 6.7566208229398095, -4.660637775230881, 0.9695868547840817, -4.70975772558059, -3.665138799702952]"
42,0.2,0.009,0.001,zero_drift,0,2026094264,0.026965025258932674,162,160,drift_aware,True,0,318.88414555401613,True,2,68,0.005269519699239312,,"[1.050081973074936, -5.851450217613979, 6.758997880654007, -4.303538433382795, 0.9695654199043531, -4.712154489052675, -3.665213608626429, 4.0171483168520864e-05, -5.8438274362315825]"
42,0.2,0.009,0.001,zero_drift,0,2026094264,0.026965025258932674,162,160,drift_aware,True,1,318.8841455558527,True,2,147,0.05049962404122554,,"[1.0500819736973976, -5.851450073873781, 6.758997848110648, -4.303540057572274, 0.9695654199744691, -4.7121544894293494, -3.6652136084098776, 4.017135031012713e-05, -5.84382729319447]"
42,0.2,0.009,0.001,zero_drift,0,2026094264,0.026965025258932674,162,160,drift_aware,True,2,318.884145552391,True,2,118,0.0004619490967769122,,"[1.0500819724441572, -5.851450706341868, 6.758997912720773, -4.303532923396926, 0.9695654196657993, -4.712154488453579, -3.6652136088780303, 4.0171934690795633e-05, -5.843827921924052]"
42,0.2,0.009,0.001,zero_drift,0,2026094264,0.026965025258932674,162,160,extended,True,0,318.8848901018271,False,0,160,1121.5936213768157,,"[1.0500818592626195, -5.851862601887531, 6.759002807078351, -4.298882187609176, 0.9695652402378167, -4.712153769126738, -3.665340421086898, 3.991011914332447e-05, -5.844237777135693, -7.380076544369547e-05]"
42,0.2,0.009,0.001,zero_drift,0,2026094264,0.026965025258932674,162,160,extended,True,1,319.9658728267085,False,0,160,621.9040394775512,,"[1.0501266780697827, -5.814732674576654, 6.756712468820085, -4.850357799174496, 0.969757757894868, -4.712237387015085, -3.74464111610322, -0.00032172311572125874, -5.80683842021998, -0.04530356847927076]"
42,0.2,0.009,0.001,zero_drift,0,2026094264,0.026965025258932674,162,160,extended,True,2,319.2692514768954,False,0,160,5154.1390834147,,"[1.0501098987202009, -5.854316994661336, 6.757513378604525, -4.271960413439242, 0.9696000528254088, -4.712203094286291, -3.693714323499822, -0.00010550479364804946, -5.846425615654744, -0.01645962925978734]"
43,0.2,0.009,0.001,zero_drift,1,2026094301,0.026965025258932674,162,160,unchanged,True,0,301.05499548938576,True,2,45,0.0038399489570808062,,"[1.050050235196939, -5.792356382944408, 6.760745058004564, -5.4494926602419005, 0.9695948130250989, -4.710497187953064, -3.6651229527739253]"
43,0.2,0.009,0.001,zero_drift,1,2026094301,0.026965025258932674,162,160,unchanged,True,1,301.0549954905382,True,2,141,0.021849495171868707,,"[1.050050234785898, -5.792356765114015, 6.760745079438253, -5.449478291353201, 0.9695948130109155, -4.710497186918592, -3.665122952953084]"
43,0.2,0.009,0.001,zero_drift,1,2026094301,0.026965025258932674,162,160,unchanged,True,2,301.0549954883782,True,4,122,0.0008534449791428804,,"[1.0500502372052196, -5.792355767790044, 6.760744952223053, -5.44951580743997, 0.9695948130493026, -4.710497190060328, -3.665122952034713]"
43,0.2,0.009,0.001,zero_drift,1,2026094301,0.026965025258932674,162,160,drift_aware,True,0,299.06277497922457,False,0,160,52.299773376315684,,"[1.0500736391997376, -5.766927004780809, 6.7595198448226075, -8.876705306110686, 0.9696208458697687, -4.709763698804984, -3.6650986495284292, -5.068991708006912e-05, -5.768983505728325]"
43,0.2,0.009,0.001,zero_drift,1,2026094301,0.026965025258932674,162,160,drift_aware,True,1,299.0574409056268,True,2,127,0.00022696393272933837,log_gr,"[1.0500737691741966, -5.7666881791036575, 6.759512974115655, -9.210340371974953, 0.9696209726899017, -4.709764176995636, -3.6650986078260606, -5.0930564974982964e-05, -5.768743136236607]"
43,0.2,0.009,0.001,zero_drift,1,2026094301,0.026965025258932674,162,160,drift_aware,True,2,299.07404963425563,False,0,160,51.7426238378752,,"[1.050073372290231, -5.7674196150997075, 6.7595339476514, -8.416691489446757, 0.9696205843827334, -4.709762714991385, -3.6650987353205067, -5.0193734184039185e-05, -5.769479295759219]"
43,0.2,0.009,0.001,zero_drift,1,2026094301,0.026965025258932674,162,160,extended,True,0,298.98844129985696,False,0,160,135.4037110356497,,"[1.0500757686471764, -5.767044236073186, 6.759407176240658, -8.746007846703238, 0.9696286557254082, -4.709772796984163, -3.6572280611013177, -2.7692719692760392e-05, -5.769107956258452, 0.004585208035675758]"
43,0.2,0.009,0.001,zero_drift,1,2026094301,0.026965025258932674,162,160,extended,True,1,300.4522079913148,True,2,153,0.0014610812092967498,link_l,"[1.0501581101409578, -5.839201706201167, 6.754965969015434, -4.451099135290879, 0.9705093085766973, -4.709933310572247, -3.8447144554914208, -0.0008134128590280695, -5.840323503207414, -0.09999999999510002]"
43,0.2,0.009,0.001,zero_drift,1,2026094301,0.026965025258932674,162,160,extended,True,2,300.45220799299966,True,2,105,0.00026316644791706645,link_l,"[1.050158109457624, -5.839201663455687, 6.75496600521209, -4.451099686368978, 0.9705093084920384, -4.7099333085809025, -3.8447144540618723, -0.0008134126994733888, -5.84032346548167, -0.09999999974962293]"
44,0.2,0.009,0.001,allowed_drift,0,2026094338,0.026965025258932674,162,160,unchanged,False,0,69393.35141712711,True,2,56,7.23949054641222,log_gr,"[1.055141055768651, -5.766206783443623, 6.503605653304367, -9.21034037197618, 0.9735408377820669, -4.500032025236507, -3.6580363100987436]"
44,0.2,0.009,0.001,allowed_drift,0,2026094338,0.026965025258932674,162,160,unchanged,False,1,69393.35141715257,True,2,114,0.30689446094947315,log_gr,"[1.0551410343024998, -5.766206782354595, 6.503606691324608, -9.21034037197618, 0.973540837803433, -4.500032025536325, -3.6580363205357362]"
44,0.2,0.009,0.001,allowed_drift,0,2026094338,0.026965025258932674,162,160,unchanged,False,2,69393.35141712378,True,2,66,1.1616293607916817,log_gr,"[1.0551410567385353, -5.766206782579651, 6.503605606365458, -9.21034037197618, 0.9735408377535754, -4.500032032219243, -3.658036313146395]"
44,0.2,0.009,0.001,allowed_drift,0,2026094338,0.026965025258932674,162,160,drift_aware,True,0,327.44061411429857,True,2,91,0.0007329869020095015,,"[1.0504349760219591, -5.8248534583461655, 6.740462734325336, -4.66409804557352, 0.9695938943126394, -4.709779362851045, -3.66499311140726, 0.00797762716898457, -5.309500584722349]"
44,0.2,0.009,0.001,allowed_drift,0,2026094338,0.026965025258932674,162,160,drift_aware,True,1,327.44061411472427,True,2,135,0.024754280056915996,,"[1.0504349768929808, -5.824853807034453, 6.740462687880133, -4.664092317299855, 0.9695938941604587, -4.709779358415099, -3.6649931111134855, 0.007977627463442428, -5.309500802419448]"
44,0.2,0.009,0.001,allowed_drift,0,2026094338,0.026965025258932674,162,160,drift_aware,True,2,327.44061411383126,True,2,120,0.009553103885698997,,"[1.0504349749799546, -5.82485434896705, 6.740462787405227, -4.664083361614379, 0.9695938939210668, -4.709779350676353, -3.664993111760812, 0.007977627910080103, -5.309501140375968]"
44,0.2,0.009,0.001,allowed_drift,0,2026094338,0.026965025258932674,162,160,extended,True,0,327.19637776044584,True,2,104,0.30919819679496835,,"[1.0504627976842038, -5.851447631188269, 6.738940189485946, -4.305463152694395, 0.969679034951322, -4.709950839747122, -3.717176054861912, 0.00773756431923936, -5.324884701260572, -0.029867587301990572]"
44,0.2,0.009,0.001,allowed_drift,0,2026094338,0.026965025258932674,162,160,extended,True,1,327.2387215127705,False,0,160,742.8568149688234,,"[1.0504935706750018, -5.826815281600269, 6.737380712306102, -4.633399445485732, 0.970128918067675, -4.710057277091692, -3.8025680956512193, 0.0073779427930187515, -5.309827300323494, -0.07713303147600375]"
44,0.2,0.009,0.001,allowed_drift,0,2026094338,0.026965025258932674,162,160,extended,True,2,327.2078871858324,False,0,160,978.5857443026543,,"[1.0504663158901393, -5.843887253554618, 6.7387746007346285, -4.394243019417842, 0.969711959117429, -4.710000439197499, -3.7269024186030033, 0.007693739290358273, -5.320285853579376, -0.03535135215176338]"
45,0.2,0.009,0.001,allowed_drift,1,2026094375,0.026965025258932674,162,160,unchanged,False,0,70499.46825431881,True,2,45,2.1043935148982587,log_gr,"[1.055231423500133, -5.766223395506989, 6.499210617530211, -9.21034037197618, 0.9735467735499044, -4.500002262639452, -3.658014741715758]"
45,0.2,0.009,0.001,allowed_drift,1,2026094375,0.026965025258932674,162,160,unchanged,False,1,70499.46825404523,True,2,107,2.0890366936508067,log_gr,"[1.055231601135145, -5.766223397603033, 6.49920204108795, -9.21034037197618, 0.9735467737328842, -4.500002322603288, -3.658014680502463]"
45,0.2,0.009,0.001,allowed_drift,1,2026094375,0.026965025258932674,162,160,unchanged,False,2,70499.46825432849,True,2,73,0.1687829839663501,log_gr,"[1.055231419581686, -5.766223395591828, 6.499210806737612, -9.21034037197618, 0.9735467736903217, -4.500002262316442, -3.658014742626343]"
45,0.2,0.009,0.001,allowed_drift,1,2026094375,0.026965025258932674,162,160,drift_aware,True,0,286.6927703357311,True,2,107,0.011763514971644422,,"[1.0505177091762417, -5.8487104986978675, 6.736030050121763, -4.337849400777724, 0.9695511398392417, -4.710074233615167, -3.6650009851178273, 0.008075805161637556, -5.323427635235655]"
45,0.2,0.009,0.001,allowed_drift,1,2026094375,0.026965025258932674,162,160,drift_aware,True,1,286.6927703367318,True,2,152,0.08599298979603853,,"[1.050517709210774, -5.8487095199950385, 6.736030050822491, -4.337860731681493, 0.9695511402580208, -4.7100742463320735, -3.6650009850865737, 0.008075804364875514, -5.323427030635953]"
45,0.2,0.009,0.001,allowed_drift,1,2026094375,0.026965025258932674,162,160,drift_aware,True,2,286.69277033583853,True,2,129,0.12775194164565354,,"[1.0505177091078692, -5.8487104599040345, 6.736030053810691, -4.337849838404305, 0.96955113985535, -4.710074233934441, -3.665000985138824, 0.008075805131042705, -5.323427611608662]"
45,0.2,0.009,0.001,allowed_drift,1,2026094375,0.026965025258932674,162,160,extended,True,0,286.3273303208954,True,2,90,0.6935230102372953,,"[1.050539587375248, -5.784938495432133, 6.734986561381399, -5.777097284714773, 0.9697467292551037, -4.709947182436368, -3.7494668313157065, 0.007729777835711479, -5.285118205218117, -0.04793980996291994]"
45,0.2,0.009,0.001,allowed_drift,1,2026094375,0.026965025258932674,162,160,extended,True,1,286.33839769689234,False,0,160,793.7777851801621,,"[1.0505432970934159, -5.790379704290054, 6.734787929173434, -5.528238986659646, 0.9697929295307902, -4.70993153457477, -3.7588218427934, 0.007690877528095194, -5.288424211053456, -0.05312896780532254]"
45,0.2,0.009,0.001,allowed_drift,1,2026094375,0.026965025258932674,162,160,extended,True,2,286.327330280811,False,0,160,3.2297091063505325,,"[1.050539592612001, -5.784948308204022, 6.734986280284313, -5.776585831753069, 0.9697468086360035, -4.709947120988769, -3.7494839923773235, 0.0077297086538105205, -5.285124231469366, -0.04794935118739882]"
46,0.2,0.009,0.001,extra_link,0,2026094412,0.026965025258932674,162,160,unchanged,False,0,70070.79187423213,True,2,57,3.352240481925942,log_gr,"[1.055177749055498, -5.76643229875395, 6.501772985259411, -9.21034037197618, 0.9732504578286495, -4.499849314898723, -3.7275930590490747]"
46,0.2,0.009,0.001,extra_link,0,2026094412,0.026965025258932674,162,160,unchanged,False,1,70070.79187413372,True,2,117,3.609434939850004,log_gr,"[1.0551777783634178, -5.766432300062055, 6.501771569055627, -9.21034037197618, 0.9732504579508882, -4.499849325864546, -3.727593048438288]"
46,0.2,0.009,0.001,extra_link,0,2026094412,0.026965025258932674,162,160,unchanged,False,2,70070.79187415716,True,2,75,2.9400064185089456,log_gr,"[1.0551777709794987, -5.766432299693364, 6.501771925861848, -9.21034037197618, 0.9732504579268505, -4.499849324724662, -3.727593051388382]"
46,0.2,0.009,0.001,extra_link,0,2026094412,0.026965025258932674,162,160,drift_aware,False,0,302.2315494251402,True,2,50,0.0034643483214855495,,"[1.0501897996961311, -5.840457215825562, 6.753268431230074, -4.435880942632432, 0.9694207072669193, -4.712576863881833, -3.735267545073268, 0.007753501781979089, -5.311408346882237]"
46,0.2,0.009,0.001,extra_link,0,2026094412,0.026965025258932674,162,160,drift_aware,False,1,302.70308727235164,False,0,160,3512.971891647354,,"[1.0501915571267064, -5.812428515141715, 6.753230250513415, -4.8948461217982056, 0.9694321398544206, -4.712933979086965, -3.7352671261721477, 0.007731799394563365, -5.294095744545228]"
46,0.2,0.009,0.001,extra_link,0,2026094412,0.026965025258932674,162,160,drift_aware,False,2,302.23154942376607,True,2,117,0.005033331368339272,,"[1.0501897989536202, -5.840460209785587, 6.753268463385134, -4.435842129727812, 0.9694207060621203, -4.712576826534735, -3.7352675453481803, 0.007753504065288362, -5.3114101853337]"
46,0.2,0.009,0.001,extra_link,0,2026094412,0.026965025258932674,162,160,extended,True,0,302.21943546992844,False,0,160,18.75375974780062,,"[1.050181795404867, -5.8346010852230465, 6.753704343333705, -4.514902320587081, 0.9694310773651779, -4.712564272860809, -3.715819385528378, 0.007834584884421847, -5.30801831819933, 0.010962293018730428]"
46,0.2,0.009,0.001,extra_link,0,2026094412,0.026965025258932674,162,160,extended,True,1,302.5938541905454,False,0,160,55.56313227591612,,"[1.0502232753219654, -5.8168654337358685, 6.751549079714331, -4.8066388374253854, 0.9696592017755742, -4.7127828842100845, -3.828975748805898, 0.00736960649465812, -5.296805019352849, -0.051384686830155755]"
46,0.2,0.009,0.001,extra_link,0,2026094412,0.026965025258932674,162,160,extended,True,2,302.4728674519639,False,0,160,377.9890565981147,,"[1.050210051988267, -5.831399100787324, 6.752219560020408, -4.561681172613674, 0.969487735391331, -4.712848887134107, -3.7816565507326523, 0.007548905644253206, -5.3054316535804595, -0.02573080636745171]"
47,0.2,0.009,0.001,extra_link,1,2026094449,0.026965025258932674,162,160,unchanged,False,0,69436.164309123,True,2,53,4.327636876602195,log_gr,"[1.0536548698793793, -5.7665574378055835, 6.57632054062795, -9.21034037197618, 0.973245985106821, -4.500566845658781, -3.728156201030619]"
47,0.2,0.009,0.001,extra_link,1,2026094449,0.026965025258932674,162,160,unchanged,False,1,69436.1643091213,True,2,122,0.2955234467941621,log_gr,"[1.05365485593477, -5.7665574370952895, 6.576321232752039, -9.21034037197618, 0.9732459852396256, -4.50056684536559, -3.7281562074078507]"
47,0.2,0.009,0.001,extra_link,1,2026094449,0.026965025258932674,162,160,unchanged,False,2,69436.16430912244,True,2,76,0.8386314159501492,log_gr,"[1.0536548459558743, -5.766557436902788, 6.5763217279767, -9.21034037197618, 0.9732459852106103, -4.500566842006254, -3.7281562110964197]"
47,0.2,0.009,0.001,extra_link,1,2026094449,0.026965025258932674,162,160,drift_aware,False,0,299.1607359332993,True,3,47,5.490247613880424,,"[1.048619433690961, -5.800466808714671, 6.837413048314002, -5.163720540534839, 0.9694562843884522, -4.710073309004292, -3.735712215290074, 0.007672856207769823, -5.293861744376112]"
47,0.2,0.009,0.001,extra_link,1,2026094449,0.026965025258932674,162,160,drift_aware,False,1,299.1610490468045,False,0,160,161.03672263374042,,"[1.0486195546282597, -5.799797105799869, 6.837407275124231, -5.183133593007114, 0.969456561310518, -4.710081862809876, -3.7357121930956043, 0.007672331057203435, -5.2934413281368355]"
47,0.2,0.009,0.001,extra_link,1,2026094449,0.026965025258932674,162,160,drift_aware,False,2,299.1607360087468,True,3,76,0.000364125655612351,,"[1.0486194889659113, -5.800464426907341, 6.837410048258868, -5.163790012402576, 0.9694562854607521, -4.710073317328799, -3.7357121959051818, 0.007672854428103717, -5.293860322288412]"
47,0.2,0.009,0.001,extra_link,1,2026094449,0.026965025258932674,162,160,extended,True,0,297.9530863385918,True,2,97,0.17028775276505656,,"[1.0486633878702751, -5.88331022440692, 6.834821605869221, -3.9751213352036463, 0.9696031758724034, -4.710414103708457, -3.805518432507208, 0.00736548083487202, -5.342278643299607, -0.03904204392752145]"
47,0.2,0.009,0.001,extra_link,1,2026094449,0.026965025258932674,162,160,extended,True,1,297.95308633899964,True,2,149,0.11991094620496223,,"[1.0486633881878544, -5.883310601612868, 6.834821587259451, -3.9751183068022264, 0.9696031758242449, -4.710414105756332, -3.805518392402755, 0.007365480778466508, -5.342278859745929, -0.039042021799545926]"
47,0.2,0.009,0.001,extra_link,1,2026094449,0.026965025258932674,162,160,extended,True,2,297.9610879126894,False,0,160,444.371887440966,,"[1.0486639211227295, -5.876744311778968, 6.834815908328819, -4.029612726243088, 0.9696201355186298, -4.710434252271699, -3.8098329145364938, 0.0073482411067838475, -5.3383967017503915, -0.04141219810225281]"
