case_id,B,gamma_dark,noise_scale,control,replica,seed,sigma,training_complex_samples,holdout_complex_samples,model,model_correct,chi2,success,status,nfev,optimality,boundaries,parameters,training_chi2_per_dof,holdout_chi2_per_real_sample,holdout_clean_scaled_mse,holdout_two_sigma_reference,holdout_above_reference,inferred_omega,inferred_gamma,inferred_t,omega_error,gamma_error,relative_gamma_error,relative_t_error,inferred_u,inferred_v,inferred_link,jacobian_condition,normalized_jacobian_condition,singular_values,normalized_singular_values,local_error_status,local_omega_se,local_gamma_se,initial_multistart_best_chi2,profile_restart_improvement,successful_unrestricted_starts,profile_requested,profile_sampled_points
0,0.05,0.003,0.0001,zero_drift,0,2026092710,0.0026965025258932677,162,160,unchanged,True,313.1415266419385,True,2,44,0.013072945334778208,,"[1.0500535997650688, -5.805426531868056, 6.760569521401415, -5.0504614289739305, 0.9695859777252097, -5.8091553271337295, -6.437760516129674]",0.9878281597537493,1.1131199531366713,0.01687611013542617,1.158113883008419,False,0.9695859777252097,0.002999962989769188,0.001599985813833654,5.369478306427311e-08,-3.701023081189789e-08,-1.2336743603965963e-05,-8.866353966665606e-06,0.0,0.0,0.0,927540.1257784223,940.3093504326412,"[11907921.722356554, 6756560.172384566, 144126.9124762419, 68182.62589693378, 20312.888342054648, 484.48392842037833, 12.838174210914092]","[1.4669733705516441, 1.4644414945203927, 1.0559150753422613, 0.9245088730264184, 0.856570727425865, 0.0033304047025869104, 0.0015600965468190676]",full_rank_local_linearization,1.5013211837297628e-07,1.5097880050946568e-07,313.1415266419385,0.0,1,False,0
0,0.05,0.003,0.0001,zero_drift,0,2026092710,0.0026965025258932677,162,160,drift_aware,True,312.51639240664815,True,3,53,11.502046562395408,,"[1.0500550909850803, -5.806897298172577, 6.760488219345004, -5.014570624143168, 0.9695856858429077, -5.809113759169707, -6.43775762449966, 6.059783683882711e-07, -5.806941582509448]",0.9921155314496767,1.1157846777993508,0.01862157970039483,1.158113883008419,False,0.9695856858429077,0.0030000876947146645,0.001599990440407344,-2.38187518930566e-07,8.769471466444495e-08,2.9231571554814983e-05,-5.974745410469411e-06,6.059783683882711e-07,-1.3314874460108872e-07,0.0,1085254.1631240344,1043.863402232352,"[12031792.301967483, 7375577.463309273, 1354238.78813296, 143464.91136115685, 64376.15707355736, 29736.93665315821, 4563.036551769845, 477.43508509253877, 11.086612436788561]","[1.6054868730870648, 1.5010038959241974, 1.287705212384047, 1.169992066835343, 1.0056850896127427, 0.29519067478681077, 0.2092437383585216, 0.002777192203279695, 0.0015380239116091763]",full_rank_local_linearization,4.1865060550382523e-07,4.6985633810230565e-07,312.51639240664815,0.0,2,False,0
0,0.05,0.003,0.0001,zero_drift,0,2026092710,0.0026965025258932677,162,160,extended,True,316.3113000822511,False,0,160,24972.529872932115,,"[1.0500489218249147, -5.791721333237154, 6.760831813467953, -5.47088377520426, 0.9696024816943688, -5.80912680348584, -6.344557250247352, 2.7538815642518674e-05, -5.791767709749826, 0.013882019828437307]",1.0073608282874238,1.1522081988922597,0.0375656925486897,1.158113883008419,False,0.9696024816943688,0.003000048560877585,0.0017562801632115047,1.6557663942151635e-05,4.856087758514996e-08,1.6186959195049987e-05,0.09767510200718993,2.7538815642518674e-05,-1.4157135933738976e-07,0.013882019828437307,3329780.0053857234,40211.07871146851,"[12031990.46600864, 7376281.86096752, 1359674.039125818, 992873.6131571219, 65321.92518067835, 29953.440891786777, 4597.881114542695, 477.4869152555455, 47.16185291129413, 3.613449070673619]","[1.6192981446021735, 1.5018791392130135, 1.4147736672327709, 1.286642588399534, 1.1546462998618754, 0.2951508530631831, 0.21168879496656257, 0.007891327877611452, 0.0015381370673029431, 4.0269950384104893e-05]",full_rank_local_linearization,4.333939915089229e-05,4.7055378612987277e-07,316.3113000822511,0.0,1,False,0
1,0.05,0.003,0.0001,zero_drift,1,2026092747,0.0026965025258932677,162,160,unchanged,True,332.99019963010556,True,3,48,36.480328806110734,,"[1.0501591242847792, -5.808312937519893, 6.754994237956409, -4.9829814705871, 0.96958574944456, -5.809168183812089, -6.437721245413091]",1.050442270126516,0.973645803668218,0.032376273744343195,1.158113883008419,False,0.96958574944456,0.002999924420457876,0.001600048647656842,-1.7458586665242137e-07,-7.557954212391443e-08,-2.519318070797148e-05,3.040478552577499e-05,0.0,0.0,0.0,864655.0490097187,939.457463256399,"[11907722.073021179, 6756567.6441446375, 144126.80187526025, 67996.56954594426, 20312.059685080603, 485.8348422932538, 13.771644642171443]","[1.4669743329490126, 1.464440434171036, 1.0559207013508827, 0.9245102722168499, 0.8565624318401491, 0.003333511291079734, 0.0015615122454444139]",full_rank_local_linearization,1.5013464694527493e-07,1.509793425013515e-07,332.99019963010556,0.0,1,False,0
1,0.05,0.003,0.0001,zero_drift,1,2026092747,0.0026965025258932677,162,160,drift_aware,True,330.69494374038004,True,2,49,0.0053031457765894225,,"[1.0501497673518523, -5.807667596193729, 6.755489725575047, -4.997914085882919, 0.9695859404822552, -5.809382840391266, -6.437734555967393, -4.155456434072098e-07, -5.807434969529152]",1.0498252182234287,0.9752051926519227,0.03761200463654427,1.158113883008419,False,0.9695859404822552,0.002999280536053474,0.0016000273502641727,1.645182856613303e-08,-7.19463946525882e-07,-0.00023982131550862734,1.7093915107458262e-05,-4.155456434072098e-07,6.989917006156553e-07,0.0,1064617.8147510488,1043.010484280529,"[12031607.94160362, 7375511.059692019, 1354021.8284453596, 143460.72261563808, 64328.3190139055, 29725.522062240056, 4561.265782402831, 478.6342640645482, 11.301340044189569]","[1.6054886538933264, 1.5010050722662933, 1.2877122054571766, 1.1700060420072662, 1.0056657900096713, 0.29515441063369297, 0.2092443298357471, 0.0027796690224094027, 0.0015392833323250783]",full_rank_local_linearization,4.1867093147902727e-07,4.698596845109077e-07,330.69494374038004,0.0,2,False,0
1,0.05,0.003,0.0001,zero_drift,1,2026092747,0.0026965025258932677,162,160,extended,True,334.7860138903546,False,0,160,8885.272637992597,,"[1.0501454921443394, -5.794695817536475, 6.755730945656843, -5.3644882620173355, 0.9695922151569467, -5.809394161602349, -6.379606538169324, 1.643466286242443e-05, -5.794466005616295, 0.00857478168703314]",1.0661974964660974,1.0117758099221548,0.05282225766026738,1.158113883008419,False,0.9695922151569467,0.0029992465807576383,0.0016957900540350622,6.2911265200638056e-06,-7.534192423617851e-07,-0.0002511397474539284,0.059868783771913396,1.643466286242443e-05,6.99548834880593e-07,0.00857478168703314,2852869.642927925,21810.767928694084,"[12031779.80879718, 7376103.4492576895, 1359526.546241051, 993221.0599242795, 65133.29124740189, 29909.646499783343, 4591.369131608897, 478.68617975398035, 60.83253156692038, 4.217430627657021]","[1.6209472003853516, 1.5019155468342047, 1.413090816984502, 1.2865803152018678, 1.154435655657332, 0.2951155733349123, 0.21169198174975482, 0.005877441674653252, 0.0015393410695484961, 7.431866707695539e-05]",full_rank_local_linearization,1.4408751107289555e-05,4.705026153348903e-07,334.7860138903546,0.0,1,False,0
2,0.05,0.003,0.0001,allowed_drift,0,2026092784,0.0026965025258932677,162,160,unchanged,False,619692.0062447193,True,4,136,4.677908242426002,log_gr,"[1.0524646271342688, -5.766170205628907, 6.636190545107634, -9.21034037197618, 0.9698136479589357, -5.770931497277404, -6.435534529623645]",1954.8643730117326,1871.366789016642,1866.6068673380341,1.158113883008419,True,0.9698136479589357,0.0031168528216010257,0.0016035513275855704,0.00022772392850900491,0.00011685282160102568,0.038950940533675225,0.0022195797409810237,0.0,0.0,0.0,56726882.89092621,917.5336181998596,"[11824250.976646492, 6575498.3790840525, 139442.4502537368, 70532.91840939524, 20462.905983670644, 515.5293077899483, 0.2084417541394267]","[1.4641884124882016, 1.4615273522299759, 1.0597961115531256, 0.929122621001723, 0.8565277746685723, 0.003327639278535241, 0.0015957872098036504]",full_rank_local_linearization,1.5496738740172212e-07,1.557921717537125e-07,619692.0062447193,0.0,3,False,0
2,0.05,0.003,0.0001,allowed_drift,0,2026092784,0.0026965025258932677,162,160,drift_aware,True,331.36640252745144,True,3,57,0.5080321447904649,,"[1.0500923826714748, -5.8087145597910235, 6.758522763692063, -4.972515595891752, 0.9695861644334403, -5.809314769560281, -6.437738680180191, 0.000499241669958031, -5.767702121586327]",1.0519568334204807,1.0328928554856454,0.02840896883741121,1.158113883008419,False,0.9695861644334403,0.0029994847065208693,0.0016000207514245053,2.404030136071711e-07,-5.152934791307316e-07,-0.00017176449304357722,1.2969640315332263e-05,0.000499241669958031,0.00012564901353009266,0.0,1044087.7976389225,1036.7954982433462,"[11927919.933446936, 7176207.587916482, 1323575.560195105, 138791.514907221, 64264.53960003928, 29260.169591156162, 4615.128479824627, 476.8195100339661, 11.424249915017182]","[1.597229096555007, 1.4973808206459474, 1.2909698418874882, 1.1762448950787532, 1.0101911119198506, 0.2994026927582782, 0.21544536653581806, 0.0027515354870743065, 0.0015405440120652622]",full_rank_local_linearization,4.2192167081618864e-07,4.735063033352001e-07,331.36640252745144,0.0,2,False,0
2,0.05,0.003,0.0001,allowed_drift,0,2026092784,0.0026965025258932677,162,160,extended,True,339.104342803903,False,0,160,23033.159314711724,,"[1.0500878917844112, -5.794160217883877, 6.758777642155409, -5.381942715156321, 0.9695939104953617, -5.809323315039653, -6.373711030184045, 0.0005176677801703332, -5.753729925694712, 0.009463970379306139]",1.0799501363181625,1.0527191854460516,0.04567545410471062,1.158113883008419,False,0.9695939104953617,0.0029994590745957015,0.001705817126139239,7.986464935050286e-06,-5.409254042985923e-07,-0.00018030846809953074,0.06613570383702383,0.0005176677801703332,0.00012564464260291733,0.009463970379306139,2904217.4858041164,23237.53079873414,"[11928025.489989307, 7176699.981167853, 1324854.163441651, 963436.602939223, 65167.19775234809, 29463.873261667533, 4646.919473265903, 476.88323448320267, 57.24642341910076, 4.107139203001765]","[1.607699213549923, 1.4984175770727366, 1.418969345816605, 1.2898212247999228, 1.1643666044582164, 0.2994064814722096, 0.2179485260946576, 0.006118661699383927, 0.0015406489786384408, 6.918545810544992e-05]",full_rank_local_linearization,1.776183324302421e-05,4.7372737204089696e-07,339.104342803903,0.0,0,False,0
3,0.05,0.003,0.0001,allowed_drift,1,2026092821,0.0026965025258932677,162,160,unchanged,False,620963.5361625132,True,2,155,14.36484849540152,log_gr,"[1.0524651514970333, -5.766166939586783, 6.6361581276000905, -9.21034037197618, 0.9698140296054559, -5.770990089786407, -6.435548129871537]",1958.8755083990952,1862.1704885397626,1867.5950713769241,1.158113883008419,True,0.9698140296054559,0.0031166702027241168,0.0016035295190383082,0.00022810557502928042,0.00011667020272411672,0.03889006757470557,0.0022059493989421896,0.0,0.0,0.0,56734260.16129404,917.5315785086912,"[11824214.038916077, 6575619.005830118, 139444.49286080903, 70532.72542654567, 20462.176152372864, 515.5421559428005, 0.20841399897169965]","[1.4641911556804983, 1.4615296551045445, 1.0597895675125164, 0.9291187861504584, 0.8565314143154203, 0.0033272246805753332, 0.001595793747023203]",full_rank_local_linearization,1.549600958374074e-07,1.5578355549701798e-07,620963.5361625132,0.0,3,False,0
3,0.05,0.003,0.0001,allowed_drift,1,2026092821,0.0026965025258932677,162,160,drift_aware,True,328.59796305724353,True,2,49,0.0055717380858735606,,"[1.0501060873762502, -5.811129661291279, 6.757787346515862, -4.918813155633004, 0.9695858770582341, -5.809045967656059, -6.437731826923657, 0.000500679348348292, -5.770364144199686]",1.043168136689662,0.9691122456283632,0.023897125685189438,1.158113883008419,False,0.9695858770582341,0.003000291082094457,0.0016000317168147484,-4.697219257998597e-08,2.9108209445702013e-07,9.702736481900671e-05,1.9823009217309824e-05,0.000500679348348292,0.00012457577593616778,0.0,989363.3038169539,1036.65523168373,"[11927865.17441491, 7176372.671621266, 1323768.934910192, 138797.8961358226, 64116.64129202585, 29226.75257522102, 4610.178321271677, 476.9826882763278, 12.05610227142782]","[1.5972329608469733, 1.497381360074563, 1.2909616077450718, 1.176231381011493, 1.010202111552682, 0.29943526852605107, 0.2154392355913693, 0.002751827163696738, 0.0015407561858852105]",full_rank_local_linearization,4.2189323425195414e-07,4.7350227918915517e-07,328.59796305724353,0.0,2,False,0
3,0.05,0.003,0.0001,allowed_drift,1,2026092821,0.0026965025258932677,162,160,extended,True,334.05325384081544,False,0,160,233681.2452982932,,"[1.0501041179807271, -5.801874163837494, 6.757904004275972, -5.143535785368588, 0.9695866952749114, -5.809051127713688, -6.4155988326758635, 0.0005070869458838808, -5.761476082570712, 0.003236603382033737]",1.063863865735081,0.9703284283421139,0.02480199613966035,1.158113883008419,False,0.9695866952749114,0.003000275600459512,0.001635840020316159,7.712444847207678e-07,2.7560045951207507e-07,9.186681983735835e-05,0.022400012697598958,0.0005070869458838808,0.00012457780313542563,0.003236603382033737,2225300.598508075,8354.783705692184,"[11927840.240735214, 7176733.03756119, 1325052.5994534616, 963144.7041181576, 64683.414718341664, 29354.409418209052, 4631.1452884582295, 477.0320760092328, 96.08037957947545, 5.360102922154466]","[1.6094301366201549, 1.4984408515912422, 1.4172482665234682, 1.2897537937819528, 1.164120259274452, 0.29943294658684916, 0.2179419414999385, 0.0038708418470729134, 0.0015408237464933595, 0.00019263576333204615]",full_rank_local_linearization,2.063663900284191e-06,4.7369657642636566e-07,334.05325384081544,0.0,0,False,0
4,0.05,0.003,0.0001,extra_link,0,2026092858,0.0026965025258932677,162,160,unchanged,False,582256.2599359388,True,2,95,37.95879861569578,log_gr,"[1.0529894478593664, -5.766206039007611, 6.609699370105053, -9.210340371974747, 0.9697911927845742, -5.773703340217101, -6.505035847663424]",1836.7705360755165,1916.6331031620005,1922.8928114486048,1.158113883008419,True,0.9697911927845742,0.0031082253576247662,0.0014958871337004103,0.0002052687541475029,0.00010822535762476616,0.03607511920825539,-0.06507054143724397,0.0,0.0,0.0,58156195.77962871,909.5631459100571,"[11831531.278117482, 6719777.251770936, 136574.42284935093, 70519.13966430748, 20874.522022185793, 523.6521766830621, 0.20344403755277782]","[1.4612200920105394, 1.461002281050199, 1.0586759049712269, 0.9301710182779639, 0.8627180576701372, 0.003217850705555749, 0.0016065075839770595]",full_rank_local_linearization,1.5118059166162403e-07,1.519076216483502e-07,582256.2599359388,0.0,3,False,0
4,0.05,0.003,0.0001,extra_link,0,2026092858,0.0026965025258932677,162,160,drift_aware,False,272.8121205891828,True,2,87,0.006621589978554153,,"[1.0500820558657484, -5.837634367099153, 6.759007956631287, -4.469440646853955, 0.9695785180379466, -5.808980173750337, -6.507675668958626, 0.00047906109021165626, -5.795812580347677]",0.8660702240926439,1.2369741151692044,0.10847621341396532,1.158113883008419,True,0.9695785180379466,0.00300048848945708,0.0014919434665680595,-7.405992480058465e-06,4.884894570797785e-07,0.00016282981902659283,-0.06753533339496325,0.00047906109021165626,0.00012452694269357622,0.0,661397.7766221253,1032.9182943455478,"[11938438.215172477, 7289447.445841882, 1361432.8453055366, 135969.17870454627, 62557.39527724132, 29180.859849086322, 4627.718841394426, 476.9136115848252, 18.050315010346996]","[1.592600553032928, 1.4964040510682546, 1.2902684023367041, 1.1700841962137671, 1.0242720729315054, 0.3077251258545044, 0.21603574818187848, 0.0026389160628168097, 0.0015418456249165307]",full_rank_local_linearization,4.046657008036058e-07,4.609818001209333e-07,272.8121205891828,0.0,2,False,0
4,0.05,0.003,0.0001,extra_link,0,2026092858,0.0026965025258932677,162,160,extended,True,255.90962083948935,False,0,160,105516.76106709804,,"[1.050070196977742, -5.804332946684123, 6.759695082930885, -5.077999550800158, 0.9695921097132675, -5.808979077468935, -6.418047692749131, 0.0005051250544509778, -5.763878678647931, 0.012877232057219575]",0.8149987924824501,1.1477787073215364,0.022491493395651076,1.158113883008419,False,0.9695921097132675,0.00300049177883861,0.0016318389780000367,6.185682840831319e-06,4.917788386099575e-07,0.0001639262795366525,0.019899361250022462,0.0005051250544509778,0.00012444823006929878,0.012877232057219575,2127280.3766610683,13778.764754811973,"[11938428.204245124, 7289428.867238955, 1361495.2079739072, 977728.2050830087, 64532.2976468349, 29615.76242376447, 4700.032137132504, 477.0645686967484, 110.71016206773521, 5.612061454251467]","[1.5927668542285036, 1.4982280603585294, 1.430452945816939, 1.2886613001650904, 1.1700069291093345, 0.3077813387310113, 0.2187751268632863, 0.007234596018292413, 0.001541095368781998, 0.00011559576511909458]",full_rank_local_linearization,1.4289314128887907e-05,4.609823488954979e-07,255.90962083948935,0.0,0,False,0
5,0.05,0.003,0.0001,extra_link,1,2026092895,0.0026965025258932677,162,160,unchanged,False,584146.9975681889,True,2,75,87.0403216355042,log_gr,"[1.053004542457423, -5.766218041895101, 6.608949008874061, -9.21034037197618, 0.9697908731545336, -5.773728085288853, -6.505051218624533]",1842.7350081015425,1926.6401153086488,1924.8012107176742,1.158113883008419,True,0.9697908731545336,0.0031081484453168756,0.0014958641406541686,0.00020494912410695676,0.00010814844531687557,0.03604948177229186,-0.06508491209114504,0.0,0.0,0.0,58114574.30871523,909.4743158666781,"[11831821.42001339, 6720020.907700352, 136578.33702391334, 70519.94123900792, 20874.813415395383, 523.8565868297487, 0.20359473610114726]","[1.4612203057888429, 1.4610030378987002, 1.0586753066196817, 0.9301695571092675, 0.8627187177768644, 0.0032193179227755363, 0.0016066647296096336]",full_rank_local_linearization,1.5116531009216328e-07,1.5190156299371645e-07,584146.9975681889,0.0,3,False,0
5,0.05,0.003,0.0001,extra_link,1,2026092895,0.0026965025258932677,162,160,drift_aware,False,349.6336534431447,True,2,104,0.10096268167471927,,"[1.0500918899722747, -5.845811144626581, 6.758475493091341, -4.365721415605718, 0.9695773909205047, -5.809058091536001, -6.507696045920628, 0.0004806732912247481, -5.803592781459582]",1.1099481061687133,1.2571609412738478,0.13961376687256663,1.158113883008419,True,0.9695773909205047,0.003000254707146088,0.0014919130656024725,-8.533109921993187e-06,2.5470714608809286e-07,8.490238202936429e-05,-0.06755433399845508,0.0004806732912247481,0.00012470897884028602,0.0,596884.5789415791,1032.8113275321946,"[11938719.195587471, 7289648.267123647, 1361409.5040619748, 135971.35206090158, 62097.19318487644, 29080.26386115407, 4610.962200488204, 476.96571258897745, 20.001721633950925]","[1.59260253208661, 1.496405556484888, 1.2902698491314106, 1.1700850286033646, 1.024268392045734, 0.30771224791069174, 0.21603337448014473, 0.0026390224265746627, 0.0015420072278757668]",full_rank_local_linearization,4.04667414558615e-07,4.609751371451841e-07,349.6336534431447,0.0,2,False,0
5,0.05,0.003,0.0001,extra_link,1,2026092895,0.0026965025258932677,162,160,extended,True,307.8896402072887,False,0,160,6304.980775331386,,"[1.050077336411645, -5.807136156221932, 6.7593209254333715, -5.009266343627314, 0.9695927770511055, -5.80905862402826, -6.4118913629106995, 0.0005091754430494836, -5.766515666838882, 0.01378522080026816]",0.9805402554372252,1.1393306145681787,0.045099450594409715,1.158113883008419,False,0.9695927770511055,0.003000253109534109,0.0016419161042209962,6.853020678820876e-06,2.5310953410875164e-07,8.436984470291721e-05,0.02619756513812215,0.0005091754430494836,0.00012462020117564752,0.01378522080026816,1985085.6399702549,12695.144781253353,"[11938727.117797505, 7289624.347601601, 1361468.7613521756, 977891.741800017, 64361.72565086744, 29577.887658194148, 4694.099978734017, 477.164696978496, 126.176679971496, 6.014212625091782]","[1.5928000024969913, 1.4982366258532127, 1.4304177425691134, 1.2886481752331393, 1.1700071576956428, 0.30777713778606974, 0.2187756803733472, 0.007577757699552038, 0.0015411458110968842, 0.00012546528849746122]",full_rank_local_linearization,1.4087385024809213e-05,4.6098324286852704e-07,307.8896402072887,0.0,0,False,0
6,0.05,0.003,0.001,zero_drift,0,2026092932,0.026965025258932674,162,160,unchanged,True,377.5455876279021,True,2,95,0.0006174195807439351,log_gr,"[1.0504322696939152, -5.766828029002161, 6.7406107099134855, -9.210340371962262, 0.9695863457991517, -5.808891030129329, -6.4374411462181715]",1.1909955445675144,1.0144234118759223,0.03856341917175226,1.158113883008419,False,0.9695863457991517,0.0030007559757879946,0.0016004968827670995,4.217687250562818e-07,7.559757879945297e-07,0.00025199192933150993,0.0003105517294367433,0.0,0.0,0.0,58814133.067960165,937.3474822373819,"[1191043.969766264, 675636.9777799055, 14413.681612023169, 7079.000589973315, 2032.4850022103103, 48.95486664112972, 0.020250982334297167]","[1.4669188095167902, 1.4644023794389176, 1.05590552468428, 0.924573610751487, 0.8566728896448028, 0.0033391084820519512, 0.0015649679945961546]",full_rank_local_linearization,1.5020028239776219e-06,1.509894208961949e-06,377.5455876279021,0.0,1,True,28
6,0.05,0.003,0.001,zero_drift,0,2026092932,0.026965025258932674,162,160,drift_aware,True,376.3583986524013,True,2,101,0.00027578972032373547,log_gr,"[1.0504916847119354, -5.766816181685387, 6.73749390815135, -9.210340371961816, 0.9695884143045239, -5.807692352592411, -6.437370844710066, -4.488949102760835e-06, -5.7680599113609645]",1.1947885671504803,1.01804604161544,0.03704585784035121,1.158113883008419,False,0.9695884143045239,0.0030043550712164275,0.0016006094040668386,2.4902740972665427e-06,4.355071216427444e-06,0.0014516904054758147,0.00038087754177366934,-4.488949102760835e-06,-3.8900887217750355e-06,0.0,71124678.00682876,1040.217067627601,"[1203405.6585785714, 737562.8053276378, 135481.39696417408, 14348.137910983749, 6696.257248701336, 3032.765668113408, 465.0944432837577, 48.319493381881095, 0.016919664064602602]","[1.6053987353242432, 1.5009530945420912, 1.2877287446636667, 1.1700605852034036, 1.005758692426822, 0.295345841902245, 0.20918354217423651, 0.002786721653173985, 0.0015433305079156595]",full_rank_local_linearization,4.185347907561144e-06,4.699827468788202e-06,376.3583986524013,0.0,3,True,28
6,0.05,0.003,0.001,zero_drift,0,2026092932,0.026965025258932674,162,160,extended,True,375.08404671713765,True,2,137,0.00025193244252620867,log_gr,"[1.0504904157171253, -5.766816167704453, 6.737560542855291, -9.210340371976134, 0.9696160186284639, -5.807584391565537, -6.327246794116357, 1.9593074817934346e-05, -5.768191047830039, 0.016409895505997966]",1.1945351806278268,1.0375928651884885,0.046659846359386525,1.158113883008419,False,0.9696160186284639,0.0030046794419843954,0.0017869468351971948,3.0094598037266884e-05,4.679441984395318e-06,0.0015598139947984393,0.11684177199824625,1.9593074817934346e-05,-4.3000140747986686e-06,0.016409895505997966,127879474.9698434,18993.263651466787,"[1203414.4227020943, 737625.3232493467, 136074.9293929943, 99654.97833153533, 6696.258219545291, 3032.7169635738064, 465.315288790369, 48.322214348256715, 10.419870715809273, 0.009410536155124848]","[1.6182431427163055, 1.501809379672959, 1.4157261739731077, 1.286687602060313, 1.154947528886051, 0.29536286473727374, 0.21163171742126283, 0.00887371881332783, 0.0015436646248571059, 8.520089924573515e-05]",full_rank_local_linearization,0.00024347895639735838,4.718246225848884e-06,375.08404671713765,0.0,2,True,28
7,0.05,0.003,0.001,zero_drift,1,2026092969,0.026965025258932674,162,160,unchanged,True,311.1028942524492,False,0,160,130.5997901920532,,"[1.0501778758202012, -5.768735375939686, 6.75399667427508, -7.727931169396474, 0.9695845264028544, -5.809365503493908, -6.437712078597272]",0.9813971427522056,0.9424580348012812,0.017816453448397458,1.158113883008419,False,0.9695845264028544,0.002999332534723024,0.0016000633150753236,-1.3976275722304976e-06,-6.674652769760037e-07,-0.0002224884256586679,3.957192207677252e-05,0.0,0.0,0.0,13440498.353749389,939.2542301113299,"[1190888.760929119, 675769.3395530925, 14416.500572414738, 7064.411237911367, 2032.011494250405, 48.6234571467806, 0.08860450926634772]","[1.4669533361300264, 1.4644505552637177, 1.0558350857227097, 0.9244985575909269, 0.8566992568771037, 0.0033336967821126708, 0.0015618277662227279]",full_rank_local_linearization,1.5010138293305228e-06,1.5094334478128586e-06,311.1028942524492,0.0,0,False,0
7,0.05,0.003,0.001,zero_drift,1,2026092969,0.026965025258932674,162,160,drift_aware,True,309.312842439417,True,2,142,0.11006526875099594,,"[1.050237629544056, -5.783635657092617, 6.750832615318236, -5.8503011889432095, 0.9695809276703795, -5.807897937293392, -6.437618145584957, 7.600826560516064e-06, -5.785185534163923]",0.9819455315537048,0.9402204884344533,0.025646126033070694,1.158113883008419,False,0.9695809276703795,0.003003737485262757,0.0016002136209016325,-4.996360047138104e-06,3.7374852627568116e-06,0.0012458284209189371,0.00013351306351984453,7.600826560516064e-06,-4.766062071438499e-06,0.0,2487647.4974997616,1042.2677877371123,"[1203269.9244562986, 737694.2334170609, 135497.79708999317, 14352.993220686692, 6584.106746719635, 3007.4279731478127, 461.29154464574884, 47.99013615546345, 0.48369792169737014]","[1.6054480097190884, 1.5010073221296705, 1.2876765876489225, 1.1698857721003164, 1.005884770786434, 0.2952985984488721, 0.2091756445487489, 0.0027812930226808704, 0.0015403411950442292]",full_rank_local_linearization,4.185821726724098e-06,4.69902479080735e-06,309.312842439417,0.0,3,False,0
7,0.05,0.003,0.001,zero_drift,1,2026092969,0.026965025258932674,162,160,extended,True,308.97178826897033,False,0,160,5.252561953612808,,"[1.0502216371960889, -5.7884418689029875, 6.751673056595143, -5.610712127140164, 0.9697078719507406, -5.807956432739222, -6.190840126279294, 8.423808115551201e-05, -5.789949804643008, 0.03815547712968633]",0.9839865868438545,0.9369308996817995,0.022827452905224793,1.158113883008419,False,0.9697078719507406,0.0030035617854382696,0.002048105363146599,0.0001219479203139473,3.561785438269561e-06,0.0011872618127565203,0.2800658519666237,8.423808115551201e-05,-4.614950734945639e-06,0.03815547712968633,5190075.085857589,132789.4667381332,"[1203311.3632240791, 737856.5527420401, 136005.05317419977, 99701.22605033114, 6553.270037752821, 3000.376486021237, 460.2925526040897, 47.978562698745314, 4.567375596220343, 0.23184854618057002]","[1.6124288398852027, 1.5017663535596375, 1.421696894815881, 1.2867998771126254, 1.1555617378795326, 0.295459631909403, 0.21160082840873057, 0.01727608951117009, 0.0015404602397856141, 1.2142746555831757e-05]",full_rank_local_linearization,0.003959522463710261,4.7139337669689665e-06,308.97178826897033,0.0,1,False,0
8,0.05,0.003,0.001,allowed_drift,0,2026093006,0.026965025258932674,162,160,unchanged,False,6571.452827032088,True,3,146,0.26996441200999,log_gr,"[1.0522491004427688, -5.766469140772707, 6.647168449339272, -9.21034037197618, 0.9698138611294848, -5.770081249581749, -6.435629362682157]",20.730135101047598,19.64813910554546,18.69490716016996,1.158113883008419,True,0.9698138611294848,0.0031195040454690607,0.0016033992651190833,0.00022793709905810644,0.00011950404546906069,0.039834681823020225,0.0021245406994266055,0.0,0.0,0.0,57118549.835594736,919.5456252085656,"[1182888.1442305837, 657421.5538657802, 13939.335422422373, 7054.489863200924, 2047.4316076398745, 51.26400575984107, 0.020709351824150124]","[1.4641145565080151, 1.461457305529403, 1.0598825910042695, 0.9292329777713033, 0.8565468675270039, 0.003317291778677269, 0.0015922152380159862]",full_rank_local_linearization,1.550646949174769e-06,1.5583822730377048e-06,6571.452827032088,0.0,3,True,28
8,0.05,0.003,0.001,allowed_drift,0,2026093006,0.026965025258932674,162,160,drift_aware,True,334.65988455497035,True,2,50,0.0002945193462181049,,"[1.0497866861138714, -5.785006822064131, 6.774796018529907, -5.782225873160782, 0.9695885349048919, -5.81025297740451, -6.437948938752062, 0.0004950076132085566, -5.743091451413356]",1.0624123319205407,1.079505822602426,0.025510363089809463,1.158113883008419,False,0.9695885349048919,0.0029966718861519606,0.0015996843687112595,2.610874465291957e-06,-3.3281138480394275e-06,-0.001109371282679809,-0.00019726955546324858,0.0004950076132085566,0.00013155591182494823,0.0,2363330.188582606,1039.897810321356,"[1193231.5938680638, 717473.4159955189, 132284.32379982196, 13872.190430941711, 6578.817962628021, 2960.020777523969, 466.5379253206567, 47.30674611543784, 0.5048941530187526]","[1.597047010204461, 1.4973047670216357, 1.2910689404005928, 1.1764133655447646, 1.0102621438647008, 0.2993601298699337, 0.21553630591013762, 0.002742609300886477, 0.001535773029189215]",full_rank_local_linearization,4.22000905396338e-06,4.7350039923346285e-06,334.65988455497035,0.0,3,True,28
8,0.05,0.003,0.001,allowed_drift,0,2026093006,0.026965025258932674,162,160,extended,True,334.61400627221485,False,0,160,46.33332433472398,,"[1.049794654678927, -5.783440531494595, 6.774373199974754, -5.869170917855916, 0.969636198040189, -5.810259738187131, -6.604207436782418, 0.00045166020444086695, -5.741570184468164, -0.02326859134101417]",1.065649701503869,1.07934086761649,0.025389123394849056,1.158113883008419,False,0.969636198040189,0.0029966516263732383,0.00135465639913373,5.027400976231888e-05,-3.3483736267617137e-06,-0.0011161245422539046,-0.1533397505414191,0.00045166020444086695,0.00013161761138261738,-0.02326859134101417,6438615.7182631055,143508.07552692917,"[1193238.8523304695, 717508.2388838244, 132432.6612450287, 95797.04106273805, 6588.914364373106, 2962.2859381292465, 467.12095954509664, 47.31087150863228, 1.2636850567346427, 0.18532537187238132]","[1.6173448937692616, 1.4984855810361144, 1.4089823432088762, 1.2894646253021302, 1.1633839300308935, 0.2995667462993598, 0.21802458364626687, 0.006834839184380108, 0.0015350163155635839, 1.1270061896034333e-05]",full_rank_local_linearization,0.0026968418761296104,4.749502835619381e-06,334.679971197888,0.06596492567314272,0,True,28
9,0.05,0.003,0.001,allowed_drift,1,2026093043,0.026965025258932674,162,160,unchanged,False,6600.3695016352995,True,3,137,2.2283658491733864,log_gr,"[1.0527175545203025, -5.766165636999942, 6.62333148919909, -9.21034037197618, 0.9698136474410715, -5.771057739959469, -6.435549320750974]",20.82135489474858,20.40045552082288,18.796882784897587,1.158113883008419,True,0.9698136474410715,0.0031164593665771578,0.0016035276094291148,0.00022772341064480894,0.0001164593665771577,0.038819788859052566,0.002204755893196296,0.0,0.0,0.0,56381005.498783715,915.5079034298889,"[1182350.822732435, 657581.8695677347, 13944.2514778237, 7052.811607717594, 2046.1575489652175, 51.897512158096795, 0.02097072963265867]","[1.4641859817069183, 1.4615287373035195, 1.0597776548045774, 0.9291216238011973, 0.8565534570422241, 0.003333015122226631, 0.001599315501506261]",full_rank_local_linearization,1.5503248009731055e-06,1.5577862610714836e-06,6600.3695016352995,0.0,3,False,0
9,0.05,0.003,0.001,allowed_drift,1,2026093043,0.026965025258932674,162,160,drift_aware,True,301.4359591551944,True,2,50,0.11481833352315322,,"[1.0504003807789264, -5.793720813597503, 6.742219344944752, -5.402497139115387, 0.9695839803631746, -5.8080929792433516, -6.437670274720985, 0.0005046450253254167, -5.754704513660175]",0.956939552873633,0.90526863488702,0.016914842403849953,1.158113883008419,False,0.9695839803631746,0.003003151687575883,0.0016001302053223242,-1.9436672520356524e-06,3.1516875758827965e-06,0.0010505625252942654,8.137832645217168e-05,0.0005046450253254167,0.00012121739039622865,0.0,1590407.9558358167,1033.9117521714331,"[1192701.9292175476, 717644.3950372068, 132424.51829896474, 13881.243923240923, 6518.838059832112, 2946.683610523215, 464.5169668408245, 48.08759773943662, 0.7499345842939649]","[1.597189063545581, 1.497371119232973, 1.2909451862800823, 1.1761657393390894, 1.010353762598144, 0.2995581536329245, 0.2154105345737384, 0.002758329110939328, 0.0015448021169999725]",full_rank_local_linearization,4.218459811827596e-06,4.735330192900049e-06,301.4359591551944,0.0,3,False,0
9,0.05,0.003,0.001,allowed_drift,1,2026093043,0.026965025258932674,162,160,extended,True,300.28232246845585,False,0,160,7837.371690209032,,"[1.0504131244440122, -5.801091312042405, 6.741541409333284, -5.170510044192203, 0.9696331073127664, -5.808075124820557, -6.59940536995269, 0.0004537963436783753, -5.761824471062198, -0.022537491059309914]",0.9563131288804326,0.906426488862795,0.02680424414126928,1.158113883008419,False,0.9696331073127664,0.0030032053075945047,0.0013611771938088907,4.718328233976887e-05,3.2053075945046028e-06,0.0010684358648348675,-0.1492642538694437,0.0004537963436783753,0.00012111518725665179,-0.022537491059309914,2322053.4183586207,15008.79208844361,"[1192689.294063929, 717660.0082350668, 132577.20963722217, 96387.07933235828, 6472.645586837506, 2936.1616571153745, 463.26344091222535, 48.09133100044757, 8.526081313706058, 0.5136355971117149]","[1.6169421073763712, 1.4985557010859636, 1.4095255752989158, 1.2893537322853106, 1.1632840726821303, 0.29978846864750064, 0.2179109426415986, 0.0065653062219937905, 0.0015441150033272226, 0.00010773299395768003]",full_rank_local_linearization,0.00027293593822874575,4.7413174131583056e-06,300.28232246845585,0.0,0,False,0
10,0.05,0.003,0.001,extra_link,0,2026093080,0.026965025258932674,162,160,unchanged,False,6211.5280002715335,True,2,87,0.6088644957456333,log_gr,"[1.0529570451493664, -5.7662367094636355, 6.611286665520154, -9.21034037197618, 0.9697920260449681, -5.7738383112018665, -6.505049761033634]",19.594725552907047,19.933610289883582,19.25287306157592,1.158113883008419,True,0.9697920260449681,0.0031078058656976307,0.0014958663210137147,0.00020610201454140942,0.00010780586569763065,0.03593528856587688,-0.06508354936642871,0.0,0.0,0.0,58177033.99495254,909.8156544368545,"[1183210.8481287803, 672041.2222746202, 13658.820031312016, 7051.99141252989, 2087.3900364836563, 52.324007462396914, 0.020338108818532003]","[1.4612282616277943, 1.4610078503761714, 1.0586643158326066, 0.9301603053977391, 0.8627205588850619, 0.003218542906110473, 0.0016060706963019291]",full_rank_local_linearization,1.5111975401691446e-06,1.5189088033421048e-06,6211.5280002715335,0.0,3,True,28
10,0.05,0.003,0.001,extra_link,0,2026093080,0.026965025258932674,162,160,drift_aware,False,344.7269569193537,True,2,54,0.00029410017012635527,,"[1.0501069576315945, -5.813565611175049, 6.7576904805983995, -4.867861873165702, 0.9695787875476176, -5.80764826038273, -6.507594516136533, 0.0004810838847000143, -5.774287646384507]",1.0943712918074722,0.8810954911271057,0.01217958676660207,1.158113883008419,False,0.9695787875476176,0.0030044875427906437,0.0014920645469037144,-7.136482809033673e-06,4.487542790643662e-06,0.0014958475968812207,-0.06745965818517896,0.0004810838847000143,0.00011964829929530293,0.0,981649.4469404332,1032.7994108397343,"[1193888.6066786714, 729022.23157222, 136240.98299076816, 13599.979690135122, 6396.9589942038465, 2949.2613694556558, 467.7404360666762, 47.74249824389181, 1.2162066717398323]","[1.5926038096649, 1.4963990377949492, 1.2902333870730938, 1.1700285815109914, 1.0243396629370283, 0.30789508909541086, 0.21599415777923012, 0.0026392161180717457, 0.001542026256937935]",full_rank_local_linearization,4.0455491994690215e-06,4.6098370315946795e-06,344.7269569193537,0.0,1,True,28
10,0.05,0.003,0.001,extra_link,0,2026093080,0.026965025258932674,162,160,extended,True,344.3795092542022,False,0,160,130.04869576093594,,"[1.0500794884377374, -5.787189883523985, 6.759173768370427, -5.663402276247377, 0.9701106156007456, -5.80766024477474, -6.019939522868697, 0.0006251003085174553, -5.748972331425226, 0.0775555477453375]",1.0967500294719816,0.880596466899242,0.011516248235672804,1.158113883008419,False,0.9701106156007456,0.0030044515360499006,0.0024298165389150463,0.0005246915703189803,4.451536049900583e-06,0.001483845349966861,0.5186353368219032,0.0006251003085174553,0.00011946577365634994,0.0775555477453375,7379828.13203983,231067.96406909107,"[1193930.780042926, 729272.2151542349, 136251.7477974217, 98346.43938794843, 6560.952178557071, 2985.204772639569, 473.6009603109499, 47.73566745897343, 6.8732079907804, 0.1617830061460952]","[1.6021515764145233, 1.4988144688875074, 1.4204985802177474, 1.286860275399297, 1.1696529528473116, 0.3096682968046661, 0.2187749271736213, 0.031505682320265925, 0.0015389177446374777, 6.933681104904131e-06]",full_rank_local_linearization,0.014401544395306555,4.667143635283524e-06,344.4193306046855,0.03982135048329383,1,True,28
11,0.05,0.003,0.001,extra_link,1,2026093117,0.026965025258932674,162,160,unchanged,False,6025.5593743427435,True,2,96,0.21591837835546818,log_gr,"[1.0528029484906525, -5.766341317461042, 6.6192118727610945, -9.21034037197618, 0.9697887624627684, -5.773831073217774, -6.505046174263408]",19.008073736096982,20.16945751759919,19.295120506709473,1.158113883008419,True,0.9697887624627684,0.003107828360028457,0.0014958716863521188,0.00020283843234170096,0.00010782836002845705,0.03594278667615235,-0.0650801960299262,0.0,0.0,0.0,58447356.14791285,911.2529175535482,"[1183513.9959462774, 672108.9490496041, 13660.578188543539, 7053.1853704382875, 2087.595399402546, 52.10948259370872, 0.020249230657262852]","[1.4612181417522554, 1.4609997918967492, 1.0586639950574734, 0.9301731897164446, 0.8627378752290988, 0.0032125288452958412, 0.0016035264344340379]",full_rank_local_linearization,1.5115132536074985e-06,1.518784601246121e-06,6025.5593743427435,0.0,3,False,0
11,0.05,0.003,0.001,extra_link,1,2026093117,0.026965025258932674,162,160,drift_aware,False,312.67526059520685,True,2,95,0.10112937305255798,,"[1.0499004218134833, -5.91513223704602, 6.768519333957955, -3.7718634785935974, 0.9695742497783281, -5.809229444468823, -6.507696093987736, 0.00048128248548618216, -5.869896634519842]",0.9926198749054186,0.9699570538941632,0.044947833993372224,1.158113883008419,False,0.9695742497783281,0.002999740648746772,0.0014919129938905284,-1.1674252098581306e-05,-2.5935125322817595e-07,-8.645041774272531e-05,-0.06755437881842015,0.00048128248548618216,0.00012486217710718124,0.0,337246.8929825311,1034.421284064113,"[1194195.6048464784, 729079.949303249, 136154.43175258284, 13599.104442207336, 5856.264729203272, 2831.202771180229, 447.52400964025605, 47.35705339118991, 3.5410129187115627]","[1.5926013137008284, 1.4963987218232586, 1.2902859738102403, 1.170111969618807, 1.0242381244238044, 0.3076787147966723, 0.2160388185147909, 0.0026337640668610243, 0.0015396060949593913]",full_rank_local_linearization,4.046274484804089e-06,4.60920641583715e-06,312.67526059520685,0.0,2,False,0
11,0.05,0.003,0.001,extra_link,1,2026093117,0.026965025258932674,162,160,extended,True,311.8649806366433,False,0,160,606.5651337559269,,"[1.0499173778324862, -5.933796516333087, 6.767536498639109, -3.663217406803165, 0.9695765984808783, -5.809227441743732, -6.520799727591078, 0.00047363471890884967, -5.887716009800754, -0.0018378620848294794]",0.993200575275934,0.9661259225654103,0.04340482853720578,1.158113883008419,False,0.9695765984808783,0.0029997466564086503,0.0014724910396401386,-9.325549548355738e-06,-2.533435913497882e-07,-8.444786378326273e-05,-0.07969310022491377,0.00047363471890884967,0.00012489551386561312,-0.0018378620848294794,520551.7102708963,1130.2368952940878,"[1194189.8992217963, 729091.6976139329, 136156.17338475693, 97556.5986929353, 5771.4878295758535, 2812.943229418339, 444.27375652099903, 71.6924083822264, 47.20737992296762, 2.2940850556428622]","[1.592652357627655, 1.4980672594941393, 1.4306015075798495, 1.288851124867375, 1.1700149984585098, 0.3077140116017446, 0.21874852147498858, 0.0040898786263520144, 0.0015557162758012945, 0.0014091314522282044]",full_rank_local_linearization,5.142692744226284e-06,4.609377152122548e-06,311.8649806366433,0.0,0,False,0
12,0.05,0.009,0.0001,zero_drift,0,2026093154,0.0026965025258932677,162,160,unchanged,True,313.1181738247401,True,2,98,0.003421551962091186,,"[1.0501322886326725, -5.819758307307193, 6.756393076767827, -4.748342425790237, 0.9695851768617298, -4.710523276515104, -6.43775285643045]",0.9877544915606943,1.0879983923854937,0.033225580144026205,1.158113883008419,False,0.9695851768617298,0.009000066826425417,0.0015999980692906876,-7.471686968019142e-07,6.682642541763761e-08,7.425158379737513e-06,-1.206693320705007e-06,0.0,0.0,0.0,1229351.5132422543,929.2976963679433,"[11146272.098979473, 2850178.5512925936, 64693.116615961175, 59087.30531270802, 22373.416695188665, 455.3108048738341, 9.066790075023079]","[1.4192547281699888, 1.4185863634979674, 1.2016976585008994, 0.99377383525456, 0.735975154878596, 0.0018129369534269411, 0.001527233666581751]",full_rank_local_linearization,3.9150423215073447e-07,4.0349738740734204e-07,313.1181738247401,0.0,2,False,0
12,0.05,0.009,0.0001,zero_drift,0,2026093154,0.0026965025258932677,162,160,drift_aware,True,310.7955766204158,True,2,47,0.022139246089110654,,"[1.050123891493683, -5.816839928577597, 6.7568426734114055, -4.802557767709858, 0.9695855942131922, -4.7105747772008835, -6.437777085829022, -1.1503934580895568e-06, -5.81667157534233]",0.9866526241917961,1.097770826259349,0.039900468738825946,1.158113883008419,False,0.9695855942131922,0.008999603328747125,0.0015999593027693992,-3.298172344123884e-07,-3.96671252874195e-07,-4.407458365268834e-05,-2.5435769125984546e-05,-1.1503934580895568e-06,5.012294053193672e-07,0.0,1373256.5265734107,1005.0326339011594,"[11148747.364430413, 3008364.151497523, 1242418.899931584, 63771.18259168503, 59518.406516904775, 23884.9581938541, 3631.3958033307763, 428.79779386271235, 8.118473969498684]","[1.448363975872114, 1.4212126844456536, 1.2440853433281311, 1.229039388938228, 1.1476644011392356, 0.6639666700445426, 0.257137707018927, 0.00171586009568288, 0.001441111389836277]",full_rank_local_linearization,4.951737965958836e-07,8.696299505896854e-07,310.7955766204158,0.0,2,False,0
12,0.05,0.009,0.0001,zero_drift,0,2026093154,0.0026965025258932677,162,160,extended,True,310.78414624238445,False,0,160,1.3579093236545483,,"[1.050123354372834, -5.81747894588341, 6.756869991808879, -4.790376248989918, 0.9695867146903799, -4.710573830019097, -6.4143560914568685, 5.170136885499557e-06, -5.817318481127913, 0.0034255924145753657]",0.9897584275235174,1.0994851732367557,0.0401661080076018,1.158113883008419,False,0.9695867146903799,0.008999611853011518,0.0016378742098608838,7.906599532869762e-07,-3.8814698848088636e-07,-4.3127443164542934e-05,0.023671381163051886,5.170136885499557e-06,4.774363693278542e-07,0.0034255924145753657,2664162.1173047125,27526.602630839854,"[11148747.836177811, 3008512.1735890564, 1242462.977232534, 404406.40481479315, 63732.9521637305, 24256.834906030093, 3655.5794820863143, 428.80548971111455, 10.302820663805502, 4.18471074405067]","[1.551944755227933, 1.4428093595827138, 1.4168942190279075, 1.2389731238376358, 1.2038054443750172, 0.6639638667261171, 0.27771138939343154, 0.0019334570638425224, 0.001441407567448797, 5.637981468476563e-05]",full_rank_local_linearization,1.9641432311179826e-05,8.733732178909999e-07,310.78414624238445,0.0,0,False,0
13,0.05,0.009,0.0001,zero_drift,1,2026093191,0.0026965025258932677,162,160,unchanged,True,308.7909726163255,True,3,51,0.0027064566286649936,,"[1.0500908347504188, -5.807733066694627, 6.758597723802553, -4.994673403247611, 0.9695856067595906, -4.710511435557343, -6.437760173742163]",0.974104014562541,0.8557101751469718,0.011659764115091443,1.158113883008419,False,0.9695856067595906,0.009000173396467498,0.0015999863616489086,-3.1727083604771167e-07,1.733964674986016e-07,1.926627416651129e-05,-8.523969432583982e-06,0.0,0.0,0.0,1573534.392075706,929.4827556157262,"[11146217.999062752, 2850151.9287789133, 65382.7492644294, 59128.75498422111, 22374.06507284384, 454.85189702753286, 7.0835553739371235]","[1.4192540599784775, 1.418586550336033, 1.20169539684805, 0.9937738496958789, 0.7359797594139977, 0.001812047538908925, 0.0015269288767367258]",full_rank_local_linearization,3.914976517665135e-07,4.034999966408919e-07,308.7909726163255,0.0,3,False,0
13,0.05,0.009,0.0001,zero_drift,1,2026093191,0.0026965025258932677,162,160,drift_aware,True,306.8115918187036,True,2,51,0.007584915498577466,,"[1.0501052785505565, -5.805685126911959, 6.757837198045237, -5.044196860321019, 0.9695859269241556, -4.710428520653456, -6.437722928936497, -7.885162082365944e-07, -5.805948802258448]",0.9740050533927099,0.8563106244600345,0.01823840883459201,1.158113883008419,False,0.9695859269241556,0.009000919675918055,0.0016000459539397616,2.8937289231478758e-09,9.196759180561676e-07,0.00010218621311735196,2.87212123505629e-05,-7.885162082365944e-07,-7.936613949230051e-07,0.0,1747629.2763099272,1005.0577545554279,"[11148650.772847086, 3008367.7173816375, 1242538.8740364057, 64447.031743278705, 59524.37305054898, 23914.534661806145, 3663.474136370327, 428.72535985378033, 6.379299616899967]","[1.4483577409732966, 1.4212118560805116, 1.244057023059292, 1.2289938373501854, 1.147727767770683, 0.6640175409730212, 0.25711795453798286, 0.0017153930052696334, 0.001441069166830075]",full_rank_local_linearization,4.951567399299611e-07,8.696694898665045e-07,306.8115918187036,0.0,2,False,0
13,0.05,0.009,0.0001,zero_drift,1,2026093191,0.0026965025258932677,162,160,extended,True,306.6470963673449,True,2,101,0.008826020275959088,,"[1.0501049765613604, -5.807185450451426, 6.757851140216912, -5.007841430187771, 0.9695872163928885, -4.7104280092510695, -6.414733353828394, 5.0218911464526154e-06, -5.807455631611733, 0.0033628058174462122]",0.9765831094501429,0.8562584630814974,0.01866944293427153,1.158113883008419,False,0.9695872163928885,0.009000924279011033,0.0016372564180943316,1.2923624618244034e-06,9.24279011034132e-07,0.00010269766789268134,0.023285261308956806,5.0218911464526154e-06,-8.120220046309648e-07,0.0033628058174462122,2066049.1132558014,8446.232106074587,"[11148649.940242311, 3008511.714113571, 1242584.6012691013, 404353.1245784594, 64355.03599531845, 24282.377936776797, 3685.6463127616066, 428.72731566743533, 20.979299965602113, 5.396120483638269]","[1.5519495794747118, 1.4428121392232214, 1.41689368988432, 1.2389452120424638, 1.2038017097923932, 0.6640149581856741, 0.2776911774237209, 0.0019350981116410771, 0.0014412571818723863, 0.00018374460469284748]",full_rank_local_linearization,6.3900971462688115e-06,8.698907601944494e-07,306.6470963673449,0.0,1,False,0
14,0.05,0.009,0.0001,allowed_drift,0,2026093228,0.0026965025258932677,162,160,unchanged,False,450674.85064340587,True,2,57,0.526490437180587,log_gr,"[1.0527121856961104, -5.7664687262515315, 6.623565105358867, -9.210340371976178, 0.9697411694827192, -4.6970965902424044, -6.431948657123513]",1421.687226004435,1400.4247714714343,1404.5021136370174,1.158113883008419,True,0.9697411694827192,0.009121722790739096,0.0016093117801453658,0.0001552454522925073,0.00012172279073909692,0.013524754526566325,0.005819862590853187,0.0,0.0,0.0,99873448.61809635,909.0281196763017,"[11139866.518146161, 2810324.911628624, 67889.40797239248, 58633.861568182445, 22281.152277244313, 487.06175277609344, 0.11153982036550701]","[1.4191555117400896, 1.4183756840605428, 1.2039184022762677, 0.9940660190615241, 0.732540407539767, 0.0018430445423902922, 0.0015611788909736263]",full_rank_local_linearization,3.975045945261459e-07,4.1026151523238795e-07,450674.85064340587,0.0,3,False,0
14,0.05,0.009,0.0001,allowed_drift,0,2026093228,0.0026965025258932677,162,160,drift_aware,True,313.34576463616696,True,2,58,0.282544522105102,,"[1.0501282281409978, -5.806963490550399, 6.756629856326082, -5.013850971775043, 0.9695859300255519, -4.710553445902561, -6.437740641274545, 0.0005008082950741252, -5.766086154170618]",0.9947484591624348,1.0231949380658663,0.026371218453736123,1.158113883008419,False,0.9695859300255519,0.008999795304018047,0.0016000176136359192,5.995125285096492e-09,-2.0469598195280159e-07,-2.2743997994755733e-05,1.1008522449060206e-05,0.0005008082950741252,0.00012544606002297572,0.0,1699641.9945764865,1004.6858088224493,"[11144781.71704445, 2959582.8527574125, 1224313.4794150968, 64369.99334794473, 58594.422400831994, 23638.512785462277, 3763.5861662372413, 428.5299489024481, 6.557134827573783]","[1.4466217284412484, 1.4209487194564165, 1.2425162567350934, 1.2228970333393756, 1.1568567434075434, 0.6658443905250928, 0.2592204316837773, 0.0017106936419565304, 0.0014398747506315173]",full_rank_local_linearization,5.002667344266266e-07,8.770003499332949e-07,313.34576463616696,0.0,2,False,0
14,0.05,0.009,0.0001,allowed_drift,0,2026093228,0.0026965025258932677,162,160,extended,True,312.9679371417198,True,2,61,2.0256699987630116,,"[1.0501273777742561, -5.809823536240352, 6.756670769247559, -4.947770124918816, 0.96959033773672, -4.710552146419069, -6.392311532348545, 0.0005125728187039007, -5.768842697211533, 0.006681122859438365]",0.9967131756105726,1.0200978893020607,0.02754803713337779,1.158113883008419,False,0.96959033773672,0.008999806999111078,0.0016743813380519063,4.413706293338038e-06,-1.9300088892164335e-07,-2.144454321351593e-05,0.046488336282440965,0.0005125728187039007,0.00012541105148728554,0.006681122859438365,2041507.5523629375,11384.02593894589,"[11144779.396598402, 2959686.367050616, 1224319.2272051896, 398168.86900466733, 64195.397843554994, 23990.065601064725, 3784.5689217924523, 428.5133071188161, 18.126404398582466, 5.4590929059747575]","[1.5473252879046921, 1.4440823883863367, 1.4169643474781257, 1.2382044144378703, 1.2073678005795738, 0.6658430488276715, 0.2799671657241939, 0.002167180729993616, 0.0014402870010075165, 0.00013592074510399154]",full_rank_local_linearization,1.6226290492694004e-05,8.777234897546528e-07,312.9679371417198,0.0,2,False,0
15,0.05,0.009,0.0001,allowed_drift,1,2026093265,0.0026965025258932677,162,160,unchanged,False,448285.2545200231,True,2,114,1.3096625231393404,log_gr,"[1.0526052774324965, -5.766452768645685, 6.628948443399745, -9.21034037159635, 0.9697409063635013, -4.697083297898982, -6.4320204334367]",1414.1490678865082,1403.2974230062355,1404.4988401066216,1.158113883008419,True,0.9697409063635013,0.00912184404061688,0.0016091962738243768,0.00015498233307464915,0.00012184404061688081,0.01353822673520898,0.005747671140235056,0.0,0.0,0.0,100169238.41369967,909.7995953639219,"[11139619.852518449, 2810341.372900531, 67889.07161259522, 58633.40830644788, 22281.340087911325, 485.7110800757735, 0.11120799188381306]","[1.4191560358021673, 1.4183757598853668, 1.203923361856118, 0.9940656696690091, 0.7325315763323832, 0.0018410607838623084, 0.0015598556462695522]",full_rank_local_linearization,3.9744171856047866e-07,4.102651161763004e-07,448285.2545200231,0.0,3,False,0
15,0.05,0.009,0.0001,allowed_drift,1,2026093265,0.0026965025258932677,162,160,drift_aware,True,304.3195973875625,True,3,62,0.4814109205796567,,"[1.0500130280297508, -5.80413552769992, 6.762712279514574, -5.081499672080311, 0.969586231547764, -4.710576681881021, -6.4378298289008065, 0.0004991643929625406, -5.76325552959117]",0.966093959960516,1.020960165404834,0.04041324749706132,1.158113883008419,False,0.969586231547764,0.008999586187397747,0.00159987491822641,3.0751733737233167e-07,-4.138126022523031e-07,-4.597917802803368e-05,-7.817610849414256e-05,0.0004991643929625406,0.0001258096790460227,0.0,1823755.8144272966,1005.6211273426993,"[11144554.205071557, 2959597.802410203, 1224365.1999285321, 64542.40224863114, 58593.17633562644, 23645.813426967117, 3772.5858396018225, 427.25094747481813, 6.110771034647101]","[1.446626593010201, 1.4209493105650388, 1.2425164660873214, 1.222914374032319, 1.1568276193382772, 0.6658478814026548, 0.25922825929325477, 0.00170898817013736, 0.0014385403743782067]",full_rank_local_linearization,5.002542597228923e-07,8.769729015524154e-07,304.3195973875625,0.0,2,False,0
15,0.05,0.009,0.0001,allowed_drift,1,2026093265,0.0026965025258932677,162,160,extended,True,303.5092557053882,True,2,60,0.18002679706890198,,"[1.0500135248825688, -5.800335112634365, 6.762690603890214, -5.184547974870409, 0.9695881019208596, -4.710576464346138, -6.474829620916094, 0.0004903484224533568, -5.7596012189601495, -0.005336002706590787]",0.9665899863228924,1.0303422364855408,0.04367347586125773,1.158113883008419,False,0.9695881019208596,0.008999588145121884,0.0015417615989011188,2.1778904329972093e-06,-4.1185487811498667e-07,-4.576165312388741e-05,-0.036399000686801186,0.0004903484224533568,0.0001258281090841585,-0.005336002706590787,2400844.1238137996,4405.920723155686,"[11144558.712846152, 2959669.132643006, 1224374.7640833536, 397398.0527540414, 64777.65960117553, 24012.67591644129, 3814.0498113841027, 427.3104599149276, 28.677947732550116, 4.641933477606513]","[1.5485535438875035, 1.4433622916833015, 1.4168942782837546, 1.2382188645596437, 1.206719223433637, 0.6658630693095913, 0.27993310114451214, 0.001492092198900942, 0.0014359712730059187, 0.0003514710411717012]",full_rank_local_linearization,4.07443217399339e-06,8.769444235387955e-07,303.5092557053882,0.0,2,False,0
16,0.05,0.009,0.0001,extra_link,0,2026093302,0.0026965025258932677,162,160,unchanged,False,445576.6800004769,True,2,66,0.6132134011404168,log_gr,"[1.0527467888331548, -5.766440941798165, 6.621828118981707, -9.21034037197481, 0.9697194836850197, -4.69711389100929, -6.501498584507132]",1405.6046687712205,1401.3149367895237,1398.4326134236758,1.158113883008419,True,0.9697194836850197,0.00912156497930463,0.001501187849631021,0.00013355965459305175,0.00012156497930463153,0.013507219922736837,-0.06175759398061224,0.0,0.0,0.0,100926507.29365417,906.4251802557435,"[11141667.73711556, 2823466.3533029277, 67877.88809420817, 57225.753431080906, 22121.925073205406, 488.761713515415, 0.11039387011281326]","[1.418917344390778, 1.4180926934779388, 1.20982260002278, 0.9944893698375319, 0.7231881357341049, 0.001822664048315262, 0.0015653993018932212]",full_rank_local_linearization,3.9554988107602683e-07,4.1139427393374214e-07,445576.6800004769,0.0,3,False,0
16,0.05,0.009,0.0001,extra_link,0,2026093302,0.0026965025258932677,162,160,drift_aware,False,287.54054251649234,True,3,90,2.4174264181465626,,"[1.050099112024444, -5.80496403242618, 6.758172170213746, -5.061693047137807, 0.9695757817736749, -4.710423569992392, -6.507653993955641, 0.00048280460524873284, -5.764519561711565]",0.9128271190999757,1.0452955846001828,0.03185957084794714,1.158113883008419,False,0.9695757817736749,0.009000964236530932,0.0014919758047976157,-1.0142256751777268e-05,9.642365309328604e-07,0.0001071373923258734,-0.06751512200149062,0.00048280460524873284,0.0001243389839533345,0.0,1793200.5565972903,1004.0462348931387,"[11146763.023888368, 2963453.8871701257, 1266218.1206993472, 64490.19187117603, 57164.46481849631, 23520.378152892437, 3848.7423643574557, 428.2189486428902, 6.216127349993714]","[1.4450958316632145, 1.420514409574431, 1.2346385418134291, 1.2152916988702602, 1.1646811640605934, 0.6845098149179233, 0.25986484942483834, 0.0017015050077151493, 0.0014392721982738345]",full_rank_local_linearization,4.854718172677873e-07,8.658385684187878e-07,287.54054251649234,0.0,2,False,0
16,0.05,0.009,0.0001,extra_link,0,2026093302,0.0026965025258932677,162,160,extended,True,283.24197490580985,False,0,160,153.85976381465875,,"[1.0500958200259785, -5.812257532421783, 6.758335918263891, -4.8937844279614175, 0.9696331773631365, -4.710416470597024, -6.336201399786382, 0.000526104193776089, -5.771563751060347, 0.02514077608418534]",0.9020445060694582,1.0323925786712782,0.030329541573637136,1.158113883008419,False,0.9696331773631365,0.009001028138161575,0.0017710168606999094,4.725333270982901e-05,1.0281381615760699e-06,0.00011423757350845222,0.10688553793744286,0.000526104193776089,0.00012421189331415696,0.02514077608418534,2701216.9748356617,25054.494635775663,"[11146757.891329898, 2963710.196356512, 1266224.6959041606, 401110.43807390577, 64045.2069867016, 23910.261649477827, 3861.2151887522746, 428.1409812804607, 20.7424591295235, 4.126568874389681]","[1.5528399467080223, 1.444015649793173, 1.4163026577915527, 1.2284096201397285, 1.20022794882853, 0.6845655549062082, 0.2817979700696032, 0.0037667981524219297, 0.001439820402642117, 6.197849804125366e-05]",full_rank_local_linearization,0.00012847323401586502,8.731330924485963e-07,283.24197490580985,0.0,0,False,0
17,0.05,0.009,0.0001,extra_link,1,2026093339,0.0026965025258932677,162,160,unchanged,False,447804.8771236126,True,2,71,1.0841018565024478,log_gr,"[1.052785744003563, -5.766451419586393, 6.619858326797882, -9.210340371976168, 0.9697197813126004, -4.697185025091734, -6.501510438213539]",1412.6336817779577,1407.446057272437,1398.6351238502407,1.158113883008419,True,0.9697197813126004,0.00912091614822665,0.001501170055096456,0.00013385728217374382,0.00012091614822665013,0.013435127580738905,-0.06176871556471539,0.0,0.0,0.0,100907364.02707234,906.1311220741023,"[11141789.849891968, 2823659.0260659265, 67877.95827729224, 57228.2368438291, 22122.29090240643, 489.2624839024168, 0.11041602322406072]","[1.4189284301089677, 1.4180833802093977, 1.209813156848044, 0.9944882018538793, 0.7232020520545591, 0.0018217280983303442, 0.001565919540277008]",full_rank_local_linearization,3.95782901099504e-07,4.1136453019655677e-07,447804.8771236126,0.0,3,False,0
17,0.05,0.009,0.0001,extra_link,1,2026093339,0.0026965025258932677,162,160,drift_aware,False,289.0197879825153,True,2,49,0.0160623426677383,,"[1.050111427597559, -5.80773842593946, 6.7575104252971485, -4.994846816777263, 0.969575648034261, -4.710645108061088, -6.507737600568127, 0.00048383291121216606, -5.7667241307393855]",0.9175231364524296,1.029696571166848,0.023428063281630947,1.158113883008419,False,0.969575648034261,0.00899897040116095,0.0014918510709690238,-1.0275996165654e-05,-1.0295988390491423e-06,-0.00011439987100546026,-0.06759308064436054,0.00048383291121216606,0.00012577753604597723,0.0,1677067.456423615,1003.9867170222274,"[11146926.444570396, 2963631.6863656123, 1266109.0084861894, 64320.97193659895, 57161.992037933014, 23511.97010958514, 3842.047391198717, 428.3347685261548, 6.646677449899047]","[1.4451028413953066, 1.420516390885552, 1.2346663294026492, 1.2153051268272663, 1.1646663490265656, 0.6844324720186983, 0.2598903302406344, 0.001701743869239693, 0.00143936450243227]",full_rank_local_linearization,4.85478188180897e-07,8.657417321397735e-07,289.0197879825153,0.0,2,False,0
17,0.05,0.009,0.0001,extra_link,1,2026093339,0.0026965025258932677,162,160,extended,True,288.65466793681196,True,2,61,0.036585299555449764,,"[1.0501119218129036, -5.805288559421921, 6.757487609740877, -5.054102670229914, 0.9695771055248792, -4.710645284867532, -6.540897861324522, 0.0004762248140211131, -5.764366695736726, -0.004618295798940924]",0.9192823819643693,1.033463561372038,0.02860210999107688,1.158113883008419,False,0.9695771055248792,0.008998968810085132,0.0014431921307301203,-8.818505547458777e-06,-1.0311899148671144e-06,-0.00011457665720745717,-0.09800491829367519,0.0004762248140211131,0.0001257960456358155,-0.004618295798940924,2107346.306775358,5894.08455246668,"[11146929.15241455, 2963689.1943250215, 1266114.933875754, 400247.93857963925, 64471.16347425435, 23925.634857308527, 3884.4483549795964, 428.3834618487378, 21.251064433621977, 5.289557353044398]","[1.5550313314332442, 1.4428493259204564, 1.4161938925775428, 1.2285034735004243, 1.198912001545116, 0.6844462783960679, 0.28173808323169175, 0.001508909052362395, 0.0014372754567527758, 0.0002638291523630183]",full_rank_local_linearization,4.782784487397799e-06,8.656793041169928e-07,288.65466793681196,0.0,1,False,0
18,0.05,0.009,0.001,zero_drift,0,2026093376,0.026965025258932674,162,160,unchanged,True,325.6466194431918,True,2,97,3.933528228190253,,"[1.050278184397302, -5.78904278073493, 6.748705157571331, -5.591065274378609, 0.9695922740775843, -4.711351884919485, -6.437807426075747]",1.0272764020289962,0.9233746355389943,0.025593246600987524,1.158113883008419,False,0.9695922740775843,0.008992612384246288,0.0015999107603458004,6.35004715765497e-06,-7.3876157537112325e-06,-0.0008208461948568036,-5.577478387521208e-05,0.0,0.0,0.0,2840532.1794909234,928.0328634961635,"[1114970.308976008, 285263.2216322773, 6653.084245879357, 5921.893141145847, 2238.0916499912605, 45.72268702775236, 0.3925216257102328]","[1.4192666347315979, 1.4185982373526829, 1.2015683448096233, 0.9937572610667921, 0.7361627856374713, 0.00181481248904862, 0.001529327991020509]",full_rank_local_linearization,3.911520229333488e-06,4.030870302982575e-06,325.6466194431918,0.0,3,False,0
18,0.05,0.009,0.001,zero_drift,0,2026093376,0.026965025258932674,162,160,drift_aware,True,319.53339838127374,True,2,42,0.08133438229485644,,"[1.0505121778073483, -5.827291070333631, 6.736334417512911, -4.630857353474331, 0.9695868824651713, -4.7099405997843045, -6.437154507173184, 1.5427431467781266e-05, -5.8319376238275344]",1.0143917408929326,0.9322288341339243,0.045220312331425545,1.158113883008419,False,0.9695868824651713,0.009005312484053724,0.00160095571342133,9.584347446800479e-07,5.312484053724559e-06,0.0005902760059693955,0.0005973208883308479,1.5427431467781266e-05,-1.3657210066587207e-05,0.0,1146009.7728694042,1001.959489564586,"[1115164.3964474378, 301144.72507006256, 124377.44415277001, 6316.749662917192, 5960.389966249544, 2388.448066358963, 358.65896622076133, 43.315798707958734, 0.9730845432977985]","[1.4483802585312548, 1.4212210554478102, 1.2440046296187295, 1.2288687114007815, 1.1479048334935846, 0.6640508867387797, 0.2569150996946648, 0.0017218827693912097, 0.001445547722853213]",full_rank_local_linearization,4.948161881619724e-06,8.693867259010201e-06,319.53339838127374,0.0,2,False,0
18,0.05,0.009,0.001,zero_drift,0,2026093376,0.026965025258932674,162,160,extended,True,319.3294805642428,False,0,160,355.6125011243064,,"[1.0505224539768394, -5.840744990700548, 6.735766188483749, -4.438748562512167, 0.9696613318615726, -4.709964309216805, -6.642850552387595, -4.430749086922745e-05, -5.845350256152244, -0.02833246057032725]",1.0169728680389898,0.9305167831485228,0.04579603742370605,1.158113883008419,False,0.9696613318615726,0.009005098975736325,0.0013033067993859745,7.540783114590166e-05,5.098975736325326e-06,0.0005665528595917029,-0.18543325038376632,-4.430749086922745e-05,-1.335524045839847e-05,-0.02833246057032725,1355256.054157949,8958.967724988017,"[1115161.1036932657, 301158.11590854934, 124384.00146770458, 40533.53515810192, 6239.332220654662, 2423.2819377629894, 357.2607983909223, 43.301901531291556, 2.6739519653943775, 0.822841632230258]","[1.5561735091561584, 1.4403036080873985, 1.4165333273247769, 1.2389113229723314, 1.2017407459709482, 0.6642772880812489, 0.27735910080065285, 0.0025035561925087976, 0.0014448427284928598, 0.00017370009100666113]",full_rank_local_linearization,0.0005089325744451696,8.723350436870175e-06,319.3294805642428,0.0,0,False,0
19,0.05,0.009,0.001,zero_drift,1,2026093413,0.026965025258932674,162,160,unchanged,True,348.8286326459949,True,2,97,0.04913362080658735,,"[1.0496285220848878, -5.816615832803126, 6.783163278140176, -4.79467045003406, 0.9695887383016927, -4.7101523461413946, -6.437995639585168]",1.1004057812176495,1.1243725175125932,0.0139066579802681,1.158113883008419,False,0.9695887383016927,0.009003405843809955,0.0015996096638629378,2.8142712660272906e-06,3.4058438099556637e-06,0.00037842708999507376,-0.00024396008566432154,0.0,0.0,0.0,1304978.655471693,933.1458090842693,"[1114399.1415688305, 284926.6712458108, 6485.782620735638, 5908.095486826852, 2237.1663922006423, 44.9197748539317, 0.8539596696821249]","[1.4192548778774985, 1.418582932224809, 1.2017741583834252, 0.9937782927378879, 0.7358505703315139, 0.0018050050457576654, 0.0015209358109535595]",full_rank_local_linearization,3.916410283494578e-06,4.036615873601774e-06,348.8286326459949,0.0,2,False,0
19,0.05,0.009,0.001,zero_drift,1,2026093413,0.026965025258932674,162,160,drift_aware,True,344.6751187873493,True,4,57,0.009174914482654698,,"[1.0494560872669807, -5.7828031904217925, 6.792423432949901, -5.871448213408254, 0.9695935526177022, -4.711194127015817, -6.438479456534054, -1.3619756614048257e-05, -5.779534561206358]",1.0942067263090454,1.113291241465602,0.027376375813539456,1.158113883008419,False,0.9695935526177022,0.008994031151832478,0.0015988359327831565,7.628587275543275e-06,-5.968848167520885e-06,-0.0006632053519467651,-0.0007275420105276139,-1.3619756614048257e-05,1.0084075991835268e-05,0.0,4061782.9302018997,1010.4472889960189,"[1114683.9827834817, 300715.1603281842, 124187.8563467566, 6587.887962770079, 5947.312378318612, 2396.0233971727484, 374.647964053275, 42.15379201829424, 0.27443218949370934]","[1.4484008175212748, 1.4212142001931152, 1.2441935581671812, 1.229288451641305, 1.1472672206927548, 0.6638433452424723, 0.2572985330415007, 0.001705560688670823, 0.0014334254080293559]",full_rank_local_linearization,4.9531516402172735e-06,8.695398413917013e-06,344.6751187873493,0.0,2,False,0
19,0.05,0.009,0.001,zero_drift,1,2026093413,0.026965025258932674,162,160,extended,True,344.4495949306271,True,2,134,0.006698131690861531,log_gr,"[1.0494552568462254, -5.766441269893222, 6.792472970205749, -9.210339439617343, 0.969599469267952, -4.711186695451345, -6.509823860703889, -2.639460518371734e-05, -5.763226723262895, -0.010250825786205108]",1.0969732322631436,1.1095660593339751,0.028207901471471286,1.158113883008419,False,0.969599469267952,0.008994097991803212,0.0014887419259215595,1.354523752539194e-05,-5.902008196787337e-06,-0.0006557786885319263,-0.06953629629902573,-2.639460518371734e-05,1.0080552208164163e-05,-0.010250825786205108,136199937.90526912,1667.2146767314402,"[1114686.2884160802, 300729.909372896, 124193.9157676067, 40137.136129434395, 6695.486493175, 2436.6498226590966, 382.89288134091976, 42.166596369120455, 7.412441909699628, 0.008184190870860572]","[1.5540274773465161, 1.4415646530440431, 1.4167587444703462, 1.2390415549074707, 1.202726860791941, 0.6638674979885213, 0.2778194802321752, 0.0014489410022858816, 0.0014309136159113146, 0.0009321100030100343]",full_rank_local_linearization,2.747089375351299e-05,8.69754411782811e-06,344.4495949306271,0.0,1,False,0
20,0.05,0.009,0.001,allowed_drift,0,2026093450,0.026965025258932674,162,160,unchanged,False,4730.512918630226,True,3,74,0.0067942130014189755,log_gr,"[1.0527093415621676, -5.76647718945806, 6.623602096647819, -9.21034037129183, 0.969736820724337, -4.697705722484392, -6.432028019406963]",14.92275368653068,15.1039202591857,14.085849493780486,1.158113883008419,True,0.969736820724337,0.009116168147212764,0.001609184066555599,0.00015089669391032956,0.00011616814721276437,0.012907571912529376,0.0057400415972489,0.0,0.0,0.0,99826084.16944335,908.9890684270873,"[1113953.4683514351, 281203.86489536933, 6788.785074129621, 5866.18473067693, 2228.525039180298, 48.70759334392371, 0.011158941849913962]","[1.4191541449412617, 1.4183942474423419, 1.203812426615742, 0.9940516973360781, 0.7327006881601339, 0.0018440045291980363, 0.0015612444574245132]",full_rank_local_linearization,3.969879163220603e-06,4.099531265272441e-06,4730.512918630226,0.0,3,False,0
20,0.05,0.009,0.001,allowed_drift,0,2026093450,0.026965025258932674,162,160,drift_aware,True,327.49666313415287,True,3,51,0.9270678910156209,,"[1.0501327060503978, -5.794720023171632, 6.7563002431970425, -5.363228547407051, 0.9695838099381597, -4.711151217158843, -6.437813721787303, 0.0004942551261442506, -5.754364858815648]",1.039671946457628,1.0231250336101456,0.024958287498344067,1.158113883008419,False,0.9695838099381597,0.008994417092703101,0.0015999006878008454,-2.1140922669138362e-06,-5.582907296897838e-06,-0.0006203230329886487,-6.20701244720932e-05,0.0004942551261442506,0.00012533624281393842,0.0,2407465.161753949,1004.4052960694188,"[1114447.7974893022, 296153.0007569238, 122449.87896673086, 6512.761104412433, 5862.5269724477685, 2367.657054308928, 380.1434200396588, 42.87699592261933, 0.4629133643111063]","[1.446683265908566, 1.4209648454680606, 1.2426295285817504, 1.2229631006854451, 1.1567321305197849, 0.6655582884990376, 0.2592247793976365, 0.0017108910688384844, 0.001440338149918098]",full_rank_local_linearization,5.001467749510195e-06,8.765281366728229e-06,327.49666313415287,0.0,2,False,0
20,0.05,0.009,0.001,allowed_drift,0,2026093450,0.026965025258932674,162,160,extended,True,326.8381740387896,False,0,160,854.6640887576767,,"[1.0501252153091711, -5.80884812861663, 6.756679182869096, -4.969981052885339, 0.9699274866332851, -4.711122546700248, -6.052284440965255, 0.000601872440088695, -5.768006419355081, 0.06180769362020936]",1.0408859045821324,1.0252009450835906,0.026754858119346404,1.158113883008419,False,0.9699274866332851,0.008994674970462661,0.0023524817577023674,0.0003415626028584473,-5.325029537338322e-06,-0.0005916699485931469,0.470301098563979,0.000601872440088695,0.00012509849048938102,0.06180769362020936,3200296.954344826,35149.17129137887,"[1114446.6209511298, 296252.68662755965, 122452.92504522612, 40027.45565246256, 6425.216346765003, 2399.567563407288, 378.8623861518915, 42.859694276090806, 3.6529855173846317, 0.34823225370949445]","[1.5428570358416869, 1.446011611090279, 1.417093911410037, 1.2381903608926963, 1.210501644899407, 0.6660252169877598, 0.2800188480996031, 0.007457168178674654, 0.001440638800402502, 4.389454940634994e-05]",full_rank_local_linearization,0.004467834892970511,9.168317328942309e-06,326.8381740387896,0.0,0,False,0
21,0.05,0.009,0.001,allowed_drift,1,2026093487,0.026965025258932674,162,160,unchanged,False,4798.90314061626,True,2,117,0.016806309907414343,log_gr,"[1.0526282627295611, -5.766707061419195, 6.627821553547829, -9.21034037197583, 0.9697355593771444, -4.69632224031237, -6.4321307918071575]",15.138495711723218,15.857163329271293,14.074677306212198,1.158113883008419,True,0.9697355593771444,0.009128788931623664,0.001609018695344668,0.00014963534671774692,0.00012878893162366484,0.014309881291518316,0.005636684590417012,0.0,0.0,0.0,100189703.0327724,909.9741659289649,"[1114435.958554242, 280850.9106575604, 6789.923812200694, 5860.158928258209, 2227.8375161260597, 48.601771204003335, 0.01112325842696336]","[1.419140011084158, 1.418355852408104, 1.2040500288717944, 0.9940891634653595, 0.7323610791807774, 0.0018399658243862201, 0.0015595387915605288]",full_rank_local_linearization,3.978623511510667e-06,4.105983922506226e-06,4798.90314061626,0.0,3,False,0
21,0.05,0.009,0.001,allowed_drift,1,2026093487,0.026965025258932674,162,160,drift_aware,True,341.4981785180226,True,2,116,0.00026196987521860194,log_gr,"[1.0498401851682393, -5.766849143010046, 6.7719467010449454, -9.210340359359023, 0.969583515492189, -4.711003080607551, -6.438493404941738, 0.000493437772458828, -5.723906844088222]",1.084121201644516,0.9998489174033818,0.041263915907598446,1.158113883008419,False,0.969583515492189,0.008995749593325686,0.0015988136317232786,-2.408538237630431e-06,-4.250406674313062e-06,-0.00047226740825700693,-0.0007414801729512982,0.000493437772458828,0.00013731965391640616,0.0,113729821.01408641,1007.1641837165488,"[1114969.7939569117, 295720.6772491653, 122346.91475550394, 6697.065624560489, 5853.141244578848, 2373.2464429512315, 389.8630200873655, 42.560038171558006, 0.009803671403112585]","[1.4465436218561436, 1.4209315575122228, 1.2425002135018959, 1.2228179497669545, 1.1570069011143218, 0.6658961029713343, 0.259397345791121, 0.001704435677845922, 0.0014362540340922723]",full_rank_local_linearization,5.004686625650837e-06,8.771481897172548e-06,341.4981785180226,0.0,1,False,0
21,0.05,0.009,0.001,allowed_drift,1,2026093487,0.026965025258932674,162,160,extended,True,340.48789222429446,False,0,160,50.29689903038061,,"[1.0498355292269455, -5.795280048083722, 6.772179487894159, -5.347167940091468, 0.9697628880530774, -4.710982385778509, -6.156424567195557, 0.000563147535059478, -5.751144707083463, 0.044141052881412554]",1.0843563446633582,1.012358938740485,0.044973652970773895,1.158113883008419,False,0.9697628880530774,0.008995935760751965,0.0021198190087039852,0.00017696402265077182,-4.064239248034382e-06,-0.00045158213867048695,0.32488688043999014,0.000563147535059478,0.00013726109410702476,0.044141052881412554,3002585.069808774,13427.449176936922,"[1114966.4891899773, 295773.98958450375, 122348.21736797426, 39804.96901279639, 6512.477937438172, 2400.642142028044, 384.1207412836266, 42.53821252749152, 4.426775260940757, 0.3713355203158278]","[1.5440295560662745, 1.4455802651825738, 1.4170714234557893, 1.238102814759301, 1.2095426483006995, 0.6661298597111301, 0.28022081256339504, 0.0056780031309790644, 0.0014363235797526048, 0.00011499053436882935]",full_rank_local_linearization,0.0012207345344347614,8.883309698047761e-06,340.48789222429446,0.0,0,False,0
22,0.05,0.009,0.001,extra_link,0,2026093524,0.026965025258932674,162,160,unchanged,False,5052.934220722592,True,3,118,3.936121151081223,log_gr,"[1.0522271840723534, -5.766597285684905, 6.648051617009085, -9.210340371583118, 0.969724334940002, -4.697463701886659, -6.501843130919468]",15.939855585875684,15.835447591400499,14.017488202464913,1.158113883008419,True,0.969724334940002,0.009118374714683408,0.0015006707098376346,0.0001384109095753372,0.00011837471468340889,0.013152746075934323,-0.06208080635147881,0.0,0.0,0.0,102292171.98693332,910.5185767167209,"[1114477.235430882, 282497.982864962, 6788.680210838065, 5724.753604452415, 2212.774865905795, 48.22472729866684, 0.010895039315161321]","[1.4189299551401053, 1.418095831344528, 1.209788551702221, 0.9944806919998095, 0.7232261653635255, 0.001814976081119054, 0.0015583756239841778]",full_rank_local_linearization,3.953860402072829e-06,4.111575146261775e-06,5052.934220722592,0.0,3,False,0
22,0.05,0.009,0.001,extra_link,0,2026093524,0.026965025258932674,162,160,drift_aware,False,298.68392083319407,True,2,87,0.00044774371677137057,log_gr,"[1.0498114451949174, -5.766721286803588, 6.773326996799585, -9.210339812445167, 0.9695767557239144, -4.709299402176919, -6.507266130594058, 0.0005013757226871793, -5.7321957453726275]",0.9482029232799811,1.1313805411832676,0.06066852140114768,1.158113883008419,False,0.9695767557239144,0.009011088520464727,0.0014925545997880943,-9.168306512208346e-06,1.1088520464727983e-05,0.0012320578294142204,-0.06715337513244149,0.0005013757226871793,0.00010995220936499059,0.0,114313398.28963757,1006.1790617324178,"[1114940.8545456172, 296545.02668400644, 126796.69303697586, 6695.997266848174, 5724.256580168262, 2365.102588036024, 395.5277820339622, 42.53480932863568, 0.009753369869389019]","[1.4450778497088113, 1.4205156006256041, 1.2344185671734118, 1.2148256157318373, 1.1652642102248305, 0.6848637406970343, 0.25963627909986287, 0.0016964615853128629, 0.0014362034598699627]",full_rank_local_linearization,4.849609889579947e-06,8.657970508017972e-06,298.68392083319407,0.0,1,False,0
22,0.05,0.009,0.001,extra_link,0,2026093524,0.026965025258932674,162,160,extended,True,298.36237789764243,True,2,110,0.050323457845040845,,"[1.0498096056640025, -5.785508453303046, 6.773418203021624, -5.745564229798387, 0.9696145857735344, -4.709297430357677, -6.3733253677500095, 0.0005289805018850461, -5.750334297707556, 0.019509630804002087]",0.9501986557249759,1.1305458979398335,0.06154529064417167,1.158113883008419,False,0.9696145857735344,0.009011106288719982,0.0017064751225982272,2.866174310778291e-05,1.110628871998226e-05,0.001234032079998029,0.06654695162389151,0.0005289805018850461,0.00010996883975718632,0.019509630804002087,4245675.530975919,5808.651032789217,"[1114938.625749051, 296560.62342331477, 126796.87458679764, 40031.66321943093, 6572.76497692012, 2400.2833425018016, 393.1502898563962, 42.52282968235534, 5.119986210757355, 0.2626057072931264]","[1.5532629717761814, 1.4439041546157383, 1.4162808773433189, 1.2282190569383333, 1.1999013499428939, 0.684901558085383, 0.28155828147114315, 0.003280778576387092, 0.0014362090659252812, 0.00026740511058560363]",full_rank_local_linearization,0.00023195560272561285,8.668829467719833e-06,298.36237789764243,0.0,1,False,0
23,0.05,0.009,0.001,extra_link,1,2026093561,0.026965025258932674,162,160,unchanged,False,4724.681347611446,True,2,125,0.005354753435367681,log_gr,"[1.0528197396337708, -5.766382789524751, 6.618226471423753, -9.21034037197618, 0.9697207728400371, -4.697281886324091, -6.501246091216979]",14.904357563443046,15.57253985988047,13.991462938834669,1.158113883008419,True,0.9697207728400371,0.009120032727833596,0.001501566937346851,0.00013484880961045498,0.0001200327278335963,0.013336969759288478,-0.061520664158218594,0.0,0.0,0.0,100769678.74280898,905.8654575350846,"[1114094.1170153897, 282378.125660236, 6787.761949950764, 5723.543675677681, 2212.278895659099, 48.9652217004383, 0.01105584666850883]","[1.418929031290346, 1.4180880293979816, 1.2097754392949116, 0.9944841523141638, 0.7232604128466261, 0.0018231781976122084, 0.001566379443533854]",full_rank_local_linearization,3.956776899260408e-06,4.113254797127782e-06,4724.681347611446,0.0,3,False,0
23,0.05,0.009,0.001,extra_link,1,2026093561,0.026965025258932674,162,160,drift_aware,False,366.04567910321936,True,2,51,0.001777223457796824,,"[1.0502336379403072, -5.7869435935283455, 6.751167173995917, -5.672294409958014, 0.9695790770330209, -4.710237693087808, -6.507225163398805, 0.000477561929157499, -5.748237137752898]",1.1620497749308552,0.9626810107735284,0.018915390295147057,1.158113883008419,False,0.9695790770330209,0.009002637463403794,0.0014926157468163122,-6.846997405718369e-06,2.6374634037942823e-06,0.00029305148931047583,-0.06711515823980528,0.000477561929157499,0.00012105363830639372,0.0,3286758.2759412643,1002.6557031667609,"[1114596.317380984, 296389.9507396651, 126630.31993561181, 6561.647778049198, 5718.755379542259, 2357.410783013498, 390.0473715974435, 42.99062461928315, 0.33911721635865816]","[1.4451154295565263, 1.4205178528038178, 1.234667203448759, 1.2153823641539656, 1.1645628863890352, 0.6844704747965982, 0.2598105178194026, 0.0017032473937078196, 0.0014412877969898466]",full_rank_local_linearization,4.8547233862322185e-06,8.658825300136427e-06,366.04567910321936,0.0,1,False,0
23,0.05,0.009,0.001,extra_link,1,2026093561,0.026965025258932674,162,160,extended,True,357.9980035983218,True,2,91,0.0005059983340922151,log_gr,"[1.0502404909854859, -5.766514173937736, 6.750813301484504, -9.210340230975927, 0.9698187485217444, -4.710106680497686, -6.935672329273187, 0.00041432426516711557, -5.728705380299226, -0.05412388507709193]",1.140121030567904,0.9511053105628264,0.041316411004555825,1.158113883008419,False,0.9698187485217444,0.009003816999521153,0.0009724690294786862,0.0002328244913177846,3.81699952115358e-06,0.0004241110579059534,-0.3922068565758214,0.00041432426516711557,0.00012063226373842158,-0.05412388507709193,133141378.43157017,5692.90061751939,"[1114598.6000547016, 296459.2585890215, 126638.73898643666, 39937.26100499819, 6695.39846368687, 2403.004793668333, 400.3125829657717, 43.0110876499736, 5.935121189630289, 0.008371541688878974]","[1.5601877844149215, 1.4395548897837775, 1.415728253196492, 1.2285123792615757, 1.1965048333721382, 0.6849478666907695, 0.28135880782252315, 0.004931223187485794, 0.0014410370318792241, 0.0002740584965796845]",full_rank_local_linearization,0.0006106360053763758,8.701277916828609e-06,357.9980035983218,0.0,1,False,0
24,0.2,0.003,0.0001,zero_drift,0,2026093598,0.0026965025258932677,162,160,unchanged,True,295.26589789198016,True,4,117,0.008296897784511698,,"[1.0500977085991179, -5.80934871506222, 6.758219097858169, -4.9574824030094975, 0.9695861183005348, -5.809183725778657, -3.6651533500978744]",0.9314381636970983,1.0805191900753388,0.031350857425205804,1.158113883008419,False,0.9695861183005348,0.0029998777960951453,0.025600245182582,1.9427010811146062e-07,-1.2220390485477572e-07,-4.073463495159191e-05,9.57744460887248e-06,0.0,0.0,0.0,234693.9752264193,997.8461661296088,"[12223998.473999113, 7188666.655292867, 586822.6303130612, 68502.67691414233, 21559.352951622517, 475.8355848670974, 52.08484138634619]","[1.5111332651770744, 1.4767072525495484, 1.0839475632789097, 0.9050357486482754, 0.7359530037534465, 0.012280136286268417, 0.0015143950204653043]",full_rank_local_linearization,1.5165147988019217e-07,1.4731193402407584e-07,295.26589789198016,0.0,3,False,0
24,0.2,0.003,0.0001,zero_drift,0,2026093598,0.0026965025258932677,162,160,drift_aware,True,292.7213471851552,True,2,153,0.005450551965432314,,"[1.0500984766191608, -5.808046817044652, 6.758180526075739, -4.987328431189142, 0.9695889902400405, -5.809177734277297, -3.6651531685102903, -5.7141404677458375e-06, -5.808050448818216]",0.9292741180481118,1.0908834271889518,0.03948263976323518,1.158113883008419,False,0.9695889902400405,0.002999895769920885,0.025600249831269097,3.066209613877824e-06,-1.04230079114951e-07,-3.474335970498366e-05,9.759033948655974e-06,-5.7141404677458375e-06,-1.0907250592301354e-08,0.0,341336.46701774513,1115.4432240675999,"[12431262.655049236, 7905081.904595777, 586937.0587565886, 353293.85737131146, 64301.400445290885, 31506.585718177634, 1141.3012548296056, 474.70921883346494, 36.41938045372389]","[1.687495528461919, 1.5240270075131515, 1.2931327714243457, 1.2011359598616034, 0.841039754009643, 0.06909573911697224, 0.05078543140546278, 0.008776414293583458, 0.0015128475318611561]",full_rank_local_linearization,1.8069100262731132e-06,1.8396428563665884e-06,292.7213471851552,0.0,3,False,0
24,0.2,0.003,0.0001,zero_drift,0,2026093598,0.0026965025258932677,162,160,extended,True,321.6591622047112,True,3,155,11.74424957462282,,"[1.0501749023175997, -5.770598876753527, 6.754171274708309, -7.179178053808641, 0.9698933802852948, -5.809358467733544, -3.768566435729346, -0.0004481217970717035, -5.7702644216060355, -0.058627376546733605]",1.0243922363207363,1.3038182380683927,0.18077626227099003,1.158113883008419,True,0.9698933802852948,0.0029993536373822257,0.023085133600064863,0.00030745625486816586,-6.463626177743292e-07,-0.0002154542059247764,-0.0982369687474667,-0.0004481217970717035,1.0429686706529481e-06,-0.058627376546733605,13408266.363601668,39635.75280712198,"[12433559.509449208, 7911352.256101979, 1150596.718423654, 353382.05250526726, 66686.77660700663, 32082.958790428507, 1163.3283185141108, 474.64306737433094, 263.44123295849937, 0.9273055272232347]","[1.8154537223205582, 1.527627182677894, 1.2955122937501493, 1.2887243872797534, 1.0116974955392777, 0.0707087262379953, 0.050738228281801245, 0.014565066646352116, 0.0015052270558008336, 4.5803437395399924e-05]",full_rank_local_linearization,0.00014242590629369204,1.841102915376118e-06,321.6591622047112,0.0,1,False,0
25,0.2,0.003,0.0001,zero_drift,1,2026093635,0.0026965025258932677,162,160,unchanged,True,302.84632268422484,True,2,144,0.0074532716508394796,,"[1.0500672381022902, -5.807811651157474, 6.759846555713032, -4.99333161610704, 0.9695858628318627, -5.809201284215461, -3.665163369999929]",0.9553511756600153,0.8567328643149853,0.033724373081379384,1.158113883008419,False,0.9695858628318627,0.002999825123392869,0.0255999886719178,-6.119856399422474e-08,-1.7487660713098874e-07,-5.829220237699624e-05,-4.425032114005205e-07,0.0,0.0,0.0,243409.56827888405,998.1619979884223,"[12224817.234092535, 7188918.79225568, 586863.3880179579, 68606.3928774667, 21560.1852363237, 475.3840808244283, 50.22324027988117]","[1.5111113126759528, 1.4767030347974948, 1.0839357608976803, 0.9050427662462533, 0.7360153517848047, 0.012276615886230345, 0.001513893852622388]",full_rank_local_linearization,1.5163784141831636e-07,1.4730285448329228e-07,302.84632268422484,0.0,3,False,0
25,0.2,0.003,0.0001,zero_drift,1,2026093635,0.0026965025258932677,162,160,drift_aware,True,299.97808632320016,True,3,52,3.64178696345638,,"[1.0500644912587622, -5.808736861037304, 6.759990470671508, -4.971853338720341, 0.9695838871936873, -5.809985871301972, -3.6651663637380794, 3.8678821018944e-06, -5.807931886886651]",0.9523113851530164,0.8722078001061512,0.03928582618731542,1.158113883008419,False,0.9695838871936873,0.0029974724224093568,0.025599912032369786,-2.036836739383041e-06,-2.5275775906432804e-06,-0.0008425258635477601,-3.4362355556740304e-06,3.8678821018944e-06,2.4168760527206942e-06,0.0,336317.3659866747,1115.824241829404,"[12432120.71814807, 7905633.901364344, 586952.2581271944, 353176.7350879021, 64264.66217714353, 31497.871206384265, 1140.9428737361372, 474.29257136723123, 36.96544387969739]","[1.6874700622016494, 1.5240241827203718, 1.293137644521543, 1.2011479885142344, 0.8410735868745614, 0.06906837922756272, 0.05078472699295432, 0.00877647693454661, 0.0015123081207081743]",full_rank_local_linearization,1.8069236015443648e-06,1.8396294614166989e-06,299.97808632320016,0.0,3,False,0
25,0.2,0.003,0.0001,zero_drift,1,2026093635,0.0026965025258932677,162,160,extended,True,322.6684386272976,True,3,159,60.26173038802963,,"[1.0501467617056839, -5.771650111170117, 6.755670613770801, -6.982113977211838, 0.9699343780803609, -5.810164359631174, -3.776334681440144, -0.0004705500067789592, -5.770524131136162, -0.06292343388114448]",1.0276064924436228,1.0983195964861276,0.1756448467892045,1.158113883008419,False,0.9699343780803609,0.002996937456308875,0.022906497353446915,0.00034845404993422147,-3.0625436911249637e-06,-0.0010208478970416546,-0.10521494713098027,-0.0004705500067789592,3.5089681095809393e-06,-0.06292343388114448,10064138.934074644,43748.85724260519,"[12434413.005614294, 7911877.618898086, 1149296.219323914, 353257.1836653903, 66622.78825176368, 32067.638828154257, 1162.7607223474195, 474.25028863586414, 243.0057016652243, 1.23551682732782]","[1.8172359242692842, 1.5278994081546222, 1.293772208743269, 1.2883489261023513, 1.010736172668989, 0.07116075086014964, 0.050729438885799207, 0.016134053954550615, 0.0015039959390113677, 4.153790610328339e-05]",full_rank_local_linearization,0.0001683765260857387,1.8408562605906248e-06,322.6684386272976,0.0,1,False,0
26,0.2,0.003,0.0001,allowed_drift,0,2026093672,0.0026965025258932677,162,160,unchanged,False,8279180.545202673,True,2,55,995.2493282735475,log_gr,"[1.0560450167184752, -5.765999963937736, 6.460272871204497, -9.21034037197618, 0.9736313828475386, -5.2961821239827955, -3.66088939887557]",26117.28878612831,25864.165638733004,25834.0554111214,1.158113883008419,True,0.9736313828475386,0.005010687619095176,0.025709636433058288,0.0040454588171119354,0.002010687619095176,0.6702292063650586,0.004282673166338924,0.0,0.0,0.0,19751711.275279827,925.4994256263096,"[11378766.552110603, 4845870.882832641, 385691.4305074977, 68807.29222208295, 23603.059859640493, 529.7457674411062, 0.5760901621902327]","[1.460007787643399, 1.444411161857176, 1.1114522658919967, 0.9557413776581178, 0.7957417247700471, 0.008863071808387283, 0.0015775350553625396]",full_rank_local_linearization,2.2455810939174783e-07,2.2476725732755709e-07,8279180.545202673,0.0,3,True,27
26,0.2,0.003,0.0001,allowed_drift,0,2026093672,0.0026965025258932677,162,160,drift_aware,True,274.3405770348874,True,2,88,0.009388833865134349,,"[1.0500710252092027, -5.807306517716818, 6.759647949259662, -5.003803558117388, 0.9695866278941981, -5.809032780908178, -3.665161719278605, 0.007998740427675927, -5.297314735121141]",0.8709224667774204,0.9731902773590445,0.018415058692982805,1.158113883008419,False,0.9695866278941981,0.003000330646437386,0.025600030930399875,7.038637714895657e-07,3.3064643738603405e-07,0.00011021547912867802,1.208218744643647e-06,0.007998740427675927,0.0019995011913117415,0.0,449043.0534094063,1057.679943921954,"[11399307.845815806, 5425284.013802182, 411436.01755341137, 257205.8475676879, 64345.54650160447, 27938.618795244503, 1322.2770071529578, 453.0086745607842, 25.385779290572184]","[1.5846061777475944, 1.487288303920681, 1.3338559649653037, 1.2751906371647033, 0.9264285527948336, 0.09264050469360856, 0.06941246450449706, 0.006434650861093726, 0.001498190626430676]",full_rank_local_linearization,2.050641872388367e-06,2.0919262087102604e-06,274.3405770348874,0.0,3,True,28
26,0.2,0.003,0.0001,allowed_drift,0,2026093672,0.0026965025258932677,162,160,extended,True,274.339343736527,True,2,8,0.005881620063739834,,"[1.0500713122448169, -5.807547397132102, 6.759632428596885, -4.998118983527267, 0.9695866403496062, -5.809034565978434, -3.6655634522930676, 0.007996953948580555, -5.297458252403904, -0.0002336440581344576]",0.873692177504863,0.9734459506876416,0.01838288748159609,1.158113883008419,False,0.9695866403496062,0.003000325290641171,0.025589748618314274,7.163191795278578e-07,3.2529064117109083e-07,0.00010843021372369695,-0.00040044459709913605,0.007996953948580555,0.0019995068159878553,-0.0002336440581344576,1860283.5212000136,10581.87167062912,"[11399409.418881712, 5428365.010399333, 780715.5774471463, 269406.7289817415, 64330.80879205586, 27935.765446200556, 1329.653888886945, 454.4141174651653, 318.546282243819, 6.127780679112984]","[1.6552707209902449, 1.48730762505213, 1.3806294859181032, 1.3338364046288647, 1.1615876445610671, 0.09264849924273011, 0.06946009404732012, 0.006400194962740617, 0.0014983177815506706, 0.00015642513654598447]",full_rank_local_linearization,2.1090165922149178e-06,2.097881618684058e-06,278.2767414178283,3.93739768130132,1,True,28
27,0.2,0.003,0.0001,allowed_drift,1,2026093709,0.0026965025258932677,162,160,unchanged,False,8269390.010657854,True,2,116,77.46620190151164,log_gr,"[1.056076828949724, -5.766030099428478, 6.458754474425725, -9.21034037197618, 0.9736318786458621, -5.2961866849286405, -3.660878241499023]",26086.40381910995,25838.497571841603,25836.203243541488,1.158113883008419,True,0.9736318786458621,0.005010664765672416,0.025709923286753124,0.004045954615435443,0.0020106647656724158,0.6702215885574719,0.004293878388793443,0.0,0.0,0.0,19737615.497687787,925.2848538079011,"[11379243.533598155, 4845953.94551642, 385697.86137985793, 68808.13555406583, 23603.353434964323, 530.1790618396018, 0.5765257477495802]","[1.4600042093009913, 1.4444089564377456, 1.1114541605951243, 0.9557446748528203, 0.7957456704748087, 0.008864475939353559, 0.001577897015489355]",full_rank_local_linearization,2.2455328075338419e-07,2.2476287755168978e-07,8269390.010657854,0.0,3,False,0
27,0.2,0.003,0.0001,allowed_drift,1,2026093709,0.0026965025258932677,162,160,drift_aware,True,322.5727033200348,True,2,123,0.0037318274827753935,,"[1.0501022596819807, -5.810536264826716, 6.757986765916953, -4.931429231336786, 0.9695872291374434, -5.809043971860786, -3.665151208972589, 0.007998479672143937, -5.2992384352304045]",1.0240403280001105,0.9262443310010932,0.03214564740314759,1.158113883008419,False,0.9695872291374434,0.003000297070067192,0.025600299995972957,1.3051070167913181e-06,2.9707006719186316e-07,9.902335573062106e-05,1.1718592693172719e-05,0.007998479672143937,0.00199957368992505,0.0,417475.35915580625,1057.4357967825686,"[11399780.736222275, 5425426.199376573, 411413.2487540835, 257210.65094508164, 64151.369660057775, 27900.370974217647, 1321.5958345294714, 453.4195574850774, 27.306475666669836]","[1.584630511007384, 1.48728415453744, 1.33386093894764, 1.2752202032132705, 0.9263463461674255, 0.0926349552717699, 0.06941150051779374, 0.006436305769648622, 0.0014985595492689925]",full_rank_local_linearization,2.0506348514962493e-06,2.0919272331379446e-06,322.5727033200348,0.0,3,False,0
27,0.2,0.003,0.0001,allowed_drift,1,2026093709,0.0026965025258932677,162,160,extended,True,354.1348004259028,False,0,160,9809.225117909167,,"[1.0501802090320405, -5.773162696004506, 6.753900353601637, -6.740804573513253, 0.9700465207514274, -5.809163367939913, -3.792936614202082, 0.007454661955788903, -5.276395107643649, -0.07201787564881695]",1.127817835751283,1.031161854232884,0.15492115510052623,1.158113883008419,False,0.9700465207514274,0.00299993886774521,0.022529344619400316,0.0004605967210007389,-6.113225479000353e-08,-2.0377418263334512e-05,-0.11994747580467557,0.007454661955788903,0.0020009153300192765,-0.07201787564881695,6462215.775938711,31246.17811443782,"[11399877.634416914, 5428074.983183699, 768034.944047416, 269556.24287355377, 66518.86129261745, 28361.130736631465, 1317.6691145141306, 453.53525930467316, 148.92169663454297, 1.7640818613428224]","[1.683998099418366, 1.4886591458378682, 1.3613312555362493, 1.3323391641999065, 1.1429246172003533, 0.09150060135955199, 0.06948509266454395, 0.014644359516089417, 0.001494651531223816, 5.389453050068375e-05]",full_rank_local_linearization,0.00023653530264438778,2.1010320129231854e-06,354.1348004259028,0.0,1,False,0
28,0.2,0.003,0.0001,extra_link,0,2026093746,0.0026965025258932677,162,160,unchanged,False,8144809.922316266,True,2,55,1415.0397963987862,log_gr,"[1.055089619845528, -5.765984463482985, 6.506152406220884, -9.21034037197618, 0.9733211165527116, -5.295672884347483, -3.7311413566299803]",25693.406695003996,25160.371902388135,25143.938474700793,1.158113883008419,True,0.9733211165527116,0.005013239909639586,0.023965467076184153,0.003735192522284936,0.002013239909639586,0.671079969879862,-0.06384894233655693,0.0,0.0,0.0,20743010.98422053,939.7642958709633,"[11400889.075145662, 4964837.265627503, 378649.92054064287, 68914.12937723388, 24184.42946825397, 514.9567437218519, 0.5496255622589441]","[1.4634116037881726, 1.4455403912112104, 1.1155207983738864, 0.9540358167656203, 0.7837042238626254, 0.008586535476297967, 0.001557211324390547]",full_rank_local_linearization,2.1954234738784951e-07,2.2087489282937202e-07,8144809.922316266,0.0,3,False,0
28,0.2,0.003,0.0001,extra_link,0,2026093746,0.0026965025258932677,162,160,drift_aware,False,402.41185127795774,True,2,50,0.01860289814381707,,"[1.0501284176196088, -5.8571698946960025, 6.756515034117264, -4.238484241129092, 0.9694472455787971, -5.808770556290649, -3.7351706305012087, 0.007700524598452516, -5.327080254734444]",1.2774979405649451,0.97825961542549,0.17862781488481114,1.158113883008419,False,0.9694472455787971,0.0030011175101566194,0.023869097925113283,-0.00013867845162951475,1.1175101566193377e-06,0.00037250338553977924,-0.06761336230026278,0.007700524598452516,0.0019989096986385603,0.0,216533.32924358142,1067.6927523462443,"[11425377.45288492, 5575779.22539065, 406941.8961249058, 264117.3674970441, 61467.217141926056, 28022.6732892443, 1327.1950016566523, 452.0378226757157, 52.764983075803315]","[1.5921711494631632, 1.4888189729568357, 1.3321578086453745, 1.2743269777251922, 0.9146512769689399, 0.09234354711786344, 0.06855558681515733, 0.006248351317096099, 0.0014912259598694312]",full_rank_local_linearization,2.0163525694735995e-06,2.0582591522066255e-06,402.41185127795774,0.0,3,False,0
28,0.2,0.003,0.0001,extra_link,0,2026093746,0.0026965025258932677,162,160,extended,True,376.40080011270834,True,2,148,0.007848465670942686,,"[1.0500999732471343, -5.821008322810413, 6.75810270686986, -4.725187336084433, 0.969484902147074, -5.808587142362548, -3.69810812816478, 0.00785737209631147, -5.305757912221955, 0.02099897070188563]",1.1987286627793259,0.8700287305742321,0.02975833216482739,1.158113883008419,False,0.969484902147074,0.003001668007390738,0.024770344486614956,-0.00010102188335270323,1.6680073907380036e-06,0.0005560024635793345,-0.03240841849160371,0.00785737209631147,0.0019983209843815555,0.02099897070188563,1414600.7615570785,13159.108065898165,"[11425617.219307883, 5580457.869693708, 793516.8128565662, 277747.2067287365, 63521.87620573876, 28435.56148294579, 1356.5564847368776, 501.90986775692966, 445.3716905843181, 8.076920025641359]","[1.6621061406209383, 1.4884407935785806, 1.3818395940289676, 1.3324671225296696, 1.1503894735519697, 0.0935217270229738, 0.06860010809110044, 0.012141477162083454, 0.0014914880331468568, 0.00012630841940786908]",full_rank_local_linearization,2.9011689670587635e-05,2.0605793526160787e-06,376.40080011270834,0.0,2,False,0
29,0.2,0.003,0.0001,extra_link,1,2026093783,0.0026965025258932677,162,160,unchanged,False,8146596.119676255,True,2,53,1994.5607815230599,log_gr,"[1.0550391819806457, -5.765993289414958, 6.5085884545904005, -9.21034037197618, 0.9733214288915925, -5.29562655397838, -3.7311567730292117]",25699.04138699134,25133.944110141405,25143.45810122307,1.158113883008419,True,0.9733214288915925,0.005013472180275552,0.023965097617823807,0.003735504861165806,0.002013472180275552,0.671157393425184,-0.06386337430375796,0.0,0.0,0.0,20767940.5953074,940.1572543375613,"[11401053.212068383, 4964680.549083679, 378636.26811030664, 68914.61072632267, 24184.73635342099, 514.2975602850341, 0.5489737010632868]","[1.4634101610015584, 1.4455387350903186, 1.1155248418146393, 0.9540386548914525, 0.783700794799253, 0.008583685312834816, 0.0015565589205953458]",full_rank_local_linearization,2.1954124850538032e-07,2.2088617810795763e-07,8146596.119676255,0.0,3,False,0
29,0.2,0.003,0.0001,extra_link,1,2026093783,0.0026965025258932677,162,160,drift_aware,False,326.0652473774255,True,3,59,4.432834071966127,,"[1.0500722349405196, -5.855704145020056, 6.7594832107525855, -4.253060496782819, 0.9694483165039642, -5.809374131994712, -3.7351885205274216, 0.007698858204211524, -5.325793596136947]",1.0351277694521446,1.0861388414980717,0.17458028555637178,1.158113883008419,False,0.9694483165039642,0.0029993066550914865,0.02386867091014539,-0.00013760752646241325,-6.933449085136031e-07,-0.00023111496950453436,-0.06763004257244608,0.007698858204211524,0.002000970483577758,0.0,219936.0207435013,1068.2223353455668,"[11425545.723092139, 5575587.15004758, 406902.86677640735, 264076.34732062084, 61548.07100441546, 28042.034500792688, 1327.0110249524243, 451.3531263417394, 51.94940639767732]","[1.5921619455341147, 1.4888175206011574, 1.332160971694245, 1.2743268252581865, 0.9146672262958196, 0.09232192344519748, 0.06855874995045334, 0.0062467061864774475, 0.0014904780520424664]",full_rank_local_linearization,2.0163564875366336e-06,2.058243787082649e-06,326.0652473774255,0.0,3,False,0
29,0.2,0.003,0.0001,extra_link,1,2026093783,0.0026965025258932677,162,160,extended,True,290.4096066815416,False,0,160,181036.82308365122,,"[1.0500384358521406, -5.816505030916087, 6.76135970191795, -4.807402684613608, 0.9695064534337411, -5.809168573114056, -3.68948217546193, 0.007892155381549413, -5.302673154011455, 0.025964714787523636]",0.9248713588584128,0.9124502094533529,0.020851205171168657,1.158113883008419,False,0.9695064534337411,0.0029999232525816243,0.02498493650630079,-7.947059668556022e-05,-7.674741837578394e-08,-2.558247279192798e-05,-0.024025917722625884,0.007892155381549413,0.0020002734475874553,0.025964714787523636,1502274.59147196,16205.050967946203,"[11425792.816586511, 5580514.661696754, 794088.2535199532, 277696.3160705462, 63791.423458135905, 28492.079955255558, 1353.600826982045, 463.14824119669737, 428.25655661775136, 7.605662028398736]","[1.6600631948203945, 1.4883543317903134, 1.383185632544511, 1.3325290800710594, 1.1517208321558001, 0.09382803550640523, 0.06860274704138616, 0.013497536536833065, 0.0014908300121585876, 0.00010244109679778365]",full_rank_local_linearization,4.4339865260698143e-05,2.0604747387220796e-06,290.4096066815416,0.0,1,False,0
30,0.2,0.003,0.001,zero_drift,0,2026093820,0.026965025258932674,162,160,unchanged,True,310.54503716841594,True,3,119,0.9127462954161673,,"[1.050387134026222, -5.797196771615982, 6.743022594642074, -5.285600809400743, 0.9695848614917064, -5.809539438246926, -3.665054974550631]",0.9796373412252869,0.9872869163068483,0.014226189267781552,1.158113883008419,False,0.9695848614917064,0.002998810891926598,0.02560276374459183,-1.0625387202312098e-06,-1.1891080734021883e-06,-0.00039636935780072946,0.00010795877311789583,0.0,0.0,0.0,322710.1524559062,995.3022658509175,"[1222386.960508235, 718883.2171737151, 58705.882879506964, 6929.08877296152, 2155.733764741346, 47.903747295016075, 3.787878847955541]","[1.5109974528798504, 1.4767046811597062, 1.083828722054888, 0.9050401449234532, 0.7364058945242097, 0.01231556539860496, 0.0015181292203610606]",full_rank_local_linearization,1.5162430000130578e-06,1.4725903615724577e-06,310.54503716841594,0.0,3,True,28
30,0.2,0.003,0.001,zero_drift,0,2026093820,0.026965025258932674,162,160,drift_aware,True,309.8627634269,True,2,105,0.0014730368472503843,,"[1.050393926163989, -5.790674698353494, 6.7426724166452825, -5.516852691024371, 0.9695994074887094, -5.80852424400932, -3.6650504875835916, -2.8865471970908477e-05, -5.791688895845471]",0.9836913124663492,0.9840790309584275,0.01718434778893051,1.158113883008419,False,0.9695994074887094,0.0030018568133030684,0.025602878623606593,1.3483458282781413e-05,1.856813303068288e-06,0.0006189377676894293,0.00011244623463206501,-2.8865471970908477e-05,-3.097734928536513e-06,0.0,573948.3591634796,1112.5036809845287,"[1243087.5625063088, 790459.3740071969, 58723.366176795105, 35336.866509667845, 6538.4046593481535, 3176.497660881295, 115.07915234405668, 47.81665418066118, 2.1658526288289917]","[1.6872674788454551, 1.5240238679424276, 1.2931343068769214, 1.201053460170178, 0.8416144717314885, 0.06913787007779829, 0.05078665002919516, 0.008798115646363989, 0.0015166399066224028]",full_rank_local_linearization,1.8068138276601073e-05,1.839450016975727e-05,309.8627634269,0.0,3,True,28
30,0.2,0.003,0.001,zero_drift,0,2026093820,0.026965025258932674,162,160,extended,True,309.74722895524656,True,2,55,0.007182658901696711,link_l,"[1.0505358882298823, -5.783287274658918, 6.735219653417341, -5.871268581750297, 0.9704910437798141, -5.808600243199655, -3.84527030772851, -0.0007942967280494879, -5.784001322319056, -0.09999999943903275]",0.986456143169575,0.9847063898914985,0.021522643582036323,1.158113883008419,False,0.9704910437798141,0.003001628683284712,0.021380621432771973,0.0009051197493874508,1.6286832847118432e-06,0.0005428944282372811,-0.16481947528234517,-0.0007942967280494879,-2.1974672205389567e-06,-0.09999999943903275,572752.8144234937,59569.65742063725,"[1243319.5707456395, 791096.4775497788, 114310.49131320727, 35357.250920278486, 6585.617530854345, 3187.0704285695765, 115.73736536972388, 47.877722660209066, 5.815823952497919, 2.170778631611103]","[1.8321431792489398, 1.530314484857011, 1.2849885852568819, 1.2785446491043448, 1.003042693193881, 0.07798674752592676, 0.050647118885567936, 0.02780108674996477, 0.001501663554079544, 3.075631552338278e-05]",full_rank_local_linearization,0.0035729941988753297,1.840038103555538e-05,309.8240105030042,0.07678154775766188,0,True,28
31,0.2,0.003,0.001,zero_drift,1,2026093857,0.026965025258932674,162,160,unchanged,True,304.0495487838652,True,2,116,0.0004631047861795744,,"[1.0502770217369903, -5.815400142256255, 6.748668332661967, -4.834485000491373, 0.9695869531470928, -5.808612014959055, -3.665091836441717]",0.95914684158948,0.8904252504240656,0.01580768410918367,1.158113883008419,False,0.9695869531470928,0.0030015933490420174,0.02560181999569746,1.029116666106944e-06,1.5933490420173314e-06,0.0005311163473391105,7.109358193157142e-05,0.0,0.0,0.0,206787.39608317,996.3088856140207,"[1222337.7285580293, 718735.5099463384, 58655.682957349265, 6811.833702629967, 2156.3925996238877, 47.84008329688882, 5.911084290971024]","[1.511127681456844, 1.4766646598053004, 1.084073628466121, 0.9051047619790881, 0.7357791146450104, 0.012294092817669626, 0.0015167260909507423]",full_rank_local_linearization,1.5172934964574564e-06,1.4736980790743575e-06,304.0495487838652,0.0,3,False,0
31,0.2,0.003,0.001,zero_drift,1,2026093857,0.026965025258932674,162,160,drift_aware,True,295.9591581375816,True,3,57,0.9294600291417145,,"[1.0502875681590182, -5.83645065161799, 6.74806873901979, -4.489810421112409, 0.9695409351550317, -5.800900110968056, -3.665066219259149, 9.219095286845517e-05, -5.844723123456179]",0.9395528829764496,0.9254811106843196,0.04241233256853162,1.158113883008419,False,0.9695409351550317,0.0030248308362372683,0.02560247585059491,-4.498887539494678e-05,2.4830836237268224e-05,0.008276945412422741,9.671291386321801e-05,9.219095286845517e-05,-2.4049268959386826e-05,0.0,208430.19655132474,1113.5568877647709,"[1243090.6099330564, 790599.1086528299, 58644.127680971964, 35484.07529704469, 6262.44809826642, 3110.6146519001322, 112.50100310704124, 47.76914191666464, 5.964061976149183]","[1.687580701011271, 1.5239760247935203, 1.2931775120973705, 1.2013982928152556, 0.8404954150239988, 0.06937001418739736, 0.05078287330812421, 0.008750953597659575, 0.0015154867430246255]",full_rank_local_linearization,1.8069815429250408e-05,1.84032695051746e-05,295.9591581375816,0.0,3,False,0
31,0.2,0.003,0.001,zero_drift,1,2026093857,0.026965025258932674,162,160,extended,True,299.2478667942559,True,2,134,0.0015933683676021822,log_gr,"[1.0503909741640052, -5.766647091252264, 6.742705672826522, -9.210340371976002, 0.9701068063529208, -5.801152160753387, -3.8071806055665105, -0.0005157936083054114, -5.773835669826048, -0.07967616249036075]",0.9530186840581398,0.9129827978658926,0.03849023486038316,1.158113883008419,False,0.9701068063529208,0.0030240685243486413,0.022210711520058234,0.0005208823224941428,2.406852434864125e-05,0.008022841449547083,-0.13239408124772564,-0.0005157936083054114,-2.242125760121413e-05,-0.07967616249036075,92416913.11123659,43459.796998876795,"[1243317.9862423742, 791214.4736424232, 114598.57566864169, 35480.33086213814, 6695.27628392377, 3213.838714055871, 116.56764308048709, 47.7309182808418, 33.807056445643234, 0.01345335982760935]","[1.824563067623073, 1.5289633540050878, 1.2874039192481248, 1.286350053770539, 1.0063018158493267, 0.0737874235040329, 0.050704018077636116, 0.02177779537700658, 0.0015040652322509682, 4.1982779341335355e-05]",full_rank_local_linearization,0.0020991042008065195,1.8428931990717105e-05,299.2478667942559,0.0,2,False,0
32,0.2,0.003,0.001,allowed_drift,0,2026093894,0.026965025258932674,162,160,unchanged,False,83835.17409963241,True,2,114,4.735892212147417,log_gr,"[1.056023320620406, -5.76587654447035, 6.461356449593927, -9.21034037197618, 0.9736328309479617, -5.295201945893925, -3.6608703125768374]",264.4642716076732,259.52645881655786,258.3917063102749,1.158113883008419,True,0.9736328309479617,0.005015601393102989,0.025710127139542426,0.004046906917535065,0.002015601393102989,0.6718671310343297,0.00430184138837554,0.0,0.0,0.0,19780471.559642136,925.5801812274492,"[1137609.528317826, 484170.2510341788, 38533.465374020816, 6880.0830137406865, 2360.5274962469784, 52.93627482210609, 0.05751174965104863]","[1.459957504773553, 1.4443711583760654, 1.111530523821786, 0.9558019016742663, 0.795724693476282, 0.00885351093843696, 0.0015773430918080424]",full_rank_local_linearization,2.247636136904375e-06,2.2497527229690737e-06,83835.17409963241,0.0,3,True,27
32,0.2,0.003,0.001,allowed_drift,0,2026093894,0.026965025258932674,162,160,drift_aware,True,317.85943491620225,True,2,122,0.005949272665874632,,"[1.0500531848245185, -5.78836971740574, 6.760666039745331, -5.60122554854751, 0.9695825624854056, -5.809754076799347, -3.665151223794325, 0.008010252760931721, -5.284529740508122]",1.0090775711625468,1.0929619614003514,0.04060131549249506,1.158113883008419,False,0.9695825624854056,0.002998167300569999,0.025600299616532065,-3.361545021007828e-06,-1.8326994300011182e-06,-0.0006108998100003727,1.1703770783332832e-05,0.008010252760931721,0.0020064439509691026,0.0,815757.1212312267,1057.652455678019,"[1139659.2875053785, 542027.9155847287, 41127.76226123599, 25692.31689127627, 6551.822174530772, 2816.683103219919, 132.58261250968192, 45.256720649915415, 1.3970571115398716]","[1.5843218282548073, 1.48724328842598, 1.3339027214811978, 1.2751748938404195, 0.9269332045300821, 0.09269438124642235, 0.06944968245168517, 0.0064303217137796805, 0.0014979607145517019]",full_rank_local_linearization,2.051461065718025e-05,2.0926552593812935e-05,317.85943491620225,0.0,3,True,28
32,0.2,0.003,0.001,allowed_drift,0,2026093894,0.026965025258932674,162,160,extended,True,316.74941502885565,True,2,107,0.00041109093769460384,link_l,"[1.0499512320446829, -5.784860744298528, 6.76606990530053, -5.766959689692461, 0.9704679087076098, -5.8095948330211895, -3.5001233324089567, 0.008765567376342416, -5.2826319588027975, 0.09999999996316791]",1.0087560988180115,1.0914454735357544,0.04091811960864834,1.158113883008419,False,0.9704679087076098,0.0029986447780751425,0.030193659335931832,0.0008819846771831452,-1.35522192485759e-06,-0.00045174064161919664,0.17943981780983664,0.008765567376342416,0.002005306965681084,0.09999999996316791,585370.139847505,42314.26276351867,"[1139700.6859815514, 542965.541086261, 79864.65851287739, 26921.07829240707, 6574.370079816272, 2820.5120337301046, 134.52103002092042, 45.23283329652464, 6.493573220915244, 1.9469744156722022]","[1.6147469286190927, 1.4865555549091938, 1.4075499367987834, 1.3336544275709084, 1.18603971404681, 0.10180273903595914, 0.06956086643194202, 0.031922070844725405, 0.0014989158072381199, 3.816081914609771e-05]",full_rank_local_linearization,0.004742734967789942,2.09322846494059e-05,317.86704511852514,1.1176300896694897,0,True,28
33,0.2,0.003,0.001,allowed_drift,1,2026093931,0.026965025258932674,162,160,unchanged,False,83159.55218919946,True,2,55,7.023466439103384,log_gr,"[1.0559389843447342, -5.766058944660912, 6.46534998705465, -9.21034037197618, 0.9736281376192085, -5.296036873130944, -3.660925824886156]",262.3329722056765,255.73900011069054,258.22230394100336,1.158113883008419,True,0.9736281376192085,0.005011415478600036,0.025708699950625677,0.004042213588781873,0.0020114154786000362,0.6704718262000121,0.0042460918213150485,0.0,0.0,0.0,19812057.491429668,926.4010131981568,"[1138004.9017065023, 484559.69231870974, 38565.684075492354, 6881.1336673664, 2360.4930247332168, 52.831993350434516, 0.05744001612143425]","[1.459999436724751, 1.4444026323662897, 1.1114818192861382, 0.9557544895982546, 0.7957156239079072, 0.008852316525785194, 0.0015759907598594755]",full_rank_local_linearization,2.2456749228245686e-06,2.247853861125193e-06,83159.55218919946,0.0,3,False,0
33,0.2,0.003,0.001,allowed_drift,1,2026093931,0.026965025258932674,162,160,drift_aware,True,314.04830428924066,True,3,101,0.7130900571130573,,"[1.0498964293072626, -5.831556055984112, 6.768886148548941, -4.5520174096938995, 0.9695597348399181, -5.8127663441155795, -3.6652479988766027, 0.008044056423899049, -5.30935529447413]",0.9969787437753672,0.9358687511212688,0.018071043793956708,1.158113883008419,False,0.9695597348399181,0.0029891496078710807,0.02559782226530521,-2.6189190508563165e-05,-1.0850392128919362e-05,-0.0036167973763064536,-8.506776151564703e-05,0.008044056423899049,0.002011605109297637,0.0,288241.35043835524,1059.4015955361092,"[1140060.7283884133, 542563.8555960183, 41173.11427137962, 25658.073984042003, 6291.033461928769, 2767.344402859866, 131.75425263830374, 45.11114795543234, 3.9552296249466554]","[1.5847782369288752, 1.4872622504455777, 1.3338811369211385, 1.2754027583576755, 0.9258412498817615, 0.09270347120497077, 0.06941515821252141, 0.006418658617816839, 0.0014959183029424263]",full_rank_local_linearization,2.050634344064089e-05,2.0916289525999937e-05,314.04830428924066,0.0,3,False,0
33,0.2,0.003,0.001,allowed_drift,1,2026093931,0.026965025258932674,162,160,extended,True,314.4439319944508,False,0,160,2496.917979662645,link_l,"[1.0500040644696147, -5.771368385445538, 6.763249655969997, -7.030271061493817, 0.9704437739423822, -5.812830600141886, -3.844587937567416, 0.0072923585169986935, -5.272859257368332, -0.09999949162734384]",1.0014137961606713,0.9325402287891922,0.01939671826147101,1.158113883008419,False,0.9704437739423822,0.0029889575431659657,0.021395215909714837,0.0008578499119555882,-1.1042456834034313e-05,-0.003680818944678104,-0.16424937852676458,0.0072923585169986935,0.002013433269093223,-0.09999949162734384,6888541.20381241,33944.869831901786,"[1140074.3466670336, 542905.8248541118, 76197.10464996866, 26918.75663179625, 6664.310310616493, 2840.30432312865, 131.34558196657227, 45.11615455760342, 16.863009423370084, 0.1655030162316614]","[1.6953856645805703, 1.4893741588858935, 1.353928772772808, 1.3313797204359281, 1.1348509562108715, 0.09224367585322242, 0.069506522264753, 0.02253917715032991, 0.0014897185566854453, 4.9945269284468636e-05]",full_rank_local_linearization,0.0035186045323073387,2.1045583071987833e-05,314.4439319944508,0.0,0,False,0
34,0.2,0.003,0.001,extra_link,0,2026093968,0.026965025258932674,162,160,unchanged,False,80868.54468652638,True,2,52,2.0407419247742786,log_gr,"[1.05450474630694, -5.766016146424549, 6.534560656513684, -9.21034037197618, 0.9733179908662771, -5.29497728252486, -3.7313485493439]",255.10581920039868,252.69310257176485,251.52010100433546,1.158113883008419,True,0.9733179908662771,0.005016728341597132,0.023960502120389384,0.0037320668358504783,0.0020167283415971323,0.6722427805323774,-0.06404288592229011,0.0,0.0,0.0,21067311.94786165,944.3119524980251,"[1140152.1547458295, 496226.64130943763, 37844.78243565236, 6891.713698980933, 2418.8431324557614, 50.731089131114075, 0.054119488882470174]","[1.463373222075757, 1.4455161509063053, 1.1155317861977436, 0.9540730098283524, 0.783760201148091, 0.008540602732839396, 0.0015496713964115766]",full_rank_local_linearization,2.1960119638167554e-06,2.2099814533246143e-06,80868.54468652638,0.0,3,True,27
34,0.2,0.003,0.001,extra_link,0,2026093968,0.026965025258932674,162,160,drift_aware,False,325.5028483322605,True,2,153,0.011722503648467032,,"[1.0495232523708933, -5.843750520624872, 6.788666112629942, -4.380541282033181, 0.9694836077374865, -5.809755585546469, -3.7353631278032053, 0.007620344454210333, -5.3178071447741075]",1.0333423756579698,0.9278021496325358,0.03808351831064882,1.158113883008419,False,0.9694836077374865,0.0029981627770971253,0.023864503630370463,-0.0001023162929401078,-1.8372229028747362e-06,-0.0006124076342915787,-0.06779282693865422,0.007620344454210333,0.0020055412136239597,0.0,252495.8484926423,1073.400991940686,"[1142601.8705166625, 557232.4155734867, 40588.911284856506, 26454.418019675402, 6221.461139783261, 2818.040529236046, 132.57976310388239, 44.46869155176409, 4.525230324925353]","[1.5921085138858335, 1.4887969000969452, 1.3321997229203904, 1.274329076493912, 0.9147544594795889, 0.0920870066673056, 0.06860618908588129, 0.0062310687780726725, 0.0014832374162495744]",full_rank_local_linearization,2.0164848986519377e-05,2.0584877091326097e-05,325.5028483322605,0.0,3,True,28
34,0.2,0.003,0.001,extra_link,0,2026093968,0.026965025258932674,162,160,extended,True,325.0464302784326,True,2,146,0.0007999798979828997,link_l,"[1.049421892356561, -5.794133806980662, 6.7941749556027204, -5.371026713188355, 0.9703641659061747, -5.8098816055578455, -3.565492196016712, 0.00834411710490708, -5.288276563932331, 0.09999999999521667]",1.035179714262524,0.9220779810069409,0.03740856299730784,1.158113883008419,False,0.9703641659061747,0.002997784972395824,0.02828306124765456,0.0007782418757480425,-2.215027604176179e-06,-0.0007383425347253931,0.10480707998650568,0.00834411710490708,0.002005089742728321,0.09999999999521667,1090451.4028246445,43954.53905923346,"[1142657.3932522184, 558278.0389320365, 80421.89281916272, 27772.15303971653, 6517.255453138266, 2876.689186716561, 135.49967027767678, 44.44944515023265, 17.35806256104577, 1.04787557729977]","[1.6298984534456298, 1.487476961244747, 1.4029804560374313, 1.332644171368882, 1.1706893164848795, 0.10144858420526483, 0.06868442368612744, 0.03199420688120936, 0.0014839272258279918, 3.708145935165346e-05]",full_rank_local_linearization,0.004751516167019465,2.0585266635132807e-05,325.40602341233074,0.3595931338981586,1,True,28
35,0.2,0.003,0.001,extra_link,1,2026094005,0.026965025258932674,162,160,unchanged,False,80981.94609493618,True,2,54,3.5971358619116387,log_gr,"[1.0551663227660546, -5.7659105713999805, 6.502493899383931, -9.21034037197618, 0.9733189757249905, -5.295537737161941, -3.7310992618990864]",255.46355234995642,251.77853629682505,251.4444178279757,1.158113883008419,True,0.9733189757249905,0.0050139174806887,0.02396647591730477,0.003733051694563838,0.0020139174806887003,0.6713058268962334,-0.0638095344802828,0.0,0.0,0.0,20701575.828596458,939.1181389970819,"[1139957.824564752, 496397.8250640365, 37858.56856485619, 6891.1447886938, 2418.3499195083446, 51.592558543133734, 0.05506623428106631]","[1.4633970703415828, 1.4455342292704212, 1.1155283028322016, 0.9540452177420713, 0.7837205352449569, 0.008592382991343508, 0.0015582672824362622]",full_rank_local_linearization,2.1957228921367226e-06,2.2091345581336283e-06,80981.94609493618,0.0,3,False,0
35,0.2,0.003,0.001,extra_link,1,2026094005,0.026965025258932674,162,160,drift_aware,False,320.88262578687653,True,2,65,0.0005756797240806617,,"[1.0501771315820967, -5.878858234608399, 6.753933593879137, -4.035938643764416, 0.96944901747745, -5.814455582607428, -3.7351589994585335, 0.007691388029103217, -5.335891571651194]",1.0186750024980207,1.1017590612490133,0.03204446564957637,1.158113883008419,False,0.96944901747745,0.0029841044837042407,0.023869375549224393,-0.00013690655297660115,-1.589551629575933e-05,-0.005298505431919776,-0.06760251760842256,0.007691388029103217,0.0020176366456426628,0.0,177107.9264009049,1067.2774534397083,"[1142416.8523386552, 557547.6149874432, 40657.03929688822, 26360.50652999803, 6031.46837343487, 2781.197361981612, 131.93231337546797, 45.27658107304026, 6.450399344367335]","[1.5924405187058208, 1.4888089839135004, 1.33218259076729, 1.2745306500110085, 0.9138979124974661, 0.09214814067488986, 0.06855702884200558, 0.006261317899328891, 0.0014920586147243852]",full_rank_local_linearization,2.0167472756973026e-05,2.058453012579807e-05,320.88262578687653,0.0,3,False,0
35,0.2,0.003,0.001,extra_link,1,2026094005,0.026965025258932674,162,160,extended,True,318.20128899876573,False,0,160,70.4784582661196,,"[1.0500957127685668, -5.807421884692661, 6.758409255051806, -5.000018973873109, 0.9698349133266515, -5.813888247148319, -3.6202831267345434, 0.008185543476602582, -5.294215564635909, 0.06632771006324277]",1.0133799012699545,1.104823243172938,0.03134404287016914,1.158113883008419,False,0.9698349133266515,0.0029857979523285083,0.02677509467425887,0.0002489892962248552,-1.4202047671491805e-05,-0.004734015890497268,0.04590213571323664,0.008185543476602582,0.0020153833663557326,0.06632771006324277,1447031.2763833627,31300.792375489975,"[1142461.8056142554, 558324.0160883636, 80150.56263690116, 27717.932140233417, 6433.417098587133, 2862.0526310322093, 135.37775504712576, 45.42539552470079, 33.79183974251897, 0.7895211556654581]","[1.6444273616602492, 1.487759250379907, 1.3938478687936926, 1.332800627197553, 1.161253411497523, 0.09727213614149118, 0.06860714993241097, 0.024106975499256795, 0.001492547963363804, 5.253628540560254e-05]",full_rank_local_linearization,0.0022220353435747895,2.0631179757876288e-05,318.20128899876573,0.0,1,False,0
36,0.2,0.009,0.0001,zero_drift,0,2026094042,0.0026965025258932677,162,160,unchanged,True,300.9787936058347,True,2,57,0.4157009042540721,,"[1.0500605247951917, -5.814579951469402, 6.760193073547056, -4.845895711753252, 0.9695853305185851, -4.710439261309568, -3.6651650008186256]",0.949459916737649,0.9203420494629043,0.03296494106348964,1.158113883008419,False,0.9695853305185851,0.009000823000654305,0.025599946923011686,-5.935118415623108e-07,8.230006543052254e-07,9.144451714502505e-05,-2.0733198564568635e-06,0.0,0.0,0.0,511789.9671102678,984.4541103162084,"[11125996.547399893, 2757546.1778980126, 213972.4582494122, 64473.755724284856, 23943.58613973889, 431.46295056740104, 21.739379945685297]","[1.4288550646072855, 1.4239246776523578, 1.1450105256973353, 0.9860490644699457, 0.8046394162135172, 0.0048123256791963425, 0.0014514186589645451]",full_rank_local_linearization,3.9495106643139e-07,3.9985748019260253e-07,300.9787936058347,0.0,2,False,0
36,0.2,0.009,0.0001,zero_drift,0,2026094042,0.0026965025258932677,162,160,drift_aware,True,299.1749930924631,True,4,65,0.008857263906517443,,"[1.0500615370709205, -5.818092304633191, 6.760133559188533, -4.7778504391266425, 0.9695824862735815, -4.710291370607082, -3.6651610795009573, 5.651910570660155e-06, -5.818562675871342]",0.9497618828332163,0.9262687005870586,0.03902907009398109,1.158113883008419,False,0.9695824862735815,0.009002154237127146,0.025600047308732686,-3.437756845192652e-06,2.1542371271467825e-06,0.00023935968079408695,1.8479973700933307e-06,5.651910570660155e-06,-1.3982126890023719e-06,0.0,758219.0834166702,1060.6382482771294,"[11127653.312919218, 3076415.9688255335, 320640.4895455656, 213622.18461273168, 63697.24003848399, 25134.16680391223, 1068.8623933208762, 428.24944726293563, 14.676039625349484]","[1.5307398859339851, 1.4506358567980437, 1.3648413751433162, 1.348402562306987, 0.9109421800229597, 0.1784714551472137, 0.09914900393484294, 0.0030396900784695354, 0.0014432252357676856]",full_rank_local_linearization,2.3287344962910897e-06,2.622674258600022e-06,299.1749930924631,0.0,1,False,0
36,0.2,0.009,0.0001,zero_drift,0,2026094042,0.0026965025258932677,162,160,extended,True,299.22225087752565,False,0,160,5834.19592952906,,"[1.0500657629516787, -5.816970061424354, 6.759911836533729, -4.799148514516602, 0.969585201928487, -4.710297679426189, -3.674843059801291, -3.6638249105591044e-05, -5.817382103353522, -0.005618235858954246]",0.9529371047054958,0.9282961541990676,0.037964953245595456,1.158113883008419,False,0.969585201928487,0.009002097444343637,0.025353384175661953,-7.221019396874695e-07,2.0974443436377888e-06,0.00023304937151530987,-0.009633430638205397,-3.6638249105591044e-05,-1.226235661276956e-06,-0.005618235858954246,1321102.4830395922,20376.363172223293,"[11127662.256252076, 3078611.5847934852, 424593.59192539036, 320206.3632760966, 63764.30340011283, 25137.22616335229, 1069.9657166866948, 428.3035905842513, 30.855531989550585, 8.42301214259287]","[1.6467302508450024, 1.4507508539789962, 1.3968372985205528, 1.3647643924950128, 1.1524064984427167, 0.17848646429342555, 0.09979379462168458, 0.002471330817928656, 0.0014436168241752291, 8.081570969886308e-05]",full_rank_local_linearization,2.141435451537495e-05,2.630795828574574e-06,299.22225087752565,0.0,0,False,0
37,0.2,0.009,0.0001,zero_drift,1,2026094079,0.0026965025258932677,162,160,unchanged,True,292.7442084096823,True,2,56,0.02298723314559999,,"[1.0500033135595597, -5.811538796871477, 6.7632233092089775, -4.90760015278642, 0.9695856806555272, -4.710508174642773, -3.6651837723250535]",0.9234833072860641,1.0179528286257213,0.01462602030194669,1.158113883008419,False,0.9695856806555272,0.009000202745311915,0.025599466377953756,-2.43374899455695e-07,2.0274531191584455e-07,2.2527256879538284e-05,-2.0844611181846122e-05,0.0,0.0,0.0,545019.087935328,984.9247897219893,"[11125733.924359187, 2757717.0345240682, 213994.27086443282, 64657.068287492526, 23943.865766784096, 430.78368925898167, 20.41347573074242]","[1.428855378413883, 1.4239271299747647, 1.1449686917875455, 0.9860455723075547, 0.8046983373719722, 0.0048105597619398635, 0.0014507253683981294]",full_rank_local_linearization,3.949041955596121e-07,3.9982205084755055e-07,292.7442084096823,0.0,2,False,0
37,0.2,0.009,0.0001,zero_drift,1,2026094079,0.0026965025258932677,162,160,drift_aware,True,290.70054409744085,True,2,49,0.05622748946172678,,"[1.049997691595364, -5.814343199387103, 6.763516686873739, -4.849159185874126, 0.9695833355185652, -4.71079706024384, -3.66519275258386, 4.375772087626098e-06, -5.8134538030177625]",0.9228588701506059,1.0355530948654157,0.021243376736656775,1.158113883008419,False,0.9695833355185652,0.00899760309185142,0.02559923648915261,-2.5885118614121794e-06,-2.3969081485789023e-06,-0.00026632312761987805,-2.9824642476560564e-05,4.375772087626098e-06,2.6555307158166244e-06,0.0,815042.7718219943,1061.2168203994036,"[11127404.603934135, 3076600.1505001835, 320553.7375772486, 213640.36466200513, 63920.55555425852, 25136.57611398854, 1073.5116555667898, 427.55847968807825, 13.652540686986628]","[1.5307294879184972, 1.4506446603348577, 1.3648398794847483, 1.348381779276027, 0.910990047391076, 0.17841330613396272, 0.0991488505371656, 0.003039001294682387, 0.0014424285956402257]",full_rank_local_linearization,2.3288568258869924e-06,2.6225305134759672e-06,290.70054409744085,0.0,1,False,0
37,0.2,0.009,0.0001,zero_drift,1,2026094079,0.0026965025258932677,162,160,extended,True,296.7249753535324,True,2,138,0.3912825251456402,,"[1.0500253354389146, -5.829460557274224, 6.762024816111757, -4.58515537349576, 0.9696927404760051, -4.710828948444602, -3.726881632274747, -0.00026054115611191423, -5.8282046655257815, -0.03536502457002829]",0.9449839979411859,1.0816181028092078,0.053576376366494614,1.158113883008419,False,0.9696927404760051,0.008997316179052237,0.02406777109874709,0.00010681644557841707,-2.6838209477627467e-06,-0.0002982023275291941,-0.05985269145519228,-0.00026054115611191423,3.6942169487491627e-06,-0.03536502457002829,1251346.139709157,13315.469546187682,"[11127374.317655096, 3078457.3628578573, 421585.83212687395, 320107.952745282, 63025.79491944532, 25101.69703107832, 1060.5651224817543, 427.5783368757125, 46.97848395153925, 8.892323206624]","[1.6570186518755843, 1.4512016583665073, 1.3941323504522374, 1.364291008921043, 1.1408580414590472, 0.17857386834699904, 0.09977815435231728, 0.002122884922133787, 0.0014377273108408585, 0.00012444312580400148]",full_rank_local_linearization,9.203403985707153e-05,2.6294122948059795e-06,296.7249753535324,0.0,1,False,0
38,0.2,0.009,0.0001,allowed_drift,0,2026094116,0.0026965025258932677,162,160,unchanged,False,6964207.071576921,True,2,66,33.682369931344105,log_gr,"[1.0548184745198264, -5.766312320914167, 6.519215550267408, -9.210340371974173, 0.973543888694027, -4.499794067019986, -3.6581646163675168]",21969.107481315208,21765.334867588273,21769.9617856497,1.158113883008419,True,0.973543888694027,0.011111284482577907,0.02577978512726574,0.003957964663600322,0.002111284482577908,0.23458716473087868,0.007022856533817476,0.0,0.0,0.0,44156328.24484069,955.3460032054587,"[11081474.288786687, 2187040.21828334, 167082.62746807167, 67284.03100176305, 23250.274310958786, 480.58481398531984, 0.25096004874638705]","[1.425341063963954, 1.4202982882807906, 1.1715993073226179, 0.9912801949795049, 0.7719170150411601, 0.004019669528535093, 0.0014919631831624644]",full_rank_local_linearization,5.120227328985927e-07,5.107732890535717e-07,6964207.071576921,0.0,3,False,0
38,0.2,0.009,0.0001,allowed_drift,0,2026094116,0.0026965025258932677,162,160,drift_aware,True,310.75076588438753,True,2,80,0.01659390669245953,,"[1.0500807487021737, -5.821158697454818, 6.759111353942602, -4.722620982871104, 0.9695805955917817, -4.710233793730966, -3.6651500029153974, 0.008010055087783982, -5.3061285852122895]",0.9865103678869446,1.1748472401160766,0.03371240679621479,1.158113883008419,True,0.9695805955917817,0.009002672567968224,0.025600330871417488,-5.328438644980338e-06,2.672567968224973e-06,0.00029695199646944146,1.2924664745162e-05,0.008010055087783982,0.001996927468519925,0.0,799981.8115975026,1051.4933301177873,"[11087907.312379438, 2432993.3139482234, 271572.6247260268, 168006.96687969702, 63515.2107276618, 21639.17719852906, 1547.9334660606567, 421.6972425501291, 13.860199259077822]","[1.4982034356026261, 1.4414416895511446, 1.372559264780091, 1.3591964633289864, 0.9462601278209787, 0.19350414252484394, 0.11591746220428205, 0.0027182786678342655, 0.001424833988661439]",full_rank_local_linearization,2.513425444877482e-06,2.8322812346657635e-06,310.75076588438753,0.0,2,False,0
38,0.2,0.009,0.0001,allowed_drift,0,2026094116,0.0026965025258932677,162,160,extended,True,310.75377705080655,False,0,160,232.8103857705574,,"[1.0500837472126894, -5.820971354929646, 6.758953070828885, -4.725985019335744, 0.969582320108599, -4.710239430811692, -3.6727924209273777, 0.007976503665970068, -5.305987114532603, -0.004436060830454124]",0.9896617103528871,1.1730870004374734,0.03336577158374836,1.158113883008419,True,0.969582320108599,0.009002621819319248,0.02540542815430311,-3.6039218276329166e-06,2.6218193192491246e-06,0.0002913132576943472,-0.0076004627225352474,0.007976503665970068,0.0019970740009507284,-0.004436060830454124,957146.0499567668,21090.59709540679,"[11087906.745417397, 2434155.5270680916, 344791.5882853671, 262824.64203410986, 63526.300825938, 21640.352015108878, 1548.0020972998211, 421.73829483461907, 16.801442409943668, 11.584341539014057]","[1.5959841393264378, 1.4414968285565668, 1.405387297767415, 1.3725360071552488, 1.2103293883405233, 0.19349955961494958, 0.11664537756538065, 0.002341761851123046, 0.0014251603074228768, 7.567278119755172e-05]",full_rank_local_linearization,2.3783353007599327e-05,2.84105000206387e-06,310.75377705080655,0.0,0,False,0
39,0.2,0.009,0.0001,allowed_drift,1,2026094153,0.0026965025258932677,162,160,unchanged,False,6962778.246650589,True,2,51,190.18945170313742,log_gr,"[1.0548214847155268, -5.766314341336308, 6.519071438831261, -9.21034037197618, 0.9735442525951898, -4.49974424363404, -3.6581708913817375]",21964.60014716274,21770.913001364628,21769.97690993266,1.158113883008419,True,0.9735442525951898,0.011111838098184425,0.025779623359255006,0.003958328564763192,0.0021118380981844254,0.2346486775760473,0.007016537470898204,0.0,0.0,0.0,44161042.12048828,955.3486771864266,"[11081514.358330397, 2186915.9479146576, 167072.18527290635, 67284.13742208, 23250.07892418161, 480.61974208881577, 0.25093416790518147]","[1.425339783751636, 1.4202976694645224, 1.1716031523305166, 0.9912812862302398, 0.7719132831574105, 0.004019121156960941, 0.0014919576671727525]",full_rank_local_linearization,5.120953317031246e-07,5.108138329680898e-07,6962778.246650589,0.0,3,False,0
39,0.2,0.009,0.0001,allowed_drift,1,2026094153,0.0026965025258932677,162,160,drift_aware,True,343.4453865673926,True,2,78,0.010955188530289043,,"[1.050080699885908, -5.811736487527682, 6.75913212085784, -4.905326087531948, 0.9695858154487108, -4.71057317585406, -3.665163793839082, 0.00800055141288512, -5.299725063397407]",1.090302814499659,1.0420372662809574,0.010828324308583477,1.158113883008419,False,0.9695858154487108,0.008999617740244863,0.02559997782164258,-1.0858171584082754e-07,-3.8225975513596355e-07,-4.247330612621818e-05,-8.663420871803883e-07,0.00800055141288512,0.0020007368784712696,0.0,959504.2894236515,1051.5162741576894,"[11087966.856620083, 2432800.0911113196, 271480.6205575539, 168012.5872505728, 64080.23521634528, 21662.716834547555, 1555.008226977272, 421.7431615674492, 11.555932556883437]","[1.4981840850844743, 1.4414432019064591, 1.372564234221792, 1.3591884895921518, 0.9463012851428746, 0.19345782206140535, 0.11592472926235957, 0.0027187363593504563, 0.001424784496354643]",full_rank_local_linearization,2.5136367152112935e-06,2.832345255306167e-06,343.4453865673926,0.0,2,False,0
39,0.2,0.009,0.0001,allowed_drift,1,2026094153,0.0026965025258932677,162,160,extended,True,341.88134172729815,True,2,89,0.005984750040326068,,"[1.0500886955838964, -5.803421347672323, 6.758720692447677, -5.102022411395639, 0.969601324248511, -4.710558934194426, -3.68920361943786, 0.007898772276405874, -5.294691722660018, -0.013898408966170025]",1.0887940819340705,1.0532753127546217,0.015889211191860413,1.158113883008419,False,0.969601324248511,0.008999745910650241,0.024991897180299448,1.5400218084327122e-05,-2.5408934975837405e-07,-2.8232149973152674e-05,-0.023754016394553257,0.007898772276405874,0.0020009469949206445,-0.013898408966170025,2217705.771860451,4690.323388114921,"[11087971.357162416, 2433886.463485985, 343971.7267593098, 262816.78122014005, 64588.769656753066, 21687.561468622323, 1560.1497642296547, 421.815822626785, 86.6354642621359, 4.999748613117704]","[1.5993586418778976, 1.4415482897866294, 1.4046810766258089, 1.3724976305760095, 1.2066889065720001, 0.19340624591278993, 0.116630579027908, 0.0016907090361322717, 0.0014247659250469628, 0.00034099112353971244]",full_rank_local_linearization,1.4800359500547548e-05,2.832221963465651e-06,341.88134172729815,0.0,1,False,0
40,0.2,0.009,0.0001,extra_link,0,2026094190,0.0026965025258932677,162,160,unchanged,False,6977937.056002641,True,2,114,47.810095898830646,log_gr,"[1.055048584094668, -5.76629826334871, 6.508057583091824, -9.21034037197618, 0.9732490819917042, -4.500565655347474, -3.727616665794192]",22012.419735024105,21774.639296050744,21782.217865025246,1.158113883008419,True,0.9732490819917042,0.011102714451860762,0.024050086980257294,0.0036631579612775855,0.0021027144518607627,0.23363493909564031,-0.06054347733369989,0.0,0.0,0.0,45206914.17932017,952.7672260597503,"[11080730.35844661, 2184601.403694878, 161951.88962006939, 67281.56992035384, 23242.324518331963, 483.6391501905119, 0.24511140739430232]","[1.4249469401226755, 1.4202681466629552, 1.1680264940777716, 0.9913211802438047, 0.778038243788027, 0.00391031491116286, 0.0014955876956595836]",full_rank_local_linearization,5.105308367121397e-07,5.098100040691527e-07,6977937.056002641,0.0,3,False,0
40,0.2,0.009,0.0001,extra_link,0,2026094190,0.0026965025258932677,162,160,drift_aware,False,315.09480344873697,True,2,157,0.018121866016957023,,"[1.0501271887664598, -5.785820212598676, 6.756697915344502, -5.729027078057448, 0.9694433521954972, -4.71023255264042, -3.7351599258736012, 0.007710879210110551, -5.284734182030906]",1.0003009633293236,1.0819959936694015,0.052642871389223744,1.158113883008419,False,0.9694433521954972,0.009002683741106968,0.02386935343628547,-0.00014257183492949466,2.683741106969048e-06,0.00029819345632989426,-0.06760338139509929,0.007710879210110551,0.00199758863391785,0.0,2235011.7966316575,1049.0010055439466,"[11087569.391484518, 2428209.8729661643, 280644.31410588557, 162773.51185005548, 65695.44875680648, 21750.82499004874, 1625.8312557932277, 422.3585595212794, 4.960854975438776]","[1.4951546378757878, 1.4410259105713041, 1.3719824417594009, 1.3573391780571344, 0.9532450675468384, 0.20059119919939725, 0.11970549093311961, 0.002654249574845173, 0.0014253128738427603]",full_rank_local_linearization,2.4176467253060384e-06,2.7396602183835205e-06,315.09480344873697,0.0,2,False,0
40,0.2,0.009,0.0001,extra_link,0,2026094190,0.0026965025258932677,162,160,extended,True,330.7233338860058,True,4,147,0.02178103953253723,,"[1.050186454072651, -5.837339496817433, 6.7534898693863, -4.475165684256314, 0.9700177831907577, -4.710374903765789, -3.8834989599178447, 0.007116967967319543, -5.315157872443116, -0.08031769408710415]",1.053259025114668,1.1060935427622973,0.11379872815996465,1.158113883008419,False,0.9700177831907577,0.009001402290155237,0.02057869503596484,0.00043185916033106064,1.4022901552376843e-06,0.0001558100172486316,-0.19614472515762382,0.007116967967319543,0.0019999105990025513,-0.08031769408710415,995972.8388520621,15159.457907242006,"[11087456.956645686, 2429282.7213936416, 338237.1564324756, 270832.02854320954, 62572.35246079702, 21600.954274149008, 1586.0550807174532, 422.29937545152615, 78.26837007900761, 11.132288476285018]","[1.6142665454207725, 1.4416438105454215, 1.400207061397856, 1.3714052421890828, 1.1914959020088347, 0.20071801593798114, 0.12034895274893995, 0.00619484214924594, 0.0014235508707331741, 0.00010648576982753467]",full_rank_local_linearization,0.0003058486566611475,2.7848537433371172e-06,330.7233338860058,0.0,2,False,0
41,0.2,0.009,0.0001,extra_link,1,2026094227,0.0026965025258932677,162,160,unchanged,False,6978849.09380923,True,2,54,57.8115564861639,log_gr,"[1.0549614981698812, -5.766292567272422, 6.512282783552646, -9.21034037197618, 0.9732486239507122, -4.500531444266354, -3.7276425340648447]",22015.296825896625,21778.15181711292,21781.870328393397,1.158113883008419,True,0.9732486239507122,0.011103094294222899,0.024049464854144765,0.0036626999202855615,0.0021030942942228993,0.2336771438025444,-0.06056777913497055,0.0,0.0,0.0,45316007.93427281,953.4822602849757,"[11080760.575912401, 2184554.072915702, 161949.21511612667, 67282.18211689264, 23242.615606171777, 482.56237634745935, 0.244521993022513]","[1.4249476980754578, 1.4202675010317798, 1.1680231979616198, 0.991321249742515, 0.7780429129932745, 0.003906943102486604, 0.001494466921334825]",full_rank_local_linearization,5.105919869822607e-07,5.098642151139199e-07,6978849.09380923,0.0,3,False,0
41,0.2,0.009,0.0001,extra_link,1,2026094227,0.0026965025258932677,162,160,drift_aware,False,280.3541714363112,True,2,76,0.004744585468020194,,"[1.0500132243410016, -5.79796744356973, 6.762721734334781, -5.254972559975404, 0.9694370508995988, -4.71096337749436, -3.7352186807264234, 0.007721012547793612, -5.290659400786267]",0.8900132426549563,0.837113192108394,0.054628560460860676,1.158113883008419,False,0.9694370508995988,0.008996106759680288,0.023867951037136643,-0.00014887313082789788,-3.893240319711652e-06,-0.0004325822577457392,-0.06765816261185031,0.007721012547793612,0.0020047221355455535,0.0,1395867.4972540597,1050.047543231961,"[11087615.15623271, 2428216.031007324, 280554.10384361073, 162735.4143278545, 64926.33035176776, 21708.637817823383, 1618.6953978289753, 421.02888759412764, 7.943171667829637]","[1.4952030038484667, 1.4410284407235567, 1.3719907228847497, 1.357375540630675, 0.9531157182403015, 0.20051819894449321, 0.1197160239386644, 0.002652144650119987, 0.0014239383859195112]",full_rank_local_linearization,2.4178895038234e-06,2.739511195546662e-06,280.3541714363112,0.0,2,False,0
41,0.2,0.009,0.0001,extra_link,1,2026094227,0.0026965025258932677,162,160,extended,True,275.5576540660291,False,0,160,11464.743913037877,,"[1.049992235051586, -5.811030670959619, 6.763816798593789, -4.9185538221758, 0.9695525484335428, -4.7109534093021885, -3.6725457180557983, 0.007977287175355244, -5.298662362438246, 0.03575998458102636]",0.877572146707099,0.8293439570029241,0.03285082884424134,1.158113883008419,False,0.9695525484335428,0.00899619643504821,0.02541169651956254,-3.337559688387781e-05,-3.8035649517886155e-06,-0.00042261832797651285,-0.00735560470458874,0.007977287175355244,0.0020039330183612303,0.03575998458102636,1311153.6631406038,17938.067391116772,"[11087621.58872893, 2429914.5884209764, 346643.3030275558, 270973.990073062, 64121.88968415796, 21670.430434463917, 1610.9551713233893, 420.91506839679977, 56.78134276112331, 8.456386082292424]","[1.5730398111286503, 1.440974348808118, 1.4091621670614924, 1.3720178893368382, 1.2353279145005422, 0.20086066304729577, 0.1206170419148147, 0.006083321391107909, 0.0014245525942453274, 8.769282536577188e-05]",full_rank_local_linearization,0.00016905463355170627,2.75959298405685e-06,275.5576540660291,0.0,0,False,0
42,0.2,0.009,0.001,zero_drift,0,2026094264,0.026965025258932674,162,160,unchanged,True,320.44330869130533,True,3,51,0.9578183962327419,,"[1.0501280819020478, -5.8251584030178964, 6.756620881089946, -4.660633843601782, 0.9695868547760007, -4.709757724538498, -3.6651388000869756]",1.010862172527777,1.0910009522403212,0.02096378340624213,1.158113883008419,False,0.9695868547760007,0.00900695948338092,0.02560061766913825,9.307455740570347e-07,6.959483380921186e-06,0.0007732759312134652,2.412770071247033e-05,0.0,0.0,0.0,425317.99259647087,984.2735410252087,"[1113148.219636779, 275596.6635337582, 21381.732286182665, 6387.116097048187, 2394.4467414764567, 43.23283663447309, 2.617214035176972]","[1.4288349882043017, 1.423902025889321, 1.1451880639792007, 0.9860816908642852, 0.8044224994144064, 0.004809295091255224, 0.001451664530894575]",full_rank_local_linearization,3.952540621934171e-06,4.001302977498877e-06,320.44330869130533,0.0,3,False,0
42,0.2,0.009,0.001,zero_drift,0,2026094264,0.026965025258932674,162,160,drift_aware,True,318.884145552391,True,2,118,0.0004619490967769122,,"[1.0500819724441572, -5.851450706341868, 6.758997912720773, -4.303532923396926, 0.9695654196657993, -4.712154488453579, -3.6652136088780303, 4.0171934690795633e-05, -5.843827921924052]",1.0123306208012413,1.1111124518266222,0.0263759859107549,1.158113883008419,False,0.9695654196657993,0.008985397777387723,0.02559870258951346,-2.0504364627305094e-05,-1.4602222612276547e-05,-0.0016224691791418386,-5.068009713092958e-05,4.0171934690795633e-05,2.200478870501097e-05,0.0,474072.52644217876,1060.6575765309062,"[1113317.7758461304, 307473.2121571524, 32004.586665187137, 21345.36670509392, 6181.234948200714, 2502.2349696803794, 104.75531330896493, 42.81492563234011, 2.348412349902159]","[1.5307645022921825, 1.4505972669522504, 1.364912007136477, 1.3485738135325134, 0.9106401085699195, 0.17825236428043206, 0.09920107792813575, 0.0030398029230701384, 0.0014432221446047228]",full_rank_local_linearization,2.3297576719423297e-05,2.6231808485772176e-05,318.884145552391,0.0,3,False,0
42,0.2,0.009,0.001,zero_drift,0,2026094264,0.026965025258932674,162,160,extended,True,318.8848901018271,False,0,160,1121.5936213768157,,"[1.0500818592626195, -5.851862601887531, 6.759002807078351, -4.298882187609176, 0.9695652402378167, -4.712153769126738, -3.665340421086898, 3.991011914332447e-05, -5.844237777135693, -7.380076544369547e-05]",1.0155569748465831,1.111125876356543,0.026296609801354492,1.158113883008419,False,0.9695652402378167,0.008985404240827843,0.025595456567315912,-2.0683792609998974e-05,-1.4595759172156622e-05,-0.0016217510191285137,-0.00017747783922263932,3.991011914332447e-05,2.200163680345481e-05,-7.380076544369547e-05,978361.9568745528,5835.211938164733,"[1113314.956861355, 307704.05510314245, 42477.39846937186, 31968.377744018882, 6178.942164975014, 2502.2270800079364, 104.736312304777, 42.85561630335831, 16.297911394481176, 1.137937701929784]","[1.6449959612459064, 1.4506404582832912, 1.3973794203350556, 1.364910026457848, 1.1542163494714526, 0.1782838154408213, 0.09984888054032112, 0.0030758005508073174, 0.0014437358694664767, 0.00028190851997798795]",full_rank_local_linearization,2.5838245401061738e-05,2.6237104441729638e-05,318.8848901018271,0.0,0,False,0
43,0.2,0.009,0.001,zero_drift,1,2026094301,0.026965025258932674,162,160,unchanged,True,301.0549954883782,True,4,122,0.0008534449791428804,,"[1.0500502372052196, -5.792355767790044, 6.760744952223053, -5.44951580743997, 0.9695948130493026, -4.710497190060328, -3.665122952034713]",0.9497003012251679,1.0259067579248005,0.017289505779616778,1.158113883008419,False,0.9695948130493026,0.009000301609323986,0.025601023392279976,8.889018875968269e-06,3.016093239865264e-07,3.351214710961405e-05,3.9976260936123326e-05,0.0,0.0,0.0,934822.6635046876,984.7224570084412,"[1112753.3272428086, 275748.9872062223, 21402.55316630086, 6586.274079614389, 2394.460953767394, 43.12104660602667, 1.1903362751936841]","[1.428833933100389, 1.423924420811193, 1.1447759448561599, 0.9860498494831756, 0.8050101218859456, 0.004812910407475908, 0.0014510016735488553]",full_rank_local_linearization,3.948372127621901e-06,3.9979223018147235e-06,301.0549954883782,0.0,3,False,0
43,0.2,0.009,0.001,zero_drift,1,2026094301,0.026965025258932674,162,160,drift_aware,True,299.0574409056268,True,2,127,0.00022696393272933837,log_gr,"[1.0500737691741966, -5.7666881791036575, 6.759512974115655, -9.210340371974953, 0.9696209726899017, -4.709764176995636, -3.6650986078260606, -5.0930564974982964e-05, -5.768743136236607]",0.949388701287704,1.0264823975393977,0.02059338450121562,1.158113883008419,False,0.9696209726899017,0.009006901366548413,0.02560164663652132,3.504865947501212e-05,6.901366548413279e-06,0.0007668185053792533,6.432173911362748e-05,-5.0930564974982964e-05,-6.425630672550649e-06,0.0,63577806.281270705,1060.9461471263644,"[1112921.660946618, 307616.19255039794, 32079.678741422336, 21364.773583273934, 6695.968788116829, 2526.861603307695, 111.5284057675368, 42.86779483775593, 0.01750487671787556]","[1.5306119068663315, 1.4506338880929075, 1.3648318430330952, 1.3483265254780166, 0.9112717578227537, 0.17855571913760968, 0.09913854375445488, 0.003039830362407775, 0.0014426857678046003]",full_rank_local_linearization,2.3288879552151812e-05,2.6226588623221107e-05,299.0574409056268,0.0,1,False,0
43,0.2,0.009,0.001,zero_drift,1,2026094301,0.026965025258932674,162,160,extended,True,298.98844129985696,False,0,160,135.4037110356497,,"[1.0500757686471764, -5.767044236073186, 6.759407176240658, -8.746007846703238, 0.9696286557254082, -4.709772796984163, -3.6572280611013177, -2.7692719692760392e-05, -5.769107956258452, 0.004585208035675758]",0.9521924882161049,1.0271816203430322,0.022555715889141688,1.158113883008419,False,0.9696286557254082,0.00900682372749659,0.025803940630504403,4.273169498159035e-05,6.823727496590298e-06,0.0007581919440655888,0.007966430879077786,-2.7692719692760392e-05,-6.4507063055377865e-06,0.004585208035675758,83625291.60260302,3768.903194232726,"[1112920.8595206093, 307843.70243236364, 42587.75652327109, 32023.498953237853, 6693.575576648695, 2526.8673160235207, 111.495329002225, 42.88377902118898, 30.480152584439487, 0.013308424260083145]","[1.6426740336441559, 1.450615191784768, 1.3977685916304277, 1.364888018103731, 1.157065100015903, 0.1785733069391208, 0.09978680047394416, 0.0036739170965079614, 0.0014429263800172874, 0.00043584935695823086]",full_rank_local_linearization,4.922992056575803e-05,2.6233963071901874e-05,298.98844129985696,0.0,2,False,0
44,0.2,0.009,0.001,allowed_drift,0,2026094338,0.026965025258932674,162,160,unchanged,False,69393.35141712378,True,2,66,1.1616293607916817,log_gr,"[1.0551410567385353, -5.766206782579651, 6.503605606365458, -9.21034037197618, 0.9735408377535754, -4.500032032219243, -3.658036313146395]",218.90647134739362,217.73146114506744,217.713512577021,1.158113883008419,True,0.9735408377535754,0.011108640698128825,0.025783092968936223,0.003954913723148712,0.0021086406981288257,0.23429341090320288,0.00715206909907077,0.0,0.0,0.0,43782599.98952437,952.6893678276394,"[1107930.7577291515, 218738.38508823412, 16711.254788489034, 6727.782951322393, 2324.8602076014963, 48.4534579736071, 0.025305275565960912]","[1.425343293743169, 1.4203013420836579, 1.171578469850985, 0.9912760200876484, 0.7719441972628447, 0.004031321978042342, 0.0014961259586566962]",full_rank_local_linearization,5.1198416740438e-06,5.106586420658283e-06,69393.35141712378,0.0,3,False,0
44,0.2,0.009,0.001,allowed_drift,0,2026094338,0.026965025258932674,162,160,drift_aware,True,327.44061411383126,True,2,120,0.009553103885698997,,"[1.0504349749799546, -5.82485434896705, 6.740462787405227, -4.664083361614379, 0.9695938939210668, -4.709779350676353, -3.664993111760812, 0.007977627910080103, -5.309501140375968]",1.0394940130597818,1.0263055830787535,0.011741196939283856,1.158113883008419,False,0.9695938939210668,0.009006764699739697,0.0256043476519761,7.969890640113775e-06,6.7646997396978575e-06,0.0007516333044108732,0.00016983015531599473,0.007977627910080103,0.0019911583977421056,0.0,747445.2187026804,1048.2288973144716,"[1108570.17664571, 243329.3353832798, 27155.003012137186, 16806.67376635029, 6328.476272196302, 2163.1921550201578, 154.3595929840922, 42.5650598590606, 1.4831457194546296]","[1.498327625023149, 1.4414475537281617, 1.3725552719707708, 1.3592474225261062, 0.9459943281609229, 0.19348282336091305, 0.1158938937979549, 0.0027272810562982276, 0.0014293897343049936]",full_rank_local_linearization,2.513320127341832e-05,2.8326213864485613e-05,327.44061411383126,0.0,3,False,0
44,0.2,0.009,0.001,allowed_drift,0,2026094338,0.026965025258932674,162,160,extended,True,327.19637776044584,True,2,104,0.30919819679496835,,"[1.0504627976842038, -5.851447631188269, 6.738940189485946, -4.305463152694395, 0.969679034951322, -4.709950839747122, -3.717176054861912, 0.00773756431923936, -5.324884701260572, -0.029867587301990572]",1.042026680765751,1.0262021125931153,0.012273484201246684,1.158113883008419,False,0.969679034951322,0.009005220270460863,0.02430249996128947,9.311092089536732e-05,5.220270460863999e-06,0.0005800300512071111,-0.05068359526213052,0.00773756431923936,0.001993179218922901,-0.029867587301990572,998391.7572160107,2952.3826155167144,"[1108564.792700985, 243419.06467241282, 34352.74434666145, 26290.161783377716, 6177.07787319634, 2155.9616857092155, 152.54609051565694, 42.56725329466717, 13.366062592298904, 1.1103505058897811]","[1.6052521244908888, 1.4416573427081913, 1.4034989684955685, 1.3724002401835134, 1.2002080702507907, 0.19340258415923425, 0.11657154215574543, 0.0016533993091422585, 0.001422659363090342, 0.0005437141229779068]",full_rank_local_linearization,0.0002399419424495921,2.8529508271824813e-05,327.19637776044584,0.0,1,False,0
45,0.2,0.009,0.001,allowed_drift,1,2026094375,0.026965025258932674,162,160,unchanged,False,70499.46825404523,True,2,107,2.0890366936508067,log_gr,"[1.055231601135145, -5.766223397603033, 6.49920204108795, -9.21034037197618, 0.9735467737328842, -4.500002322603288, -3.658014680502463]",222.39579890866005,219.37686998029207,217.71869821755763,1.158113883008419,True,0.9735467737328842,0.01110897073648038,0.025783650731438807,0.003960849702457581,0.00210897073648038,0.23433008183115336,0.007173856696827943,0.0,0.0,0.0,43680743.66633145,951.9930892885645,"[1107932.3477225075, 218729.42074458444, 16710.02049661166, 6727.674306979895, 2324.813649432446, 48.566610763901316, 0.02536431971455851]","[1.42534476392751, 1.4203006195548522, 1.1716102666966157, 0.9912772559118747, 0.7718929465334157, 0.004034394430523395, 0.0014972217550367794]",full_rank_local_linearization,5.120422419609434e-06,5.10719466384059e-06,70499.46825404523,0.0,3,False,0
45,0.2,0.009,0.001,allowed_drift,1,2026094375,0.026965025258932674,162,160,drift_aware,True,286.6927703357311,True,2,107,0.011763514971644422,,"[1.0505177091762417, -5.8487104986978675, 6.736030050121763, -4.337849400777724, 0.9695511398392417, -4.710074233615167, -3.6650009851178273, 0.008075805161637556, -5.323427635235655]",0.9101357788435908,0.9119517516294321,0.013051042702621344,1.158113883008419,False,0.9695511398392417,0.009004109150053225,0.025604146060599495,-3.478419118496667e-05,4.109150053225458e-06,0.000456572228136162,0.00016195549216733489,0.008075805161637556,0.0019923966718680282,0.0,539813.2203109813,1047.2799681598535,"[1108569.9224720383, 243336.1108364333, 27175.469364695236, 16793.238815224537, 6192.2416753077405, 2156.549849928256, 152.91876972833504, 42.64392770243015, 2.053617586159527]","[1.4981687213638097, 1.4414412814773399, 1.3725466600572203, 1.3591758372059144, 0.9463460693996895, 0.19360301401304966, 0.11589532128682406, 0.002727980385543311, 0.0014305331591476923]",full_rank_local_linearization,2.513395044770665e-05,2.8321509861017947e-05,286.6927703357311,0.0,3,False,0
45,0.2,0.009,0.001,allowed_drift,1,2026094375,0.026965025258932674,162,160,extended,True,286.327330280811,False,0,160,3.2297091063505325,,"[1.050539592612001, -5.784948308204022, 6.734986280284313, -5.776585831753069, 0.9697468086360035, -4.709947120988769, -3.7494839923773235, 0.0077297086538105205, -5.285124231469366, -0.04794935118739882]",0.9118704786013089,0.9221981787782194,0.015006726314237362,1.158113883008419,False,0.9697468086360035,0.00900525375876123,0.023529884323640553,0.0001608846055768387,5.253758761231131e-06,0.0005837509734701258,-0.08086389360779132,0.0077297086538105205,0.001992933497496705,-0.04794935118739882,4242010.505473959,4202.540729502797,"[1108575.5265366316, 243443.3745054052, 34249.253613886496, 26280.2444967673, 6573.971342890904, 2174.712001339703, 157.06753872303574, 42.68188182861729, 17.08058155787291, 0.2613325745200555]","[1.6113896016171927, 1.4417885008021945, 1.402247689670967, 1.3722430738288616, 1.1934317587441832, 0.19352019745378982, 0.11652824206537675, 0.003063196477621089, 0.0014293012695906495, 0.00038343223905121704]",full_rank_local_linearization,0.0004874007619377463,2.8429813939203138e-05,286.327330280811,0.0,1,False,0
46,0.2,0.009,0.001,extra_link,0,2026094412,0.026965025258932674,162,160,unchanged,False,70070.79187413372,True,2,117,3.609434939850004,log_gr,"[1.0551777783634178, -5.766432300062055, 6.501771569055627, -9.21034037197618, 0.9732504579508882, -4.499849325864546, -3.727593048438288]",221.04350748938083,218.4556207544393,217.84721217225302,1.158113883008419,True,0.9732504579508882,0.01111067050279988,0.0240506549864284,0.00366453392046151,0.00211067050279988,0.23451894475554225,-0.06052128959264111,0.0,0.0,0.0,45104532.49660863,951.9342172143946,"[1108273.2987380864, 218285.08269178885, 16181.699610274669, 6728.4632888098395, 2323.9899968359996, 48.52447903202005, 0.024571217955122723]","[1.4249266988333, 1.420254312341792, 1.168077315622293, 0.9913400745480294, 0.7780001932282589, 0.003910403023006785, 0.0014968751758950357]",full_rank_local_linearization,5.1102117419095515e-06,5.102445995319053e-06,70070.79187413372,0.0,3,False,0
46,0.2,0.009,0.001,extra_link,0,2026094412,0.026965025258932674,162,160,drift_aware,False,302.23154942376607,True,2,117,0.005033331368339272,,"[1.0501897989536202, -5.840460209785587, 6.753268463385134, -4.435842129727812, 0.9694207060621203, -4.712576826534735, -3.7352675453481803, 0.007753504065288362, -5.3114101853337]",0.9594652362659241,1.0794698531930393,0.022702237745508967,1.158113883008419,False,0.9694207060621203,0.008981603702979443,0.023866784767232002,-0.0001652179683063748,-1.8396297020556104e-05,-0.0020440330022840117,-0.06770372003000034,0.007753504065288362,0.002027458340646587,0.0,614537.6903555389,1048.6324729455484,"[1108960.9564062625, 242645.22266040914, 28017.09323447659, 16250.372706464108, 6240.713970902267, 2156.481519044093, 159.39030834485717, 42.27896199963544, 1.8045450650303914]","[1.4953041542916186, 1.440995451348604, 1.3720444954547426, 1.3575791832886461, 0.9526571469571201, 0.20038999725539008, 0.11978890346208124, 0.002655852371080066, 0.0014259563697196932]",full_rank_local_linearization,2.4190744944262303e-05,2.7400678070510133e-05,302.23154942376607,0.0,2,False,0
46,0.2,0.009,0.001,extra_link,0,2026094412,0.026965025258932674,162,160,extended,True,302.21943546992844,False,0,160,18.75375974780062,,"[1.050181795404867, -5.8346010852230465, 6.753704343333705, -4.514902320587081, 0.9694310773651779, -4.712564272860809, -3.715819385528378, 0.007834584884421847, -5.30801831819933, 0.010962293018730428]",0.9624822785666511,1.0793922076247129,0.022534902156145536,1.158113883008419,False,0.9694310773651779,0.008981716455811393,0.024335492792836144,-0.00015484666524878676,-1.8283544188606518e-05,-0.0020315049098451688,-0.04939481277983855,0.007834584884421847,0.002027140064431252,0.010962293018730428,1114474.8822797388,12204.940308312518,"[1108962.451016283, 242772.02241087134, 34488.11727341949, 27034.410769037077, 6274.145076924603, 2158.1318021142342, 159.8776275806139, 42.28482245170345, 6.354142853413448, 0.9950537860017269]","[1.5828662466290908, 1.440993988490349, 1.4070843684255565, 1.3720603664248496, 1.225100301167996, 0.2004924604334477, 0.1206285202429093, 0.0036654580853815776, 0.001426367545729055, 0.00012969061762236028]",full_rank_local_linearization,0.0003426385571492545,2.757479772064512e-05,302.21943546992844,0.0,0,False,0
47,0.2,0.009,0.001,extra_link,1,2026094449,0.026965025258932674,162,160,unchanged,False,69436.1643091213,True,2,122,0.2955234467941621,log_gr,"[1.05365485593477, -5.7665574370952895, 6.576321232752039, -9.21034037197618, 0.9732459852396256, -4.50056684536559, -3.7281562074078507]",219.0415277890262,220.9043560665165,217.84498477336865,1.158113883008419,True,0.9732459852396256,0.011102701239437289,0.02403711445744198,0.003660061209198928,0.0021027012394372897,0.23363347104858775,-0.06105021650617314,0.0,0.0,0.0,46875328.653985634,964.1171283504756,"[1108700.8324337672, 218548.67038477628, 16201.812852948638, 6730.290831137494, 2325.1862359389334, 46.67150199357142, 0.023652118593508752]","[1.4249564134443733, 1.4202722399944834, 1.1679828328119235, 0.9913149152211178, 0.7780872119326727, 0.0038641132364109956, 0.0014779909738584932]",full_rank_local_linearization,5.102340025521538e-06,5.096519949275228e-06,69436.1643091213,0.0,3,False,0
47,0.2,0.009,0.001,extra_link,1,2026094449,0.026965025258932674,162,160,drift_aware,False,299.1607359332993,True,3,47,5.490247613880424,,"[1.048619433690961, -5.800466808714671, 6.837413048314002, -5.163720540534839, 0.9694562843884522, -4.710073309004292, -3.735712215290074, 0.007672856207769823, -5.293861744376112]",0.9497166220104739,1.1526980318804605,0.06947901314254541,1.158113883008419,False,0.9694562843884522,0.009004117475354312,0.023856174284692527,-0.00012963964197443278,4.117475354312866e-06,0.0004574972615903185,-0.06811819200419858,0.007672856207769823,0.0019961860298241076,0.0,1323714.7741729661,1063.3045090354588,"[1109390.7455616258, 242946.68203524812, 28082.01277822149, 16285.09054232331, 6480.675155150842, 2171.7627084826104, 161.57868782548567, 40.559552086329475, 0.8380889653926796]","[1.4953466809731406, 1.441033106134474, 1.371979746941138, 1.3574145421804755, 0.952836626086261, 0.2005513028173025, 0.11971602793089715, 0.002619013923547616, 0.0014063202669286098]",full_rank_local_linearization,2.4163760201756097e-05,2.7384559049208718e-05,299.1607359332993,0.0,2,False,0
47,0.2,0.009,0.001,extra_link,1,2026094449,0.026965025258932674,162,160,extended,True,297.9530863385918,True,2,97,0.17028775276505656,,"[1.0486633878702751, -5.88331022440692, 6.834821605869221, -3.9751213352036463, 0.9696031758724034, -4.710414103708457, -3.805518432507208, 0.00736548083487202, -5.342278643299607, -0.03904204392752145]",0.9488951794222669,1.1548419978928894,0.07362070807044549,1.158113883008419,False,0.9696031758724034,0.009001049442617379,0.022247660265472525,1.7251841976761995e-05,1.0494426173797422e-06,0.00011660473526441581,-0.1309507708799799,0.00736548083487202,0.0019994058690064698,-0.03904204392752145,757966.1539816024,2180.8128578342153,"[1109377.9372122015, 243012.79667736214, 33821.52148738733, 27080.3972102698, 6012.363671776962, 2149.316744970955, 155.94230936328051, 40.55148025531798, 27.287032710425553, 1.4636246373068642]","[1.6005704414634725, 1.441295519809932, 1.4031560710862134, 1.3717836253222022, 1.2064365955532643, 0.20049297971908703, 0.12045135339364395, 0.0025460095344774325, 0.0014030672555242318, 0.0007339329625252729]",full_rank_local_linearization,0.00020934781861161336,2.757512906946549e-05,297.9530863385918,0.0,2,False,0
