case_id,B,gamma_dark,noise_scale,control,replica,seed,sigma,training_complex_samples,holdout_complex_samples,model,model_correct,parameter,value,start_index,chi2,success,status,nfev,optimality,boundaries,parameters
6,0.05,0.003,0.001,zero_drift,0,2026092932,0.026965025258932674,162,160,unchanged,True,omega,0.85,0,22638067.834561393,True,2,90,504.2526829749034,remote_sq;log_gr;omega_d,"[1.1492689828377083, -5.7729057391816925, 4.000000000000001, -9.210340355503044, 0.85, -3.5628774936267322, -4.480741619093414]"
6,0.05,0.003,0.001,zero_drift,0,2026092932,0.026965025258932674,162,160,unchanged,True,omega,0.85,1,22638067.83404994,True,2,52,1082.4035636036026,remote_sq;log_gr;omega_d,"[1.1492689827807994, -5.772905801719975, 4.000000000000002, -9.210340332596385, 0.85, -3.562884059706485, -4.480741706652742]"
6,0.05,0.003,0.001,zero_drift,0,2026092932,0.026965025258932674,162,160,unchanged,True,omega,0.8895863457991517,0,22337074.56299615,True,2,61,1688.0295212563306,remote_sq;log_gr,"[1.1492768499177983, -5.776028168784931, 4.0000000000000435, -9.21034031864099, 0.8895863457991517, -3.8423685839214476, -4.794057971200553]"
6,0.05,0.003,0.001,zero_drift,0,2026092932,0.026965025258932674,162,160,unchanged,True,omega,0.8895863457991517,1,22337074.564334136,True,2,51,1879.4691405436724,remote_sq;log_gr,"[1.1492768500238046, -5.776028032907995, 4.000000000002901, -9.210340367700624, 0.8895863457991517, -3.8423580951484726, -4.794057091146522]"
6,0.05,0.003,0.001,zero_drift,0,2026092932,0.026965025258932674,162,160,unchanged,True,omega,0.9495863457991517,0,20707557.697386276,True,2,88,4743.908376168295,log_gr,"[1.0887414575275594, -5.783846663772935, 5.24887221604343, -9.21034037197618, 0.9495863457991517, -4.180733490971831, -5.711155248293444]"
6,0.05,0.003,0.001,zero_drift,0,2026092932,0.026965025258932674,162,160,unchanged,True,omega,0.9495863457991517,1,20707557.698017392,True,2,56,3748.5609463843793,log_gr,"[1.0887428441247622, -5.783846879388379, 5.248831660200523, -9.210339576246124, 0.9495863457991517, -4.180724801821391, -5.711155479632018]"
6,0.05,0.003,0.001,zero_drift,0,2026092932,0.026965025258932674,162,160,unchanged,True,omega,0.9645863457991517,0,9028469.774734356,False,0,100,562060.7565270957,log_gr,"[1.0126427685811574, -5.932559457518115, 9.81359279785875, -2.813410716760037, 0.9645863457991517, -5.141802858784329, -6.384890494289801]"
6,0.05,0.003,0.001,zero_drift,0,2026092932,0.026965025258932674,162,160,unchanged,True,omega,0.9645863457991517,1,9038106.70915327,False,0,100,6160761.898678962,log_gr,"[1.0564230014859404, -6.277359471317256, 6.459842340829161, -2.813414615395243, 0.9645863457991517, -5.149409972870407, -6.372987311424072]"
6,0.05,0.003,0.001,zero_drift,0,2026092932,0.026965025258932674,162,160,unchanged,True,omega,0.9685863457991517,0,480997.10165619536,True,2,96,170.54382755584032,log_gr,"[1.0695128014446416, -6.457793834788111, 5.889731059181549, -2.813410716760037, 0.9685863457991517, -5.788579481306946, -6.434036068948534]"
6,0.05,0.003,0.001,zero_drift,0,2026092932,0.026965025258932674,162,160,unchanged,True,omega,0.9685863457991517,1,480997.10154050903,True,2,83,203.26322684798905,log_gr,"[1.0695141667805692, -6.4578148662080705, 5.889678715093297, -2.813410716760037, 0.9685863457991517, -5.788580381924984, -6.434035550941224]"
6,0.05,0.003,0.001,zero_drift,0,2026092932,0.026965025258932674,162,160,unchanged,True,omega,0.9694863457991517,0,4955.362029642114,False,0,100,21649.749529447923,,"[1.0518210231851028, -5.975623271211245, 6.668823516088071, -3.4942558868696243, 0.9694863457991517, -5.80928039089933, -6.437413031089468]"
6,0.05,0.003,0.001,zero_drift,0,2026092932,0.026965025258932674,162,160,unchanged,True,omega,0.9694863457991517,1,5004.484159581154,False,0,100,1009915.9492286613,,"[1.0554619630854265, -6.106918171580284, 6.48724193909639, -3.1335282623786997, 0.9694863457991517, -5.810209014759128, -6.436148586540822]"
6,0.05,0.003,0.001,zero_drift,0,2026092932,0.026965025258932674,162,160,unchanged,True,omega,0.9695763457991518,0,423.86440009576603,False,0,100,174.42855482637123,,"[1.0505580117245723, -5.794356694137979, 6.734087779926722, -5.3909718549370265, 0.9695763457991518, -5.808942982773017, -6.437441958620828]"
6,0.05,0.003,0.001,zero_drift,0,2026092932,0.026965025258932674,162,160,unchanged,True,omega,0.9695763457991518,1,961.5005869246583,False,0,100,2689488.138089594,,"[1.0590784558090398, -5.790634053475018, 6.3190341034760715, -5.681929378595819, 0.9695763457991518, -5.811470233823487, -6.434410839263223]"
6,0.05,0.003,0.001,zero_drift,0,2026092932,0.026965025258932674,162,160,unchanged,True,omega,0.9695863457991517,0,377.5455876279277,True,3,5,0.0006206919515292217,log_gr,"[1.0504322696939152, -5.766828029002161, 6.7406107099134855, -9.210340371055148, 0.9695863457991517, -5.808891030129329, -6.4374411462181715]"
6,0.05,0.003,0.001,zero_drift,0,2026092932,0.026965025258932674,162,160,unchanged,True,omega,0.9695863457991517,1,467.5038393174826,False,0,100,2996144.070451237,,"[1.0535681355315352, -5.774877309746667, 6.58011814994818, -6.616091901546545, 0.9695863457991517, -5.809788075958528, -6.436351820407335]"
6,0.05,0.003,0.001,zero_drift,0,2026092932,0.026965025258932674,162,160,unchanged,True,omega,0.9695963457991517,0,424.88904664408733,True,3,9,0.1936304783129882,log_gr,"[1.0503088658281174, -5.766829139612078, 6.747011731950822, -9.210340371975937, 0.9695963457991517, -5.808801433617449, -6.43743826951848]"
6,0.05,0.003,0.001,zero_drift,0,2026092932,0.026965025258932674,162,160,unchanged,True,omega,0.9695963457991517,1,424.88904664615177,True,2,94,0.026754589074444328,log_gr,"[1.0503088668101175, -5.766829139655411, 6.747011680227349, -9.21034037197618, 0.9695963457991517, -5.808801434006669, -6.437438269183403]"
6,0.05,0.003,0.001,zero_drift,0,2026092932,0.026965025258932674,162,160,unchanged,True,omega,0.9696863457991517,0,5095.401005351357,True,2,15,0.3593542711326617,log_gr,"[1.0492040440488029, -5.766831766252914, 6.804955164621967, -9.21034037197618, 0.9696863457991517, -5.807736894113642, -6.4373978127070695]"
6,0.05,0.003,0.001,zero_drift,0,2026092932,0.026965025258932674,162,160,unchanged,True,omega,0.9696863457991517,1,5095.9303009738305,False,0,100,351475.79748707,log_gr,"[1.0493895185776185, -5.766834613339695, 6.794979266855716, -9.21034037197618, 0.9696863457991517, -5.8077896919668435, -6.437334836058427]"
6,0.05,0.003,0.001,zero_drift,0,2026092932,0.026965025258932674,162,160,unchanged,True,omega,0.9705863457991517,0,453825.36761297705,True,2,34,113.93330985458653,log_gr,"[1.0404393541372534, -5.7662725332236855, 7.307632033957008, -9.21034037197618, 0.9705863457991517, -5.773318706944376, -6.435033058948621]"
6,0.05,0.003,0.001,zero_drift,0,2026092932,0.026965025258932674,162,160,unchanged,True,omega,0.9705863457991517,1,454152.1570612054,False,0,100,1724188.738778661,log_gr,"[1.0478551069365953, -5.766388781014888, 6.870013460116606, -9.21033964059112, 0.9705863457991517, -5.775230903866098, -6.432606613008128]"
6,0.05,0.003,0.001,zero_drift,0,2026092932,0.026965025258932674,162,160,unchanged,True,omega,0.9745863457991517,0,8071667.908251741,False,0,100,2071335.0382759124,log_gr,"[1.0079824373714878, -5.769494644461172, 10.30944217463625, -9.210340349367435, 0.9745863457991517, -5.159622501888844, -6.351970174531406]"
6,0.05,0.003,0.001,zero_drift,0,2026092932,0.026965025258932674,162,160,unchanged,True,omega,0.9745863457991517,1,8074125.356831152,False,0,100,6834174.209326277,,"[1.0240539392824657, -5.770085517311551, 8.524333143581016, -8.422590011022024, 0.9745863457991517, -5.1620867763917, -6.348261607207826]"
6,0.05,0.003,0.001,zero_drift,0,2026092932,0.026965025258932674,162,160,unchanged,True,omega,0.9895863457991517,0,18757548.641107466,False,0,100,2071364.3608805393,,"[1.1216265479261824, -9.193394341696663, 4.4604800341649025, -2.8530073802193865, 0.9895863457991517, -4.345626063879957, -5.700972406786327]"
6,0.05,0.003,0.001,zero_drift,0,2026092932,0.026965025258932674,162,160,unchanged,True,omega,0.9895863457991517,1,18757419.36254428,True,2,74,11252.602311927863,log_gb,"[1.1226916994835214, -9.210340371976173, 4.440073207377443, -2.865361822841334, 0.9895863457991517, -4.3470481856003325, -5.700442053684904]"
6,0.05,0.003,0.001,zero_drift,0,2026092932,0.026965025258932674,162,160,unchanged,True,omega,1.0495863457991517,0,20701324.06554396,True,2,87,999.9078902638673,log_gb;remote_sq,"[1.1491148867925598, -9.210340353822673, 4.000000000000001, -3.1207275872299345, 1.0495863457991517, -3.8381935690064393, -4.740733396009612]"
6,0.05,0.003,0.001,zero_drift,0,2026092932,0.026965025258932674,162,160,unchanged,True,omega,1.0495863457991517,1,20701324.064745724,True,2,88,141.94960483192835,log_gb;remote_sq,"[1.1491148870120915, -9.210340370869842, 4.000000000000001, -3.1207277195840453, 1.0495863457991517, -3.8382045337081054, -4.7407335756093065]"
6,0.05,0.003,0.001,zero_drift,0,2026092932,0.026965025258932674,162,160,unchanged,True,omega,1.1,0,21354284.618033033,False,0,100,574879.0454805001,remote_sq;omega_d;log_gd,"[1.1491891569892043, -7.127971327487916, 4.000014062862242, -3.372212134414685, 1.1, -3.5065578973199822, -4.31139923782107]"
6,0.05,0.003,0.001,zero_drift,0,2026092932,0.026965025258932674,162,160,unchanged,True,omega,1.1,1,21350153.03360106,True,2,98,21.365382170087354,log_gb;remote_sq;omega_d;log_gd,"[1.1491226043879195, -9.210340371969659, 4.000000000000001, -3.1126608174323556, 1.1, -3.5065578973199822, -4.311508095975471]"
6,0.05,0.003,0.001,zero_drift,0,2026092932,0.026965025258932674,162,160,unchanged,True,gamma,0.00010000000000000009,0,5859964.352844665,False,0,100,215718.3105494477,log_gr;log_gd,"[1.1307450467894367, -5.546771244361327, 4.297106238158609, -9.21034033785856, 0.9697989863806121, -9.210340371976182, -6.410172973412851]"
6,0.05,0.003,0.001,zero_drift,0,2026092932,0.026965025258932674,162,160,unchanged,True,gamma,0.00010000000000000009,1,33907097.64818861,False,0,100,3770673.904563036,log_gd,"[1.118446424027717, -5.823960659392118, 4.529395648968793, -3.8767051207215517, 0.8693721876644681, -9.210340371976182, -4.6743358606556455]"
6,0.05,0.003,0.001,zero_drift,0,2026092932,0.026965025258932674,162,160,unchanged,True,gamma,0.0004061081599072263,0,4540514.999884424,True,2,98,2083.5941421705747,log_gr,"[1.1328874430734128, -5.588689327836606, 4.259860680145639, -9.210340371976129, 0.9697486939042955, -7.808891030129329, -6.409648732051031]"
6,0.05,0.003,0.001,zero_drift,0,2026092932,0.026965025258932674,162,160,unchanged,True,gamma,0.0004061081599072263,1,32999784.475119863,False,0,100,1846295.6058468528,remote_sq,"[1.1490847353546931, -8.37943429170411, 4.000020827781031, -2.923422659582663, 0.8781607799666568, -7.808891030129329, -4.727975014559723]"
6,0.05,0.003,0.001,zero_drift,0,2026092932,0.026965025258932674,162,160,unchanged,True,gamma,0.0014901313178405685,0,1316305.163836234,True,2,90,379.4175475460608,log_gr,"[1.1165360555375965, -5.696072236160065, 4.567617056781042, -9.21034037197618, 0.9696103630807638, -6.5088910301293295, -6.4172882556574145]"
6,0.05,0.003,0.001,zero_drift,0,2026092932,0.026965025258932674,162,160,unchanged,True,gamma,0.0014901313178405685,1,30988983.03117414,True,2,61,630.0755150607681,log_gb;remote_sq,"[1.149037105855518, -9.210340371237942, 4.000000000000001, -2.9148870076867963, 0.8694659522866629, -6.5088910301293295, -4.65497616730493]"
6,0.05,0.003,0.001,zero_drift,0,2026092932,0.026965025258932674,162,160,unchanged,True,gamma,0.0024568111998601585,0,144268.717724348,True,2,77,22.892442077182086,log_gr,"[1.0787097202833869, -5.748752879314956, 5.557429314171054, -9.210340371976178, 0.9695786367000241, -6.0088910301293295, -6.430460756458648]"
6,0.05,0.003,0.001,zero_drift,0,2026092932,0.026965025258932674,162,160,unchanged,True,gamma,0.0024568111998601585,1,29567816.614772208,True,2,52,230.86820340975362,log_gb;remote_sq,"[1.1490255784569114, -9.210340371948996, 4.000000000000001, -2.9396695991940187, 0.8695105090496735, -6.0088910301293295, -4.653592041865889]"
6,0.05,0.003,0.001,zero_drift,0,2026092932,0.026965025258932674,162,160,unchanged,True,gamma,0.002854407379915893,0,10065.575246821927,True,2,33,0.5318652476068743,log_gr,"[1.0585663122452995, -5.76257777709256, 6.3424033507128375, -9.21034037197618, 0.9695831400599018, -5.858891030129329, -6.435672900033384]"
6,0.05,0.003,0.001,zero_drift,0,2026092932,0.026965025258932674,162,160,unchanged,True,gamma,0.002854407379915893,1,29101250.990689594,True,2,56,480.53534474799983,log_gb;remote_sq,"[1.1490197495730714, -9.210340371899074, 4.000000000000001, -2.9463567227446443, 0.8651945227715557, -5.858891030129329, -4.619960255928619]"
6,0.05,0.003,0.001,zero_drift,0,2026092932,0.026965025258932674,162,160,unchanged,True,gamma,0.002970897954950727,0,772.3281707448,True,2,12,0.02713269571480767,log_gr,"[1.0521274874480426, -5.765993707707215, 6.652850818928084, -9.21034037197618, 0.9695856366589422, -5.818891030129329, -6.437088094949258]"
6,0.05,0.003,0.001,zero_drift,0,2026092932,0.026965025258932674,162,160,unchanged,True,gamma,0.002970897954950727,1,28966749.383868165,True,2,50,356.8689698600103,log_gb;remote_sq,"[1.1490191536169998, -9.210340371954656, 4.000000000000001, -2.9490128817137955, 0.8652132007170305, -5.818891030129329, -4.619938194607488]"
6,0.05,0.003,0.001,zero_drift,0,2026092932,0.026965025258932674,162,160,unchanged,True,gamma,0.0030007559757879946,0,377.5455876279277,True,3,5,0.0006206919515292217,log_gr,"[1.0504322696939152, -5.766828029002161, 6.7406107099134855, -9.210340371055148, 0.9695863457991517, -5.808891030129329, -6.4374411462181715]"
6,0.05,0.003,0.001,zero_drift,0,2026092932,0.026965025258932674,162,160,unchanged,True,gamma,0.0030007559757879946,1,28932839.674588244,True,2,56,246.2937894798554,log_gb;remote_sq,"[1.149019013305646, -9.210340371971286, 4.000000000000001, -2.9496884055583723, 0.8652185701948342, -5.808891030129329, -4.619937625675814]"
6,0.05,0.003,0.001,zero_drift,0,2026092932,0.026965025258932674,162,160,unchanged,True,gamma,0.0030309140747234787,0,775.6767551921919,False,0,100,221.1086931795694,,"[1.0487041953377365, -5.7773911698441465, 6.832890339280448, -6.351430232878248, 0.96958696782667, -5.7988910301293295, -6.43779254625166]"
6,0.05,0.003,0.001,zero_drift,0,2026092932,0.026965025258932674,162,160,unchanged,True,gamma,0.0030309140747234787,1,28898818.827424165,True,2,55,280.49198149975643,log_gb;remote_sq,"[1.1490188765349572, -9.210340371966717, 4.000000000000001, -2.9503684401948225, 0.8652242548132818, -5.7988910301293295, -4.619939336683549]"
6,0.05,0.003,0.001,zero_drift,0,2026092932,0.026965025258932674,162,160,unchanged,True,gamma,0.0031546080246235503,0,10485.760324363739,False,0,100,12160.063985713978,,"[1.0414657129039269, -5.916275122893353, 7.2532222140534826, -3.6349481704837765, 0.9695888141812175, -5.7588910301293295, -6.439174552865877]"
6,0.05,0.003,0.001,zero_drift,0,2026092932,0.026965025258932674,162,160,unchanged,True,gamma,0.0031546080246235503,1,28761648.701375052,True,2,59,341.2622706416493,log_gb;remote_sq,"[1.1490183674712755, -9.21034037195501, 4.000000000000001, -2.953134986985031, 0.8652506861120263, -5.7588910301293295, -4.619972769406484]"
6,0.05,0.003,0.001,zero_drift,0,2026092932,0.026965025258932674,162,160,unchanged,True,gamma,0.003665131625393069,0,173147.41929201793,False,0,100,540093.172070509,,"[1.0175435932870962, -5.869821693576947, 9.203005783403253, -3.582002990097356, 0.9696057509861846, -5.608891030129329, -6.441333051186892]"
6,0.05,0.003,0.001,zero_drift,0,2026092932,0.026965025258932674,162,160,unchanged,True,gamma,0.003665131625393069,1,28107353.796922933,True,2,57,729.65707268457,log_gb;remote_sq,"[1.1490232743588435, -9.210340371974942, 4.000000000000001, -2.970852523994518, 0.8741599725068976, -5.608891030129329, -4.688938774174614]"
6,0.05,0.003,0.001,zero_drift,0,2026092932,0.026965025258932674,162,160,unchanged,True,gamma,0.006042780470701286,0,2476845.7646762663,False,0,100,839310.7791287114,,"[1.0015575678028636, -5.929017061907385, 11.350238732386181, -2.8143431807243897, 0.9697028305337698, -5.108891030129329, -6.415999319430246]"
6,0.05,0.003,0.001,zero_drift,0,2026092932,0.026965025258932674,162,160,unchanged,True,gamma,0.006042780470701286,1,24669474.278666083,False,0,100,1844002.4723005907,log_gb;remote_sq,"[1.149107291889781, -9.210340367604116, 4.0000000000002895, -3.079930687397251, 0.929177691209965, -5.108891030129329, -5.306499145828786]"
6,0.05,0.003,0.001,zero_drift,0,2026092932,0.026965025258932674,162,160,unchanged,True,gamma,0.022172754244298876,0,17218266.4677815,False,0,100,116718.99323431215,,"[1.0457463652963679, -5.784842594324327, 6.9973157136407, -8.859243940028145, 0.9709753134615667, -3.8088910301293293, -6.013797134909916]"
6,0.05,0.003,0.001,zero_drift,0,2026092932,0.026965025258932674,162,160,unchanged,True,gamma,0.022172754244298876,1,17276540.259957135,False,0,100,230858.74053404783,,"[1.0741170585463016, -5.7852352380422305, 5.715288614588705, -8.897938551143845, 0.9709840961257469, -3.8088910301293293, -6.003784351492309]"
6,0.05,0.003,0.001,zero_drift,0,2026092932,0.026965025258932674,162,160,unchanged,True,gamma,0.029999999999999995,0,20134406.61611672,False,0,100,159288.42713210176,log_gd,"[1.040588682495574, -5.778735743679172, 7.307999119120486, -9.118278241544754, 0.9725307079300587, -3.506557897319982, -5.803122895063966]"
6,0.05,0.003,0.001,zero_drift,0,2026092932,0.026965025258932674,162,160,unchanged,True,gamma,0.029999999999999995,1,22587480.271263648,True,2,73,315.0613678803407,remote_sq;log_gr;log_gd,"[1.1492831574513505, -5.779634837306647, 4.000000000000001, -9.21034037197618, 0.8733185936255133, -3.506557897319982, -4.6366669128513]"
6,0.05,0.003,0.001,zero_drift,0,2026092932,0.026965025258932674,162,160,drift_aware,True,omega,0.85,0,22147957.482140567,True,2,63,2372.748219285239,remote_sq;log_gr;omega_d;log_gd;log_gb_signal,"[1.1492727462095602, -5.768086895018924, 4.000000000000042, -9.21034034822038, 0.85, -3.5065578980825713, -4.074716230255419, -0.020800596496981037, -9.21034037171033]"
6,0.05,0.003,0.001,zero_drift,0,2026092932,0.026965025258932674,162,160,drift_aware,True,omega,0.85,1,22147957.481891587,True,2,55,748.5629048638206,remote_sq;log_gr;omega_d;log_gd;log_gb_signal,"[1.1492727462102565, -5.768086894587511, 4.000000000000082, -9.210340369850924, 0.85, -3.5065578973300817, -4.074713682024435, -0.02080083147518082, -9.210340371568794]"
6,0.05,0.003,0.001,zero_drift,0,2026092932,0.026965025258932674,162,160,drift_aware,True,omega,0.889588414304524,0,21813886.007877525,True,2,83,605.3749679134701,remote_sq;log_gr;log_gd;log_gb_signal,"[1.1492727462078554, -5.768086894559746, 4.000000000007075, -9.210340369275242, 0.889588414304524, -3.5065578973199996, -4.652287255860046, -0.004260445638208949, -9.210340371833881]"
6,0.05,0.003,0.001,zero_drift,0,2026092932,0.026965025258932674,162,160,drift_aware,True,omega,0.889588414304524,1,22450332.437453113,True,2,74,977.2630439331485,log_gb;remote_sq;drift_u,"[1.1490867542503653, -9.210320110706695, 4.000000000000001, -3.1143667623575366, 0.889588414304524, -5.070159852145795, -7.001691786244669, -0.049999999999999996, -5.475728048922609]"
6,0.05,0.003,0.001,zero_drift,0,2026092932,0.026965025258932674,162,160,drift_aware,True,omega,0.9495884143045239,0,17436867.234849833,False,0,100,4086783.2801940637,,"[1.1388671935817822, -5.768517807766846, 4.1600378486270095, -8.958574894713843, 0.9495884143045239, -4.031575958783346, -5.919845531275236, 0.012591849497187632, -8.549803829779027]"
6,0.05,0.003,0.001,zero_drift,0,2026092932,0.026965025258932674,162,160,drift_aware,True,omega,0.9495884143045239,1,17439294.556376584,False,0,100,88342.002653052,,"[1.1381751843798806, -5.772106330659477, 4.171405585378894, -8.072339526695448, 0.9495884143045239, -4.0275651808182, -5.928537036863471, 0.012845923583982071, -8.389604239326468]"
6,0.05,0.003,0.001,zero_drift,0,2026092932,0.026965025258932674,162,160,drift_aware,True,omega,0.9645884143045239,0,1525984.5093945144,True,2,86,454.6289945043816,log_gr,"[1.0784717636454695, -6.618631599841644, 5.562422757496309, -2.813410716760037, 0.9645884143045239, -6.943391811844871, -6.492763746880549, 0.00938048775916666, -5.669944028910581]"
6,0.05,0.003,0.001,zero_drift,0,2026092932,0.026965025258932674,162,160,drift_aware,True,omega,0.9645884143045239,1,1525984.5093872629,True,2,76,108.77401049870133,log_gr,"[1.0784752064460623, -6.618698545064702, 5.5623076385688766, -2.813410716760037, 0.9645884143045239, -6.943384758238897, -6.492761731989741, 0.009380497610744144, -5.669974743726964]"
6,0.05,0.003,0.001,zero_drift,0,2026092932,0.026965025258932674,162,160,drift_aware,True,omega,0.9685884143045239,0,81792.95973926119,True,2,91,15.607939912391696,log_gr,"[1.0591096961491004, -6.318322670695783, 6.315216055507135, -2.813410716760037, 0.9685884143045239, -5.857962914693694, -6.437087066401257, 0.0017995279140234906, -6.247226324549522]"
6,0.05,0.003,0.001,zero_drift,0,2026092932,0.026965025258932674,162,160,drift_aware,True,omega,0.9685884143045239,1,81792.9597410195,True,2,76,5.053258081499527,log_gr,"[1.0591099135165096, -6.3183253616815644, 6.3152062309822625, -2.813410716760037, 0.9685884143045239, -5.857962731808066, -6.437086971158394, 0.0017995279348333004, -6.24722927506796]"
6,0.05,0.003,0.001,zero_drift,0,2026092932,0.026965025258932674,162,160,drift_aware,True,omega,0.9694884143045239,0,1128.827422590739,False,0,100,4658.033040176241,,"[1.0507089315482772, -5.897876696357528, 6.725843467537765, -3.901493981116795, 0.9694884143045239, -5.806285957656672, -6.437146956815857, 0.00017525271610091553, -5.901334321061624]"
6,0.05,0.003,0.001,zero_drift,0,2026092932,0.026965025258932674,162,160,drift_aware,True,omega,0.9694884143045239,1,1126.515724745146,False,0,100,294742.989534559,,"[1.0526198307470274, -5.940325747113174, 6.627415623835442, -3.6760402611437155, 0.9694884143045239, -5.805661933423886, -6.436437992033561, 0.00017477976819104334, -5.9453281362758155]"
6,0.05,0.003,0.001,zero_drift,0,2026092932,0.026965025258932674,162,160,drift_aware,True,omega,0.969578414304524,0,384.7599853992075,False,0,100,982.2850810248149,,"[1.0505036310352647, -5.777405696316105, 6.736864517518149, -6.302495307781365, 0.969578414304524, -5.8074856967737505, -6.437346791026215, 1.3498645181947381e-05, -5.778909675892964]"
6,0.05,0.003,0.001,zero_drift,0,2026092932,0.026965025258932674,162,160,drift_aware,True,omega,0.969578414304524,1,584.7477686467927,False,0,100,1854033.8444155252,,"[1.0558262370685467, -5.794772604065707, 6.470159257609308, -5.469373780319478, 0.969578414304524, -5.805609543608352, -6.4353303891969595, 1.1938183175807194e-05, -5.799931608979023]"
6,0.05,0.003,0.001,zero_drift,0,2026092932,0.026965025258932674,162,160,drift_aware,True,omega,0.9695884143045239,0,376.35839865206833,True,2,2,0.00037254334275587547,log_gr,"[1.050491684050421, -5.766816181678416, 6.737493942887021, -9.21034037197618, 0.9695884143045239, -5.807692353123467, -6.437370844968217, -4.488948948077932e-06, -5.768059910636135]"
6,0.05,0.003,0.001,zero_drift,0,2026092932,0.026965025258932674,162,160,drift_aware,True,omega,0.9695884143045239,1,376.3583986521399,True,2,85,0.00030931246755482625,log_gr,"[1.0504916842212246, -5.766816181681302, 6.737493933918223, -9.21034037197618, 0.9695884143045239, -5.807692352763018, -6.437370844891547, -4.488948960157614e-06, -5.76805991104383]"
6,0.05,0.003,0.001,zero_drift,0,2026092932,0.026965025258932674,162,160,drift_aware,True,omega,0.9695984143045239,0,385.060028107904,True,2,29,0.0012166215267055108,log_gr,"[1.0504784733647512, -5.766816036111418, 6.738187708913238, -9.210340371314654, 0.9695984143045239, -5.807945349641487, -6.437397856988088, -2.24830275361363e-05, -5.767754631414375]"
6,0.05,0.003,0.001,zero_drift,0,2026092932,0.026965025258932674,162,160,drift_aware,True,omega,0.9695984143045239,1,487.763702442898,False,0,100,2371953.3768487265,,"[1.054060733749137, -5.78094864127401, 6.555792778849478, -6.089671966550342, 0.9695984143045239, -5.8067104519346575, -6.436052210780348, -2.3568439356102883e-05, -5.784262674050187]"
6,0.05,0.003,0.001,zero_drift,0,2026092932,0.026965025258932674,162,160,drift_aware,True,omega,0.9696884143045239,0,1244.4568566972061,True,2,14,0.0012687527956200026,log_gr,"[1.0503490372199134, -5.766814610528676, 6.744993909612271, -9.210340371975352, 0.9696884143045239, -5.810947503979849, -6.437692858033899, -0.00018457458398760476, -5.764274459723541]"
6,0.05,0.003,0.001,zero_drift,0,2026092932,0.026965025258932674,162,160,drift_aware,True,omega,0.9696884143045239,1,1244.4568566972519,True,2,98,0.010372214296904601,log_gr,"[1.050349037290974, -5.766814610526018, 6.744993905871301, -9.210340371976173, 0.9696884143045239, -5.810947502754218, -6.437692857957759, -0.0001845745840177408, -5.764274460866296]"
6,0.05,0.003,0.001,zero_drift,0,2026092932,0.026965025258932674,162,160,drift_aware,True,omega,0.9705884143045239,0,83000.17926932455,True,2,15,21.224614629129178,log_gr,"[1.0486661612285708, -5.766796177127088, 6.834962449966199, -9.21034037197618, 0.9705884143045239, -5.906995304242894, -6.445058627117904, -0.0018333493276299828, -5.67212293574379]"
6,0.05,0.003,0.001,zero_drift,0,2026092932,0.026965025258932674,162,160,drift_aware,True,omega,0.9705884143045239,1,83000.17926939926,True,2,97,4.055665341223533,log_gr,"[1.0486661744608152, -5.766796177439436, 6.834961731937601, -9.21034037197618, 0.9705884143045239, -5.906995309724122, -6.44505861989537, -0.0018333491515048867, -5.672122936444518]"
6,0.05,0.003,0.001,zero_drift,0,2026092932,0.026965025258932674,162,160,drift_aware,True,omega,0.9745884143045239,0,1524476.8844391638,True,2,33,76.52327987709504,log_gr,"[1.0636389404664863, -5.766966452937869, 6.120605596028234, -9.21034037197618, 0.9745884143045239, -6.9303691206726725, -6.520837144828281, -0.009832760940730751, -5.237135393710236]"
6,0.05,0.003,0.001,zero_drift,0,2026092932,0.026965025258932674,162,160,drift_aware,True,omega,0.9745884143045239,1,1524476.8844320069,True,2,83,41.578412510351065,log_gr,"[1.0636395525724807, -5.766966457420107, 6.120579929774169, -9.21034037197618, 0.9745884143045239, -6.930371852515386, -6.52083693638008, -0.009832762508298967, -5.237135309854633]"
6,0.05,0.003,0.001,zero_drift,0,2026092932,0.026965025258932674,162,160,drift_aware,True,omega,0.9895884143045239,0,15926601.497776512,False,0,100,45503.111928228915,remote_sq;log_gr,"[1.149272330221448, -5.768087516682377, 4.000003384161853, -9.209955329445418, 0.9895884143045239, -4.065016119485119, -5.880833485446221, -0.011001788346485806, -9.208827200513726]"
6,0.05,0.003,0.001,zero_drift,0,2026092932,0.026965025258932674,162,160,drift_aware,True,omega,0.9895884143045239,1,15926590.235825533,True,2,84,1173.545818248504,remote_sq;log_gr;log_gb_signal,"[1.1492722562182678, -5.768087344613637, 4.00000718007351, -9.210134587152528, 0.9895884143045239, -4.064804514340892, -5.881067869295459, -0.011011665612999188, -9.210278020123694]"
6,0.05,0.003,0.001,zero_drift,0,2026092932,0.026965025258932674,162,160,drift_aware,True,omega,1.049588414304524,0,20097673.053729217,True,2,80,1093.3266146304525,remote_sq;log_gr;log_gb_signal,"[1.1492727465009605, -5.7680868952641, 4.000000000000003, -9.21034037197618, 1.049588414304524, -3.77265465188692, -4.341341827704942, 0.02017785405773446, -9.21034037197618]"
6,0.05,0.003,0.001,zero_drift,0,2026092932,0.026965025258932674,162,160,drift_aware,True,omega,1.049588414304524,1,23776015.516915556,True,2,73,747.2137991248281,remote_sq;log_gr;drift_u,"[1.1492933338816678, -5.7680889815328555, 4.000000000000001, -9.210340371975937, 1.049588414304524, -5.253463403652576, -6.930875206015448, 0.049999999999999996, -4.899469674274505]"
6,0.05,0.003,0.001,zero_drift,0,2026092932,0.026965025258932674,162,160,drift_aware,True,omega,1.1,0,20324184.233327292,True,2,90,490.9513658788358,remote_sq;log_gr;omega_d;drift_u;log_gb_signal,"[1.1492759445238345, -5.768088479719297, 4.000000000000251, -9.210340371975915, 1.1, -3.7504947080173294, -3.540314262907017, 0.049999999999999906, -9.210340371976148]"
6,0.05,0.003,0.001,zero_drift,0,2026092932,0.026965025258932674,162,160,drift_aware,True,omega,1.1,1,23966485.56995908,True,2,53,1716.600342009738,remote_sq;log_gr;omega_d;drift_u,"[1.1492883585394524, -5.768090239346518, 4.000000000000001, -9.21034036972865, 1.1, -5.207605520557883, -6.2966062384757135, 0.049999999999999996, -4.858205182874876]"
6,0.05,0.003,0.001,zero_drift,0,2026092932,0.026965025258932674,162,160,drift_aware,True,gamma,0.00010000000000000009,0,415088.71653575404,True,2,87,160.1194924019541,log_gr;log_gd,"[1.0454819791371344, -6.17063287749502, 7.010823295403116, -2.813410716762119, 0.9695972925935908, -9.210340371976182, -6.46126509492844, -9.282457761791824e-05, -5.295819747095418]"
6,0.05,0.003,0.001,zero_drift,0,2026092932,0.026965025258932674,162,160,drift_aware,True,gamma,0.00010000000000000009,1,22803941.86850341,False,0,100,36051.13585940674,remote_sq;log_gd,"[1.1492498010860366, -6.170278141469687, 4.000035057686086, -4.183420145161882, 0.8675845430310787, -9.210340371976182, -7.0216995092364956, -0.04790748442780293, -4.997223893197016]"
6,0.05,0.003,0.001,zero_drift,0,2026092932,0.026965025258932674,162,160,drift_aware,True,gamma,0.0004065952445064289,0,329753.06829685153,True,2,100,43.80923248194251,log_gr,"[1.044367780203395, -6.160199963721159, 7.075732977898722, -2.813410716760119, 0.9696148333154031, -7.807692352592411, -6.461268731675736, -0.0001232882108481096, -5.357107496292458]"
6,0.05,0.003,0.001,zero_drift,0,2026092932,0.026965025258932674,162,160,drift_aware,True,gamma,0.0004065952445064289,1,24167730.211565092,True,2,78,10.907089657551262,remote_sq;log_gr,"[1.149272746473029, -5.768086899239733, 4.000000000000001, -9.210339192179008, 0.8501455634270672, -7.807692352592411, -6.275463943881054, 0.03487994040757759, -4.83622348005233]"
6,0.05,0.003,0.001,zero_drift,0,2026092932,0.026965025258932674,162,160,drift_aware,True,gamma,0.001491918575737271,0,108792.54396340871,False,0,100,41257.319804065424,,"[1.0431033083304357, -6.135316248658629, 7.151221943788038, -2.8418491141038698, 0.9696251130932599, -6.507692352592411, -6.456545450999638, -0.00012161903243571772, -5.610641244905922]"
6,0.05,0.003,0.001,zero_drift,0,2026092932,0.026965025258932674,162,160,drift_aware,True,gamma,0.001491918575737271,1,22701725.791369896,True,2,65,157.59981715952838,log_gb;remote_sq;drift_u,"[1.1491034362840942, -9.210340371585263, 4.000000000000001, -3.1144258987672835, 0.8642505984334974, -6.507692352592411, -6.682423377397972, -0.049999999999999996, -5.363772626844217]"
6,0.05,0.003,0.001,zero_drift,0,2026092932,0.026965025258932674,162,160,drift_aware,True,gamma,0.002459757889970679,0,14042.915384474032,False,0,100,6000.999817714525,,"[1.0468644811089676, -5.863528298314629, 6.9342591897727575, -4.11597754638439, 0.969604024582481, -6.007692352592411, -6.445828549075739, -5.253079580939884e-05, -5.692504711198236]"
6,0.05,0.003,0.001,zero_drift,0,2026092932,0.026965025258932674,162,160,drift_aware,True,gamma,0.002459757889970679,1,24032441.132053223,True,2,51,1178.0998491922703,remote_sq;log_gr,"[1.149272746500456, -5.768086895072691, 4.000000000000001, -9.210340357699717, 0.8627972041421527, -6.007692352592411, -5.7083336278236505, 0.02811770225420667, -4.879936339158716]"
6,0.05,0.003,0.001,zero_drift,0,2026092932,0.026965025258932674,162,160,drift_aware,True,gamma,0.0028578309453890045,0,1353.791825787282,True,2,11,0.0007069936599584344,log_gr,"[1.0494245144069452, -5.7668044603846855, 6.794077162544178, -9.2103403719552, 0.9695940989318937, -5.8576923525924105, -6.43981299926205, -2.0196293861481723e-05, -5.723309704502473]"
6,0.05,0.003,0.001,zero_drift,0,2026092932,0.026965025258932674,162,160,drift_aware,True,gamma,0.0028578309453890045,1,22600320.13363828,True,2,74,71.38634657920886,log_gb;remote_sq;drift_u,"[1.1490947363479869, -9.210340371975551, 4.000000000000001, -3.114397228845856, 0.8690351874083764, -5.8576923525924105, -6.726912096879467, -0.049999999999999996, -5.385058649506968]"
6,0.05,0.003,0.001,zero_drift,0,2026092932,0.026965025258932674,162,160,drift_aware,True,gamma,0.0029744612387812945,0,416.88619718660004,True,2,9,0.0003446476668541733,log_gr,"[1.0502690326096944, -5.7668137299254285, 6.749208826132491, -9.210340371970327, 0.9695895625771002, -5.8176923525924105, -6.437878785262194, -7.677033139209753e-06, -5.758775292202236]"
6,0.05,0.003,0.001,zero_drift,0,2026092932,0.026965025258932674,162,160,drift_aware,True,gamma,0.0029744612387812945,1,23986801.14019451,True,2,56,568.9338152565757,remote_sq;log_gr,"[1.1492727465006463, -5.768086895264883, 4.000000000000001, -9.210340356815502, 0.855602140770654, -5.8176923525924105, -5.459088641412096, 0.025035431441827745, -4.8945198983247]"
6,0.05,0.003,0.001,zero_drift,0,2026092932,0.026965025258932674,162,160,drift_aware,True,gamma,0.0030043550712164275,0,376.35839865205907,True,2,2,0.0002012125385465904,log_gr,"[1.050491684062296, -5.766816181678551, 6.7374939422634705, -9.21034037197618, 0.9695884143045678, -5.807692352592411, -6.43737084494112, -4.488948966696797e-06, -5.768059911133152]"
6,0.05,0.003,0.001,zero_drift,0,2026092932,0.026965025258932674,162,160,drift_aware,True,gamma,0.0030043550712164275,1,22619989.654746477,True,2,91,174.419855306352,log_gb;remote_sq;drift_u,"[1.1490937558000343, -9.210340371834064, 4.000000000000001, -3.1143916338698125, 0.8601492508535071, -5.807692352592411, -6.623528140980214, -0.049999999999999996, -5.377878993781608]"
6,0.05,0.003,0.001,zero_drift,0,2026092932,0.026965025258932674,162,160,drift_aware,True,gamma,0.0030345493416623196,0,417.62247021693844,True,3,9,2.2531770153639155,log_gr,"[1.0507190866152072, -5.766818689230914, 6.725577753033419, -9.210340371976178, 0.9695872614202888, -5.797692352592411, -6.4368527808655225, -1.2792511077064856e-06, -5.777521309596714]"
6,0.05,0.003,0.001,zero_drift,0,2026092932,0.026965025258932674,162,160,drift_aware,True,gamma,0.0030345493416623196,1,22618818.208668236,True,2,76,426.3929768333429,log_gb;remote_sq;drift_u,"[1.1490936347421477, -9.210340371653569, 4.000000000000001, -3.1143911986386956, 0.8601679273469466, -5.797692352592411, -6.623557711571377, -0.049999999999999996, -5.378236951852619]"
6,0.05,0.003,0.001,zero_drift,0,2026092932,0.026965025258932674,162,160,drift_aware,True,gamma,0.003158391649620561,0,1445.8262653392615,True,2,11,0.027959231663382163,log_gr,"[1.0516777782757798, -5.7668292975819195, 6.675875053711274, -9.21034037197618, 0.9695826151139335, -5.757692352592411, -6.434675392965489, 1.1757537798753074e-05, -5.817239872532491]"
6,0.05,0.003,0.001,zero_drift,0,2026092932,0.026965025258932674,162,160,drift_aware,True,gamma,0.003158391649620561,1,22627322.008528545,True,2,93,47.781156269786685,log_gb;remote_sq;drift_u,"[1.1490931947670973, -9.21034036255814, 4.000000000000001, -3.1143885979044867, 0.8558544839312439, -5.757692352592411, -6.57725365415516, -0.049999999999999996, -5.375728765960121]"
6,0.05,0.003,0.001,zero_drift,0,2026092932,0.026965025258932674,162,160,drift_aware,True,gamma,0.0036695275704762384,0,19974.381426450538,True,2,21,1.0431525996979818,log_gr,"[1.0560449678220583, -5.7668783701431945, 6.4598606825043445, -9.21034037197618, 0.9695653016754553, -5.6076923525924105, -6.424810856826676, 6.251798195482199e-05, -5.999248011429652]"
6,0.05,0.003,0.001,zero_drift,0,2026092932,0.026965025258932674,162,160,drift_aware,True,gamma,0.0036695275704762384,1,23863807.94295377,True,2,74,445.0286779649255,remote_sq;log_gr,"[1.1492727465009418, -5.768086895284751, 4.000000000000001, -9.21034037197618, 0.899925295991718, -5.6076923525924105, -5.867478028810957, 0.025574766617249674, -4.941004088617426]"
6,0.05,0.003,0.001,zero_drift,0,2026092932,0.026965025258932674,162,160,drift_aware,True,gamma,0.006050028158864738,0,376929.1598136008,False,0,100,3830.8904588637583,,"[1.082293923576123, -5.793586848792555, 5.4410390406577305, -5.922255378936407, 0.969538457560233, -5.1076923525924105, -6.361869384640764, 0.0002132634329983584, -8.951404560390776]"
6,0.05,0.003,0.001,zero_drift,0,2026092932,0.026965025258932674,162,160,drift_aware,True,gamma,0.006050028158864738,1,22408248.34755583,False,0,100,110643.46460205675,log_gb;remote_sq;drift_u,"[1.1490896205065053, -9.21034037197618, 4.000000000000001, -3.1143777924648695, 0.9033083623058222, -5.1076923525924105, -7.26276039076218, -0.049999999999999996, -5.5230761160352255]"
6,0.05,0.003,0.001,zero_drift,0,2026092932,0.026965025258932674,162,160,drift_aware,True,gamma,0.02219934816232497,0,15402359.078523466,False,0,100,178900.26661701986,log_gr,"[1.0487978514490208, -5.766797678041626, 6.82783884642788, -9.210266749325655, 0.9772286025660317, -3.8076923525924107, -5.984431364907971, -0.0073700794155610524, -9.131130678607338]"
6,0.05,0.003,0.001,zero_drift,0,2026092932,0.026965025258932674,162,160,drift_aware,True,gamma,0.02219934816232497,1,22716330.022256818,True,2,78,352.52253181763183,log_gb;remote_sq;drift_u,"[1.1490912773117266, -9.210340371928993, 4.000000000000001, -3.1143671957597427, 0.8572805302396219, -3.8076923525924107, -6.535705723755015, -0.049999999999999996, -5.597876215920662]"
6,0.05,0.003,0.001,zero_drift,0,2026092932,0.026965025258932674,162,160,drift_aware,True,gamma,0.029999999999999995,0,18354129.793131847,False,0,100,136451.8946388375,log_gr;log_gd,"[1.0478363685108603, -5.766787164969922, 6.880349755308804, -9.210327985754017, 0.9875609089060957, -3.506557897319982, -5.829355756479831, -0.013029443056725747, -9.20953536200016]"
6,0.05,0.003,0.001,zero_drift,0,2026092932,0.026965025258932674,162,160,drift_aware,True,gamma,0.029999999999999995,1,19201723.960639115,False,0,100,170855.4997536657,log_gd,"[1.1167451882693855, -5.770525391317687, 4.563352830247938, -8.16638568917607, 0.9553903395234092, -3.506557897319982, -5.83044663684823, 0.014089472392342126, -8.866458269193394]"
6,0.05,0.003,0.001,zero_drift,0,2026092932,0.026965025258932674,162,160,extended,True,omega,0.85,0,22121444.11191958,True,2,80,257.2288538070029,remote_sq;log_gr;omega_d;log_gd;log_gb_signal;link_l,"[1.14927274621281, -5.768086895117615, 4.000000000012496, -9.21034037197618, 0.85, -3.506557897319992, -3.6876238619945547, -0.021367829767957966, -9.21034037197618, 0.0999999999875897]"
6,0.05,0.003,0.001,zero_drift,0,2026092932,0.026965025258932674,162,160,extended,True,omega,0.85,1,22121444.112162393,True,2,59,716.0111183818029,remote_sq;log_gr;omega_d;log_gd;log_gb_signal;link_l,"[1.1492727461908445, -5.768086895117143, 4.000000000353991, -9.21034037197618, 0.85, -3.506557897334618, -3.6876284234965095, -0.02136745635964955, -9.21034037197618, 0.09999999999815587]"
6,0.05,0.003,0.001,zero_drift,0,2026092932,0.026965025258932674,162,160,extended,True,omega,0.889616018628464,0,21803564.26973152,True,2,86,1966.3862569859211,remote_sq;log_gr;log_gd;log_gb_signal,"[1.1492727460977785, -5.768086894810274, 4.000000001681982, -9.21034023868455, 0.889616018628464, -3.5065578973199845, -4.331477107883482, -0.004387046423600685, -9.210340368799297, 0.06261736239243662]"
6,0.05,0.003,0.001,zero_drift,0,2026092932,0.026965025258932674,162,160,extended,True,omega,0.889616018628464,1,21803564.272848297,True,2,76,6203.652963727286,remote_sq;log_gr;log_gd;log_gb_signal,"[1.1492727460526035, -5.76808689511572, 4.000000002305012, -9.21034037197618, 0.889616018628464, -3.5065578973199822, -4.331557098302607, -0.004387061154599599, -9.21034037197618, 0.06260137419704113]"
6,0.05,0.003,0.001,zero_drift,0,2026092932,0.026965025258932674,162,160,extended,True,omega,0.9496160186284639,0,17417630.29060814,False,0,100,3275928.7398279193,,"[1.144010746822915, -5.770149082255492, 4.0788622188543195, -8.505216098424942, 0.9496160186284639, -4.023972805870853, -5.946208203571574, 0.01303636683763824, -8.484750643006672, -0.0016710943701530212]"
6,0.05,0.003,0.001,zero_drift,0,2026092932,0.026965025258932674,162,160,extended,True,omega,0.9496160186284639,1,17404604.27788702,False,0,100,185200.4722072131,remote_sq,"[1.1492639486554517, -5.770381174702077, 4.000128872463188, -8.49297154628025, 0.9496160186284639, -4.025253049431633, -5.933816547012059, 0.012932769588820671, -8.822368373741307, -0.001261815953226665]"
6,0.05,0.003,0.001,zero_drift,0,2026092932,0.026965025258932674,162,160,extended,True,omega,0.9646160186284639,0,1487624.255623675,False,0,100,4799777.712241512,log_gr,"[1.0871839127737943, -6.810234813484599, 5.288102968633757, -2.813410989433007, 0.9646160186284639, -6.810969771834915, -6.315207421484877, 0.00948175573100473, -5.789691849606612, 0.019191216020122262]"
6,0.05,0.003,0.001,zero_drift,0,2026092932,0.026965025258932674,162,160,extended,True,omega,0.9646160186284639,1,1485928.041279164,False,0,100,32140.36774293094,log_gr,"[1.0937595263475133, -6.99527178184225, 5.101989749359996, -2.8134107335569496, 0.9646160186284639, -6.785931872580824, -6.294545193168832, 0.009526042621960933, -5.864961542112016, 0.020342163070779098]"
6,0.05,0.003,0.001,zero_drift,0,2026092932,0.026965025258932674,162,160,extended,True,omega,0.9686160186284639,0,68401.88084822248,False,0,100,139.37498850896534,log_gr,"[1.067956785480186, -6.439003175480118, 5.942971659788047, -2.813410716760037, 0.9686160186284639, -5.840439946903288, -6.263557658300775, 0.0019174326918664523, -6.396970414945399, 0.022179054556743672]"
6,0.05,0.003,0.001,zero_drift,0,2026092932,0.026965025258932674,162,160,extended,True,omega,0.9686160186284639,1,68402.30485533316,False,0,100,14956.582496071402,log_gr,"[1.0681975391483154, -6.442628534467517, 5.933559307511233, -2.813410716760055, 0.9686160186284639, -5.840233764847139, -6.262960934224726, 0.0019182579482943823, -6.400985056032778, 0.022205382298888226]"
6,0.05,0.003,0.001,zero_drift,0,2026092932,0.026965025258932674,162,160,extended,True,omega,0.9695160186284639,0,701.4785771197526,False,0,100,10481.163376331911,,"[1.050647543609852, -5.947989972492137, 6.728839048760309, -3.6020778725405074, 0.9695160186284639, -5.807021469917835, -6.404134110600461, 0.00014007500144893134, -5.950402682070367, 0.004830052425949781]"
6,0.05,0.003,0.001,zero_drift,0,2026092932,0.026965025258932674,162,160,extended,True,omega,0.9695160186284639,1,806.8112256113839,False,0,100,87070.88698584409,,"[1.0529908508770895, -5.849121785077157, 6.609059500349372, -4.379694703839171, 0.9695160186284639, -5.805806323289819, -6.402249870180643, 0.0001392508398537258, -5.853605086803728, 0.00487341232460922]"
6,0.05,0.003,0.001,zero_drift,0,2026092932,0.026965025258932674,162,160,extended,True,omega,0.969606018628464,0,375.1427586845333,True,2,7,0.011287516626549065,log_gr,"[1.0504911779974457, -5.7668161761020365, 6.737520515455182, -9.21034037197618, 0.969606018628464, -5.807606507183551, -6.35027772142247, 1.4583017856253494e-05, -5.768165808674233, 0.012902925696197947]"
6,0.05,0.003,0.001,zero_drift,0,2026092932,0.026965025258932674,162,160,extended,True,omega,0.969606018628464,1,1368.92612341491,False,0,100,797537.8263175681,,"[1.0623013600741529, -5.817691603892891, 6.177222177977267, -5.000531532226871, 0.969606018628464, -5.803179824477009, -6.543123287213633, -3.8343627443821084e-05, -5.827791843442445, -0.014093443732063244]"
6,0.05,0.003,0.001,zero_drift,0,2026092932,0.026965025258932674,162,160,extended,True,omega,0.9696160186284639,0,375.0840467171472,True,3,2,0.000335879768075911,log_gr,"[1.0504904157171253, -5.766816167704453, 6.737560542855291, -9.210340371055148, 0.9696160186284639, -5.807584391565537, -6.327246794116357, 1.9593074817934346e-05, -5.768191047830039, 0.016409895505997966]"
6,0.05,0.003,0.001,zero_drift,0,2026092932,0.026965025258932674,162,160,extended,True,omega,0.9696160186284639,1,592.799368414346,False,0,100,2165745.536592709,,"[1.0559703317435158, -5.862089192153603, 6.463148202064201, -4.294230481437728, 0.9696160186284639, -5.805514617737069, -6.545925214541361, -5.209313028339118e-05, -5.867744784630184, -0.014879213310917716]"
6,0.05,0.003,0.001,zero_drift,0,2026092932,0.026965025258932674,162,160,extended,True,omega,0.9696260186284639,0,375.12226282748384,True,2,38,1.1086105109807658,,"[1.050489577644932, -5.7673492506575315, 6.737604534370876, -8.581263225949632, 0.9696260186284639, -5.807568851089193, -6.307913855425132, 2.4222245984908366e-05, -5.7687416394587885, 0.01938508868485103]"
6,0.05,0.003,0.001,zero_drift,0,2026092932,0.026965025258932674,162,160,extended,True,omega,0.9696260186284639,1,598.4989316003632,False,0,100,1856011.6240581363,,"[1.056075244884506, -5.858510750986655, 6.458181872541779, -4.3322344778133, 0.9696260186284639, -5.805444255798423, -6.5655339557539705, -6.19451938356318e-05, -5.864277433948421, -0.017421527120248567]"
6,0.05,0.003,0.001,zero_drift,0,2026092932,0.026965025258932674,162,160,extended,True,omega,0.9697160186284639,0,375.3497053848625,True,2,48,0.0622232273398703,,"[1.0504838057973518, -5.77476040103627, 6.737906387092932, -6.570886297838751, 0.9697160186284639, -5.807552944292909, -6.195458858465823, 5.84570921386715e-05, -5.776171137322288, 0.03727252719826981]"
6,0.05,0.003,0.001,zero_drift,0,2026092932,0.026965025258932674,162,160,extended,True,omega,0.9697160186284639,1,766.2347871608351,False,0,100,1812747.6357509228,,"[1.0567553588251501, -5.9252728725436965, 6.425812087683096, -3.8299491343323675, 0.9697160186284639, -5.804577512020188, -6.660886433851677, -0.00016082150039475857, -5.9329191801208, -0.02933280655793249]"
6,0.05,0.003,0.001,zero_drift,0,2026092932,0.026965025258932674,162,160,extended,True,omega,0.9706160186284639,0,1040.1283770118275,True,2,18,0.00969427611618911,log_gr;link_l,"[1.056906754132351, -5.766888194400999, 6.419142226693696, -9.21034037197618, 0.9706160186284639, -5.805903886798232, -5.813162204630058, 4.623513557427584e-05, -5.771525084521915, 0.09999999999999999]"
6,0.05,0.003,0.001,zero_drift,0,2026092932,0.026965025258932674,162,160,extended,True,omega,0.9706160186284639,1,1328.4319844756965,False,0,100,2782881.229522142,link_l,"[1.0613978245145788, -5.811905324290756, 6.216115259039892, -5.101443523480615, 0.9706160186284639, -5.804087364239696, -7.382984354025428, -0.0003344423168447416, -5.820928773586594, -0.09999795268313723]"
6,0.05,0.003,0.001,zero_drift,0,2026092932,0.026965025258932674,162,160,extended,True,omega,0.9746160186284639,0,863753.0840045458,True,2,91,325.38515469430024,remote_sq;log_gr;link_l,"[1.1492727465975694, -5.768086895759014, 4.000000000000036, -9.21034037197618, 0.9746160186284639, -6.4315380918993315, -5.427621436856684, -0.0060976551978400685, -5.391978153747903, 0.09999999999999999]"
6,0.05,0.003,0.001,zero_drift,0,2026092932,0.026965025258932674,162,160,extended,True,omega,0.9746160186284639,1,671870.1271575172,True,2,76,20.768541945726522,log_gb;link_l,"[1.14333630055623, -9.210340371975793, 4.086713690925274, -3.0572996883777797, 0.9746160186284639, -6.002761989188251, -8.435712804929866, -0.007423822697472949, -7.490837225201129, -0.09999999999999999]"
6,0.05,0.003,0.001,zero_drift,0,2026092932,0.026965025258932674,162,160,extended,True,omega,0.9896160186284639,0,15360151.470186144,False,0,100,315961.2969275192,log_gr;link_l,"[1.145748892610108, -5.768040374365268, 4.052426087472677, -9.210192329554035, 0.9896160186284639, -4.129284897869712, -5.123174204200419, -0.010684237799020736, -9.206035890197198, 0.09999999999997151]"
6,0.05,0.003,0.001,zero_drift,0,2026092932,0.026965025258932674,162,160,extended,True,omega,0.9896160186284639,1,24296172.787549067,False,0,100,449.6711031578261,remote_sq;log_gd,"[1.149266965209781, -5.778643611244124, 4.000084116236058, -7.452333107026607, 0.9896160186284639, -3.506557948277504, -8.86663838426834, 0.04217790496007018, -4.811344248760668, 0.04447895295413748]"
6,0.05,0.003,0.001,zero_drift,0,2026092932,0.026965025258932674,162,160,extended,True,omega,1.049616018628464,0,20067210.455412075,False,0,100,1053566.391549805,link_l,"[1.1440511960657687, -5.768236859147792, 4.0782975727682915, -9.111605073724526, 1.049616018628464, -3.749076946584109, -4.903848754290978, 0.018024028980355458, -9.205717122300332, -0.09999055998833031]"
6,0.05,0.003,0.001,zero_drift,0,2026092932,0.026965025258932674,162,160,extended,True,omega,1.049616018628464,1,23739540.77028797,True,2,88,1552.842398549624,remote_sq;log_gr;drift_u;link_l,"[1.1492935417773982, -5.7680889041656185, 4.000000000001767, -9.210340053782058, 1.049616018628464, -5.1993173577191625, -10.877777009673046, 0.049999999999999996, -4.9075807634466875, -0.09999999775330295]"
6,0.05,0.003,0.001,zero_drift,0,2026092932,0.026965025258932674,162,160,extended,True,omega,1.1,0,20301089.079793133,False,0,100,169852.5611568124,omega_d,"[1.1422885348497502, -5.769138191909727, 4.105708984405103, -8.769719054863327, 1.1, -3.758958947434581, -3.8715938475224574, 0.04998175450420905, -9.156550472135077, -0.09996817344808667]"
6,0.05,0.003,0.001,zero_drift,0,2026092932,0.026965025258932674,162,160,extended,True,omega,1.1,1,23933973.787601836,True,2,77,728.4217867881415,remote_sq;log_gr;omega_d;drift_u;link_l,"[1.1492889786355258, -5.768090648665162, 4.0000000000009095, -9.210109618929359, 1.1, -5.1315792347658515, -8.253248064706149, 0.049999999999999996, -4.863502028969077, -0.09999999999999931]"
6,0.05,0.003,0.001,zero_drift,0,2026092932,0.026965025258932674,162,160,extended,True,gamma,0.00010000000000000009,0,410890.92767483584,True,2,81,2.283795248609516,log_gd;link_l,"[1.043421975728654, -5.897523275323339, 7.133793692552979, -3.7680076611288222, 0.9704132067198814, -9.210340371976182, -5.896102452232815, 8.927788460560973e-05, -5.1738749390232694, 0.09999999999773088]"
6,0.05,0.003,0.001,zero_drift,0,2026092932,0.026965025258932674,162,160,extended,True,gamma,0.00010000000000000009,1,24241293.35426643,True,2,66,149.1789783791211,remote_sq;log_gr;log_gd;log_t;link_l,"[1.1492727465074641, -5.768086896346007, 4.000000000000001, -9.210339840360911, 0.8530204275736019, -9.210340371976182, -11.512925464963741, 0.04005235487950279, -4.814240361165342, 0.09999999999999999]"
6,0.05,0.003,0.001,zero_drift,0,2026092932,0.026965025258932674,162,160,extended,True,gamma,0.0004066391433161855,0,326527.48470454884,True,2,87,2.4955520399303244,link_l,"[1.0425462452499306, -5.884298084540053, 7.186785587767932, -3.8506521899215196, 0.9704012052302883, -7.807584391565537, -5.900194610648884, 0.00010505854711420242, -5.224950300011723, 0.09999999999999677]"
6,0.05,0.003,0.001,zero_drift,0,2026092932,0.026965025258932674,162,160,extended,True,gamma,0.0004066391433161855,1,22777381.13710668,False,0,100,149681.57563566518,remote_sq,"[1.1491165818198659, -8.536189132212614, 4.000002554890106, -3.146535011080638, 0.8556417354895842, -7.807584391565537, -7.885607314847329, -0.04966069625453684, -5.302531104176992, -0.06595616623715443]"
6,0.05,0.003,0.001,zero_drift,0,2026092932,0.026965025258932674,162,160,extended,True,gamma,0.0014920796534936235,0,108000.14303901732,True,2,89,0.9834284462001484,link_l,"[1.0427083584022308, -5.838564162418283, 7.177083146890869, -4.321125531427253, 0.9703997435526027, -6.507584391565537, -5.89547660802576, 0.00014282460519520943, -5.425108890919729, 0.09999999999929399]"
6,0.05,0.003,0.001,zero_drift,0,2026092932,0.026965025258932674,162,160,extended,True,gamma,0.0014920796534936235,1,22787086.98212303,True,2,66,722.4196032153326,log_gb;remote_sq;log_t;link_l,"[1.1491067515066415, -9.210340371104085, 4.000000000000001, -3.1142195873906005, 0.8772821946396545, -6.507584391565537, -11.512925464970227, -0.045663629985035016, -5.302637584940891, 0.09999999999999999]"
6,0.05,0.003,0.001,zero_drift,0,2026092932,0.026965025258932674,162,160,extended,True,gamma,0.002460023462293814,0,13982.25871361573,False,0,100,23703.083014590058,,"[1.0468058837542653, -5.806356248747387, 6.937687078527446, -4.972444361375653, 0.969945629688124, -6.007584391565537, -6.054123552219998, 9.56312648532807e-05, -5.644240427481405, 0.06459218191905788]"
6,0.05,0.003,0.001,zero_drift,0,2026092932,0.026965025258932674,162,160,extended,True,gamma,0.002460023462293814,1,22624693.026661243,False,0,100,45446.24315914271,log_gb;remote_sq;log_t;link_l,"[1.1491066732389907, -9.21034037197618, 4.000000000000001, -3.1140017041918595, 0.8965428683575872, -6.007584391565537, -11.512925464970227, -0.047030883537980246, -5.335339890389979, 0.09999999999999999]"
6,0.05,0.003,0.001,zero_drift,0,2026092932,0.026965025258932674,162,160,extended,True,gamma,0.0028581394964079434,0,1349.244212283776,True,2,90,0.003670755105212962,log_gr,"[1.0494288137820447, -5.7668045074563015, 6.793846986062831, -9.210340371907714, 0.9695992687848181, -5.857584391565537, -6.50188611761779, -3.319366182181135e-05, -5.723382124492559, -0.008936361940946156]"
6,0.05,0.003,0.001,zero_drift,0,2026092932,0.026965025258932674,162,160,extended,True,gamma,0.0028581394964079434,1,22624559.018475913,True,2,96,3103.3490793632845,log_gb;remote_sq;drift_u,"[1.1490926134905766, -9.21034037197618, 4.000000000000001, -3.114156935798327, 0.8611954243876503, -5.857584391565537, -8.370591817250569, -0.049999999999999996, -5.343883400622878, -0.08264022955903721]"
6,0.05,0.003,0.001,zero_drift,0,2026092932,0.026965025258932674,162,160,extended,True,gamma,0.0029747823820061945,0,415.4599163196849,True,2,31,0.10633677840174362,log_gr,"[1.0502690462336972, -5.76681373007233, 6.749208107822298, -9.210340371963873, 0.969602076093828, -5.8175843915655365, -6.36548739526772, 8.025545441919133e-06, -5.758895292525323, 0.010703927122621268]"
6,0.05,0.003,0.001,zero_drift,0,2026092932,0.026965025258932674,162,160,extended,True,gamma,0.0029747823820061945,1,22633947.342844974,True,2,74,2630.056779077621,log_gb;remote_sq;drift_u,"[1.149093788909166, -9.21034037197618, 4.000000000000001, -3.1143798855397398, 0.8557055330874719, -5.8175843915655365, -6.635500380417677, -0.049999999999999996, -5.3720096411345795, -0.004203081701354865]"
6,0.05,0.003,0.001,zero_drift,0,2026092932,0.026965025258932674,162,160,extended,True,gamma,0.0030046794419843954,0,375.0840467171472,True,3,4,0.000335879768075911,log_gr,"[1.0504904157171253, -5.766816167704453, 6.737560542855291, -9.210340371055148, 0.9696160186284639, -5.807584391565537, -6.327246794116357, 1.9593074817934346e-05, -5.768191047830039, 0.016409895505997966]"
6,0.05,0.003,0.001,zero_drift,0,2026092932,0.026965025258932674,162,160,extended,True,gamma,0.0030046794419843954,1,22619430.873051196,True,2,90,3339.1833853885096,log_gb;remote_sq;drift_u,"[1.1490926613950185, -9.21034037197618, 4.000000000000001, -3.1142374676864466, 0.8606219322447234, -5.807584391565537, -7.580130122094969, -0.049999999999999996, -5.356608819570035, -0.05389872055342814]"
6,0.05,0.003,0.001,zero_drift,0,2026092932,0.026965025258932674,162,160,extended,True,gamma,0.003034876972410703,0,416.18275497547637,True,2,28,0.004525363132903988,log_gr,"[1.0507163028781092, -5.766818658422124, 6.725723328460589, -9.21034037197618, 0.9696376049931199, -5.797584391565537, -6.2868904974882405, 3.1813369065855644e-05, -5.777662686569378, 0.022531893323373738]"
6,0.05,0.003,0.001,zero_drift,0,2026092932,0.026965025258932674,162,160,extended,True,gamma,0.003034876972410703,1,22631700.109058324,True,2,90,2715.1560174795286,log_gb;remote_sq;drift_u,"[1.1490938202037286, -9.21034037197618, 4.000000000000001, -3.114416405797026, 0.8557773560044775, -5.797584391565537, -6.448302560052304, -0.049999999999999996, -5.378112417645702, 0.00962654748497468]"
6,0.05,0.003,0.001,zero_drift,0,2026092932,0.026965025258932674,162,160,extended,True,gamma,0.003158732651233435,0,1439.1437176387312,False,0,100,8066.508897814875,,"[1.0516679210297406, -5.769526707030388, 6.6763815704815155, -7.533942306246676, 0.9698520507885884, -5.757584391565537, -6.0921965636616395, 9.484285123257512e-05, -5.820232932216019, 0.053638577277419774]"
6,0.05,0.003,0.001,zero_drift,0,2026092932,0.026965025258932674,162,160,extended,True,gamma,0.003158732651233435,1,22627089.60494696,False,0,100,58018.972287397555,log_gb;remote_sq;drift_u,"[1.149093979696533, -9.2102007717997, 4.000000000000001, -3.1145144385506938, 0.856236259819969, -5.757584391565537, -6.04504382480638, -0.049999999999999996, -5.393362270651464, 0.044192081215153195]"
6,0.05,0.003,0.001,zero_drift,0,2026092932,0.026965025258932674,162,160,extended,True,gamma,0.0036699237578269013,0,19877.086837185514,True,2,81,1.3749466944666022,log_gr;link_l,"[1.0560772986054114, -5.766878737816778, 6.458322164139825, -9.21034037197618, 0.9705293284496422, -5.607584391565537, -5.809458548951519, 0.00021502004743347572, -5.999354484095573, 0.09999999999841781]"
6,0.05,0.003,0.001,zero_drift,0,2026092932,0.026965025258932674,162,160,extended,True,gamma,0.0036699237578269013,1,22566552.812132698,False,0,100,801744.3093648261,log_gb;remote_sq;drift_u,"[1.149090374408846, -9.21034037197618, 4.000000000000001, -3.114217127233173, 0.8703461683689226, -5.607584391565537, -7.691003628680965, -0.049999999999999996, -5.374373668151128, -0.05093256640859907]"
6,0.05,0.003,0.001,zero_drift,0,2026092932,0.026965025258932674,162,160,extended,True,gamma,0.0060506813613769575,0,376506.52985791693,False,0,100,124.02192005987935,log_gr;link_l,"[1.0824649624869829, -5.767197676384203, 5.435638432204849, -9.21034037195049, 0.9707514854624508, -5.107584391565537, -5.648505160086759, 0.000411484240242343, -8.464924437811115, 0.0999999307190876]"
6,0.05,0.003,0.001,zero_drift,0,2026092932,0.026965025258932674,162,160,extended,True,gamma,0.0060506813613769575,1,22393363.781362504,False,0,100,8640142.92903319,log_gb;remote_sq;drift_u,"[1.149084464816246, -9.21034037197618, 4.000019424344885, -3.113863424706447, 0.9025497317039647, -5.107584391565537, -10.575232535639293, -0.049999999999999996, -5.462856373145216, -0.08639633090946243]"
6,0.05,0.003,0.001,zero_drift,0,2026092932,0.026965025258932674,162,160,extended,True,gamma,0.02220174495612634,0,15398113.006178288,False,0,100,329708.57597324904,log_gr,"[1.0482512265702604, -5.766791680094374, 6.857582421340953, -9.210338727711965, 0.977225678990249, -3.8075843915655367, -6.071359132423039, -0.007371887386510898, -9.16257239484436, -0.015656182340257757]"
6,0.05,0.003,0.001,zero_drift,0,2026092932,0.026965025258932674,162,160,extended,True,gamma,0.02220174495612634,1,22702318.956044767,True,2,90,184.5554593663249,log_gb;remote_sq;drift_u;link_l,"[1.149091186844396, -9.210340366504273, 4.000000000000001, -3.114597430215109, 0.8546643224002591, -3.8075843915655367, -5.472010008335919, -0.049999999999999996, -5.632984585175552, 0.09999999999999999]"
6,0.05,0.003,0.001,zero_drift,0,2026092932,0.026965025258932674,162,160,extended,True,gamma,0.029999999999999995,0,18338881.305206664,False,0,100,91732.94934615165,log_gr;log_gd;log_gb_signal,"[1.0502624775463547, -5.766813659650909, 6.749552157255188, -9.210340371818482, 0.9878250005952585, -3.506557897319982, -6.095276663879254, -0.013121013825135414, -9.21033776143555, -0.04913417604437429]"
6,0.05,0.003,0.001,zero_drift,0,2026092932,0.026965025258932674,162,160,extended,True,gamma,0.029999999999999995,1,22791548.713829987,True,2,82,209.00740413652184,log_gb;remote_sq;omega_d;log_gd;drift_u;link_l,"[1.1490949778308357, -9.210340360409825, 4.000000000000001, -3.114599130630823, 0.8500000000000001, -3.506557897319982, -5.424897567218346, -0.049999999999999996, -5.712114012507594, 0.09999999999999999]"
8,0.05,0.003,0.001,allowed_drift,0,2026093006,0.026965025258932674,162,160,unchanged,False,omega,0.85,0,21807882.580566935,True,2,85,516.4296757655602,remote_sq;log_gr;omega_d,"[1.1492701897249504, -5.772918314744667, 4.000000000000001, -9.210340370344023, 0.85, -3.548188511724343, -4.472564183723113]"
8,0.05,0.003,0.001,allowed_drift,0,2026093006,0.026965025258932674,162,160,unchanged,False,omega,0.85,1,21807882.580343857,True,2,56,377.023799842937,remote_sq;log_gr;omega_d,"[1.149270189695826, -5.772918328020164, 4.000000000000001, -9.210340134262529, 0.85, -3.5481910604613005, -4.472564471944019]"
8,0.05,0.003,0.001,allowed_drift,0,2026093006,0.026965025258932674,162,160,unchanged,False,omega,0.8898138611294848,0,21513171.65218233,True,2,87,589.305920713019,remote_sq;log_gr,"[1.1492781260303477, -5.775993286469645, 4.000000000000001, -9.210340362991433, 0.8898138611294848, -3.8290635056428193, -4.787712239813283]"
8,0.05,0.003,0.001,allowed_drift,0,2026093006,0.026965025258932674,162,160,unchanged,False,omega,0.8898138611294848,1,21513171.651757088,True,2,64,117.2436280645873,remote_sq;log_gr,"[1.1492781259519294, -5.775993350396511, 4.000000000000001, -9.21034035228556, 0.8898138611294848, -3.8290697364667983, -4.787713146036249]"
8,0.05,0.003,0.001,allowed_drift,0,2026093006,0.026965025258932674,162,160,unchanged,False,omega,0.9498138611294847,0,19906163.78638169,True,2,86,2147.002545682556,log_gr,"[1.0866105749235455, -5.783490017210086, 5.311590547311042, -9.21034037197618, 0.9498138611294847, -4.175309668883377, -5.7076856095981094]"
8,0.05,0.003,0.001,allowed_drift,0,2026093006,0.026965025258932674,162,160,unchanged,False,omega,0.9498138611294847,1,19906163.78565495,True,2,46,3899.4392053635534,log_gr,"[1.0866144136435814, -5.783489785446735, 5.311476331931293, -9.210340368773196, 0.9498138611294847, -4.175339685169714, -5.707696549844221]"
8,0.05,0.003,0.001,allowed_drift,0,2026093006,0.026965025258932674,162,160,unchanged,False,omega,0.9648138611294848,0,8544010.629589792,False,0,100,547394.9079141945,log_gr,"[1.0208914490706922, -5.978330903945006, 8.901435716688948, -2.813410716760037, 0.9648138611294848, -5.128975293183994, -6.3802877250793575]"
8,0.05,0.003,0.001,allowed_drift,0,2026093006,0.026965025258932674,162,160,unchanged,False,omega,0.9648138611294848,1,8548928.496804617,False,0,100,21366.852170871036,log_gr,"[1.048177593191791, -6.189226679147421, 6.882801708543292, -2.8134234056035483, 0.9648138611294848, -5.133342654930672, -6.37287615110189]"
8,0.05,0.003,0.001,allowed_drift,0,2026093006,0.026965025258932674,162,160,unchanged,False,omega,0.9688138611294848,0,457762.3236738774,True,2,81,279.92982619434383,log_gr,"[1.066350277363941, -6.410175411455478, 6.013904132605915, -2.813410716760037, 0.9688138611294848, -5.748692225609407, -6.433724284718471]"
8,0.05,0.003,0.001,allowed_drift,0,2026093006,0.026965025258932674,162,160,unchanged,False,omega,0.9688138611294848,1,457764.56747734925,False,0,100,568314.051281154,log_gr,"[1.0667672550884881, -6.416207718940472, 5.997130590976513, -2.81341072212972, 0.9688138611294848, -5.748803604294237, -6.433568678433494]"
8,0.05,0.003,0.001,allowed_drift,0,2026093006,0.026965025258932674,162,160,unchanged,False,omega,0.9697138611294848,0,11041.058956727627,True,2,12,0.03395718832149152,log_gr,"[1.0531058420852453, -5.766445624339314, 6.604735844046115, -9.21034037197618, 0.9697138611294848, -5.770455454568142, -6.435749648948779]"
8,0.05,0.003,0.001,allowed_drift,0,2026093006,0.026965025258932674,162,160,unchanged,False,omega,0.9697138611294848,1,11041.058956524117,False,0,100,111.24787144927535,log_gr,"[1.0531058534245326, -5.766445634269153, 6.604735267905177, -9.21034037197618, 0.9697138611294848, -5.770455416316085, -6.435749645959742]"
8,0.05,0.003,0.001,allowed_drift,0,2026093006,0.026965025258932674,162,160,unchanged,False,omega,0.9698038611294848,0,6616.026452410138,True,2,7,0.41244910214783653,log_gr,"[1.0523333416529272, -5.766467420169139, 6.642969113371985, -9.21034037197618, 0.9698038611294848, -5.7701434082875975, -6.4356431629278195]"
8,0.05,0.003,0.001,allowed_drift,0,2026093006,0.026965025258932674,162,160,unchanged,False,omega,0.9698038611294848,1,6617.787951514067,False,0,100,280864.5155531554,log_gr,"[1.0528108928145963, -5.766476352548386, 6.618787202088067, -9.210340371974247, 0.9698038611294848, -5.770279572097382, -6.435476625687843]"
8,0.05,0.003,0.001,allowed_drift,0,2026093006,0.026965025258932674,162,160,unchanged,False,omega,0.9698138611294848,0,6571.452827033708,True,3,8,0.27009425355368105,log_gr,"[1.0522491004427688, -5.766469140772707, 6.647168449339272, -9.210340371055148, 0.9698138611294848, -5.770081249581749, -6.435629362682157]"
8,0.05,0.003,0.001,allowed_drift,0,2026093006,0.026965025258932674,162,160,unchanged,False,omega,0.9698138611294848,1,6800.044208372315,False,0,100,385921.52340843854,,"[1.057888848780615, -5.76666787944806, 6.37389483041191, -9.08164817051142, 0.9698138611294848, -5.771738901272407, -6.433620396209895]"
8,0.05,0.003,0.001,allowed_drift,0,2026093006,0.026965025258932674,162,160,unchanged,False,omega,0.9698238611294847,0,6615.999971109706,True,3,7,0.32371550762482687,log_gr,"[1.052164300769017, -5.7664707067467145, 6.651402503698426, -9.21034037197618, 0.9698238611294847, -5.770013376761347, -6.435615475260508]"
8,0.05,0.003,0.001,allowed_drift,0,2026093006,0.026965025258932674,162,160,unchanged,False,omega,0.9698238611294847,1,6668.810387605978,False,0,100,1555332.4780496585,,"[1.0547509697726043, -5.766518130934054, 6.522449526320886, -9.209403709148196, 0.9698238611294847, -5.770763259708067, -6.434707066439384]"
8,0.05,0.003,0.001,allowed_drift,0,2026093006,0.026965025258932674,162,160,unchanged,False,omega,0.9699138611294847,0,11013.39975570046,True,2,12,0.17357938757047014,log_gr,"[1.0514193025077778, -5.766478737309818, 6.688856999093697, -9.21034037197618, 0.9699138611294847, -5.76915929712023, -6.435471565885254]"
8,0.05,0.003,0.001,allowed_drift,0,2026093006,0.026965025258932674,162,160,unchanged,False,omega,0.9699138611294847,1,11026.185928667312,False,0,100,226266.12879615714,log_gr,"[1.0527819892130303, -5.766502926608222, 6.619332221011504, -9.210340371976022, 0.9699138611294847, -5.769548650817626, -6.434997766347041]"
8,0.05,0.003,0.001,allowed_drift,0,2026093006,0.026965025258932674,162,160,unchanged,False,omega,0.9708138611294848,0,436409.31413184153,True,2,24,132.35465846001352,log_gr,"[1.0465316673542875, -5.766053107739398, 6.944823590725402, -9.21034037197618, 0.9708138611294848, -5.737760113019404, -6.431987162449985]"
8,0.05,0.003,0.001,allowed_drift,0,2026093006,0.026965025258932674,162,160,unchanged,False,omega,0.9708138611294848,1,436444.41747854924,False,0,100,951253.025113992,log_gr,"[1.0488328934508546, -5.766076150875211, 6.817856659570481, -9.210340371058255, 0.9708138611294848, -5.738451896213489, -6.431211640095566]"
8,0.05,0.003,0.001,allowed_drift,0,2026093006,0.026965025258932674,162,160,unchanged,False,omega,0.9748138611294848,0,7759323.28835939,False,0,100,600978.1402856614,log_gr,"[1.0115858726866864, -5.769401147760536, 9.8434276761715, -9.210340371952164, 0.9748138611294848, -5.139574494245466, -6.349082657390034]"
8,0.05,0.003,0.001,allowed_drift,0,2026093006,0.026965025258932674,162,160,unchanged,False,omega,0.9748138611294848,1,7760779.622989482,False,0,100,6459656.089715158,,"[1.0260714361892775, -5.769608514155125, 8.349534772954367, -9.149871395158002, 0.9748138611294848, -5.141620008416795, -6.3455931042257445]"
8,0.05,0.003,0.001,allowed_drift,0,2026093006,0.026965025258932674,162,160,unchanged,False,omega,0.9898138611294848,0,18291210.916063167,False,0,100,3478687.589679724,,"[1.119928011335949, -9.084949355011517, 4.493746678678998, -2.8382140384934473, 0.9898138611294848, -4.303265295386477, -5.700133139330475]"
8,0.05,0.003,0.001,allowed_drift,0,2026093006,0.026965025258932674,162,160,unchanged,False,omega,0.9898138611294848,1,18290986.08201078,True,2,74,4160.827215319078,log_gb,"[1.1203331928084612, -9.210340370924868, 4.485851422528959, -2.838201375852449, 0.9898138611294848, -4.304275527971263, -5.700315708759049]"
8,0.05,0.003,0.001,allowed_drift,0,2026093006,0.026965025258932674,162,160,unchanged,False,omega,1.0498138611294847,0,20448943.778710034,False,0,100,37429.82481094427,remote_sq,"[1.1492435340579155, -6.336054625144131, 4.000051009658362, -3.9289995395336006, 1.0498138611294847, -3.7770432909175446, -4.7406768885917545]"
8,0.05,0.003,0.001,allowed_drift,0,2026093006,0.026965025258932674,162,160,unchanged,False,omega,1.0498138611294847,1,20433186.94777532,True,2,87,604.0858026001707,log_gb;remote_sq,"[1.1491158389676397, -9.210340356088823, 4.000000000000001, -3.1204114623309427, 1.0498138611294847, -3.771027261635339, -4.74047238475385]"
8,0.05,0.003,0.001,allowed_drift,0,2026093006,0.026965025258932674,162,160,unchanged,False,omega,1.1,0,21134532.810499586,False,0,100,137247.78643574147,remote_sq;omega_d;log_gd,"[1.1492062092458142, -6.950784449551437, 4.000014304358045, -3.439370482997669, 1.1, -3.5065578973199822, -4.316417525899037]"
8,0.05,0.003,0.001,allowed_drift,0,2026093006,0.026965025258932674,162,160,unchanged,False,omega,1.1,1,21133793.765883707,False,0,100,399450.5450081877,remote_sq;omega_d;log_gd,"[1.149183055724068, -7.305164316038016, 4.000000000006605, -3.3151590441776557, 1.1, -3.5065578973199822, -4.316442542330225]"
8,0.05,0.003,0.001,allowed_drift,0,2026093006,0.026965025258932674,162,160,unchanged,False,gamma,0.00010000000000000009,0,6030501.477868471,True,2,97,3446.7110677863575,log_gr;log_gd,"[1.1384610424361912, -5.548818676168665, 4.166728692832953, -9.21034037197618, 0.9700190830807218, -9.210340371976182, -6.40571697590887]"
8,0.05,0.003,0.001,allowed_drift,0,2026093006,0.026965025258932674,162,160,unchanged,False,gamma,0.00010000000000000009,1,32428678.166468836,False,0,100,1519456.7728899906,remote_sq;log_gd,"[1.1490433122504233, -8.121636267000655, 4.000606275262747, -2.9271052793842594, 0.8607983112515402, -9.210340371976182, -4.586267308705025]"
8,0.05,0.003,0.001,allowed_drift,0,2026093006,0.026965025258932674,162,160,unchanged,False,gamma,0.00042217896355131447,0,4649872.875074174,False,0,100,3532.108392671942,log_gr,"[1.1391075983486545, -5.591308035783004, 4.156293775208379, -9.21034037197521, 0.9699701608526161, -7.770081249581749, -6.406212590866266]"
8,0.05,0.003,0.001,allowed_drift,0,2026093006,0.026965025258932674,162,160,unchanged,False,gamma,0.00042217896355131447,1,32400356.788032997,False,0,100,1077548.2651603138,remote_sq,"[1.1492897403978395, -5.813341096805553, 4.0002641714615885, -4.273390555415727, 0.8739288953337981, -7.770081249581749, -4.685830370633602]"
8,0.05,0.003,0.001,allowed_drift,0,2026093006,0.026965025258932674,162,160,unchanged,False,gamma,0.0015490998640977842,0,1345062.3868686317,True,2,95,468.2555101364756,log_gr,"[1.1191785872180406, -5.697280506133354, 4.514304304756832, -9.210340371975997, 0.9698395791073495, -6.4700812495817495, -6.415921952056768]"
8,0.05,0.003,0.001,allowed_drift,0,2026093006,0.026965025258932674,162,160,unchanged,False,gamma,0.0015490998640977842,1,30245695.86701106,True,2,60,289.15580865740975,log_gb;remote_sq,"[1.1490403691148998, -9.210340371900314, 4.000000000000001, -2.9168138026004113, 0.8739652535893929, -6.4700812495817495, -4.684257020977863]"
8,0.05,0.003,0.001,allowed_drift,0,2026093006,0.026965025258932674,162,160,unchanged,False,gamma,0.0025540338963766945,0,152543.1822841604,True,2,73,35.62373750996658,log_gr,"[1.0804094421378485, -5.748804831216042, 5.5018342396095115, -9.21034037197618, 0.969808168405331, -5.9700812495817495, -6.429048795064324]"
8,0.05,0.003,0.001,allowed_drift,0,2026093006,0.026965025258932674,162,160,unchanged,False,gamma,0.0025540338963766945,1,28708117.62928715,True,2,63,187.512679576877,log_gb;remote_sq,"[1.1490322244261622, -9.210340371973405, 4.000000000000001, -2.946156899328413, 0.878379839012666, -5.9700812495817495, -4.718949254546687]"
8,0.05,0.003,0.001,allowed_drift,0,2026093006,0.026965025258932674,162,160,unchanged,False,gamma,0.0029673640378991843,0,16390.69498337458,True,3,30,2.9131347672571137,log_gr,"[1.0603064139731377, -5.762316874779239, 6.264659346510847, -9.21034037197618, 0.969811304384317, -5.820081249581749, -6.433983286943282]"
8,0.05,0.003,0.001,allowed_drift,0,2026093006,0.026965025258932674,162,160,unchanged,False,gamma,0.0029673640378991843,1,28244657.87355828,True,2,55,556.8035987646498,log_gb;remote_sq,"[1.1490225235677767, -9.210340370521292, 4.000000000000001, -2.950074375287101, 0.8696980297980988, -5.820081249581749, -4.6477252586662665]"
8,0.05,0.003,0.001,allowed_drift,0,2026093006,0.026965025258932674,162,160,unchanged,False,gamma,0.0030884644615965014,0,6971.469869955686,True,2,14,0.04087656799173241,log_gr,"[1.0539252629751188, -5.765654153402337, 6.563134248889747, -9.21034037197618, 0.9698132897454661, -5.780081249581749, -6.4353020613470076]"
8,0.05,0.003,0.001,allowed_drift,0,2026093006,0.026965025258932674,162,160,unchanged,False,gamma,0.0030884644615965014,1,28102752.913686432,True,2,58,407.38283459212875,log_gb;remote_sq,"[1.1490219501362855, -9.210340371578837, 4.000000000000001, -2.95286821821924, 0.8697204578736194, -5.780081249581749, -4.647719695631704]"
8,0.05,0.003,0.001,allowed_drift,0,2026093006,0.026965025258932674,162,160,unchanged,False,gamma,0.0031195040454690607,0,6571.452827033708,True,3,8,0.27009425355368105,log_gr,"[1.0522491004427688, -5.766469140772707, 6.647168449339272, -9.210340371055148, 0.9698138611294848, -5.770081249581749, -6.435629362682157]"
8,0.05,0.003,0.001,allowed_drift,0,2026093006,0.026965025258932674,162,160,unchanged,False,gamma,0.0031195040454690607,1,28066997.02817204,True,2,59,425.04994207273074,log_gb;remote_sq,"[1.1490218162761894, -9.210340371706128, 4.000000000000001, -2.9535783116864427, 0.8697269525398715, -5.770081249581749, -4.647724847067425]"
8,0.05,0.003,0.001,allowed_drift,0,2026093006,0.026965025258932674,162,160,unchanged,False,gamma,0.0031508555823457625,0,6975.0786832090835,True,2,12,0.6538114634180479,log_gr,"[1.0505372464265161, -5.767276150476758, 6.735624896847431, -9.21034037197618, 0.9698144624602653, -5.7600812495817495, -6.435955713491661]"
8,0.05,0.003,0.001,allowed_drift,0,2026093006,0.026965025258932674,162,160,unchanged,False,gamma,0.0031508555823457625,1,28031131.897702467,True,2,58,4020.4092467092796,log_gb;remote_sq,"[1.1490216955143142, -9.210340366415123, 4.000000000013176, -2.9542930403963843, 0.8697338589075624, -5.7600812495817495, -4.647733249983665]"
8,0.05,0.003,0.001,allowed_drift,0,2026093006,0.026965025258932674,162,160,unchanged,False,gamma,0.0032794444380297013,0,16839.285336747686,True,2,31,0.9961513689654027,log_gr,"[1.0433135566638547, -5.770422919397614, 7.141208327419066, -9.21034037197618, 0.9698171637032543, -5.7200812495817495, -6.43724458099265]"
8,0.05,0.003,0.001,allowed_drift,0,2026093006,0.026965025258932674,162,160,unchanged,False,gamma,0.0032794444380297013,1,16839.285336444864,True,2,92,1.0547130092696522,log_gr,"[1.0433135492891075, -5.770422919355781, 7.141208770366574, -9.21034037197618, 0.969817163716012, -5.7200812495817495, -6.4372445830854375]"
8,0.05,0.003,0.001,allowed_drift,0,2026093006,0.026965025258932674,162,160,unchanged,False,gamma,0.0038101708452277193,0,181045.25162340482,False,0,100,142274.31222930484,log_gr,"[1.0125720430244565, -5.7810876309381385, 9.771366558511769, -9.21034037197618, 0.9698312379395416, -5.570081249581749, -6.440700339997638]"
8,0.05,0.003,0.001,allowed_drift,0,2026093006,0.026965025258932674,162,160,unchanged,False,gamma,0.0038101708452277193,1,27258288.68588923,True,2,57,482.7558470529695,log_gb;remote_sq,"[1.1490233412274204, -9.21034037196603, 4.000000000000001, -2.9723265235252767, 0.8743868821669207, -5.570081249581749, -4.683908867468814]"
8,0.05,0.003,0.001,allowed_drift,0,2026093006,0.026965025258932674,162,160,unchanged,False,gamma,0.006281909717528427,0,2491454.5457017957,False,0,100,517978.7380095476,log_gr,"[0.9979871821656934, -5.912202768443785, 11.994072376603226, -2.813410764439634, 0.9699139891885832, -5.070081249581749, -6.412244930163916]"
8,0.05,0.003,0.001,allowed_drift,0,2026093006,0.026965025258932674,162,160,unchanged,False,gamma,0.006281909717528427,1,2514033.595608854,False,0,100,339851.03800819546,log_gr,"[1.0252468644467307, -6.057612320404792, 8.454522795278626, -2.8140501564875855, 0.9699148609152304, -5.070081249581749, -6.406059835351341]"
8,0.05,0.003,0.001,allowed_drift,0,2026093006,0.026965025258932674,162,160,unchanged,False,gamma,0.023050190392812,0,16931819.274072528,False,0,100,187838.934150531,,"[1.0445224938780013, -5.783544813867749, 7.068568061843916, -9.127815684596696, 0.9711885593503466, -3.7700812495817493, -5.986100860999777]"
8,0.05,0.003,0.001,allowed_drift,0,2026093006,0.026965025258932674,162,160,unchanged,False,gamma,0.023050190392812,1,16987466.43938485,False,0,100,216113.12611418942,,"[1.0734201404921908, -5.784400720134963, 5.740411938406405, -8.696253134985472, 0.9711923254737734, -3.7700812495817493, -5.975982374605196]"
8,0.05,0.003,0.001,allowed_drift,0,2026093006,0.026965025258932674,162,160,unchanged,False,gamma,0.029999999999999995,0,19408010.806413796,False,0,100,176979.12628337558,log_gd,"[1.0460822954907312, -5.778623410007294, 6.97827118083247, -9.143491338239306, 0.9724687844704851, -3.506557897319982, -5.800700288541485]"
8,0.05,0.003,0.001,allowed_drift,0,2026093006,0.026965025258932674,162,160,unchanged,False,gamma,0.029999999999999995,1,21746663.799633756,True,2,80,248.73967824783787,remote_sq;log_gr;log_gd,"[1.1492842483955015, -5.779505928176422, 4.000000000000001, -9.21034037197618, 0.8744812793923024, -3.506557897319982, -4.63793475568537]"
8,0.05,0.003,0.001,allowed_drift,0,2026093006,0.026965025258932674,162,160,drift_aware,True,omega,0.85,0,21336944.016819227,True,2,67,350.36329960049056,remote_sq;log_gr;omega_d;log_gd;log_gb_signal,"[1.1492737223418104, -5.768208835614955, 4.000000000000001, -9.21034036488635, 0.85, -3.5065578973201528, -4.063158579237568, -0.02121792421200546, -9.210340371803381]"
8,0.05,0.003,0.001,allowed_drift,0,2026093006,0.026965025258932674,162,160,drift_aware,True,omega,0.85,1,21336944.017177727,True,2,51,543.7257772803648,remote_sq;log_gr;omega_d;log_gd;log_gb_signal,"[1.14927372234042, -5.768208835012097, 4.00000000000107, -9.210340371218004, 0.85, -3.5065578973199827, -4.063154963233785, -0.021218172963587644, -9.210340371521541]"
8,0.05,0.003,0.001,allowed_drift,0,2026093006,0.026965025258932674,162,160,drift_aware,True,omega,0.889588534904892,0,21006867.53529746,True,2,98,306.95555409008466,remote_sq;log_gr;log_gd;log_gb_signal,"[1.1492737223400622, -5.768208835877278, 4.000000000000001, -9.210340371975756, 0.889588534904892, -3.5065578973199822, -4.640766109974932, -0.004486976436033866, -9.210340371976173]"
8,0.05,0.003,0.001,allowed_drift,0,2026093006,0.026965025258932674,162,160,drift_aware,True,omega,0.889588534904892,1,22153973.731522195,True,2,86,3026.13779237606,log_gb;remote_sq;drift_u,"[1.149089711640216, -9.210340245818514, 4.000000000000001, -3.114500702264142, 0.889588534904892, -5.051697538140181, -6.970049732238669, -0.049999999999999996, -5.414483482884348]"
8,0.05,0.003,0.001,allowed_drift,0,2026093006,0.026965025258932674,162,160,drift_aware,True,omega,0.9495885349048919,0,16736207.847748874,False,0,100,437179.1219988859,,"[1.141459117850998, -5.7774676664402, 4.1187798836665035, -7.4868073310384275, 0.9495885349048919, -4.0260799418217506, -5.9100001386212515, 0.01268231471021403, -8.534275362055437]"
8,0.05,0.003,0.001,allowed_drift,0,2026093006,0.026965025258932674,162,160,drift_aware,True,omega,0.9495885349048919,1,16716265.229176665,True,2,77,685.0588585426002,remote_sq,"[1.1492737156530928, -5.768225287971213, 4.000000101569694, -9.202844896129765, 0.9495885349048919, -4.010137709979553, -5.902201602850769, 0.012863830473582229, -9.209316254695594]"
8,0.05,0.003,0.001,allowed_drift,0,2026093006,0.026965025258932674,162,160,drift_aware,True,omega,0.9645885349048919,0,1488344.12732179,True,2,91,73.77430787424281,log_gr,"[1.0747132429077828, -6.549238063948967, 5.691659135827767, -2.813410716760037, 0.9645885349048919, -6.865685404804277, -6.498094438512148, 0.009863390926355957, -5.625564401888885]"
8,0.05,0.003,0.001,allowed_drift,0,2026093006,0.026965025258932674,162,160,drift_aware,True,omega,0.9645885349048919,1,1488344.1273457345,True,2,77,110.37941665950801,log_gr,"[1.0747151603152616, -6.5492718911237855, 5.691591381688158, -2.813410716760037, 0.9645885349048919, -6.865680139292333, -6.498093259262079, 0.009863395285794973, -5.625580928508656]"
8,0.05,0.003,0.001,allowed_drift,0,2026093006,0.026965025258932674,162,160,drift_aware,True,omega,0.9685885349048919,0,78223.74650633348,True,4,55,0.2986284232482634,log_gr,"[1.0571302441816532, -6.294488106819101, 6.406247829897852, -2.813410716760037, 0.9685885349048919, -5.871394167605841, -6.439318200998381, 0.002297785315384131, -6.14267556380328]"
8,0.05,0.003,0.001,allowed_drift,0,2026093006,0.026965025258932674,162,160,drift_aware,True,omega,0.9685885349048919,1,78223.7465096005,True,2,69,35.31653310289754,log_gr,"[1.0571308112523516, -6.294494849826251, 6.406221321420767, -2.813410716760037, 0.9685885349048919, -5.871393687225687, -6.439317967615099, 0.002297785432751936, -6.14268229762579]"
8,0.05,0.003,0.001,allowed_drift,0,2026093006,0.026965025258932674,162,160,drift_aware,True,omega,0.969488534904892,0,953.4066945777408,False,0,100,16725.823777878537,,"[1.0500324588237393, -6.108668400174201, 6.760267384566725, -3.0351361239811157, 0.969488534904892, -5.810133095788746, -6.4378764184762325, 0.0006741412020736721, -6.05168298756677]"
8,0.05,0.003,0.001,allowed_drift,0,2026093006,0.026965025258932674,162,160,drift_aware,True,omega,0.969488534904892,1,968.8351204900313,False,0,100,967795.5915766339,log_gr,"[1.0528378284564905, -6.245547957458292, 6.614458904434372, -2.8134389025355517, 0.969488534904892, -5.808966852016195, -6.436842543694092, 0.0006740757156296055, -6.183380514797517]"
8,0.05,0.003,0.001,allowed_drift,0,2026093006,0.026965025258932674,162,160,drift_aware,True,omega,0.969578534904892,0,340.27506121370874,True,2,50,0.06783737503387832,,"[1.0497948463348497, -5.837051433376213, 6.7742848040312245, -4.476817895937394, 0.969578534904892, -5.810206648920139, -6.437942709996771, 0.0005129267377905816, -5.7929938796638885]"
8,0.05,0.003,0.001,allowed_drift,0,2026093006,0.026965025258932674,162,160,drift_aware,True,omega,0.969578534904892,1,580.8257697539186,False,0,100,2234923.352687674,,"[1.0556358597175883, -5.815670465483854, 6.479267238825744, -4.929967811473363, 0.969578534904892, -5.808062480805867, -6.435727482914278, 0.0005125420044399897, -5.776524484369877]"
8,0.05,0.003,0.001,allowed_drift,0,2026093006,0.026965025258932674,162,160,drift_aware,True,omega,0.9695885349048919,0,334.6598845548979,True,2,8,0.00032108773980207644,,"[1.049786686155909, -5.78500666303016, 6.77479601639737, -5.782234308953019, 0.9695885349048919, -5.810252977375626, -6.437948938733179, 0.0004950076132055431, -5.743091299090031]"
8,0.05,0.003,0.001,allowed_drift,0,2026093006,0.026965025258932674,162,160,drift_aware,True,omega,0.9695885349048919,1,679.0320920857667,False,0,100,2136237.905220602,,"[1.056810116333229, -5.811871809860223, 6.423556413583592, -5.028331020896332, 0.9695885349048919, -5.807683709748858, -6.435274892491876, 0.0004945076042425628, -5.773589820601521]"
8,0.05,0.003,0.001,allowed_drift,0,2026093006,0.026965025258932674,162,160,drift_aware,True,omega,0.9695985349048919,0,341.40223308777126,True,4,66,0.00028373020895756034,log_gr,"[1.0497823155343144, -5.7669288865058395, 6.7750346035416955, -9.21034037197615, 0.9695985349048919, -5.810321326675479, -6.43795690211017, 0.00047708453225210487, -5.7256564077372625]"
8,0.05,0.003,0.001,allowed_drift,0,2026093006,0.026965025258932674,162,160,drift_aware,True,omega,0.9695985349048919,1,617.9789365034396,False,0,100,588979.5185208743,,"[1.0561500258216956, -5.804716095141285, 6.4548505777099, -5.184352359815138, 0.9695985349048919, -5.808014723909856, -6.435539817414592, 0.00047659419332367234, -5.766123294114934]"
8,0.05,0.003,0.001,allowed_drift,0,2026093006,0.026965025258932674,162,160,drift_aware,True,omega,0.9696885349048919,0,1150.8986244289406,True,2,25,0.0014900455713529426,log_gr,"[1.049731499662737, -5.766928328750087, 6.777738829784832, -9.210340371975564, 0.9696885349048919, -5.811701323827446, -6.438083893330957, 0.00031567395826895815, -5.723935439109697]"
8,0.05,0.003,0.001,allowed_drift,0,2026093006,0.026965025258932674,162,160,drift_aware,True,omega,0.9696885349048919,1,1156.4982539017662,False,0,100,236097.88175714007,,"[1.0505515103145788, -5.76797196489871, 6.734388056742453, -8.202383117291149, 0.9696885349048919, -5.811419688826193, -6.437780476383667, 0.0003155735440798425, -5.72544078880361]"
8,0.05,0.003,0.001,allowed_drift,0,2026093006,0.026965025258932674,162,160,drift_aware,True,omega,0.9705885349048919,0,80807.75760963945,True,2,19,0.11442502316770325,log_gr,"[1.0486606642716096, -5.76691661561385, 6.835313332520642, -9.210340371450183, 0.9705885349048919, -5.890331089475715, -6.443836243585231, -0.0013217886817577396, -5.649383523005382]"
8,0.05,0.003,0.001,allowed_drift,0,2026093006,0.026965025258932674,162,160,drift_aware,True,omega,0.9705885349048919,1,80894.6113377834,False,0,100,3731018.3440659684,log_gr,"[1.0515098219852828, -5.76694756378027, 6.684309182771701, -9.210340371976045, 0.9705885349048919, -5.889584995800144, -6.442801093928521, -0.0013235292255522851, -5.650716805720648]"
8,0.05,0.003,0.001,allowed_drift,0,2026093006,0.026965025258932674,162,160,drift_aware,True,omega,0.974588534904892,0,1511050.41272474,True,2,35,106.23469704984342,log_gr,"[1.06140777548907, -5.767060808759111, 6.215917064190196, -9.21034037197618, 0.974588534904892, -6.895022923976975, -6.5158991891527664, -0.009248874463081123, -5.216566253397233]"
8,0.05,0.003,0.001,allowed_drift,0,2026093006,0.026965025258932674,162,160,drift_aware,True,omega,0.974588534904892,1,1511050.4127189284,True,2,73,72.0104237339731,log_gr,"[1.0614080135306745, -5.767060807575489, 6.215906707203924, -9.21034037197618, 0.974588534904892, -6.895020961855809, -6.51589896062622, -0.009248871272683453, -5.216566968041612]"
8,0.05,0.003,0.001,allowed_drift,0,2026093006,0.026965025258932674,162,160,drift_aware,True,omega,0.989588534904892,0,15679207.969953934,False,0,100,378741.03854759736,remote_sq,"[1.149249476772202, -5.771150795910359, 4.000354822873316, -8.322800381726859, 0.989588534904892, -4.058824810337575, -5.866651402118916, -0.01028150812982907, -8.938474142261663]"
8,0.05,0.003,0.001,allowed_drift,0,2026093006,0.026965025258932674,162,160,drift_aware,True,omega,0.989588534904892,1,23476160.845847912,True,2,58,507.5293489849301,remote_sq;log_gr;log_gd;log_t,"[1.14927372261743, -5.768208835510212, 4.000000000000001, -9.21034037066885, 0.989588534904892, -3.5065578973199822, -11.512925464970227, 0.04243326374786784, -4.803786616103532]"
8,0.05,0.003,0.001,allowed_drift,0,2026093006,0.026965025258932674,162,160,drift_aware,True,omega,1.049588534904892,0,19851381.38524156,True,2,92,1344.3271356702546,remote_sq;log_gr;log_gb_signal,"[1.1492737226189755, -5.768208835571753, 4.000000000000678, -9.210340371922504, 1.049588534904892, -3.7348301166437596, -4.342018681062905, 0.020255911161609026, -9.210340371975152]"
8,0.05,0.003,0.001,allowed_drift,0,2026093006,0.026965025258932674,162,160,drift_aware,True,omega,1.049588534904892,1,22948093.95492241,True,2,73,814.0167527154488,remote_sq;log_gr;drift_u,"[1.1492938908276216, -5.768210840419214, 4.000000000000001, -9.210340371921586, 1.049588534904892, -5.256974872072416, -6.964955303931678, 0.049999999999999996, -4.884329730343964]"
8,0.05,0.003,0.001,allowed_drift,0,2026093006,0.026965025258932674,162,160,drift_aware,True,omega,1.1,0,20090984.724960264,True,2,83,1001.6968925312806,remote_sq;log_gr;omega_d;drift_u;log_gb_signal,"[1.1492768097204464, -5.768210338373004, 4.000000000000239, -9.21034037197616, 1.1, -3.7130090487499716, -3.542278781247152, 0.049999999999999496, -9.21034037197618]"
8,0.05,0.003,0.001,allowed_drift,0,2026093006,0.026965025258932674,162,160,drift_aware,True,omega,1.1,1,23127684.522924647,True,2,61,627.0487263232607,remote_sq;log_gr;omega_d;drift_u,"[1.1492890123809565, -5.768212257442566, 4.000000000000135, -9.210245035603023, 1.1, -5.213421781057823, -6.329939811366651, 0.049999999999999996, -4.844693997707277]"
8,0.05,0.003,0.001,allowed_drift,0,2026093006,0.026965025258932674,162,160,drift_aware,True,gamma,0.00010000000000000009,0,405908.9032812849,True,2,85,20.25853467264879,log_gr;log_gd,"[1.0430213748290675, -6.1480496233293565, 7.156103016225711, -2.813410716914458, 0.9695879589158087, -9.210340371976182, -6.462294234627396, 0.00043386178913711894, -5.261287831284425]"
8,0.05,0.003,0.001,allowed_drift,0,2026093006,0.026965025258932674,162,160,drift_aware,True,gamma,0.00010000000000000009,1,22488554.9948042,False,0,100,1118452.2517266567,remote_sq;log_gd,"[1.149148841206584, -7.48708536165267, 4.000077881609477, -3.279147665672901, 0.8675079418201618, -9.210340371976182, -7.024690302488266, -0.04760755462853495, -5.188812323739506]"
8,0.05,0.003,0.001,allowed_drift,0,2026093006,0.026965025258932674,162,160,drift_aware,True,gamma,0.00040555543847956997,0,322583.8513959878,True,2,84,15.277532359607571,log_gr,"[1.0421303170132743, -6.14006565584496, 7.210419773552843, -2.8134107167639804, 0.9695923588107499, -7.81025297740451, -6.462193069131434, 0.00042925639349210423, -5.3212800234555715]"
8,0.05,0.003,0.001,allowed_drift,0,2026093006,0.026965025258932674,162,160,drift_aware,True,gamma,0.00040555543847956997,1,23866159.74774614,False,0,100,2742677.245287662,log_gr;omega_d;drift_u,"[1.0234723008804567, -6.000042707543338, 8.60331557989807, -2.8135979498942394, 0.8500000000000001, -7.81025297740451, -6.085866735858341, -0.049999999999999996, -4.7794533867840725]"
8,0.05,0.003,0.001,allowed_drift,0,2026093006,0.026965025258932674,162,160,drift_aware,True,gamma,0.0014881032189479472,0,106578.65692827108,False,0,100,6718.093697212907,,"[1.0420961116394023, -5.974911024259102, 7.213894847068702, -3.316920603714716, 0.9695974491204876, -6.510252977404511, -6.457047142225585, 0.00043921189626647673, -5.480852745505214]"
8,0.05,0.003,0.001,allowed_drift,0,2026093006,0.026965025258932674,162,160,drift_aware,True,gamma,0.0014881032189479472,1,22405838.056023203,True,2,67,36.246540756304036,log_gb;remote_sq;drift_u,"[1.1491063081686943, -9.210340369610165, 4.000000000000001, -3.114559862991559, 0.8643722783132947, -6.510252977404511, -6.653852565856371, -0.049999999999999996, -5.3025745187342155]"
8,0.05,0.003,0.001,allowed_drift,0,2026093006,0.026965025258932674,162,160,drift_aware,True,gamma,0.0024534674300768105,0,13724.940197018435,True,2,52,13.333669185522107,,"[1.046137047025767, -5.8184979296766555, 6.975546083489698, -4.704071621614106, 0.9695933602940222, -6.010252977404511, -6.446349692396962, 0.00047071018009809453, -5.617115176637755]"
8,0.05,0.003,0.001,allowed_drift,0,2026093006,0.026965025258932674,162,160,drift_aware,True,gamma,0.0024534674300768105,1,22335459.34858495,True,2,75,244.28993270620637,log_gb;remote_sq;drift_u,"[1.1490994279378883, -9.210340368963104, 4.000000000000001, -3.1145372034536765, 0.8645284992968222, -6.010252977404511, -6.645700094834709, -0.049999999999999996, -5.313971066530816]"
8,0.05,0.003,0.001,allowed_drift,0,2026093006,0.026965025258932674,162,160,drift_aware,True,gamma,0.002850522473681799,0,1291.813565928305,True,2,16,0.0020608226549186956,,"[1.0487205010098717, -5.787488994640953, 6.832058145156013, -5.6391555700882305, 0.9695901080679891, -5.86025297740451, -6.440372245103651, 0.0004878591229955038, -5.701894101162163]"
8,0.05,0.003,0.001,allowed_drift,0,2026093006,0.026965025258932674,162,160,drift_aware,True,gamma,0.002850522473681799,1,22325333.852393404,True,2,77,271.7279820187472,log_gb;remote_sq;drift_u,"[1.1490971116570001, -9.21034037122012, 4.000000000000001, -3.114527738495877, 0.860158343784259, -5.86025297740451, -6.593559334948836, -0.049999999999999996, -5.314475671149353]"
8,0.05,0.003,0.001,allowed_drift,0,2026093006,0.026965025258932674,162,160,drift_aware,True,gamma,0.0029668545026855547,0,374.3498458415272,True,3,13,0.5007556764824904,,"[1.049564396640292, -5.785126682035643, 6.786642882991223, -5.771831787591757, 0.969588871490834, -5.82025297740451, -6.438452968887353, 0.0004935147335355566, -5.734190979366508]"
8,0.05,0.003,0.001,allowed_drift,0,2026093006,0.026965025258932674,162,160,drift_aware,True,gamma,0.0029668545026855547,1,22331981.932456985,True,2,89,488.937153764422,log_gb;remote_sq;drift_u,"[1.1490965388369596, -9.210340256225944, 4.000000000000001, -3.1145245920534883, 0.8558178282144576, -5.82025297740451, -6.5467748678508935, -0.049999999999999996, -5.311918942154148]"
8,0.05,0.003,0.001,allowed_drift,0,2026093006,0.026965025258932674,162,160,drift_aware,True,gamma,0.0029966718861519606,0,334.65988455473337,True,2,5,0.00017202930994533158,,"[1.0497866863332654, -5.785006676050141, 6.774796006955846, -5.782233621640002, 0.9695885349143476, -5.81025297740451, -6.437948938675222, 0.0004950075962414797, -5.743091311545029]"
8,0.05,0.003,0.001,allowed_drift,0,2026093006,0.026965025258932674,162,160,drift_aware,True,gamma,0.0029966718861519606,1,22257694.564688735,True,2,72,76.21025380119939,log_gb;remote_sq;drift_u,"[1.1490985308187833, -9.210340352411949, 4.000000000000001, -3.1145375515645886, 0.8825353110592209, -5.81025297740451, -6.877944635135892, -0.049999999999999996, -5.343110787706434]"
8,0.05,0.003,0.001,allowed_drift,0,2026093006,0.026965025258932674,162,160,drift_aware,True,gamma,0.003026788939304216,0,375.07141548394816,True,2,6,0.01575253237763151,,"[1.0500136483505798, -5.78508174124504, 6.762749428346661, -5.7823943291611695, 0.9695881872916172, -5.800252977404511, -6.43743485368157, 0.0004965324270165654, -5.752346757601768]"
8,0.05,0.003,0.001,allowed_drift,0,2026093006,0.026965025258932674,162,160,drift_aware,True,gamma,0.003026788939304216,1,22317845.640901726,True,2,69,37.60768218296573,log_gb;remote_sq;drift_u,"[1.1490963645927785, -9.21034037197536, 4.000000000000001, -3.1145249296309987, 0.8602429745072476, -5.800252977404511, -6.5933568645597465, -0.049999999999999996, -5.316500445184606]"
8,0.05,0.003,0.001,allowed_drift,0,2026093006,0.026965025258932674,162,160,drift_aware,True,gamma,0.003150314539234179,0,1382.0896295794905,True,2,21,0.007272533371738827,,"[1.0509696751933744, -5.7874883632989, 6.712545895921771, -5.680175183833884, 0.9695866806596349, -5.760252977404511, -6.435274115531131, 0.0005029641728645212, -5.793283246855842]"
8,0.05,0.003,0.001,allowed_drift,0,2026093006,0.026965025258932674,162,160,drift_aware,True,gamma,0.003150314539234179,1,22325017.447092976,True,2,86,86.1408398164182,log_gb;remote_sq;drift_u,"[1.1490958526044157, -9.210340355474568, 4.000000000000001, -3.1145220337048514, 0.8559516877323882, -5.760252977404511, -6.547113706991898, -0.049999999999999996, -5.313947477465147]"
8,0.05,0.003,0.001,allowed_drift,0,2026093006,0.026965025258932674,162,160,drift_aware,True,gamma,0.0036601433070470434,0,19529.24127180603,True,2,93,5.989141297466472,,"[1.0553155047092886, -5.833050857443149, 6.494785284233072, -4.631258314649952, 0.9695792550456828, -5.61025297740451, -6.425482998659073, 0.0005321569378575645, -6.024373805687482]"
8,0.05,0.003,0.001,allowed_drift,0,2026093006,0.026965025258932674,162,160,drift_aware,True,gamma,0.0036601433070470434,1,22282331.32326396,False,0,100,55963.83621159907,log_gb;remote_sq;drift_u,"[1.1490943323748408, -9.21034037197618, 4.000000000000001, -3.1145184956434475, 0.8658458340483799, -5.61025297740451, -6.653196250067232, -0.049999999999999996, -5.329454615794793]"
8,0.05,0.003,0.001,allowed_drift,0,2026093006,0.026965025258932674,162,160,drift_aware,True,gamma,0.006034556124139171,0,368591.62437909533,True,2,78,4.185539810827471,log_gb_signal,"[1.0812622109500982, -5.856431860525514, 5.473905039382051, -4.748343906304186, 0.9695932372838278, -5.11025297740451, -6.362981299703702, 0.000598060447724886, -9.210340362089303]"
8,0.05,0.003,0.001,allowed_drift,0,2026093006,0.026965025258932674,162,160,drift_aware,True,gamma,0.006034556124139171,1,22119949.357775535,False,0,100,18200.47776999664,log_gb;remote_sq;drift_u,"[1.1490940889455696, -9.21034037197618, 4.000000000000001, -3.114517277973699, 0.9049762858705295, -5.11025297740451, -7.270053266365856, -0.049999999999999996, -5.46782618075282]"
8,0.05,0.003,0.001,allowed_drift,0,2026093006,0.026965025258932674,162,160,drift_aware,True,gamma,0.02214257667686516,0,14831138.241332676,False,0,100,238611.98976484968,,"[1.0476884395348909, -5.768094723411816, 6.888527124567024, -8.094479988456412, 0.9751448986265584, -3.8102529774045104, -5.966857299892015, -0.004687500335177164, -9.111745320111579]"
8,0.05,0.003,0.001,allowed_drift,0,2026093006,0.026965025258932674,162,160,drift_aware,True,gamma,0.02214257667686516,1,22408300.786187414,True,2,79,393.2203231635985,log_gb;remote_sq;drift_u,"[1.1490933535657395, -9.210340316811934, 4.000000000000001, -3.1144986584033836, 0.8557546163843016, -3.8102529774045104, -6.4900706414853815, -0.049999999999999996, -5.52190756175441]"
8,0.05,0.003,0.001,allowed_drift,0,2026093006,0.026965025258932674,162,160,drift_aware,True,gamma,0.029999999999999995,0,17896183.59791134,False,0,100,113866.48032210964,log_gd,"[1.0453816532360025, -5.76729709899174, 7.018888446712013, -8.650197963067344, 0.9860929528242287, -3.506557897319982, -5.809349686886282, -0.011555141695004222, -9.204838464984654]"
8,0.05,0.003,0.001,allowed_drift,0,2026093006,0.026965025258932674,162,160,drift_aware,True,gamma,0.029999999999999995,1,18392697.968143694,False,0,100,289921.8427114358,log_gd,"[1.1168153182467409, -5.77004469479012, 4.561934198323434, -8.312612151142211, 0.9553292301117768, -3.506557897319982, -5.824965396377192, 0.01430462481539699, -8.92997429241186]"
8,0.05,0.003,0.001,allowed_drift,0,2026093006,0.026965025258932674,162,160,extended,True,omega,0.85,0,21311524.148862164,True,2,77,2844.6298112010263,remote_sq;log_gr;omega_d;log_gd;log_gb_signal;link_l,"[1.1492737223477485, -5.768208835664485, 4.000000000086788, -9.210340371235807, 0.85, -3.5065578973199822, -3.6778480126519115, -0.02180127028914747, -9.210340371975567, 0.09999999901154995]"
8,0.05,0.003,0.001,allowed_drift,0,2026093006,0.026965025258932674,162,160,extended,True,omega,0.85,1,21311524.148274083,True,2,65,608.1187718214975,remote_sq;log_gr;omega_d;log_gd;log_gb_signal;link_l,"[1.1492737223433682, -5.768208834977513, 4.00000000001098, -9.21034037197618, 0.85, -3.5065578973199822, -3.6778524686853666, -0.021800829849409523, -9.21034037197618, 0.09999999999794165]"
8,0.05,0.003,0.001,allowed_drift,0,2026093006,0.026965025258932674,162,160,extended,True,omega,0.8896027450579868,0,20997769.72272248,True,2,80,254.00367893590277,remote_sq;log_gr;log_gd;log_gb_signal,"[1.1492737223347527, -5.7682088353255, 4.000000000212045, -9.210340371905362, 0.8896027450579868, -3.5065578973199822, -4.337447231254556, -0.004599292991839133, -9.210340371976141, 0.05933596896548067]"
8,0.05,0.003,0.001,allowed_drift,0,2026093006,0.026965025258932674,162,160,extended,True,omega,0.8896027450579868,1,20997769.723204363,True,2,64,1779.9317442217146,remote_sq;log_gr;log_gd;log_gb_signal,"[1.1492737222055809, -5.768208835816693, 4.000000002030006, -9.21034037197618, 0.8896027450579868, -3.5065578973199822, -4.3374408705058265, -0.004599275493889107, -9.21034037197618, 0.05933723098055672]"
8,0.05,0.003,0.001,allowed_drift,0,2026093006,0.026965025258932674,162,160,extended,True,omega,0.9496027450579867,0,16719809.324840654,False,0,100,2753063.605971767,,"[1.1472895105262455, -5.776791114041187, 4.029230744115761, -7.602227639479069, 0.9496027450579867, -4.011006460565219, -5.935239132811665, 0.013237001931883872, -8.609636700722472, -0.0016921656695873411]"
8,0.05,0.003,0.001,allowed_drift,0,2026093006,0.026965025258932674,162,160,extended,True,omega,0.9496027450579867,1,16714054.112215355,False,0,100,400535.43090278556,remote_sq,"[1.1492716971204846, -5.770697955996658, 4.000029652259711, -8.44831585493223, 0.9496027450579867, -4.014407411768094, -5.902633577472074, 0.013042144272772999, -8.732194213250533, 0.000709030149064599]"
8,0.05,0.003,0.001,allowed_drift,0,2026093006,0.026965025258932674,162,160,extended,True,omega,0.9646027450579867,0,1460494.9641824644,False,0,100,592724.4535877559,log_gr,"[1.0914990019370447, -6.9272334450627495, 5.164223697026457, -2.813410716766523, 0.9646027450579867, -6.740364012237589, -6.323082291362694, 0.010007053017279378, -5.81310952879846, 0.0179156105307189]"
8,0.05,0.003,0.001,allowed_drift,0,2026093006,0.026965025258932674,162,160,extended,True,omega,0.9646027450579867,1,1460557.0424102256,False,0,100,42866.871220226436,log_gr,"[1.0906790761151244, -6.903891779237746, 5.18727734836292, -2.813410718579284, 0.9646027450579867, -6.73794511471144, -6.316937383135701, 0.010013151103571477, -5.806223893220002, 0.01875820541317329]"
8,0.05,0.003,0.001,allowed_drift,0,2026093006,0.026965025258932674,162,160,extended,True,omega,0.9686027450579867,0,68200.24121406123,False,0,100,11613.037807946237,log_gr,"[1.0657238565233145, -6.406516967846639, 6.032017791506389, -2.8134107167648037, 0.9686027450579867, -5.853509967742386, -6.274678053362423, 0.0024274325461074112, -6.271957091040251, 0.021342044319509736]"
8,0.05,0.003,0.001,allowed_drift,0,2026093006,0.026965025258932674,162,160,extended,True,omega,0.9686027450579867,1,68200.2562237258,False,0,100,42721.737496341804,log_gr,"[1.0660794563868772, -6.411615938264248, 6.017630100613772, -2.8134107167607203, 0.9686027450579867, -5.853223397285476, -6.274182748921714, 0.002428091260685782, -6.277077677280719, 0.02133051341141342]"
8,0.05,0.003,0.001,allowed_drift,0,2026093006,0.026965025258932674,162,160,extended,True,omega,0.9695027450579867,0,716.5678619172163,True,2,76,0.2635525676708806,,"[1.0499010882245972, -6.153991193000686, 6.7668833243475, -2.930115876335605, 0.9695027450579867, -5.810060463602171, -6.410857831821075, 0.0006612061654140572, -6.094198406079744, 0.0039704359917334345]"
8,0.05,0.003,0.001,allowed_drift,0,2026093006,0.026965025258932674,162,160,extended,True,omega,0.9695027450579867,1,896.7973477812308,False,0,100,572726.1372247749,,"[1.0520908931471127, -5.8812372753981865, 6.654529065695729, -4.048380558494061, 0.9695027450579867, -5.809411365780119, -6.406982098823953, 0.0006609669554527305, -5.837124198917548, 0.0043317777669705055]"
8,0.05,0.003,0.001,allowed_drift,0,2026093006,0.026965025258932674,162,160,extended,True,omega,0.9695927450579868,0,334.67067020605464,True,2,21,0.00043100369503654053,,"[1.0497842946962341, -5.785181337119311, 6.774923100029291, -5.772969562502381, 0.9695927450579868, -5.810252147992303, -6.39083786629311, 0.0005081978054016561, -5.7432625869528335, 0.006952581821293346]"
8,0.05,0.003,0.001,allowed_drift,0,2026093006,0.026965025258932674,162,160,extended,True,omega,0.9695927450579868,1,653.3772325845963,False,0,100,1883574.2500002726,,"[1.0565722629897043, -5.7782234308374845, 6.434796665471668, -6.350024081252409, 0.9695927450579868, -5.807749751604575, -6.504016180984079, 0.00048195317527476245, -5.741077636700437, -0.009282374688333884]"
8,0.05,0.003,0.001,allowed_drift,0,2026093006,0.026965025258932674,162,160,extended,True,omega,0.9696027450579867,0,334.67992963606724,True,2,3,0.0058684837652713305,,"[1.049782378424915, -5.78507829278784, 6.775025094560509, -5.778363899454447, 0.9696027450579867, -5.810251317143116, -6.352575162007256, 0.0005190992917312082, -5.743167289126171, 0.012721016214410668]"
8,0.05,0.003,0.001,allowed_drift,0,2026093006,0.026965025258932674,162,160,extended,True,omega,0.9696027450579867,1,725.2116576749621,False,0,100,1952279.9190976457,,"[1.0572997114417084, -5.78841080395059, 6.40068720867356, -5.748928822403484, 0.9696027450579867, -5.8074813561626994, -6.530962471570166, 0.00046919609449312097, -5.751374030424155, -0.012798111875586021]"
8,0.05,0.003,0.001,allowed_drift,0,2026093006,0.026965025258932674,162,160,extended,True,omega,0.9696127450579867,0,334.68619914845834,True,2,16,0.003144955365971739,,"[1.049781122685888, -5.785011016996889, 6.775091933496942, -5.7819019587137275, 0.9696127450579867, -5.810250727755617, -6.32733987188254, 0.0005263867724302499, -5.7431051654106975, 0.016586248241691123]"
8,0.05,0.003,0.001,allowed_drift,0,2026093006,0.026965025258932674,162,160,extended,True,omega,0.9696127450579867,1,338.8184290973248,False,0,100,317217.26297051547,,"[1.0505782201199898, -5.783658157244253, 6.7329765079822455, -5.870858539183342, 0.9696127450579867, -5.80997758485458, -6.555324147593299, 0.0004637365146604262, -5.742289570861283, -0.016550532011476594]"
8,0.05,0.003,0.001,allowed_drift,0,2026093006,0.026965025258932674,162,160,extended,True,omega,0.9697027450579867,0,334.71734561771154,True,3,31,0.0004810285320104668,,"[1.0497751158796562, -5.784804586229833, 6.775411601537656, -5.792800291008115, 0.9697027450579867, -5.8102476838374, -6.205371571501961, 0.0005628680114312225, -5.742919004648478, 0.03597037188142954]"
8,0.05,0.003,0.001,allowed_drift,0,2026093006,0.026965025258932674,162,160,extended,True,omega,0.9697027450579867,1,970.6704930128943,False,0,100,681953.7431480733,,"[1.059409938650239, -5.796678156886343, 6.30419374713623, -5.470712963423036, 0.9697027450579867, -5.806670998550609, -6.705463017539516, 0.0004131421806083419, -5.760828384438397, -0.03407600088035294]"
8,0.05,0.003,0.001,allowed_drift,0,2026093006,0.026965025258932674,162,160,extended,True,omega,0.9706027450579867,0,918.1707543449382,True,2,18,0.009043684798376384,log_gr;link_l,"[1.0556814597371957, -5.766994780939306, 6.477264395517861, -9.210340371884294, 0.9706027450579867, -5.808005148822474, -5.81929148327311, 0.0005497256489796633, -5.729330612789231, 0.09999999999999933]"
8,0.05,0.003,0.001,allowed_drift,0,2026093006,0.026965025258932674,162,160,extended,True,omega,0.9706027450579867,1,865.5952300908231,False,0,100,3576.9734019912003,link_l,"[1.0547203682535786, -5.82456242066238, 6.523636967815187, -4.7527709368694495, 0.9706027450579867, -5.8090410850947825, -7.321794817918655, 0.00011790910975273122, -5.784182008703788, -0.09999999999738944]"
8,0.05,0.003,0.001,allowed_drift,0,2026093006,0.026965025258932674,162,160,extended,True,omega,0.9746027450579867,0,852324.8497357689,True,2,92,236.25537435670083,remote_sq;log_gr;link_l,"[1.1492737226865053, -5.768208835602835, 4.000000000002469, -9.21034037197618, 0.9746027450579867, -6.381043110387844, -5.424838055179313, -0.0054746447216101135, -5.381358372234366, 0.09999999999999999]"
8,0.05,0.003,0.001,allowed_drift,0,2026093006,0.026965025258932674,162,160,extended,True,omega,0.9746027450579867,1,659235.3748461611,True,2,69,20.512066293297945,log_gb;link_l,"[1.142428758934368, -9.210340371975867, 4.100817273950042, -3.048480553165008, 0.9746027450579867, -5.98264401597663, -8.410000843263601, -0.00681740039202135, -7.352234991127972, -0.09999999999999999]"
8,0.05,0.003,0.001,allowed_drift,0,2026093006,0.026965025258932674,162,160,extended,True,omega,0.9896027450579867,0,15140096.93613671,False,0,100,1983.4979542906487,remote_sq;link_l,"[1.1492737230638308, -5.76844565489814, 4.0000000090923935, -9.107566782787954, 0.9896027450579867, -4.090919788282124, -7.318719957597337, -0.011023337534101068, -9.20199038571881, -0.09999999999999999]"
8,0.05,0.003,0.001,allowed_drift,0,2026093006,0.026965025258932674,162,160,extended,True,omega,0.9896027450579867,1,23440359.798386503,False,0,100,5044.425639270292,remote_sq;log_gd,"[1.149266930710697, -5.779315418571844, 4.000098853483113, -7.409875532539012, 0.9896027450579867, -3.506557935662536, -8.9091551637641, 0.04243609854178555, -4.80036812744446, 0.04368662585230213]"
8,0.05,0.003,0.001,allowed_drift,0,2026093006,0.026965025258932674,162,160,extended,True,omega,1.0496027450579868,0,19809553.001537323,False,0,100,113986.67174546531,link_l,"[1.1478276708702035, -5.7686507465604375, 4.021285594844787, -9.020928883958247, 1.0496027450579868, -3.712657799701345, -4.915222639551133, 0.018049358257463413, -9.208611833538344, -0.09999492019234155]"
8,0.05,0.003,0.001,allowed_drift,0,2026093006,0.026965025258932674,162,160,extended,True,omega,1.0496027450579868,1,22913126.648914687,True,2,85,147.0535295073871,remote_sq;log_gr;drift_u;link_l,"[1.1492941112669908, -5.768210759160691, 4.000000000573324, -9.210340371859832, 1.0496027450579868, -5.200284004123516, -11.136625179081621, 0.049999999999999996, -4.892304080299206, -0.09999999998703096]"
8,0.05,0.003,0.001,allowed_drift,0,2026093006,0.026965025258932674,162,160,extended,True,omega,1.1,0,20085371.94212384,False,0,100,74289.65597076577,omega_d;drift_u,"[1.1355736048433591, -5.76894778178491, 4.214455782838311, -8.822250586619653, 1.1, -3.716659839549257, -3.863942437482776, 0.04999966048085219, -9.195860841283837, -0.09997465972220564]"
8,0.05,0.003,0.001,allowed_drift,0,2026093006,0.026965025258932674,162,160,extended,True,omega,1.1,1,23096276.68961223,True,2,70,1404.0994392856771,remote_sq;omega_d;drift_u;link_l,"[1.1492896305011737, -5.768216794908859, 4.000000000120728, -9.208130349441497, 1.1, -5.139229834617598, -8.342764788724919, 0.049999999999999996, -4.849752265144002, -0.09999999999471738]"
8,0.05,0.003,0.001,allowed_drift,0,2026093006,0.026965025258932674,162,160,extended,True,gamma,0.00010000000000000009,0,404893.3284174128,True,2,65,0.7320131623026801,log_gd;link_l,"[1.0424352263909717, -5.833031034721243, 7.193801299025964, -4.3944546613256215, 0.9704047182474559, -9.210340371976182, -5.9012425409754545, 0.0006029635659093356, -5.119884809886747, 0.09999999999947816]"
8,0.05,0.003,0.001,allowed_drift,0,2026093006,0.026965025258932674,162,160,extended,True,gamma,0.00010000000000000009,1,22476822.079144835,False,0,100,20881.213141499316,remote_sq;log_gd,"[1.1491347222970922, -7.921944102798576, 4.000005921697716, -3.2051628189912216, 0.8722860804975505, -9.210340371976182, -7.938240097919918, -0.0477111000986736, -5.215665389222278, -0.040300418081054]"
8,0.05,0.003,0.001,allowed_drift,0,2026093006,0.026965025258932674,162,160,extended,True,gamma,0.0004055561132707449,0,321781.3412618964,True,2,64,6.840110122984978,link_l,"[1.0416316499535039, -5.827863981183435, 7.243302050320945, -4.456755214095256, 0.9703928784737982, -7.810251313536764, -5.904985634893155, 0.0006175243638981637, -5.172010173758257, 0.09999999999710835]"
8,0.05,0.003,0.001,allowed_drift,0,2026093006,0.026965025258932674,162,160,extended,True,gamma,0.0004055561132707449,1,22472899.169553827,False,0,100,10938.276895694135,remote_sq,"[1.1491530429867092, -7.50379808471744, 4.000006839593954, -3.275703127388167, 0.8722266216091579, -7.810251313536764, -7.436434919254319, -0.047922067480757835, -5.19183620437704, -0.021138903997068706]"
8,0.05,0.003,0.001,allowed_drift,0,2026093006,0.026965025258932674,162,160,extended,True,gamma,0.0014881056949569568,0,106325.08512686113,True,2,89,2.521100691179553,link_l,"[1.0419618697316542, -5.8093333799954605, 7.222911237567114, -4.812350423781632, 0.9703910515494548, -6.510251313536764, -5.899435977621449, 0.0006522859765096056, -5.376920449909644, 0.09999999998183196]"
8,0.05,0.003,0.001,allowed_drift,0,2026093006,0.026965025258932674,162,160,extended,True,gamma,0.0014881056949569568,1,22320570.583862778,True,2,77,288.2702526095517,log_gb;remote_sq;log_t,"[1.1491076349584277, -9.210340371976065, 4.000000000000001, -3.113968211251486, 0.9087137746980543, -6.510251313536764, -11.512925464970202, -0.04774702420675178, -5.298607723206853, -0.07125884079721298]"
8,0.05,0.003,0.001,allowed_drift,0,2026093006,0.026965025258932674,162,160,extended,True,gamma,0.002453471512325531,0,13708.027328213731,False,0,100,1277.7502810511482,,"[1.0461058564969483, -5.795494332467933, 6.977356467740207, -5.2735450414647245, 0.969939014318616, -6.010251313536764, -6.057137975491193, 0.0006037812914176825, -5.598331785486789, 0.06455186791409905]"
8,0.05,0.003,0.001,allowed_drift,0,2026093006,0.026965025258932674,162,160,extended,True,gamma,0.002453471512325531,1,23189598.948667005,True,2,63,1252.5579306718087,remote_sq;log_gr;link_l,"[1.149273722617895, -5.768208835519545, 4.000000000000001, -9.21034037197618, 0.8601413055184416, -6.010251313536764, -4.976106715603568, 0.029326012416356136, -4.8645805320311535, 0.0999999979681111]"
8,0.05,0.003,0.001,allowed_drift,0,2026093006,0.026965025258932674,162,160,extended,True,gamma,0.0028505272165781498,0,1291.4072431239877,False,0,100,97.82766079710726,,"[1.0487078789491382, -5.7886205097908, 6.832741921477914, -5.587394883064094, 0.9696853102787575, -5.8602513135367635, -6.225510669986194, 0.0005536299604752352, -5.702945960182652, 0.03336577598400036]"
8,0.05,0.003,0.001,allowed_drift,0,2026093006,0.026965025258932674,162,160,extended,True,gamma,0.0028505272165781498,1,22338750.19652993,False,0,100,1627267.3702271443,remote_sq;drift_u,"[1.1491208994962432, -8.00039653076066, 4.00000002128821, -3.1947262285488596, 0.8558018602499764, -5.8602513135367635, -6.9150233902674705, -0.04999999999999886, -5.257118858496769, -0.025068701610326885]"
8,0.05,0.003,0.001,allowed_drift,0,2026093006,0.026965025258932674,162,160,extended,True,gamma,0.002966859439143178,0,374.33554715908497,False,0,100,1245.7663833277516,,"[1.049564634454414, -5.7849667268729705, 6.786630288110159, -5.780272722041817, 0.9695889077129544, -5.8202513135367635, -6.442325191017602, 0.0004924274065103548, -5.734040306056791, -0.000565377304183063]"
8,0.05,0.003,0.001,allowed_drift,0,2026093006,0.026965025258932674,162,160,extended,True,gamma,0.002966859439143178,1,22331025.61055557,True,2,88,1008.7871481649738,log_gb;remote_sq;drift_u,"[1.1490951426932214, -9.21034037197618, 4.000000000000001, -3.1143297649658543, 0.8566974490519446, -5.8202513135367635, -7.904669807283806, -0.049999999999999996, -5.285142982217494, -0.07263484026443358]"
8,0.05,0.003,0.001,allowed_drift,0,2026093006,0.026965025258932674,162,160,extended,True,gamma,0.002996676872221807,0,334.6634995742465,False,0,100,736.7706694074778,,"[1.049785915315295, -5.785250214929714, 6.774836856265904, -5.769386667016177, 0.9695889617688617, -5.810251313536764, -6.422223667808882, 0.000499405858807414, -5.74332726539002, 0.0023024392041964114]"
8,0.05,0.003,0.001,allowed_drift,0,2026093006,0.026965025258932674,162,160,extended,True,gamma,0.002996676872221807,1,22330010.92222401,True,2,91,956.2883184375147,log_gb;remote_sq;drift_u,"[1.1490951530188, -9.21034037197618, 4.000000000000001, -3.1143454346880444, 0.8565783168043544, -5.810251313536764, -7.752165192829731, -0.049999999999999996, -5.287607980935947, -0.06670244727455901]"
8,0.05,0.003,0.001,allowed_drift,0,2026093006,0.026965025258932674,162,160,extended,True,gamma,0.003026793975484898,0,375.0809152359681,False,0,100,3.798882759105768,,"[1.050006948482704, -5.78408081246522, 6.763104958523143, -5.836623577110233, 0.9696266232761995, -5.800251313536764, -6.299620506659316, 0.000535303685378354, -5.751390627489442, 0.020770520321268075]"
8,0.05,0.003,0.001,allowed_drift,0,2026093006,0.026965025258932674,162,160,extended,True,gamma,0.003026793975484898,1,22174847.43914947,False,0,100,48827.50343212867,log_gb;remote_sq;log_t;link_l,"[1.1491075469668295, -9.21034037197618, 4.000000000000001, -3.1137233761442786, 0.9105511076419591, -5.800251313536764, -11.512925464970227, -0.0485808956863114, -5.330101877236228, 0.09999999999999999]"
8,0.05,0.003,0.001,allowed_drift,0,2026093006,0.026965025258932674,162,160,extended,True,gamma,0.003150319780945293,0,1381.4800534528783,False,0,100,3392.9719880736216,,"[1.050959631495597, -5.781555163402371, 6.713072438080464, -6.006087709597859, 0.9697003013389381, -5.760251313536764, -6.204635705099802, 0.0005665875886528077, -5.787340174568581, 0.03531897662865352]"
8,0.05,0.003,0.001,allowed_drift,0,2026093006,0.026965025258932674,162,160,extended,True,gamma,0.003150319780945293,1,22168489.456318654,False,0,100,12364.937284275346,log_gb;remote_sq;log_t;link_l,"[1.14910754229283, -9.21034037197618, 4.000000000000001, -3.113710506864701, 0.9108319205511194, -5.760251313536764, -11.512925464970227, -0.048630994627146144, -5.334493853239949, 0.09999999999999999]"
8,0.05,0.003,0.001,allowed_drift,0,2026093006,0.026965025258932674,162,160,extended,True,gamma,0.003660149397046507,0,19509.342041198364,False,0,100,30496.02576263474,,"[1.0552937702205423, -5.776762108200688, 6.4958958402285285, -6.45820693145332, 0.9702123897866632, -5.6102513135367635, -5.913771261964643, 0.0006682201399450178, -5.956621620763562, 0.08145875809590762]"
8,0.05,0.003,0.001,allowed_drift,0,2026093006,0.026965025258932674,162,160,extended,True,gamma,0.003660149397046507,1,17035394.44597244,False,0,100,6631.3864083466415,remote_sq;log_gr;log_t;link_l,"[1.1492737408922968, -5.768208863908366, 4.000000000000001, -9.21033641844532, 0.9565171268227548, -5.6102513135367635, -11.512925464970227, 0.033673785735917366, -4.962587605435801, 0.09999999999999999]"
8,0.05,0.003,0.001,allowed_drift,0,2026093006,0.026965025258932674,162,160,extended,True,gamma,0.006034566164850825,0,368574.4836355947,True,2,75,29.31577668261202,log_gb_signal,"[1.081255094660649, -5.856363725881512, 5.474133661846503, -4.748965931738328, 0.9696503136506485, -5.1102513135367635, -6.171384545868882, 0.0006874569427823896, -9.210340371971647, 0.023654977323650694]"
8,0.05,0.003,0.001,allowed_drift,0,2026093006,0.026965025258932674,162,160,extended,True,gamma,0.006034566164850825,1,20271005.74930654,False,0,100,983259.4474367376,link_l,"[1.1177451011523687, -5.785613963186144, 4.542971575454345, -6.708334392425847, 0.9554337546783509, -5.1102513135367635, -11.099045331980532, 0.03630166156871654, -4.898276800377451, 0.0999992640671993]"
8,0.05,0.003,0.001,allowed_drift,0,2026093006,0.026965025258932674,162,160,extended,True,gamma,0.02214261351921497,0,14815636.123572037,False,0,100,187841.9765275252,log_gb_signal,"[1.0435947337074876, -5.766901278018025, 7.123840308693365, -9.140019728022322, 0.9750872812712563, -3.8102513135367637, -6.034799719870482, -0.004671771571795577, -9.210152723340927, -0.012677572537808551]"
8,0.05,0.003,0.001,allowed_drift,0,2026093006,0.026965025258932674,162,160,extended,True,gamma,0.02214261351921497,1,22395011.924620997,True,2,81,120.7759422642962,log_gb;remote_sq;drift_u;link_l,"[1.1490932770067954, -9.210340357934077, 4.000000000000001, -3.1147209937618583, 0.8530337350047626, -3.8102513135367637, -5.444366854489608, -0.049999999999999996, -5.55460912015212, 0.09999999999999999]"
8,0.05,0.003,0.001,allowed_drift,0,2026093006,0.026965025258932674,162,160,extended,True,gamma,0.029999999999999995,0,17887784.59309366,False,0,100,194828.74135185973,log_gd,"[1.040259921825826, -5.7670077253038015, 7.329681667471603, -8.903103149534104, 0.9861531771104719, -3.506557897319982, -6.050399066723018, -0.0115201011554011, -9.209591927115776, -0.049358349872679945]"
8,0.05,0.003,0.001,allowed_drift,0,2026093006,0.026965025258932674,162,160,extended,True,gamma,0.029999999999999995,1,22484181.604215145,True,2,75,202.94289649528497,log_gb;remote_sq;omega_d;log_gd;drift_u;link_l,"[1.1490969556838007, -9.210340371951514, 4.000000000000001, -3.114728412812356, 0.8500000000000001, -3.506557897319982, -5.405752565488798, -0.049999999999999996, -5.635849696311782, 0.09999999999999999]"
10,0.05,0.003,0.001,extra_link,0,2026093080,0.026965025258932674,162,160,unchanged,False,omega,0.85,0,21452995.92766436,True,2,90,1103.6211638752695,remote_sq;log_gr;omega_d,"[1.1492681412165775, -5.772573411479961, 4.000000000000001, -9.210340088477812, 0.85, -3.539044175419045, -4.510048230470044]"
10,0.05,0.003,0.001,extra_link,0,2026093080,0.026965025258932674,162,160,unchanged,False,omega,0.85,1,21452995.92469571,True,2,73,188.25469712277544,remote_sq;log_gr;omega_d,"[1.1492681409909469, -5.772573596412572, 4.000000000000001, -9.210339924006897, 0.85, -3.539066812156539, -4.5100492856947865]"
10,0.05,0.003,0.001,extra_link,0,2026093080,0.026965025258932674,162,160,unchanged,False,omega,0.8897920260449681,0,21149364.885209978,True,2,55,1333.8289552182227,remote_sq;log_gr,"[1.1492757987076025, -5.775617320933675, 4.000000000000001, -9.210340262021925, 0.8897920260449681, -3.8242368208219877, -4.826994483658307]"
10,0.05,0.003,0.001,extra_link,0,2026093080,0.026965025258932674,162,160,unchanged,False,omega,0.8897920260449681,1,21149364.883629486,True,2,52,86.44319417142833,remote_sq;log_gr,"[1.1492757985812838, -5.775617597150369, 4.000000000000001, -9.210340370336466, 0.8897920260449681, -3.824254980201099, -4.826995005963858]"
10,0.05,0.003,0.001,extra_link,0,2026093080,0.026965025258932674,162,160,unchanged,False,omega,0.949792026044968,0,19570671.65593626,True,2,90,2226.537478925935,log_gr,"[1.089235107492817, -5.783776332632558, 5.234575856089869, -9.21034037197618, 0.949792026044968, -4.1959337853383, -5.75520482593051]"
10,0.05,0.003,0.001,extra_link,0,2026093080,0.026965025258932674,162,160,unchanged,False,omega,0.949792026044968,1,19570671.655256923,True,2,53,840.7870841905382,log_gr,"[1.0892334045472314, -5.783776820161704, 5.23462479913145, -9.210340367389893, 0.949792026044968, -4.1959299257523295, -5.755203355414325]"
10,0.05,0.003,0.001,extra_link,0,2026093080,0.026965025258932674,162,160,unchanged,False,omega,0.964792026044968,0,8505093.43619512,False,0,100,1046808.3672165232,log_gr,"[1.0190264765513286, -5.967325267393562, 9.090376832291094, -2.813410716760037, 0.964792026044968, -5.127083645395194, -6.43865356629662]"
10,0.05,0.003,0.001,extra_link,0,2026093080,0.026965025258932674,162,160,unchanged,False,omega,0.964792026044968,1,8511301.112788213,False,0,100,25316.85748294716,log_gr,"[1.0518431315019459, -6.226539644055951, 6.68692266798661, -2.813433510380864, 0.964792026044968, -5.132859224600474, -6.42976130947265]"
10,0.05,0.003,0.001,extra_link,0,2026093080,0.026965025258932674,162,160,unchanged,False,omega,0.9687920260449681,0,473466.30138960225,True,2,84,117.62927520810146,log_gr,"[1.0650828597951407, -6.3917017456039025, 6.06547275781771, -2.813410716760037, 0.9687920260449681, -5.745897572462247, -6.498712385518201]"
10,0.05,0.003,0.001,extra_link,0,2026093080,0.026965025258932674,162,160,unchanged,False,omega,0.9687920260449681,1,473470.32545174955,False,0,100,101904.79221494791,log_gr,"[1.0657900995804699, -6.401686367893673, 6.036559433008301, -2.8134108489402183, 0.9687920260449681, -5.746116697553429, -6.498447739017496]"
10,0.05,0.003,0.001,extra_link,0,2026093080,0.026965025258932674,162,160,unchanged,False,omega,0.9696920260449681,0,10936.633783128385,True,2,11,0.035761564104590596,log_gr,"[1.053668990415831, -5.766210375488058, 6.576586191710374, -9.210340371976178, 0.9696920260449681, -5.773710270766575, -6.50480043408588]"
10,0.05,0.003,0.001,extra_link,0,2026093080,0.026965025258932674,162,160,unchanged,False,omega,0.9696920260449681,1,10972.170754881517,False,0,100,1342070.1523426676,,"[1.0556606499203192, -5.768243136243528, 6.479343401631516, -7.825678047234419, 0.9696920260449681, -5.774286243723754, -6.504111898836951]"
10,0.05,0.003,0.001,extra_link,0,2026093080,0.026965025258932674,162,160,unchanged,False,omega,0.9697820260449681,0,6258.727058685394,True,2,5,0.27719888831676087,log_gr,"[1.053028045034036, -5.766234754409142, 6.607806986231031, -9.21034037197618, 0.9697820260449681, -5.773854804624855, -6.505027955918745]"
10,0.05,0.003,0.001,extra_link,0,2026093080,0.026965025258932674,162,160,unchanged,False,omega,0.9697820260449681,1,6266.039064174611,False,0,100,397676.7008866676,,"[1.0540096789680187, -5.766294160974782, 6.558938738216075, -9.11692239673521, 0.9697820260449681, -5.774133918556046, -6.504691742057262]"
10,0.05,0.003,0.001,extra_link,0,2026093080,0.026965025258932674,162,160,unchanged,False,omega,0.9697920260449681,0,6211.528000273007,True,3,8,0.6142901136777049,log_gr,"[1.0529570451493664, -5.7662367094636355, 6.611286665520154, -9.210340371055148, 0.9697920260449681, -5.7738383112018665, -6.505049761033634]"
10,0.05,0.003,0.001,extra_link,0,2026093080,0.026965025258932674,162,160,unchanged,False,omega,0.9697920260449681,1,6212.497947233093,False,0,100,326522.7889971192,log_gr,"[1.0532749739405425, -5.76624245264147, 6.59533355095677, -9.21034037197555, 0.9697920260449681, -5.77392921485112, -6.504941512127745]"
10,0.05,0.003,0.001,extra_link,0,2026093080,0.026965025258932674,162,160,unchanged,False,omega,0.969802026044968,0,6258.714069742438,True,2,8,0.24085072892897327,log_gr,"[1.0528843748261822, -5.766238484845923, 6.614854709060415, -9.21034037197618, 0.969802026044968, -5.773814809064207, -6.505071436638142]"
10,0.05,0.003,0.001,extra_link,0,2026093080,0.026965025258932674,162,160,unchanged,False,omega,0.969802026044968,1,6258.714070079233,True,4,88,0.04949163205760458,log_gr,"[1.0528843483548274, -5.766238484329551, 6.614856040925986, -9.21034037197618, 0.969802026044968, -5.773814802273803, -6.505071445631373]"
10,0.05,0.003,0.001,extra_link,0,2026093080,0.026965025258932674,162,160,unchanged,False,omega,0.969892026044968,0,10923.51727940255,True,2,10,0.026941868653097514,log_gr,"[1.0522339143874215, -5.766247920502842, 6.646990799579628, -9.21034037197618, 0.969892026044968, -5.7733099125336285, -6.505233087982038]"
10,0.05,0.003,0.001,extra_link,0,2026093080,0.026965025258932674,162,160,unchanged,False,omega,0.969892026044968,1,10923.517278819274,True,3,82,0.9743265809730871,log_gr,"[1.0522341143299083, -5.766247924013032, 6.64698062561995, -9.21034037197618, 0.969892026044968, -5.7733099687101275, -6.505233020509003]"
10,0.05,0.003,0.001,extra_link,0,2026093080,0.026965025258932674,162,160,unchanged,False,omega,0.9707920260449681,0,464390.5867905208,True,2,25,8.237321976351087,log_gr,"[1.046242195357768, -5.76581922320566, 6.960842663585189, -9.21034037197618, 0.9707920260449681, -5.739578152986334, -6.503013192685722]"
10,0.05,0.003,0.001,extra_link,0,2026093080,0.026965025258932674,162,160,unchanged,False,omega,0.9707920260449681,1,464523.6680002343,False,0,100,1317060.1953386005,log_gr,"[1.0507578870818393, -5.765892514151673, 6.7154239297454055, -9.210268890217176, 0.9707920260449681, -5.740780977792513, -6.501536680574099]"
10,0.05,0.003,0.001,extra_link,0,2026093080,0.026965025258932674,162,160,unchanged,False,omega,0.9747920260449681,0,7899850.804131237,False,0,100,14243.573873389732,log_gr,"[1.0151659209177604, -5.768918918154675, 9.42115555016772, -9.21034037197618, 0.9747920260449681, -5.140408570679143, -6.40967477226135]"
10,0.05,0.003,0.001,extra_link,0,2026093080,0.026965025258932674,162,160,unchanged,False,omega,0.9747920260449681,1,7902800.231439849,False,0,100,4271764.273285875,,"[1.0420955707571067, -5.769279357547105, 7.19029142759509, -9.209602581087696, 0.9747920260449681, -5.14524482142392, -6.402402820464945]"
10,0.05,0.003,0.001,extra_link,0,2026093080,0.026965025258932674,162,160,unchanged,False,omega,0.9897920260449681,0,18441013.427313,False,0,100,3317133.00582254,,"[1.1194926048107925, -9.107520220779383, 4.502355939748837, -2.831473145073047, 0.9897920260449681, -4.279401670973698, -5.745302955587696]"
10,0.05,0.003,0.001,extra_link,0,2026093080,0.026965025258932674,162,160,unchanged,False,omega,0.9897920260449681,1,18440836.235210385,True,2,79,4579.600350394274,log_gb,"[1.1197271710708494, -9.210340371976155, 4.497794170015263, -2.8307005330374553, 0.9897920260449681, -4.280274681802681, -5.74552525378611]"
10,0.05,0.003,0.001,extra_link,0,2026093080,0.026965025258932674,162,160,unchanged,False,omega,1.049792026044968,0,20749368.290806074,False,0,100,336951.7159066076,remote_sq,"[1.1491933788272017, -6.960726839755863, 4.000000177579932, -3.447821786724302, 1.049792026044968, -3.7198050392278432, -4.775046569349122]"
10,0.05,0.003,0.001,extra_link,0,2026093080,0.026965025258932674,162,160,unchanged,False,omega,1.049792026044968,1,20741523.915213984,True,2,79,523.1442947660694,log_gb;remote_sq,"[1.1491142799305674, -9.210340371486675, 4.000000000000001, -3.119851166283623, 1.049792026044968, -3.7165636804732807, -4.7749459448631315]"
10,0.05,0.003,0.001,extra_link,0,2026093080,0.026965025258932674,162,160,unchanged,False,omega,1.1,0,21509295.89066282,False,0,100,274895.66619778145,remote_sq;omega_d;log_gd,"[1.149238469937277, -6.589403375147213, 4.000000024734727, -3.642702435986315, 1.1, -3.5065578973199822, -4.351773235883259]"
10,0.05,0.003,0.001,extra_link,0,2026093080,0.026965025258932674,162,160,unchanged,False,omega,1.1,1,21507918.084364895,False,0,100,71993.18794062511,remote_sq;omega_d;log_gd,"[1.149162241544297, -7.744448066805687, 4.000000000000001, -3.221029703523693, 1.1, -3.5065578973199822, -4.351889951024942]"
10,0.05,0.003,0.001,extra_link,0,2026093080,0.026965025258932674,162,160,unchanged,False,gamma,0.00010000000000000009,0,6605668.785798111,False,0,100,901373.8853495375,log_gr;log_gd,"[1.134748075774461, -7.696518991042988, 4.224114335983268, -2.813611070108087, 0.9698242009754767, -9.210340371976182, -6.4719607550993254]"
10,0.05,0.003,0.001,extra_link,0,2026093080,0.026965025258932674,162,160,unchanged,False,gamma,0.00010000000000000009,1,32823395.24199033,False,0,100,4213713.791902636,log_gd,"[1.1215944015748907, -6.863573169404457, 4.464243401360732, -2.8464722592283023, 0.8731293050789811, -9.210340371976182, -4.735135342875474]"
10,0.05,0.003,0.001,extra_link,0,2026093080,0.026965025258932674,162,160,unchanged,False,gamma,0.0004205957870785951,0,5073285.171905499,True,2,94,1572.1490875808524,log_gb,"[1.1396950356876574, -9.210340371876656, 4.142560992996304, -2.8208887241007403, 0.969818686865861, -7.7738383112018665, -6.4712862623148215]"
10,0.05,0.003,0.001,extra_link,0,2026093080,0.026965025258932674,162,160,unchanged,False,gamma,0.0004205957870785951,1,31677851.954552002,False,0,100,14752.730351040631,remote_sq,"[1.1490238049266828, -8.777497358908686, 4.0004014416920715, -2.8804946274762093, 0.8644469351087566, -7.7738383112018665, -4.650241072986599]"
10,0.05,0.003,0.001,extra_link,0,2026093080,0.026965025258932674,162,160,unchanged,False,gamma,0.001543290719942182,0,1436821.3843841704,False,0,100,57791.21492656294,,"[1.1215360511758052, -6.453005565844499, 4.4663924163238296, -3.3533382406024295, 0.9697968867765634, -6.473838311201867, -6.4839357849184465]"
10,0.05,0.003,0.001,extra_link,0,2026093080,0.026965025258932674,162,160,unchanged,False,gamma,0.001543290719942182,1,29945911.17407383,True,2,59,1506.1636684546913,log_gb;remote_sq,"[1.1490292841349663, -9.210340371896006, 4.000000000000001, -2.901125060607033, 0.8732383532631132, -6.473838311201867, -4.716327666139104]"
10,0.05,0.003,0.001,extra_link,0,2026093080,0.026965025258932674,162,160,unchanged,False,gamma,0.00254445623684279,0,159054.21020499567,True,2,69,37.59499559287599,log_gr,"[1.0815832354139652, -5.748125098864985, 5.463842722155469, -9.210340371975905, 0.9697918531257644, -5.973838311201867, -6.498605708056113]"
10,0.05,0.003,0.001,extra_link,0,2026093080,0.026965025258932674,162,160,unchanged,False,gamma,0.00254445623684279,1,28435277.63974471,True,2,64,1104.527676341797,log_gb;remote_sq,"[1.1490212187449789, -9.210340371944223, 4.000000000000001, -2.932066544804044, 0.8776659150685019, -5.973838311201867, -4.75102439683672]"
10,0.05,0.003,0.001,extra_link,0,2026093080,0.026965025258932674,162,160,unchanged,False,gamma,0.002956236385087501,0,16422.31580283646,True,2,33,1.1754319983766925,log_gr,"[1.0611107382836602, -5.762016241082957, 6.2291669984923, -9.21034037197618, 0.9697913689383867, -5.823838311201866, -6.503498479877874]"
10,0.05,0.003,0.001,extra_link,0,2026093080,0.026965025258932674,162,160,unchanged,False,gamma,0.002956236385087501,1,27934713.037655838,True,2,56,2095.679919787446,log_gb;remote_sq,"[1.1490149707596247, -9.210340369311707, 4.000000000000001, -2.939839538264664, 0.8733458705282632, -5.823838311201866, -4.714532013275979]"
10,0.05,0.003,0.001,extra_link,0,2026093080,0.026965025258932674,162,160,unchanged,False,gamma,0.0030768826806586293,0,6626.755016207993,True,3,14,3.406112227900124,log_gr,"[1.0546504505248817, -5.765410054552722, 6.527450371544857, -9.21034037197618, 0.9697918585885712, -5.783838311201866, -6.504744923171364]"
10,0.05,0.003,0.001,extra_link,0,2026093080,0.026965025258932674,162,160,unchanged,False,gamma,0.0030768826806586293,1,27699548.666882243,True,2,55,2520.3483738760474,log_gb;remote_sq,"[1.149021825330416, -9.210340328439406, 4.000000000000001, -2.9497156672481353, 0.8821034263868711, -5.783838311201866, -4.788527339002407]"
10,0.05,0.003,0.001,extra_link,0,2026093080,0.026965025258932674,162,160,unchanged,False,gamma,0.0031078058656976307,0,6211.528000273007,True,3,8,0.6142901136777049,log_gr,"[1.0529570451493664, -5.7662367094636355, 6.611286665520154, -9.210340371055148, 0.9697920260449681, -5.7738383112018665, -6.505049761033634]"
10,0.05,0.003,0.001,extra_link,0,2026093080,0.026965025258932674,162,160,unchanged,False,gamma,0.0031078058656976307,1,27706926.461638417,True,2,54,1913.8304539442333,log_gb;remote_sq,"[1.1490178330584984, -9.210340370474263, 4.000000000000001, -2.9470040017503223, 0.8777448496135832, -5.7738383112018665, -4.750776637115686]"
10,0.05,0.003,0.001,extra_link,0,2026093080,0.026965025258932674,162,160,unchanged,False,gamma,0.0031390398339130486,0,6630.120534592476,True,4,15,0.06944257683153825,log_gr,"[1.0512282672566517, -5.767054421450433, 6.699509721392133, -9.21034037197618, 0.9697922121914393, -5.763838311201867, -6.505352161475719]"
10,0.05,0.003,0.001,extra_link,0,2026093080,0.026965025258932674,162,160,unchanged,False,gamma,0.0031390398339130486,1,27812853.65345005,True,2,50,918.7645507185797,log_gb;remote_sq,"[1.1490079130152298, -9.210340371969654, 4.000000000000001, -2.9382554279281137, 0.8646421870331892, -5.763838311201867, -4.646326150303004]"
10,0.05,0.003,0.001,extra_link,0,2026093080,0.026965025258932674,162,160,unchanged,False,gamma,0.003267146479755786,0,16841.6264898342,True,2,28,4.056283317623306,log_gr,"[1.0439497305935632, -5.770235256259744, 7.103163601733396, -9.21034037197618, 0.9697931467401778, -5.723838311201867, -6.506527484689994]"
10,0.05,0.003,0.001,extra_link,0,2026093080,0.026965025258932674,162,160,unchanged,False,gamma,0.003267146479755786,1,27674431.992068954,True,2,53,1799.3187943997245,log_gb;remote_sq,"[1.1490075068740795, -9.210340370218677, 4.000000000000001, -2.9412825241772604, 0.8646764832362225, -5.723838311201867, -4.646410158633585]"
10,0.05,0.003,0.001,extra_link,0,2026093080,0.026965025258932674,162,160,unchanged,False,gamma,0.003795882656189441,0,185681.84842267603,False,0,100,36004.71367591485,log_gr,"[1.0108190574566218, -5.780868522293202, 9.990380885079468, -9.21034037197618, 0.9697995636798856, -5.573838311201866, -6.509879034115817]"
10,0.05,0.003,0.001,extra_link,0,2026093080,0.026965025258932674,162,160,unchanged,False,gamma,0.003795882656189441,1,26860133.719672374,True,2,57,1386.3664019358982,log_gb;remote_sq,"[1.1490200726731856, -9.210340371975189, 4.000000000000001, -2.967916642903576, 0.8823685603119266, -5.573838311201866, -4.7898644528723535]"
10,0.05,0.003,0.001,extra_link,0,2026093080,0.026965025258932674,162,160,unchanged,False,gamma,0.006258352476341233,0,2521494.325479033,False,0,100,14407.255995274752,,"[0.9979962246627035, -5.8252894210078425, 11.994256668953465, -4.31351597980776, 0.969855290166206, -5.073838311201866, -6.477195189516973]"
10,0.05,0.003,0.001,extra_link,0,2026093080,0.026965025258932674,162,160,unchanged,False,gamma,0.006258352476341233,1,23810280.126318607,False,0,100,1995571.7792596975,log_gb;remote_sq,"[1.149067000112187, -9.21034037197618, 4.000000000000001, -3.0563367721401016, 0.9139862206081751, -5.073838311201866, -5.122601009616563]"
10,0.05,0.003,0.001,extra_link,0,2026093080,0.026965025258932674,162,160,unchanged,False,gamma,0.022963751886225525,0,16889439.800769243,False,0,100,104829.59903158153,,"[1.0448970446333927, -5.783090102281619, 7.046851634748928, -9.163466368796234, 0.9708991822995527, -3.7738383112018665, -6.032643750793423]"
10,0.05,0.003,0.001,extra_link,0,2026093080,0.026965025258932674,162,160,unchanged,False,gamma,0.022963751886225525,1,16945241.263260864,False,0,100,188623.7993716313,,"[1.0743189698777034, -5.809701533021253, 5.708365997443996, -5.829181486425924, 0.9709082833662852, -3.7738383112018665, -6.022294634488393]"
10,0.05,0.003,0.001,extra_link,0,2026093080,0.026965025258932674,162,160,unchanged,False,gamma,0.029999999999999995,0,19351668.497651238,False,0,100,41388.93819406681,log_gd,"[1.0407878019322143, -5.778353914986047, 7.295913337191361, -8.764549177750885, 0.9719255019131808, -3.506557897319982, -5.83985973416442]"
10,0.05,0.003,0.001,extra_link,0,2026093080,0.026965025258932674,162,160,unchanged,False,gamma,0.029999999999999995,1,21380583.74766702,True,2,79,344.43523837161604,remote_sq;log_gr;log_gd,"[1.1492828019534518, -5.779436224199328, 4.000000000000001, -9.21034037197618, 0.8755457838274285, -3.506557897319982, -4.684720036445878]"
10,0.05,0.003,0.001,extra_link,0,2026093080,0.026965025258932674,162,160,drift_aware,False,omega,0.85,0,20974520.238951962,True,2,63,2358.9334880597344,remote_sq;log_gr;omega_d;log_gd;log_gb_signal,"[1.1492719817193096, -5.767899800639836, 4.000000000019212, -9.21034037197618, 0.85, -3.5065578973224434, -4.083809218146371, -0.021618012395253527, -9.21034037197618]"
10,0.05,0.003,0.001,extra_link,0,2026093080,0.026965025258932674,162,160,drift_aware,False,omega,0.85,1,20974520.238865215,True,2,69,2378.9866284318514,remote_sq;log_gr;omega_d;log_gd;log_gb_signal,"[1.1492719817206976, -5.7678998001469965, 4.000000000008719, -9.21034037197534, 0.85, -3.5065578973618425, -4.083808327331351, -0.02161795073719041, -9.210340371976162]"
10,0.05,0.003,0.001,extra_link,0,2026093080,0.026965025258932674,162,160,drift_aware,False,omega,0.8895787875476177,0,20645509.196796637,True,2,82,318.85555254106754,remote_sq;log_gr;log_gd;log_gb_signal,"[1.149271981717009, -5.767899800197514, 4.0000000000001465, -9.210340355605261, 0.8895787875476177, -3.5065578973199822, -4.663638631309013, -0.005099937336780239, -9.210340371879935]"
10,0.05,0.003,0.001,extra_link,0,2026093080,0.026965025258932674,162,160,drift_aware,False,omega,0.8895787875476177,1,20645509.196929533,True,2,72,1713.4560748725876,remote_sq;log_gr;log_gd;log_gb_signal,"[1.149271981718404, -5.767899800229135, 4.000000000002136, -9.210340371820605, 0.8895787875476177, -3.5065578973199822, -4.663638898101639, -0.005099978190860171, -9.210340371954052]"
10,0.05,0.003,0.001,extra_link,0,2026093080,0.026965025258932674,162,160,drift_aware,False,omega,0.9495787875476176,0,16499512.280834634,False,0,100,102231.79097514928,,"[1.1482022232827724, -5.772305234521369, 4.015725681955831, -8.098349611937797, 0.9495787875476176, -4.013302436034206, -5.938543737108927, 0.01212957402260203, -8.980371418034586]"
10,0.05,0.003,0.001,extra_link,0,2026093080,0.026965025258932674,162,160,drift_aware,False,omega,0.9495787875476176,1,16496099.875701016,False,0,100,40435.35867683919,remote_sq,"[1.1492719726763743, -5.7679179375910685, 4.000000142739756, -9.202074701299496, 0.9495787875476176, -4.007928543393919, -5.936445153495981, 0.012150524744903173, -9.207889578622643]"
10,0.05,0.003,0.001,extra_link,0,2026093080,0.026965025258932674,162,160,drift_aware,False,omega,0.9645787875476176,0,1596553.010252089,True,2,44,41.1667398576333,log_gr,"[1.053930089952511, -6.257147289964798, 6.559954103601329, -2.813410716760037, 0.9645787875476176, -6.864370469877629, -6.591530300352977, 0.01006114743656757, -5.472317463408546]"
10,0.05,0.003,0.001,extra_link,0,2026093080,0.026965025258932674,162,160,drift_aware,False,omega,0.9645787875476176,1,1596616.7985468025,False,0,100,217182.33260846155,log_gr,"[1.0571650939189616, -6.294398697361842, 6.4045269161596625, -2.8134107672846116, 0.9645787875476176, -6.861526011454494, -6.590298233007712, 0.010071050430925656, -5.490193631400956]"
10,0.05,0.003,0.001,extra_link,0,2026093080,0.026965025258932674,162,160,drift_aware,False,omega,0.9685787875476176,0,85790.5394688275,True,2,58,0.9156669019888835,log_gr,"[1.0538772565986552, -6.256558728807192, 6.562565586174682, -2.813410716760037, 0.9685787875476176, -5.881725699209663, -6.511583214713322, 0.002314864682853704, -6.084431344966536]"
10,0.05,0.003,0.001,extra_link,0,2026093080,0.026965025258932674,162,160,drift_aware,False,omega,0.9685787875476176,1,85794.47580412083,False,0,100,615189.6969773686,log_gr,"[1.0545595251673832, -6.2641960114467015, 6.528986136531084, -2.8134107167983275, 0.9685787875476176, -5.881378198580645, -6.511322836216325, 0.0023151456143888373, -6.091594307478432]"
10,0.05,0.003,0.001,extra_link,0,2026093080,0.026965025258932674,162,160,drift_aware,False,omega,0.9694787875476176,0,1010.7276453101241,True,2,59,0.0019420471323968185,log_gr,"[1.050346752729752, -6.218590242029635, 6.7427428262546085, -2.813410716760037, 0.9694787875476176, -5.808009592500349, -6.507589244852624, 0.000663261661305819, -6.159444688466965]"
10,0.05,0.003,0.001,extra_link,0,2026093080,0.026965025258932674,162,160,drift_aware,False,omega,0.9694787875476176,1,1010.727645600714,False,0,100,95.7990850878641,log_gr,"[1.0503468314711264, -6.2185910573552166, 6.742738672272019, -2.8134107178984227, 0.9694787875476176, -5.808009536567276, -6.507589214959668, 0.0006632616589033382, -6.159445570748931]"
10,0.05,0.003,0.001,extra_link,0,2026093080,0.026965025258932674,162,160,drift_aware,False,omega,0.9695687875476177,0,350.8366577828641,True,2,55,0.0014351366543880752,,"[1.050088144652411, -5.872632918807628, 6.758542182643487, -4.089162328174284, 0.9695687875476177, -5.807667040714519, -6.507604183373609, 0.0004993116690561443, -5.8309694162896015]"
10,0.05,0.003,0.001,extra_link,0,2026093080,0.026965025258932674,162,160,drift_aware,False,omega,0.9695687875476177,1,372.5809320058936,False,0,100,837026.3611523358,,"[1.0516027432139754, -5.798074706536733, 6.6796222178288485, -5.280946244416537, 0.9695687875476177, -5.807095638546365, -6.507043546999545, 0.0004991614088380442, -5.760366480052172]"
10,0.05,0.003,0.001,extra_link,0,2026093080,0.026965025258932674,162,160,drift_aware,False,omega,0.9695787875476176,0,344.72695691915834,True,2,3,0.0006448008901096659,,"[1.0501069582349696, -5.81356594656641, 6.757690448167965, -4.867854996228338, 0.9695787875476176, -5.807648260468467, -6.50759451594388, 0.0004810838846122977, -5.774287969057585]"
10,0.05,0.003,0.001,extra_link,0,2026093080,0.026965025258932674,162,160,drift_aware,False,omega,0.9695787875476176,1,352.2126022070598,False,0,100,1066880.9768858051,,"[1.050944203893049, -5.801222715189094, 6.713696252741674, -5.177474411940978, 0.9695787875476176, -5.807347565051032, -6.507288096446366, 0.000480994182381748, -5.762974249580741]"
10,0.05,0.003,0.001,extra_link,0,2026093080,0.026965025258932674,162,160,drift_aware,False,omega,0.9695887875476176,0,350.93720776031915,False,0,100,875.136961803098,,"[1.0501324175271245, -5.767523677944489, 6.756382761673556, -8.296562185201545, 0.9695887875476176, -5.807641335314174, -6.507586019069175, 0.00046285258443042287, -5.730012799215638]"
10,0.05,0.003,0.001,extra_link,0,2026093080,0.026965025258932674,162,160,drift_aware,False,omega,0.9695887875476176,1,352.0943068654652,False,0,100,148098.35874496272,,"[1.0504158605517413, -5.774487460227734, 6.7414289146117845, -6.569116913171627, 0.9695887875476176, -5.807547979738907, -6.507483043504842, 0.00046282016595109186, -5.736898062131666]"
10,0.05,0.003,0.001,extra_link,0,2026093080,0.026965025258932674,162,160,drift_aware,False,omega,0.9696787875476176,0,1216.872706056088,True,2,43,0.000608948497049224,log_gr,"[1.0503533127270424, -5.766628503173076, 6.7447314293162925, -9.21034037197618, 0.9696787875476176, -5.808605823594582, -6.507588547195282, 0.0002986214747731487, -5.728536693275201]"
10,0.05,0.003,0.001,extra_link,0,2026093080,0.026965025258932674,162,160,drift_aware,False,omega,0.9696787875476176,1,1216.8727060124158,True,3,98,0.03681904204963271,log_gr,"[1.0503533803006893, -5.7666285039167855, 6.744727872212863, -9.210340371854642, 0.9696787875476176, -5.808605800956023, -6.507588522608786, 0.00029862146381854943, -5.728536736142372]"
10,0.05,0.003,0.001,extra_link,0,2026093080,0.026965025258932674,162,160,drift_aware,False,omega,0.9705787875476176,0,89161.11156673745,True,2,27,0.1143750715375209,log_gr,"[1.0514859687491698, -5.766641005960354, 6.685714153416953, -9.210340371976121, 0.9705787875476176, -5.891816319988279, -6.513071127434983, -0.001372715081845098, -5.653619980192882]"
10,0.05,0.003,0.001,extra_link,0,2026093080,0.026965025258932674,162,160,drift_aware,False,omega,0.9705787875476176,1,89165.30553717872,False,0,100,420041.45520252513,log_gr,"[1.0522389291298173, -5.766649208842055, 6.647111550972685, -9.210340371976022, 0.9705787875476176, -5.891665682711095, -6.512800015827225, -0.001373258809346308, -5.653956669198992]"
10,0.05,0.003,0.001,extra_link,0,2026093080,0.026965025258932674,162,160,drift_aware,False,omega,0.9745787875476176,0,1562462.0568422421,True,2,47,81.0196191622409,log_gr,"[1.0756494883267282, -5.766925701873831, 5.661616934960057, -9.21034037197618, 0.9745787875476176, -7.170927218442477, -6.591196351988748, -0.009582544797034796, -5.176152662196912]"
10,0.05,0.003,0.001,extra_link,0,2026093080,0.026965025258932674,162,160,drift_aware,False,omega,0.9745787875476176,1,1562462.0568437888,True,2,70,338.77010630223884,log_gr,"[1.0756495528827514, -5.76692569402311, 5.6616146840203125, -9.21034037197618, 0.9745787875476176, -7.1709284490984935, -6.59119634155872, -0.00958254872846961, -5.176152897641724]"
10,0.05,0.003,0.001,extra_link,0,2026093080,0.026965025258932674,162,160,drift_aware,False,omega,0.9895787875476176,0,16049391.61507491,False,0,100,32696.25972086125,remote_sq,"[1.1492589536966613, -5.77027120631771, 4.000190523184577, -8.472753199119726, 0.9895787875476176, -4.039710450406119, -5.892344743889265, -0.00950173337608882, -9.108373895889384]"
10,0.05,0.003,0.001,extra_link,0,2026093080,0.026965025258932674,162,160,drift_aware,False,omega,0.9895787875476176,1,23095323.317198243,True,2,48,821.6014114281717,remote_sq;log_gr;log_gd;log_t,"[1.1492719819996409, -5.767899799968351, 4.000000000000001, -9.21034036769936, 0.9895787875476176, -3.5065578973199822, -11.512925464970227, 0.041035941742830005, -4.81809427965191]"
10,0.05,0.003,0.001,extra_link,0,2026093080,0.026965025258932674,162,160,drift_aware,False,omega,1.0495787875476177,0,20160439.58866137,True,2,82,962.4215302888591,remote_sq;log_gr;log_gb_signal,"[1.1492719820024944, -5.767899799996061, 4.00000000000005, -9.21034037130248, 1.0495787875476177, -3.71076982631123, -4.360984642763948, 0.02067779814606893, -9.210340371975969]"
10,0.05,0.003,0.001,extra_link,0,2026093080,0.026965025258932674,162,160,drift_aware,False,omega,1.0495787875476177,1,22511678.580705058,True,2,65,1512.0445989320397,remote_sq;log_gr;drift_u,"[1.1492900472888838, -5.7679024098264335, 4.000000000000006, -9.210340120346507, 1.0495787875476177, -5.17788014351836, -6.792669382443812, 0.049999999999999996, -4.916650598451562]"
10,0.05,0.003,0.001,extra_link,0,2026093080,0.026965025258932674,162,160,drift_aware,False,omega,1.1,0,20411173.429481495,True,2,71,759.3105820285842,remote_sq;log_gr;omega_d;drift_u;log_gb_signal,"[1.149275009552498, -5.7679012685445805, 4.000000000006037, -9.210340357898183, 1.1, -3.6872982961956353, -3.560072789121315, 0.04999999999999996, -9.210340371973102]"
10,0.05,0.003,0.001,extra_link,0,2026093080,0.026965025258932674,162,160,drift_aware,False,omega,1.1,1,22701323.45952637,True,2,63,1144.4258352642084,remote_sq;omega_d;drift_u,"[1.1492865292245538, -5.767908917239887, 4.000000000000003, -9.207666185776095, 1.1, -5.142843521644649, -6.160554469355652, 0.049999999999999996, -4.869249751078134]"
10,0.05,0.003,0.001,extra_link,0,2026093080,0.026965025258932674,162,160,drift_aware,False,gamma,0.00010000000000000009,0,422139.44834923785,False,0,100,211.61018682866234,log_gd,"[1.0429827765882775, -5.788494499893953, 7.160502294355138, -5.470749778226409, 0.9695974121346033, -9.210340371976182, -6.534599425471569, 0.00040069736204863596, -5.087448979519822]"
10,0.05,0.003,0.001,extra_link,0,2026093080,0.026965025258932674,162,160,drift_aware,False,gamma,0.00010000000000000009,1,22759960.797432706,False,0,100,63309.761523298715,remote_sq;log_gd,"[1.1491996628735306, -6.72590258208637, 4.000069987646992, -3.5641759974334786, 0.8674807432264386, -9.210340371976182, -7.036461922283339, -0.04612159315639695, -5.057085392437265]"
10,0.05,0.003,0.001,extra_link,0,2026093080,0.026965025258932674,162,160,drift_aware,False,gamma,0.00040661317258444625,0,336092.11886569974,True,2,43,25.65895251873,,"[1.0420321450078165, -5.830337383534973, 7.21843026325228, -4.421549753970674, 0.9695884096191333, -7.80764826038273, -6.534403080589724, 0.0004200229211500781, -5.163455077589839]"
10,0.05,0.003,0.001,extra_link,0,2026093080,0.026965025258932674,162,160,drift_aware,False,gamma,0.00040661317258444625,1,22748642.84912556,False,0,100,103784.71202694422,remote_sq,"[1.1491715407077463, -7.081369371738131, 4.000077213258767, -3.394337059572323, 0.8676618437101732, -7.80764826038273, -6.9823977275925095, -0.0464598255770344, -5.117897688174155]"
10,0.05,0.003,0.001,extra_link,0,2026093080,0.026965025258932674,162,160,drift_aware,False,gamma,0.001491984359174197,0,111855.5453744653,True,2,94,39.28593582447945,,"[1.0421502822544628, -5.937011056644263, 7.2107009885228095, -3.4984420377730427, 0.9695744185524288, -6.50764826038273, -6.52851513200035, 0.0004588063240949949, -5.451337534038349]"
10,0.05,0.003,0.001,extra_link,0,2026093080,0.026965025258932674,162,160,drift_aware,False,gamma,0.001491984359174197,1,22886064.243859354,True,2,51,908.1756233848607,remote_sq;log_gr,"[1.1492719820000044, -5.767899800385719, 4.000000000000001, -9.210340363425706, 0.8560032178435057, -6.50764826038273, -6.024018464141645, 0.031222532486227098, -4.853987967827085]"
10,0.05,0.003,0.001,extra_link,0,2026093080,0.026965025258932674,162,160,drift_aware,False,gamma,0.0024598663485223982,0,14494.543237849106,True,2,55,1.8741687206843005,,"[1.046343077339872, -5.878632024079181, 6.963576271026313, -3.968085775897238, 0.9695763666522229, -6.00764826038273, -6.516751551993623, 0.00047277574870307, -5.665494686080872]"
10,0.05,0.003,0.001,extra_link,0,2026093080,0.026965025258932674,162,160,drift_aware,False,gamma,0.0024598663485223982,1,22576306.007066723,True,2,76,104.89450136656954,log_gb;remote_sq;drift_u,"[1.1491021610707024, -9.210340371971942, 4.000000000000001, -3.114231127905096, 0.8696453232758773, -6.00764826038273, -6.555027749640277, -0.049999999999999996, -5.3024542392976475]"
10,0.05,0.003,0.001,extra_link,0,2026093080,0.026965025258932674,162,160,drift_aware,False,gamma,0.002857956956248309,0,1359.0234066296866,True,2,29,0.08468962067891794,,"[1.0490067977911526, -5.831260397303958, 6.816415983180921, -4.540131133073065, 0.9695781879182905, -5.85764826038273, -6.510231550287137, 0.0004785513397346213, -5.744583476771945]"
10,0.05,0.003,0.001,extra_link,0,2026093080,0.026965025258932674,162,160,drift_aware,False,gamma,0.002857956956248309,1,22556429.787092924,True,2,80,265.0957812905999,log_gb;remote_sq;drift_u,"[1.1490991470847536, -9.210340371962035, 4.000000000000001, -3.1142185423904927, 0.8652758416453042, -5.85764826038273, -6.499606443865366, -0.049999999999999996, -5.303191071886489]"
10,0.05,0.003,0.001,extra_link,0,2026093080,0.026965025258932674,162,160,drift_aware,False,gamma,0.002974592392241324,0,386.8209154690334,True,2,11,0.00859000190422958,,"[1.0498775585579632, -5.817142965633221, 6.769839548782869, -4.792915189398591, 0.9695786709795134, -5.81764826038273, -6.508142737236918, 0.00048054484114414084, -5.768160188638361]"
10,0.05,0.003,0.001,extra_link,0,2026093080,0.026965025258932674,162,160,drift_aware,False,gamma,0.002974592392241324,1,22560358.44039689,True,2,72,190.6250132682287,log_gb;remote_sq;drift_u,"[1.1490981958539221, -9.210340371665831, 4.000000000000001, -3.114213794925294, 0.8608764650146983, -5.81764826038273, -6.449278167595719, -0.049999999999999996, -5.299924477550199]"
10,0.05,0.003,0.001,extra_link,0,2026093080,0.026965025258932674,162,160,drift_aware,False,gamma,0.0030044875427906437,0,344.7269569191809,True,2,8,0.00041657700461289677,,"[1.050106958196707, -5.813566116394937, 6.757690449924381, -4.867851507851819, 0.9695787875179859, -5.80764826038273, -6.507594515955224, 0.00048108393863553365, -5.774288132375349]"
10,0.05,0.003,0.001,extra_link,0,2026093080,0.026965025258932674,162,160,drift_aware,False,gamma,0.0030044875427906437,1,22510038.91627784,True,2,79,222.201748012973,log_gb;remote_sq;drift_u,"[1.1491014972071625, -9.210340371968769, 4.000000000000001, -3.1142312711482045, 0.8831243296004474, -5.80764826038273, -6.733998799305318, -0.049999999999999996, -5.330590223080329]"
10,0.05,0.003,0.001,extra_link,0,2026093080,0.026965025258932674,162,160,drift_aware,False,gamma,0.0030346831445979905,0,387.60461975525084,True,2,12,0.6230943606351377,,"[1.050341183994406, -5.8099711807832515, 6.745337384067164, -4.948943933497709, 0.9695789021706922, -5.79764826038273, -6.507035496547488, 0.000481640118532407, -5.780514583611809]"
10,0.05,0.003,0.001,extra_link,0,2026093080,0.026965025258932674,162,160,drift_aware,False,gamma,0.0030346831445979905,1,22557094.341862414,True,2,73,103.19787754245675,log_gb;remote_sq;drift_u,"[1.1490979199479885, -9.210340368539923, 4.000000000000001, -3.1142127112186064, 0.860904060354076, -5.79764826038273, -6.449210395401122, -0.049999999999999996, -5.300730301285467]"
10,0.05,0.003,0.001,extra_link,0,2026093080,0.026965025258932674,162,160,drift_aware,False,gamma,0.0031585309131576256,0,1457.0393925260798,True,2,47,0.8730720625180097,,"[1.051327816664697, -5.795544355605536, 6.693867990751116, -5.357473330875555, 0.9695793325978118, -5.75764826038273, -6.504687352788266, 0.00048405705499632296, -5.806585719919836]"
10,0.05,0.003,0.001,extra_link,0,2026093080,0.026965025258932674,162,160,drift_aware,False,gamma,0.0031585309131576256,1,22539162.266938668,True,2,82,191.13218035578376,log_gb;remote_sq;drift_u,"[1.1490976815193301, -9.210340371958404, 4.000000000000001, -3.114212779932187, 0.8654023999447764, -5.75764826038273, -6.4991083187244, -0.049999999999999996, -5.307472476467999]"
10,0.05,0.003,0.001,extra_link,0,2026093080,0.026965025258932674,162,160,drift_aware,False,gamma,0.003669689371622364,0,20800.82721918075,False,0,100,264.11372717080695,,"[1.0558022749918392, -5.768372950544005, 6.471402959038333, -7.9520821588193105, 0.9695786817693874, -5.60764826038273, -6.494074124176045, 0.000499413020412819, -5.9572291488221385]"
10,0.05,0.003,0.001,extra_link,0,2026093080,0.026965025258932674,162,160,drift_aware,False,gamma,0.003669689371622364,1,22687163.541530043,True,2,53,1624.0547070522564,remote_sq;log_gr,"[1.1492719820004704, -5.767899799986612, 4.000000000000001, -9.21034037197618, 0.8657432485773633, -5.60764826038273, -5.42155048083823, 0.02179439099859477, -4.920339187752616]"
10,0.05,0.003,0.001,extra_link,0,2026093080,0.026965025258932674,162,160,drift_aware,False,gamma,0.006050294923855979,0,397833.3978107864,False,0,100,765.1965559563615,,"[1.082465561980976, -5.815857176924717, 5.435577183992572, -5.337053351986393, 0.9695637129630084, -5.10764826038273, -6.426849763480206, 0.0006068205051511321, -8.797479539466588]"
10,0.05,0.003,0.001,extra_link,0,2026093080,0.026965025258932674,162,160,drift_aware,False,gamma,0.006050294923855979,1,22362378.801283427,False,0,100,95710.4628488035,log_gb;remote_sq;drift_u,"[1.1490942665546802, -9.21034037197618, 4.000000000000001, -3.1141997788242572, 0.898855075577846, -5.10764826038273, -6.984178541297105, -0.049999999999999996, -5.439216925578561]"
10,0.05,0.003,0.001,extra_link,0,2026093080,0.026965025258932674,162,160,drift_aware,False,gamma,0.022200327002218367,0,14923528.754566684,False,0,100,231047.0429191264,log_gb_signal,"[1.0421712336173774, -5.766756447723316, 7.20997175338289, -8.863585756543038, 0.9716383741148741, -3.80764826038273, -5.993875701833671, -0.0007691986129576919, -9.210142829442564]"
10,0.05,0.003,0.001,extra_link,0,2026093080,0.026965025258932674,162,160,drift_aware,False,gamma,0.022200327002218367,1,22634571.40475552,True,2,72,212.89216253410237,log_gb;remote_sq;drift_u,"[1.1490928217103287, -9.21034037195532, 4.000000000000001, -3.114175465786073, 0.8534267585739029, -3.80764826038273, -6.316366161685391, -0.049999999999999996, -5.527651190637765]"
10,0.05,0.003,0.001,extra_link,0,2026093080,0.026965025258932674,162,160,drift_aware,False,gamma,0.029999999999999995,0,18132680.39160231,False,0,100,28206.157284510784,log_gd;log_gb_signal,"[1.0331373492001963, -5.766537732381602, 7.818667580278531, -9.02475413707285, 0.9568643299985659, -3.506557897319982, -5.860379445879987, 0.011779126536597349, -9.210340316547587]"
10,0.05,0.003,0.001,extra_link,0,2026093080,0.026965025258932674,162,160,drift_aware,False,gamma,0.029999999999999995,1,22842606.423334204,True,2,66,710.5796611349534,remote_sq;log_gr;omega_d;log_gd;drift_u,"[1.1492815896009447, -5.767903029348052, 4.000000000000001, -9.21034037094308, 1.099999997471135, -3.506557897319982, -6.112675840388569, 0.049999999999999996, -4.994727708757732]"
10,0.05,0.003,0.001,extra_link,0,2026093080,0.026965025258932674,162,160,extended,True,omega,0.85,0,20950003.61300161,True,2,86,662.8376117200935,remote_sq;log_gr;omega_d;log_gd;log_gb_signal;link_l,"[1.149271981695014, -5.767899800346401, 4.000000000409117, -9.210340371976168, 0.85, -3.506557897320009, -3.6951733725398235, -0.022190894125217162, -9.21034037197618, 0.09999999999143057]"
10,0.05,0.003,0.001,extra_link,0,2026093080,0.026965025258932674,162,160,extended,True,omega,0.85,1,20950003.61286453,True,2,59,182.85205571381087,remote_sq;log_gr;omega_d;log_gd;log_gb_signal;link_l,"[1.1492719817227854, -5.767899799831072, 4.000000000001376, -9.21034037197618, 0.85, -3.5065578973199822, -3.6951731972443413, -0.0221909182852509, -9.21034037197618, 0.09999999999833675]"
10,0.05,0.003,0.001,extra_link,0,2026093080,0.026965025258932674,162,160,extended,True,omega,0.8897569055062393,0,20633993.70727277,True,2,89,482.3262828898061,remote_sq;log_gr;log_gd;log_gb_signal,"[1.149271981660227, -5.767899800321186, 4.000000001176242, -9.21034037197618, 0.8897569055062393, -3.5065578973199822, -4.3544016713284766, -0.005154502569229841, -9.21034037197618, 0.06037620304542751]"
10,0.05,0.003,0.001,extra_link,0,2026093080,0.026965025258932674,162,160,extended,True,omega,0.8897569055062393,1,22639013.778337188,True,2,78,647.4323664169714,log_gb;remote_sq;log_t;link_l,"[1.1491058925456816, -9.2102978820075, 4.000000000000001, -3.1139405471155692, 0.8897569055062393, -5.423345092167058, -11.512925464970227, -0.04476906520439529, -5.2449509740440305, 0.09999999999999999]"
10,0.05,0.003,0.001,extra_link,0,2026093080,0.026965025258932674,162,160,extended,True,omega,0.9497569055062393,0,16516707.03378183,False,0,100,103624.84467791232,,"[1.1158672597137207, -5.773279496512014, 4.581424161519846, -7.649097926610164, 0.9497569055062393, -4.005509141129271, -5.9649165797651875, 0.011745100849877468, -8.728736201829028, -0.0013332942952611973]"
10,0.05,0.003,0.001,extra_link,0,2026093080,0.026965025258932674,162,160,extended,True,omega,0.9497569055062393,1,16443215.891012289,False,0,100,11725.526334046071,remote_sq,"[1.1492702306317248, -5.769809472489202, 4.000025495684763, -8.583125464152184, 0.9497569055062393, -4.018790695242884, -5.961831776234309, 0.012211460336469662, -8.875596417858354, -0.0015955063269863698]"
10,0.05,0.003,0.001,extra_link,0,2026093080,0.026965025258932674,162,160,extended,True,omega,0.9647569055062393,0,1487620.150648237,False,0,100,112529.56086703575,log_gr,"[1.067265098559821, -6.428335869863594, 5.970175049624382, -2.813410719987429, 0.9647569055062393, -6.761240656815778, -6.4683210556387065, 0.00981254746260462, -5.582235269328767, 0.01361627889075258]"
10,0.05,0.003,0.001,extra_link,0,2026093080,0.026965025258932674,162,160,extended,True,omega,0.9647569055062393,1,1487523.5613962188,False,0,100,5967.897502381647,log_gr,"[1.0725672667176809, -6.511723476558086, 5.768654219355546, -2.813410718817209, 0.9647569055062393, -6.748819159209031, -6.455995794592944, 0.009838017085359165, -5.622281093215739, 0.01428823786683701]"
10,0.05,0.003,0.001,extra_link,0,2026093080,0.026965025258932674,162,160,extended,True,omega,0.9687569055062393,0,51951.34285914954,False,0,100,22.451839037095432,log_gr,"[1.0612287156295919, -6.344842814443685, 6.221076887463491, -2.813410716760037, 0.9687569055062393, -5.8445522945593575, -6.353131212700448, 0.002122812900021811, -6.2219212737063865, 0.020378337005013555]"
10,0.05,0.003,0.001,extra_link,0,2026093080,0.026965025258932674,162,160,extended,True,omega,0.9687569055062393,1,51977.15413031915,False,0,100,143276.85310047067,log_gr,"[1.0629324724005973, -6.367305486107184, 6.147757916998493, -2.8134128198915747, 0.9687569055062393, -5.84353284671629, -6.352904774632375, 0.002122535002182567, -6.244333567831167, 0.02003809569346441]"
10,0.05,0.003,0.001,extra_link,0,2026093080,0.026965025258932674,162,160,extended,True,omega,0.9696569055062393,0,344.4428726416507,True,2,14,0.03960704816079612,,"[1.050092257060927, -5.791025221596095, 6.758495317428895, -5.499027040341685, 0.9696569055062393, -5.807650971032865, -6.305393071817474, 0.0005379670283863037, -5.752636087735629, 0.029883838699121947]"
10,0.05,0.003,0.001,extra_link,0,2026093080,0.026965025258932674,162,160,extended,True,omega,0.9696569055062393,1,815.8589344841164,False,0,100,734100.3158699761,,"[1.058353322723962, -5.816595559493623, 6.35201382021359, -4.952004787882222, 0.9696569055062393, -5.80466689589911, -6.717981719805966, 0.0004019960405281699, -5.78289740528316, -0.026499663048968582]"
10,0.05,0.003,0.001,extra_link,0,2026093080,0.026965025258932674,162,160,extended,True,omega,0.9697469055062393,0,344.42112825519587,True,2,6,0.0007307337557924899,,"[1.0500882078281901, -5.789162548193425, 6.758711025462041, -5.575443230709327, 0.9697469055062393, -5.807653318060358, -6.218447443352043, 0.0005632374953519943, -5.750852397322109, 0.04369132983107061]"
10,0.05,0.003,0.001,extra_link,0,2026093080,0.026965025258932674,162,160,extended,True,omega,0.9697469055062393,1,1065.4112928373495,False,0,100,2826386.3966247668,,"[1.0601641923184943, -5.790282096249106, 6.27029853941219, -5.703893849743832, 0.9697469055062393, -5.80400012239517, -6.851127657464219, 0.0003818140462951255, -5.758723131798063, -0.04111623313398886]"
10,0.05,0.003,0.001,extra_link,0,2026093080,0.026965025258932674,162,160,extended,True,omega,0.9697569055062393,0,344.4193303908376,True,2,2,0.007847486090553746,,"[1.0500878501559088, -5.789041100924205, 6.758730040430944, -5.580638241409323, 0.9697569055062393, -5.807653552659339, -6.2106174076019265, 0.0005655652042052213, -5.7507362853414605, 0.044964467898668765]"
10,0.05,0.003,0.001,extra_link,0,2026093080,0.026965025258932674,162,160,extended,True,omega,0.9697569055062393,1,532.2322978804752,False,0,100,1732916.5076685615,,"[1.0552981171569549, -5.790616119410803, 6.495483240936293, -5.6073723716968455, 0.9697569055062393, -5.80580046339305, -6.8566129193804315, 0.0003848133307777354, -5.755644586323322, -0.04321834635750452]"
10,0.05,0.003,0.001,extra_link,0,2026093080,0.026965025258932674,162,160,extended,True,omega,0.9697669055062392,0,344.41760587651004,True,2,7,0.00032259286734686546,,"[1.050087505013414, -5.7889287816113635, 6.758748385104957, -5.585467307655278, 0.9697669055062392, -5.807653784058008, -6.203032215724418, 0.00056782874009668, -5.750628929820492, 0.04620255137451741]"
10,0.05,0.003,0.001,extra_link,0,2026093080,0.026965025258932674,162,160,extended,True,omega,0.9697669055062392,1,920.6752278940411,False,0,100,2559025.705075796,,"[1.0591330321753096, -5.790751621120995, 6.316481383698624, -5.667684840425794, 0.9697669055062392, -5.804388677907229, -6.8722276740773935, 0.00037733781092242567, -5.758441208075927, -0.043714709487814654]"
10,0.05,0.003,0.001,extra_link,0,2026093080,0.026965025258932674,162,160,extended,True,omega,0.9698569055062393,0,344.40449920459565,True,2,17,0.0004560333291840355,,"[1.0500848187040963, -5.788188944794691, 6.758891052884709, -5.617880364375718, 0.9698569055062393, -5.807655712745387, -6.143229032453033, 0.0005859709728462776, -5.749922622928296, 0.05612984403381539]"
10,0.05,0.003,0.001,extra_link,0,2026093080,0.026965025258932674,162,160,extended,True,omega,0.9698569055062393,1,719.5638672169379,False,0,100,2262642.467696938,,"[1.0574123964192261, -5.7921845383830535, 6.395341802071703, -5.582629374742453, 0.9698569055062393, -5.805032349827099, -6.959528696716231, 0.0003569801564675799, -5.758608908841546, -0.05364619311847186]"
10,0.05,0.003,0.001,extra_link,0,2026093080,0.026965025258932674,162,160,extended,True,omega,0.9707569055062393,0,3821.7141173668474,True,3,37,4.218068210384746,log_gr;link_l,"[1.0648285073772976, -5.766794263056297, 6.071175276392294, -9.210340371975436, 0.9707569055062393, -5.803164112449153, -5.8251869563142336, 0.000391287734783685, -5.738327740077284, 0.09999999999999999]"
10,0.05,0.003,0.001,extra_link,0,2026093080,0.026965025258932674,162,160,extended,True,omega,0.9707569055062393,1,3076.0421928406085,True,2,94,0.6024721279610253,link_l,"[1.0611603954316697, -5.880100478087147, 6.226468268187515, -4.2169238790613, 0.9707569055062393, -5.804934804454678, -7.494913294744981, -0.0001331734746599939, -5.8459500027672116, -0.09999999999999999]"
10,0.05,0.003,0.001,extra_link,0,2026093080,0.026965025258932674,162,160,extended,True,omega,0.9747569055062393,0,950601.6065258367,True,2,96,125.45123517121658,remote_sq;log_gr;link_l,"[1.1492719820306059, -5.767899800307529, 4.000000000000179, -9.210340371717765, 0.9747569055062393, -6.581353503718822, -5.473660748614521, -0.006086076454662363, -5.316881478193039, 0.09999999999999999]"
10,0.05,0.003,0.001,extra_link,0,2026093080,0.026965025258932674,162,160,extended,True,omega,0.9747569055062393,1,732446.8319289518,True,2,69,3.5929617718064013,log_gb;remote_sq;link_l,"[1.149105457299946, -9.210340371753995, 4.000000000000006, -3.1127305040592113, 0.9747569055062393, -6.0890728775732015, -8.755529963281667, -0.00734716498492982, -7.031864818435667, -0.09999999999999999]"
10,0.05,0.003,0.001,extra_link,0,2026093080,0.026965025258932674,162,160,extended,True,omega,0.9897569055062393,0,15538351.179124089,False,0,100,33009.77273602859,remote_sq;link_l,"[1.1492702893380584, -5.769635732330095, 4.0000237060860275, -8.626428387395727, 0.9897569055062393, -4.099196059882388, -5.119842215767087, -0.009370921541421101, -9.003498575238629, 0.09999999999999999]"
10,0.05,0.003,0.001,extra_link,0,2026093080,0.026965025258932674,162,160,extended,True,omega,0.9897569055062393,1,23058894.90277099,False,0,100,2535.5332127464017,remote_sq;log_gd,"[1.1492474894138907, -5.776775410574449, 4.00035792281423, -7.592384493278478, 0.9897569055062393, -3.5065578973199827, -9.479144268440367, 0.04103436511677193, -4.813656745925186, 0.03285350460599934]"
10,0.05,0.003,0.001,extra_link,0,2026093080,0.026965025258932674,162,160,extended,True,omega,1.0497569055062392,0,20116669.29076714,False,0,100,240082.92208999005,remote_sq;link_l,"[1.1492687211003436, -5.769075062565547, 4.0000429623166625, -8.781760176856592, 1.0497569055062392, -3.6879720960870093, -4.9424363026878195, 0.018446516524229555, -9.20418801973559, -0.09999771305978884]"
10,0.05,0.003,0.001,extra_link,0,2026093080,0.026965025258932674,162,160,extended,True,omega,1.0497569055062392,1,20115989.707255434,True,2,73,1692.0548849361383,remote_sq;log_gr;log_gb_signal;link_l,"[1.1492719820007085, -5.767899800264539, 4.000000000025317, -9.210340371784635, 1.0497569055062392, -3.6875518006065264, -4.943024661606616, 0.018419869469082764, -9.210340371860982, -0.09999999999999994]"
10,0.05,0.003,0.001,extra_link,0,2026093080,0.026965025258932674,162,160,extended,True,omega,1.1,0,20368357.423216607,True,2,98,771.5854129666951,remote_sq;log_gr;omega_d;drift_u;log_gb_signal;link_l,"[1.1492745764299777, -5.767901084349303, 4.000000000098499, -9.210340356712036, 1.1, -3.7001041718153442, -3.9050793293335704, 0.049999999999999996, -9.21034037196125, -0.09999999999999357]"
10,0.05,0.003,0.001,extra_link,0,2026093080,0.026965025258932674,162,160,extended,True,omega,1.1,1,20368357.423979577,True,2,77,687.4236952769534,remote_sq;log_gr;omega_d;drift_u;log_gb_signal;link_l,"[1.1492745763127838, -5.7679010837953575, 4.000000000002164, -9.210340370558159, 1.1, -3.7000989592962066, -3.9050790978892107, 0.049999999999999996, -9.210340371972569, -0.09999999999993299]"
10,0.05,0.003,0.001,extra_link,0,2026093080,0.026965025258932674,162,160,extended,True,gamma,0.00010000000000000009,0,422140.1767957052,False,0,100,1193.7677656040062,log_gr;log_gd,"[1.0429782331887487, -5.7665492254727, 7.160787654428647, -9.21034037197618, 0.9696185333521766, -9.210340371976182, -6.4297034959555095, 0.00042593982571876486, -5.076495694826949, 0.015955334482403292]"
10,0.05,0.003,0.001,extra_link,0,2026093080,0.026965025258932674,162,160,extended,True,gamma,0.00010000000000000009,1,22746365.160287414,False,0,100,3092170.510575338,remote_sq;log_gd,"[1.1491193979162035, -8.395816774490193, 4.000002368573971, -3.156307155712954, 0.8638042631308697, -9.210340371976182, -8.266120809731932, -0.04683858851809235, -5.202780210151577, -0.06294474897783345]"
10,0.05,0.003,0.001,extra_link,0,2026093080,0.026965025258932674,162,160,extended,True,gamma,0.000406611025553572,0,336065.73731126596,True,2,100,3.883601955743731,link_l,"[1.0419898124071234, -5.778312161561712, 7.221121548625313, -6.049778139257927, 0.9704061904994716, -7.80765354067537, -5.957558499869671, 0.0005797351423384301, -5.1365694961889865, 0.0999999999998265]"
10,0.05,0.003,0.001,extra_link,0,2026093080,0.026965025258932674,162,160,extended,True,gamma,0.000406611025553572,1,22713159.592849728,False,0,100,1719618.1219780403,remote_sq,"[1.1491395610043387, -6.992368602486227, 4.000641508598777, -3.4271402335519494, 0.8940876657928254, -7.80765354067537, -8.681037009665635, -0.04530708195671592, -5.098990290980756, -0.038007395657438305]"
10,0.05,0.003,0.001,extra_link,0,2026093080,0.026965025258932674,162,160,extended,True,gamma,0.0014919764810809649,0,111811.0498952308,True,2,80,2.9866089765433097,link_l,"[1.042048838704246, -5.789987670375196, 7.217476339257759, -5.388983931894414, 0.9703855596457198, -6.507653540675371, -5.952860906110709, 0.0006346248606218706, -5.358614138786295, 0.09999999999998126]"
10,0.05,0.003,0.001,extra_link,0,2026093080,0.026965025258932674,162,160,extended,True,gamma,0.0014919764810809649,1,22654206.361457914,True,2,70,224.85852736246673,log_gb;remote_sq;drift_u;link_l,"[1.1491034052579994, -9.21034037197556, 4.000000000000001, -3.1138475095025417, 0.8576108691119801, -6.507653540675371, -8.407299723298587, -0.049999999999999996, -5.239578324454773, -0.09999999999999999]"
10,0.05,0.003,0.001,extra_link,0,2026093080,0.026965025258932674,162,160,extended,True,gamma,0.002459853359742514,0,14480.461182843226,True,2,92,0.02839973910486747,link_l,"[1.0462707940818134, -5.7910468241336615, 6.96788797785902, -5.427448358640508, 0.9704232285821386, -6.007653540675371, -5.9235062474198354, 0.0006595095826292311, -5.5943568191804935, 0.09999999999994587]"
10,0.05,0.003,0.001,extra_link,0,2026093080,0.026965025258932674,162,160,extended,True,gamma,0.002459853359742514,1,22928951.55729848,True,2,57,1143.993530457225,remote_sq;log_gr;log_t;link_l,"[1.149271981999829, -5.767899800511701, 4.000000000000001, -9.210340353809235, 0.9032232812989703, -6.007653540675371, -11.512925464970227, 0.0377686012699177, -4.834953790647518, 0.09999999999999999]"
10,0.05,0.003,0.001,extra_link,0,2026093080,0.026965025258932674,162,160,extended,True,gamma,0.0028579418654390678,0,1357.724422619612,False,0,100,90.1398680207403,,"[1.0489704853411812, -5.788925225156411, 6.81843922376348, -5.565205756735009, 0.9700964292716915, -5.85765354067537, -6.028993749406329, 0.000622524042728117, -5.705790858462652, 0.07708437514657476]"
10,0.05,0.003,0.001,extra_link,0,2026093080,0.026965025258932674,162,160,extended,True,gamma,0.0028579418654390678,1,22770347.325036492,True,2,67,979.8837838535442,remote_sq;log_gr;link_l,"[1.1492719820003583, -5.767899800467472, 4.000000000000001, -9.21034037197618, 0.8611131699087337, -5.85765354067537, -4.899996533257018, 0.026195476208118438, -4.889544025188375, 0.09999999796457602]"
10,0.05,0.003,0.001,extra_link,0,2026093080,0.026965025258932674,162,160,extended,True,gamma,0.0029745766855644746,0,386.45646305077923,False,0,100,237.7944633680126,,"[1.0498535093580723, -5.788494678623617, 6.771152294214631, -5.600124297548624, 0.9698753241929533, -5.81765354067537, -6.13302035311976, 0.0005890879193660445, -5.740916926662034, 0.058053078556073064]"
10,0.05,0.003,0.001,extra_link,0,2026093080,0.026965025258932674,162,160,extended,True,gamma,0.0029745766855644746,1,22563272.637142304,True,2,75,1045.057984481774,log_gb;remote_sq;drift_u;link_l,"[1.1490956950654077, -9.210340371817272, 4.000000000000001, -3.1139010566945555, 0.8580618827303763, -5.81765354067537, -8.393981497884749, -0.049999999999999996, -5.2567565118442365, -0.09999999999999999]"
10,0.05,0.003,0.001,extra_link,0,2026093080,0.026965025258932674,162,160,extended,True,gamma,0.0030044716782590677,0,344.398214607387,False,0,100,1121.8873014813737,,"[1.0500835570072675, -5.787885480359819, 6.758958023740085, -5.631490349689543, 0.9699113819327825, -5.80765354067537, -6.112399330378649, 0.0005955313364561183, -5.74963647920557, 0.06136432389387658]"
10,0.05,0.003,0.001,extra_link,0,2026093080,0.026965025258932674,162,160,extended,True,gamma,0.0030044716782590677,1,22562030.471410222,True,2,90,1510.0372623855683,log_gb;remote_sq;drift_u;link_l,"[1.1490955895820476, -9.21034037197618, 4.000000000000001, -3.1139017670990783, 0.858085983873491, -5.80765354067537, -8.394296387144744, -0.049999999999999996, -5.257115092438323, -0.09999999999999999]"
10,0.05,0.003,0.001,extra_link,0,2026093080,0.026965025258932674,162,160,extended,True,gamma,0.0030346671206252216,0,387.2833875838509,False,0,100,49.69449021204444,,"[1.0503218057058648, -5.788060847091713, 6.746382074886795, -5.62791644533199, 0.9698099213406608, -5.797653540675371, -6.1722273879434395, 0.0005771753770624562, -5.759273821319176, 0.05109109033677216]"
10,0.05,0.003,0.001,extra_link,0,2026093080,0.026965025258932674,162,160,extended,True,gamma,0.0030346671206252216,1,22560793.80550772,True,2,73,1441.327513646993,log_gb;remote_sq;drift_u;link_l,"[1.1490954848686292, -9.210340371564124, 4.000000000000001, -3.11390244929459, 0.8581127606241022, -5.797653540675371, -8.394688173097224, -0.049999999999999996, -5.257480330110474, -0.09999999999999967]"
10,0.05,0.003,0.001,extra_link,0,2026093080,0.026965025258932674,162,160,extended,True,gamma,0.0031585142352341224,0,1456.2012320038382,False,0,100,2120.811791173899,,"[1.0513116401502596, -5.78539944673605, 6.694712996768385, -5.773163686500193, 0.9699765083465648, -5.757653540675371, -6.075928061772697, 0.0006067660174282556, -5.796353145002503, 0.06650958467736869]"
10,0.05,0.003,0.001,extra_link,0,2026093080,0.026965025258932674,162,160,extended,True,gamma,0.0031585142352341224,1,22555900.04252265,True,2,95,1606.664613237341,log_gb;remote_sq;drift_u;link_l,"[1.149095074018785, -9.21034037197618, 4.000000000000001, -3.113904803564535, 0.8582456592909152, -5.757653540675371, -8.397007306908776, -0.049999999999999996, -5.258993728455069, -0.09999999999999999]"
10,0.05,0.003,0.001,extra_link,0,2026093080,0.026965025258932674,162,160,extended,True,gamma,0.0036696699946397403,0,20770.689560095838,True,2,94,1.2875603940581841,link_l,"[1.0558259066999511, -5.776564663919622, 6.470272014298054, -6.456948166571018, 0.9705268533686708, -5.60765354067537, -5.8613077548260515, 0.0006702920499772624, -5.96688572651936, 0.09999999996158714]"
10,0.05,0.003,0.001,extra_link,0,2026093080,0.026965025258932674,162,160,extended,True,gamma,0.0036696699946397403,1,22397140.04981382,False,0,100,1999.3930394023614,log_gb;remote_sq;log_t;link_l,"[1.1491056264160064, -9.21034037197618, 4.000000000000001, -3.113200413460896, 0.9152422769572697, -5.60765354067537, -11.512925464970227, -0.04799404598982951, -5.343017740149814, 0.09999999999999999]"
10,0.05,0.003,0.001,extra_link,0,2026093080,0.026965025258932674,162,160,extended,True,gamma,0.006050262976612565,0,397179.1729807078,True,2,75,1.2737383748324222,log_gr;link_l,"[1.082788189354829, -5.7670153236371196, 5.425433537213296, -9.21034037197618, 0.9707768684721356, -5.10765354067537, -5.692325217692479, 0.0007986770754109365, -8.10673651189013, 0.09999999948758204]"
10,0.05,0.003,0.001,extra_link,0,2026093080,0.026965025258932674,162,160,extended,True,gamma,0.006050262976612565,1,22399370.122621622,False,0,100,223015.23698699052,remote_sq;log_gr;link_l,"[1.1492719820301316, -5.767899799802507, 4.000000000000001, -9.21034037197618, 0.8816967139063692, -5.10765354067537, -4.5741093078836625, 0.013580176307562006, -5.030939425449054, 0.09999993164340368]"
10,0.05,0.003,0.001,extra_link,0,2026093080,0.026965025258932674,162,160,extended,True,gamma,0.022200209778304572,0,14925612.727851063,False,0,100,1747536.2264121943,log_gb_signal,"[1.0433267730751077, -5.76655355286136, 7.13965906723217, -9.209013913724636, 0.9715430976769588, -3.8076535406753704, -5.930075054616641, -0.0007091660877574696, -9.210337583363357, 0.012952857129743579]"
10,0.05,0.003,0.001,extra_link,0,2026093080,0.026965025258932674,162,160,extended,True,gamma,0.022200209778304572,1,22621593.738120448,True,2,95,699.4513636664587,log_gb;remote_sq;drift_u;link_l,"[1.1490927947617595, -9.21034037197618, 4.000000000000001, -3.1144034241725898, 0.8508190195805077, -3.8076535406753704, -5.338578105221392, -0.049999999999999996, -5.562664949987755, 0.09999999999999999]"
10,0.05,0.003,0.001,extra_link,0,2026093080,0.026965025258932674,162,160,extended,True,gamma,0.029999999999999995,0,18061849.15963914,False,0,100,2692704.949025401,log_gd,"[1.04529068077065, -5.767036755433291, 7.024138975367526, -8.60133226938323, 0.9841014166381323, -3.506557897319982, -5.871412076461997, -0.009107110546318974, -9.203955746262752, -0.012526825512366334]"
10,0.05,0.003,0.001,extra_link,0,2026093080,0.026965025258932674,162,160,extended,True,gamma,0.029999999999999995,1,22719744.49227711,True,2,84,123.54938866005915,log_gb;remote_sq;omega_d;log_gd;drift_u;link_l,"[1.1490962607696928, -9.210340143083782, 4.000000000000001, -3.1144179867531405, 0.8500000000000001, -3.506557897319982, -5.3110054059808025, -0.049999999999999996, -5.665600696100564, 0.09999999999999999]"
26,0.2,0.003,0.0001,allowed_drift,0,2026093672,0.0026965025258932677,162,160,unchanged,False,omega,0.85,0,1814728556.1520166,False,0,100,2469512.272551061,remote_sq;omega_d,"[1.1492676975834288, -5.828109277676354, 4.000002764477685, -5.899353573857635, 0.85, -4.479866367624137, -2.711125571638484]"
26,0.2,0.003,0.0001,allowed_drift,0,2026093672,0.0026965025258932677,162,160,unchanged,False,omega,0.85,1,10900729957.454552,True,2,20,188.89692512372426,log_gb;remote_sq;log_gr;omega_d;log_gd;log_t,"[0.9952008887590075, -3.5065578973199822, 4.000000000000001, -2.813410716760037, 0.85, -9.210340341142187, -11.512925464970083]"
26,0.2,0.003,0.0001,allowed_drift,0,2026093672,0.0026965025258932677,162,160,unchanged,False,omega,0.8936313828475386,0,2125196444.3375466,False,0,100,603081284.5899208,log_gr,"[1.1418901639392414, -5.776718803419052, 4.111895248328078, -9.210154406562916, 0.8936313828475386, -4.083851505081257, -2.9331268067652982]"
26,0.2,0.003,0.0001,allowed_drift,0,2026093672,0.0026965025258932677,162,160,unchanged,False,omega,0.8936313828475386,1,6877010486.841839,True,2,48,241397.97163094732,remote_sq;log_gr,"[1.1488860404284063, -6.03011828969349, 4.000000000001522, -2.8134107167601345, 0.8936313828475386, -8.117079276503402, -5.940303949668644]"
26,0.2,0.003,0.0001,allowed_drift,0,2026093672,0.0026965025258932677,162,160,unchanged,False,omega,0.9536313828475386,0,1905541837.9596243,True,2,100,377110.67964789213,remote_sq;log_gr,"[0.9980648106078743, -5.766498874067753, 11.999999918771456, -9.21034037197618, 0.9536313828475386, -3.6976999220487, -3.5660513112963494]"
26,0.2,0.003,0.0001,allowed_drift,0,2026093672,0.0026965025258932677,162,160,unchanged,False,omega,0.9536313828475386,1,1906608506.8107681,False,0,100,901286104.9236169,log_gr,"[1.019316650633911, -5.766725822714413, 9.028065541263777, -9.21034037184416, 0.9536313828475386, -3.699812399165503, -3.5610343131273905]"
26,0.2,0.003,0.0001,allowed_drift,0,2026093672,0.0026965025258932677,162,160,unchanged,False,omega,0.9686313828475386,0,434846980.091405,False,0,100,545962900.1589493,log_gr,"[0.9987932185831943, -5.869316733543399, 11.893840012852593, -2.813410716760037, 0.9686313828475386, -4.980648901446483, -3.6954487162646834]"
26,0.2,0.003,0.0001,allowed_drift,0,2026093672,0.0026965025258932677,162,160,unchanged,False,omega,0.9686313828475386,1,436564369.4488409,False,0,100,178574352.16825542,log_gr,"[1.0323097763467843, -6.053032427893865, 7.899889463895142, -2.8134107167600373, 0.9686313828475386, -4.984059267590428, -3.688139346882067]"
26,0.2,0.003,0.0001,allowed_drift,0,2026093672,0.0026965025258932677,162,160,unchanged,False,omega,0.9726313828475386,0,28770400.63080539,True,2,90,393.4961522911403,log_gr,"[1.0231314413016352, -5.765238936197187, 8.65605160543724, -9.21034037197618, 0.9726313828475386, -5.273549239069485, -3.6745443644634364]"
26,0.2,0.003,0.0001,allowed_drift,0,2026093672,0.0026965025258932677,162,160,unchanged,False,omega,0.9726313828475386,1,28847640.316473354,False,0,100,431884190.3697408,log_gr,"[1.0342671852301115, -5.765364498233447, 7.742455748072773, -9.21034037197618, 0.9726313828475386, -5.2761968289515115, -3.671528880698384]"
26,0.2,0.003,0.0001,allowed_drift,0,2026093672,0.0026965025258932677,162,160,unchanged,False,omega,0.9735313828475386,0,8485696.09187942,True,2,24,80.62153326178634,log_gr,"[1.0523200726514872, -5.765929459862185, 6.643924954352947, -9.21034037197618, 0.9735313828475386, -5.29491146322895, -3.6625350734986855]"
26,0.2,0.003,0.0001,allowed_drift,0,2026093672,0.0026965025258932677,162,160,unchanged,False,omega,0.9735313828475386,1,8486350.799954776,False,0,100,65942767.64968802,log_gr,"[1.0532104066468266, -5.765939649455496, 6.598984702414925, -9.210340371976148, 0.9735313828475386, -5.295209414331931, -3.662230624073465]"
26,0.2,0.003,0.0001,allowed_drift,0,2026093672,0.0026965025258932677,162,160,unchanged,False,omega,0.9736213828475386,0,8281245.579709344,True,2,6,1044.175402315464,log_gr,"[1.0556686108198785, -5.7659929732939235, 6.478291568786658, -9.21034037197618, 0.9736213828475386, -5.296065037568653, -3.66105706447346]"
26,0.2,0.003,0.0001,allowed_drift,0,2026093672,0.0026965025258932677,162,160,unchanged,False,omega,0.9736213828475386,1,8281245.579738037,True,2,95,346.2203109021912,log_gr,"[1.0556685703435609, -5.76599297171435, 6.478293508191576, -9.21034037197618, 0.9736213828475386, -5.296065027286687, -3.6610570792029264]"
26,0.2,0.003,0.0001,allowed_drift,0,2026093672,0.0026965025258932677,162,160,unchanged,False,omega,0.9736313828475386,0,8279180.545204364,True,2,3,21.930853128938427,log_gr,"[1.0560450160882775, -5.765999963432924, 6.4602729012633135, -9.210340371301601, 0.9736313828475386, -5.296182132359876, -3.6608893998757375]"
26,0.2,0.003,0.0001,allowed_drift,0,2026093672,0.0026965025258932677,162,160,unchanged,False,omega,0.9736313828475386,1,8279180.545282473,True,2,78,2566.479027689061,log_gr,"[1.0560448950430505, -5.765999961626562, 6.4602786616513805, -9.21034037197618, 0.9736313828475386, -5.296182077949084, -3.660889441604244]"
26,0.2,0.003,0.0001,allowed_drift,0,2026093672,0.0026965025258932677,162,160,unchanged,False,omega,0.9736413828475385,0,8281245.015717069,True,2,8,989.0528500479259,log_gr,"[1.05642221451476, -5.766006942145904, 6.4423335943890585, -9.21034037197618, 0.9736413828475385, -5.296296975168187, -3.660721061261535]"
26,0.2,0.003,0.0001,allowed_drift,0,2026093672,0.0026965025258932677,162,160,unchanged,False,omega,0.9736413828475385,1,8281245.015719123,True,2,87,1693.250484958482,log_gr,"[1.0564222110840584, -5.766006942164852, 6.442333756726684, -9.21034037197618, 0.9736413828475385, -5.29629696986557, -3.660721061915595]"
26,0.2,0.003,0.0001,allowed_drift,0,2026093672,0.0026965025258932677,162,160,unchanged,False,omega,0.9737313828475386,0,8485569.521950027,True,2,16,4398.225353068045,log_gr,"[1.0598550128944229, -5.766069154434854, 6.284281394942022, -9.21034037197618, 0.9737313828475386, -5.2972309631050845, -3.6591744691200385]"
26,0.2,0.003,0.0001,allowed_drift,0,2026093672,0.0026965025258932677,162,160,unchanged,False,omega,0.9737313828475386,1,8485569.521949857,True,2,83,51.73649227271066,log_gr,"[1.0598550142390792, -5.766069153505265, 6.284281337605829, -9.21034037197618, 0.9737313828475386, -5.297230973963336, -3.6591744699635935]"
26,0.2,0.003,0.0001,allowed_drift,0,2026093672,0.0026965025258932677,162,160,unchanged,False,omega,0.9746313828475386,0,28629179.753743604,True,2,82,1338.013045582415,log_gr,"[1.0969335454706917, -5.766631384296857, 5.01903167324745, -9.21034037197618, 0.9746313828475386, -5.296695784289966, -3.640605541028104]"
26,0.2,0.003,0.0001,allowed_drift,0,2026093672,0.0026965025258932677,162,160,unchanged,False,omega,0.9746313828475386,1,28629179.753344696,True,2,43,1376.353023497183,log_gr,"[1.0969334845631449, -5.766631381821506, 5.019033256005512, -9.210340367083777, 0.9746313828475386, -5.296695774833477, -3.640605569477486]"
26,0.2,0.003,0.0001,allowed_drift,0,2026093672,0.0026965025258932677,162,160,unchanged,False,omega,0.9786313828475386,0,406144047.9048492,False,0,100,12085035.487881755,remote_sq,"[1.1489757433996943, -6.4930816330653425, 4.0000090450368315, -3.742191770406809, 0.9786313828475386, -5.018664661817868, -3.5880944415221263]"
26,0.2,0.003,0.0001,allowed_drift,0,2026093672,0.0026965025258932677,162,160,unchanged,False,omega,0.9786313828475386,1,406088750.3771407,True,2,87,540061.3873635787,remote_sq,"[1.1489276582585737, -7.132159941899287, 4.000000000000001, -3.3771440558056067, 0.9786313828475386, -5.017267950004731, -3.5875964517633863]"
26,0.2,0.003,0.0001,allowed_drift,0,2026093672,0.0026965025258932677,162,160,unchanged,False,omega,0.9936313828475386,0,1430033386.5539627,True,2,97,1142886.7437850162,log_gb;remote_sq,"[1.1490279211919583, -9.21034037197618, 4.000000004465529, -3.1204966572690425, 0.9936313828475386, -4.34382574203335, -3.409516851664096]"
26,0.2,0.003,0.0001,allowed_drift,0,2026093672,0.0026965025258932677,162,160,unchanged,False,omega,0.9936313828475386,1,1430033386.3228822,True,2,68,768778.149698158,log_gb;remote_sq,"[1.1490279223365618, -9.21034037197618, 4.000000001880794, -3.120496589052743, 0.9936313828475386, -4.343827660265643, -3.4095177286765335]"
26,0.2,0.003,0.0001,allowed_drift,0,2026093672,0.0026965025258932677,162,160,unchanged,False,omega,1.0536313828475385,0,1580497984.9151695,True,2,69,1383.7242151315434,log_gb;remote_sq,"[1.1491027954803523, -9.210340371969544, 4.000000000000001, -3.1205660453131236, 1.0536313828475385, -4.271088822229099, -2.9244655071086676]"
26,0.2,0.003,0.0001,allowed_drift,0,2026093672,0.0026965025258932677,162,160,unchanged,False,omega,1.0536313828475385,1,1580497984.9689577,True,2,69,283401.16771480796,log_gb;remote_sq,"[1.149102795740953, -9.21034037035488, 4.0000000000237295, -3.120565971524731, 1.0536313828475385, -4.2710875076480574, -2.9244661574794137]"
26,0.2,0.003,0.0001,allowed_drift,0,2026093672,0.0026965025258932677,162,160,unchanged,False,omega,1.1,0,1513296049.8250468,False,0,100,1857872.4038662075,remote_sq;omega_d,"[1.1491198281200454, -8.749969587171666, 4.000000000000001, -3.134992901722963, 1.1, -4.164567734960803, -2.6564340648524163]"
26,0.2,0.003,0.0001,allowed_drift,0,2026093672,0.0026965025258932677,162,160,unchanged,False,omega,1.1,1,1513353495.6895227,False,0,100,35275278.279061586,remote_sq;omega_d,"[1.1491346015899717, -8.102504118241521, 4.000000000002769, -3.183330770802159, 1.1, -4.166866782850303, -2.6564236014019675]"
26,0.2,0.003,0.0001,allowed_drift,0,2026093672,0.0026965025258932677,162,160,unchanged,False,gamma,0.00010000000000000009,0,1070936390.8409371,True,2,67,421174.18670669064,remote_sq;log_gr;log_gd,"[1.149250189376789, -5.426000873612326, 4.000000000000001, -9.21034037197618, 0.9736183187234178, -9.210340371976182, -3.624513822475175]"
26,0.2,0.003,0.0001,allowed_drift,0,2026093672,0.0026965025258932677,162,160,unchanged,False,gamma,0.00010000000000000009,1,5081954656.910997,False,0,100,8060137499.184463,log_gd,"[1.148164905491242, -6.341781020089626, 4.005290084136218, -2.818681103449954, 0.9277621718033178, -9.210340371976182, -4.3941045026232315]"
26,0.2,0.003,0.0001,allowed_drift,0,2026093672,0.0026965025258932677,162,160,unchanged,False,gamma,0.0006781228281404341,0,790057218.0588552,True,2,82,394134.070402805,remote_sq;log_gr,"[1.1492617219964225, -5.514932634517753, 4.000000000000001, -9.21034037197608, 0.9736982804149725, -7.2961821239827955, -3.6228785147038534]"
26,0.2,0.003,0.0001,allowed_drift,0,2026093672,0.0026965025258932677,162,160,unchanged,False,gamma,0.0006781228281404341,1,4956474170.001588,False,0,100,4880453903.94517,remote_sq;log_gr,"[1.1485159847133617, -6.670009158939186, 4.00005179405977, -2.8134107167714237, 0.9260836008644961, -7.2961821239827955, -4.436506844780718]"
26,0.2,0.003,0.0001,allowed_drift,0,2026093672,0.0026965025258932677,162,160,unchanged,False,gamma,0.002488233833532232,0,205750071.733433,True,2,91,114137.54022703669,remote_sq;log_gr,"[1.149281049722817, -5.690993620562905, 4.000000000000011, -9.210340371976145, 0.9738468955191639, -5.996182123982796, -3.6179294860164966]"
26,0.2,0.003,0.0001,allowed_drift,0,2026093672,0.0026965025258932677,162,160,unchanged,False,gamma,0.002488233833532232,1,3710983109.9504743,False,0,100,110479082.3941309,log_gb;remote_sq,"[1.148799718451073, -9.21034037197618, 4.000000000000001, -2.862110338040933, 0.9393428829802046, -5.996182123982796, -4.14133600221725]"
26,0.2,0.003,0.0001,allowed_drift,0,2026093672,0.0026965025258932677,162,160,unchanged,False,gamma,0.004102404047820312,0,27543254.429695938,True,2,79,26108.229424604055,log_gr,"[1.1004009733292215, -5.750395428047472, 4.932953567453667, -9.21034037197618, 0.9737042315350145, -5.496182123982796, -3.6429772320590446]"
26,0.2,0.003,0.0001,allowed_drift,0,2026093672,0.0026965025258932677,162,160,unchanged,False,gamma,0.004102404047820312,1,2831348724.3001857,False,0,100,4248371490.6655803,log_gb,"[1.148756490605558, -9.21034037197618, 4.002169981459197, -2.9812672762132397, 0.9500662320248909, -5.496182123982796, -3.9508797247053487]"
26,0.2,0.003,0.0001,allowed_drift,0,2026093672,0.0026965025258932677,162,160,unchanged,False,gamma,0.004766313500264758,0,9529411.938397741,True,2,38,2314.226878807905,log_gr,"[1.0686233129642202, -5.7625173109425285, 5.92007639841495, -9.21034037197618, 0.9736467449691507, -5.346182123982795, -3.6563792892645446]"
26,0.2,0.003,0.0001,allowed_drift,0,2026093672,0.0026965025258932677,162,160,unchanged,False,gamma,0.004766313500264758,1,2705384115.079789,False,0,100,5155150564.017936,log_gb,"[1.148135799133973, -9.21034037197618, 4.011493515424552, -2.999943406475633, 0.9503332217213983, -5.346182123982795, -3.946839477456245]"
26,0.2,0.003,0.0001,allowed_drift,0,2026093672,0.0026965025258932677,162,160,unchanged,False,gamma,0.0049608304442541945,0,8329624.125258456,True,2,15,1440.631745145775,log_gr,"[1.0586641828347807, -5.765325636867071, 6.338340052245442, -9.21034037197618, 0.9736342696987802, -5.306182123982795, -3.6599880907197417]"
26,0.2,0.003,0.0001,allowed_drift,0,2026093672,0.0026965025258932677,162,160,unchanged,False,gamma,0.0049608304442541945,1,2804633839.2739944,False,0,100,6247899750.501593,log_gb,"[1.1485031430558046, -9.21034037197618, 4.009196643176065, -3.004707223104857, 0.9476859139042239, -5.306182123982795, -3.991382996563854]"
26,0.2,0.003,0.0001,allowed_drift,0,2026093672,0.0026965025258932677,162,160,unchanged,False,gamma,0.005010687619095176,0,8279180.545204408,True,2,3,18.114432938198416,log_gr,"[1.0560450159503882, -5.765999964074594, 6.460272907720255, -9.210340371305632, 0.9736313828735782, -5.2961821239827955, -3.6608893997891183]"
26,0.2,0.003,0.0001,allowed_drift,0,2026093672,0.0026965025258932677,162,160,unchanged,False,gamma,0.005010687619095176,1,2768076202.737181,False,0,100,5926387291.34605,log_gb,"[1.148933323255302, -9.21034037197618, 4.002675881478629, -3.014336624715858, 0.9482266836850183, -5.2961821239827955, -3.9820242689782286]"
26,0.2,0.003,0.0001,allowed_drift,0,2026093672,0.0026965025258932677,162,160,unchanged,False,gamma,0.005061045866873654,0,8329835.551077098,True,2,15,196.3258235590858,log_gr,"[1.0533680503161036, -5.766663233871733, 6.5907234905961465, -9.21034037197618, 0.9736285943842793, -5.286182123982796, -3.6617899423349347]"
26,0.2,0.003,0.0001,allowed_drift,0,2026093672,0.0026965025258932677,162,160,unchanged,False,gamma,0.005061045866873654,1,2746903553.0605803,False,0,100,5479090396.286277,log_gb,"[1.1489389522205904, -9.21034037197618, 4.002429649158797, -3.0175889995694827, 0.9485270323975653, -5.286182123982796, -3.976907321172278]"
26,0.2,0.003,0.0001,allowed_drift,0,2026093672,0.0026965025258932677,162,160,unchanged,False,gamma,0.005267591066923954,0,9555447.881807074,True,3,56,2110.574002558045,log_gr,"[1.0420023702459384, -5.769206326901608, 7.220904338894065, -9.21034037197618, 0.9736184855970378, -5.246182123982796, -3.6653799128442675]"
26,0.2,0.003,0.0001,allowed_drift,0,2026093672,0.0026965025258932677,162,160,unchanged,False,gamma,0.005267591066923954,1,25974654.73913415,False,0,100,2926158610.6059027,,"[1.137451341950858, -8.909194656697077, 4.179834443877028, -3.015887755979374, 0.97378205872133, -5.246182123982796, -3.6224012405164863]"
26,0.2,0.003,0.0001,allowed_drift,0,2026093672,0.0026965025258932677,162,160,unchanged,False,gamma,0.006120067678241863,0,29313303.324648786,False,0,100,58706205.545676455,log_gr,"[1.005308646258904, -5.777603080057459, 10.75462661396189, -9.21034037197618, 0.9736061085709093, -5.096182123982795, -3.6740873281517303]"
26,0.2,0.003,0.0001,allowed_drift,0,2026093672,0.0026965025258932677,162,160,unchanged,False,gamma,0.006120067678241863,1,39493820.92410575,False,0,100,1581828214.3249507,,"[1.1004344529959273, -7.297709165467483, 4.928053205790698, -2.8160492905522867, 0.9737016723080228, -5.096182123982795, -3.641390981023847]"
26,0.2,0.003,0.0001,allowed_drift,0,2026093672,0.0026965025258932677,162,160,unchanged,False,gamma,0.010090285759241707,0,280942368.7440529,False,0,100,17964407.769564,log_gr,"[0.9989321954571119, -5.903025092944222, 11.815992744562683, -2.8134107170684715, 0.9737207529807792, -4.596182123982795, -3.670044107411321]"
26,0.2,0.003,0.0001,allowed_drift,0,2026093672,0.0026965025258932677,162,160,unchanged,False,gamma,0.010090285759241707,1,288259912.28958154,False,0,100,102737359.52227989,,"[1.0504193632467513, -6.2585119366578095, 6.738905840189698, -2.815157182145101, 0.9737514823325072, -4.596182123982795, -3.6567028877703125]"
26,0.2,0.003,0.0001,allowed_drift,0,2026093672,0.0026965025258932677,162,160,unchanged,False,gamma,0.029999999999999995,0,1424132889.9698226,False,0,100,11297055.01158617,log_gd,"[1.0508089184954568, -5.7788001938627245, 6.720596967393065, -8.984353678306736, 0.9754139066767574, -3.506557897319982, -3.594612577311291]"
26,0.2,0.003,0.0001,allowed_drift,0,2026093672,0.0026965025258932677,162,160,unchanged,False,gamma,0.029999999999999995,1,10901379161.615074,True,2,19,19.339199177682005,log_gb;remote_sq;log_gr;omega_d;log_gd;log_t,"[0.9953053017600589, -3.5065578973199822, 4.000000000000001, -2.813410716760037, 0.8500000000000001, -3.506557897319982, -11.512925464970206]"
26,0.2,0.003,0.0001,allowed_drift,0,2026093672,0.0026965025258932677,162,160,drift_aware,True,omega,0.85,0,1779494949.6210165,True,2,89,58009.57444753788,log_gr;omega_d;log_t;log_gb_signal,"[1.1283493638404025, -5.767560110190084, 4.340036598400953, -9.21034037197618, 0.85, -4.214657348381363, -2.525728644308256, -0.03738025676884583, -9.21034037197618]"
26,0.2,0.003,0.0001,allowed_drift,0,2026093672,0.0026965025258932677,162,160,drift_aware,True,omega,0.85,1,10036390059.118067,True,2,34,381909.62930132065,log_gb;remote_sq;log_gr;omega_d;drift_u,"[1.031774245720703, -3.5065578973199822, 4.000000000000001, -2.813410716760037, 0.85, -5.420966328611021, -8.49110458642195, -0.049999999999999926, -5.135797518362076]"
26,0.2,0.003,0.0001,allowed_drift,0,2026093672,0.0026965025258932677,162,160,drift_aware,True,omega,0.8895866278941982,0,1866524637.084286,False,0,100,39001582.332959965,log_gr;drift_u;log_gb_signal,"[1.1316112181763327, -5.767607007032769, 4.282376832363174, -9.210340371976107, 0.8895866278941982, -3.710770199117835, -3.248220164083803, 0.049999999999999996, -9.21034037197618]"
26,0.2,0.003,0.0001,allowed_drift,0,2026093672,0.0026965025258932677,162,160,drift_aware,True,omega,0.8895866278941982,1,2959818420.5384603,False,0,100,6691026.58266923,log_gr;log_gb_signal,"[1.1151469979265611, -8.245548413525125, 4.5926381402805445, -2.813411245641847, 0.8895866278941982, -9.208564602026513, -7.0065821044820344, -0.049986152573397606, -3.218875824868201]"
26,0.2,0.003,0.0001,allowed_drift,0,2026093672,0.0026965025258932677,162,160,drift_aware,True,omega,0.9495866278941981,0,98174149.39631361,True,2,46,29566.156687217666,log_gr,"[1.0374519941943787, -6.099750063504095, 7.511855063443332, -2.813410716760037, 0.9495866278941981, -7.622459936270652, -3.742534106532518, 0.04661362691804554, -4.981060292953287]"
26,0.2,0.003,0.0001,allowed_drift,0,2026093672,0.0026965025258932677,162,160,drift_aware,True,omega,0.9495866278941981,1,2123893530.5820055,True,2,89,712261.0032304322,log_gb;remote_sq;drift_u,"[1.1490980319069006, -9.210340371976178, 4.000000000015446, -3.1122376942917747, 0.9495866278941981, -5.424094822499661, -4.318360722684866, -0.049999999999999996, -4.680468288964339]"
26,0.2,0.003,0.0001,allowed_drift,0,2026093672,0.0026965025258932677,162,160,drift_aware,True,omega,0.9645866278941981,0,6474590.492685746,True,2,54,1101.5793688949336,log_gr,"[1.0488663469790187, -6.203333827682528, 6.821822284026852, -2.8134107167600497, 0.9645866278941981, -6.415088445609441, -3.673269675230939, 0.01775533514724361, -5.223634803089391]"
26,0.2,0.003,0.0001,allowed_drift,0,2026093672,0.0026965025258932677,162,160,drift_aware,True,omega,0.9645866278941981,1,1788842237.950499,True,2,76,27811.5177946667,remote_sq;log_gr;drift_u;log_gb_signal,"[1.1492582380486083, -5.767827645720643, 4.000000000000001, -9.21034029401005, 0.9645866278941981, -4.2194957467148555, -4.06893840463161, -0.049999999999999996, -9.21034037197618]"
26,0.2,0.003,0.0001,allowed_drift,0,2026093672,0.0026965025258932677,162,160,drift_aware,True,omega,0.9685866278941981,0,242614.105194524,True,2,80,19.936332061336003,log_gr,"[1.0495435936719542, -6.210213169061052, 6.7854020561046475, -2.813410716760063, 0.9685866278941981, -5.84120267262782, -3.6662353530073846, 0.009949078525341014, -5.497519734487801]"
26,0.2,0.003,0.0001,allowed_drift,0,2026093672,0.0026965025258932677,162,160,drift_aware,True,omega,0.9685866278941981,1,330022.7519467742,False,0,100,4656627.437467877,log_gr,"[1.0610241911760192, -6.342163293420862, 6.230053475565844, -2.8136450040920633, 0.9685866278941981, -5.803267729813053, -3.662071653017505, 0.010016823062552877, -5.593708520262275]"
26,0.2,0.003,0.0001,allowed_drift,0,2026093672,0.0026965025258932677,162,160,drift_aware,True,omega,0.9694866278941981,0,2652.67730556378,True,2,14,0.04524585621934443,,"[1.0499396115853599, -5.851503836433934, 6.7665189601771685, -4.296208016587208, 0.9694866278941981, -5.80945997196169, -3.6652724984657747, 0.008193677887310211, -5.32349800347147]"
26,0.2,0.003,0.0001,allowed_drift,0,2026093672,0.0026965025258932677,162,160,drift_aware,True,omega,0.9694866278941981,1,51033.644547539945,False,0,100,219147737.51249608,,"[1.058657856467231, -5.847068296564343, 6.338005867022758, -4.499968930840882, 0.9694866278941981, -5.8070579851461686, -3.66218525409299, 0.00823869515803607, -5.324320705774262]"
26,0.2,0.003,0.0001,allowed_drift,0,2026093672,0.0026965025258932677,162,160,drift_aware,True,omega,0.9695766278941982,0,298.12118052604495,True,2,7,0.00549828555211319,,"[1.0500576782019266, -5.811638143393153, 6.760347967177087, -4.906072199707162, 0.9695766278941982, -5.809073874098162, -3.6651726707096755, 0.008018236145735517, -5.299902584784266]"
26,0.2,0.003,0.0001,allowed_drift,0,2026093672,0.0026965025258932677,162,160,drift_aware,True,omega,0.9695766278941982,1,298.1211805258055,True,2,91,0.004301056810932514,,"[1.050057678122392, -5.811638165879906, 6.760347971352278, -4.906071717090045, 0.9695766278941982, -5.809073869395975, -3.665172670724937, 0.008018236145581219, -5.299902601117307]"
26,0.2,0.003,0.0001,allowed_drift,0,2026093672,0.0026965025258932677,162,160,drift_aware,True,omega,0.9695866278941981,0,274.3405770347662,True,2,2,0.006720235912443913,,"[1.0500710251594507, -5.807306524836323, 6.759647951882269, -5.003803388545024, 0.9695866278941981, -5.809032779375491, -3.6651617192916763, 0.007998740427512521, -5.29731474031806]"
26,0.2,0.003,0.0001,allowed_drift,0,2026093672,0.0026965025258932677,162,160,drift_aware,True,omega,0.9695866278941981,1,4169.090447210215,False,0,100,80129706.95891885,,"[1.0521691631208245, -5.853716359878279, 6.650561746782888, -4.310347697919744, 0.9695866278941981, -5.7980145750054275, -3.664412654276221, 0.00800950234207626, -5.33234127895892]"
26,0.2,0.003,0.0001,allowed_drift,0,2026093672,0.0026965025258932677,162,160,drift_aware,True,omega,0.9695966278941981,0,298.12057655158003,True,2,6,0.024039653086384342,,"[1.0500844175391946, -5.802993820256673, 6.758945089811763, -5.112070431948351, 0.9695966278941981, -5.808992058710486, -3.6651507960660235, 0.007979244268984054, -5.294733508858611]"
26,0.2,0.003,0.0001,allowed_drift,0,2026093672,0.0026965025258932677,162,160,drift_aware,True,omega,0.9695966278941981,1,298.1205765521003,True,2,94,0.008460452920365331,,"[1.0500844176956357, -5.802993870689702, 6.758945081473538, -5.11206909792376, 0.9695966278941981, -5.8089920468106, -3.665150795982195, 0.007979244270329673, -5.294733546455415]"
26,0.2,0.003,0.0001,allowed_drift,0,2026093672,0.0026965025258932677,162,160,drift_aware,True,omega,0.9696866278941981,0,2653.437758587984,True,2,83,0.06914111437089557,log_gr,"[1.0502078383384235, -5.766568571244268, 6.7524470214586465, -9.21034037197461, 0.9696866278941981, -5.808287788780271, -3.6650525110707535, 0.007803782138751013, -5.272960303027711]"
26,0.2,0.003,0.0001,allowed_drift,0,2026093672,0.0026965025258932677,162,160,drift_aware,True,omega,0.9696866278941981,1,310802.1710015414,False,0,100,141755983.99003574,,"[1.0711582815995553, -5.876154660232833, 5.823233782790123, -4.407893566479557, 0.9696866278941981, -5.774453939010459, -3.657160815052641, 0.007919677582669829, -5.365773537214574]"
26,0.2,0.003,0.0001,allowed_drift,0,2026093672,0.0026965025258932677,162,160,drift_aware,True,omega,0.9705866278941981,0,329579.55629321065,True,2,28,1.3460887821561207,log_gr,"[1.0516464626550874, -5.766584442942635, 6.67749494657534, -9.210340371976157, 0.9705866278941981, -5.7538671669521575, -3.6639950828369847, 0.006051885999477805, -5.305281076897266]"
26,0.2,0.003,0.0001,allowed_drift,0,2026093672,0.0026965025258932677,162,160,drift_aware,True,omega,0.9705866278941981,1,381135.8494900842,False,0,100,381620554.5238481,,"[1.058746650782285, -5.79603886257328, 6.333933093187856, -5.46328598490812, 0.9705866278941981, -5.7472317638676715, -3.6614478146883465, 0.006084060258924155, -5.329802327947807]"
26,0.2,0.003,0.0001,allowed_drift,0,2026093672,0.0026965025258932677,162,160,drift_aware,True,omega,0.9745866278941981,0,7812080.221195302,True,2,27,25.035094214941005,log_gr,"[1.0576165259297603, -5.766651719892262, 6.3860635202675615, -9.21034037197618, 0.9745866278941981, -6.640439540539464, -3.6642281110135664, -0.0018527765877748242, -4.9774003352971175]"
26,0.2,0.003,0.0001,allowed_drift,0,2026093672,0.0026965025258932677,162,160,drift_aware,True,omega,0.9745866278941981,1,7812080.221184987,True,2,89,63.93118697918165,log_gr,"[1.057616509288756, -5.766651719606499, 6.386064291317811, -9.21034037197618, 0.9745866278941981, -6.640441060511989, -3.6642281178000276, -0.0018527766504002085, -4.977400047482837]"
26,0.2,0.003,0.0001,allowed_drift,0,2026093672,0.0026965025258932677,162,160,drift_aware,True,omega,0.9895866278941982,0,95621754.00029616,True,2,66,164.11346807228463,log_gr;log_gd,"[1.0855708849206596, -5.766992202338367, 5.339674340811934, -9.210340371851713, 0.9895866278941982, -9.21034037197618, -3.7011644771465813, -0.03199062223812418, -4.799754683619698]"
26,0.2,0.003,0.0001,allowed_drift,0,2026093672,0.0026965025258932677,162,160,drift_aware,True,omega,0.9895866278941982,1,95621754.0003116,True,2,57,112.22462924724826,log_gr;log_gd,"[1.0855708978667726, -5.766992202360437, 5.339673949339419, -9.210340371876441, 0.9895866278941982, -9.21034037197618, -3.701164470563298, -0.03199062232121653, -4.79975468983523]"
26,0.2,0.003,0.0001,allowed_drift,0,2026093672,0.0026965025258932677,162,160,drift_aware,True,omega,1.049586627894198,0,1475071528.2593124,False,0,100,4822852.4368436,remote_sq;drift_u;log_gb_signal,"[1.1492697069869522, -5.76761735438256, 4.0000000732270635, -9.166857903410374, 1.049586627894198, -3.6693921007468657, -3.299268777574006, -0.04999999999034033, -9.210328622043983]"
26,0.2,0.003,0.0001,allowed_drift,0,2026093672,0.0026965025258932677,162,160,drift_aware,True,omega,1.049586627894198,1,1475068010.6203823,True,2,76,49371.71619060886,remote_sq;log_gr;drift_u;log_gb_signal,"[1.1492697200284683, -5.767838528686893, 4.000000000010326, -9.21034037197204, 1.049586627894198, -3.6695424762903555, -3.299275523904919, -0.04999999999999782, -9.21034037197549]"
26,0.2,0.003,0.0001,allowed_drift,0,2026093672,0.0026965025258932677,162,160,drift_aware,True,omega,1.1,0,1477443823.612231,True,2,76,5299.551796640474,remote_sq;log_gr;omega_d;log_t;log_gb_signal,"[1.1492728918353752, -5.76784050026631, 4.000000000000001, -9.210339911180325, 1.1, -3.9344241012735184, -2.525728644308256, 0.022627498532658195, -9.210340371975176]"
26,0.2,0.003,0.0001,allowed_drift,0,2026093672,0.0026965025258932677,162,160,drift_aware,True,omega,1.1,1,1477443823.6071956,True,2,56,1247.6047154026212,remote_sq;log_gr;omega_d;log_t;log_gb_signal,"[1.1492728918601003, -5.767840484002193, 4.000000000000001, -9.21034037175279, 1.1, -3.9344249581872632, -2.525728644308256, 0.022627499789138493, -9.210340371976113]"
26,0.2,0.003,0.0001,allowed_drift,0,2026093672,0.0026965025258932677,162,160,drift_aware,True,gamma,0.00010000000000000009,0,2374443.2043625647,True,2,49,1.1526082688763126,log_gr;log_gd,"[1.0497280438007244, -5.766563308281384, 6.777881636944066, -9.210340371976171, 0.9695493119497347, -9.210340371976182, -3.666637313855103, 0.008039587818235923, -4.816857946814215]"
26,0.2,0.003,0.0001,allowed_drift,0,2026093672,0.0026965025258932677,162,160,drift_aware,True,gamma,0.00010000000000000009,1,9902209826.528515,True,2,54,296655.79189157975,log_gb;remote_sq;log_gr;log_gd;drift_u,"[1.0501522127061658, -3.5065578973199822, 4.000000000000001, -2.813410716760037, 0.9333119917383146, -9.210340371976182, -6.675317799501776, -0.049999999999999996, -5.077216580124736]"
26,0.2,0.003,0.0001,allowed_drift,0,2026093672,0.0026965025258932677,162,160,drift_aware,True,gamma,0.00040605059783909293,0,1891690.267338378,True,2,31,1.2070534193980396,log_gr,"[1.0495730890498731, -5.766561611824972, 6.786143642076703, -9.21034037197618, 0.9694634280241536, -7.809032780908178, -3.666720809493766, 0.00820905255590173, -4.85644971146643]"
26,0.2,0.003,0.0001,allowed_drift,0,2026093672,0.0026965025258932677,162,160,drift_aware,True,gamma,0.00040605059783909293,1,5624502.682171156,False,0,100,1302824727.2816966,,"[1.099788847352037, -6.893455401583306, 4.9448209127366125, -2.932324272570644, 0.9695144956344173, -7.809032780908178, -3.6461123583571062, 0.008428097651043362, -5.173061420107666]"
26,0.2,0.003,0.0001,allowed_drift,0,2026093672,0.0026965025258932677,162,160,drift_aware,True,gamma,0.0014899201055357852,0,619335.6082216481,True,2,34,0.7807961859238164,log_gr,"[1.0494376260265856, -5.766560130082755, 6.793385554551758, -9.210340371975647, 0.9693638917884231, -6.5090327809081785, -3.6665263346311705, 0.008412053677466714, -5.0104211823642215]"
26,0.2,0.003,0.0001,allowed_drift,0,2026093672,0.0026965025258932677,162,160,drift_aware,True,gamma,0.0014899201055357852,1,6338278.031426813,False,0,100,1734480310.3873868,,"[1.1153886085332338, -7.3562885377949, 4.587988479021241, -2.956180710187691, 0.9689392359963027, -6.5090327809081785, -3.638312209777873, 0.009740715249177164, -5.486961863475776]"
26,0.2,0.003,0.0001,allowed_drift,0,2026093672,0.0026965025258932677,162,160,drift_aware,True,gamma,0.002456462969640629,0,74886.12882902673,True,2,48,0.03394746804657854,log_gr,"[1.049775031711592, -5.766563823022235, 6.775380909493274, -9.210340371976129, 0.9694951037360128, -6.0090327809081785, -3.6657594658963966, 0.00816797233690456, -5.170303872741349]"
26,0.2,0.003,0.0001,allowed_drift,0,2026093672,0.0026965025258932677,162,160,drift_aware,True,gamma,0.002456462969640629,1,3350361.9578404184,False,0,100,1448490313.2293308,,"[1.104624030256835, -6.748364509598843, 4.827596030877046, -3.069195412430008, 0.9689591807392182, -6.0090327809081785, -3.6431931691690864, 0.009609773061862838, -5.609358381610117]"
26,0.2,0.003,0.0001,allowed_drift,0,2026093672,0.0026965025258932677,162,160,drift_aware,True,gamma,0.0028540027941224904,0,5171.49204819177,False,0,100,200.18278483163184,,"[1.050007573890026, -5.766666293705411, 6.763036333932957, -9.057008390129148, 0.9695834369457456, -5.859032780908178, -3.665311811318339, 0.008002230299235559, -5.244118956110068]"
26,0.2,0.003,0.0001,allowed_drift,0,2026093672,0.0026965025258932677,162,160,drift_aware,True,gamma,0.0028540027941224904,1,1110152.424841951,False,0,100,935074019.3467258,,"[1.0827115715209406, -6.635682463353161, 5.424665952870219, -2.8596898895880645, 0.9690722077874467, -5.859032780908178, -3.6530527152695753, 0.00920555542212244, -5.678057586521964]"
26,0.2,0.003,0.0001,allowed_drift,0,2026093672,0.0026965025258932677,162,160,drift_aware,True,gamma,0.0029704768576978686,0,478.0240331560444,True,3,19,0.00569074818870918,,"[1.0500577052230522, -5.798482003949785, 6.760363761624332, -5.239268789337956, 0.9695862792584686, -5.819032780908178, -3.665192684770937, 0.007998851076141403, -5.285991336889355]"
26,0.2,0.003,0.0001,allowed_drift,0,2026093672,0.0026965025258932677,162,160,drift_aware,True,gamma,0.0029704768576978686,1,3940135.264701727,False,0,100,1484216637.553268,,"[1.1122984812537338, -6.549554485126015, 4.654999815065053, -3.304345266381411, 0.9690919752638985, -5.819032780908178, -3.638723090481255, 0.00942765735244064, -5.691528601931447]"
26,0.2,0.003,0.0001,allowed_drift,0,2026093672,0.0026965025258932677,162,160,drift_aware,True,gamma,0.003000330646437386,0,274.34057703476725,True,2,2,0.004365173504298619,,"[1.0500710251483014, -5.807306526439353, 6.759647952469976, -5.003803350364646, 0.9695866278873354, -5.809032780908178, -3.6651617193038333, 0.007998740440805438, -5.29731474035599]"
26,0.2,0.003,0.0001,allowed_drift,0,2026093672,0.0026965025258932677,162,160,drift_aware,True,gamma,0.003000330646437386,1,2727024.041326776,False,0,100,388124909.0040226,,"[1.1019357967509198, -6.882797860599141, 4.892176987599859, -2.9671726346040477, 0.9689611261480335, -5.809032780908178, -3.644094378837476, 0.009588768487121244, -5.824584537394204]"
26,0.2,0.003,0.0001,allowed_drift,0,2026093672,0.0026965025258932677,162,160,drift_aware,True,gamma,0.0030304844707418313,0,482.09585936808276,True,2,21,0.015476006094854026,,"[1.0500848549095778, -5.81629191661221, 6.758902648918012, -4.8118493254420915, 0.9695869870471736, -5.7990327809081785, -3.6651301014024957, 0.007998620812789261, -5.308878779134691]"
26,0.2,0.003,0.0001,allowed_drift,0,2026093672,0.0026965025258932677,162,160,drift_aware,True,gamma,0.0030304844707418313,1,1433305.6335047886,False,0,100,1096141063.5948217,,"[1.089893250172857, -6.344270470560254, 5.210892942607767, -3.23709779407049, 0.9692433721843442, -5.7990327809081785, -3.649507474383803, 0.008925966644842593, -5.606719869136893]"
26,0.2,0.003,0.0001,allowed_drift,0,2026093672,0.0026965025258932677,162,160,drift_aware,True,gamma,0.003154160888170815,0,5678.967494104302,True,2,36,0.30192762157100483,,"[1.0501455130573973, -5.853929231050788, 6.755612793682385, -4.2731902846090355, 0.9695885335822084, -5.7590327809081785, -3.6649968344930324, 0.00799804824307013, -5.357704905243503]"
26,0.2,0.003,0.0001,allowed_drift,0,2026093672,0.0026965025258932677,162,160,drift_aware,True,gamma,0.003154160888170815,1,749655.1924424255,False,0,100,751893457.5623122,,"[1.0786999464879574, -6.441006701835713, 5.555221357922769, -2.970532617322753, 0.9692212665420372, -5.7590327809081785, -3.6543721609634403, 0.008887160331800882, -5.6842608703861215]"
26,0.2,0.003,0.0001,allowed_drift,0,2026093672,0.0026965025258932677,162,160,drift_aware,True,gamma,0.0036646121269511096,0,100877.17878113475,True,2,41,0.1945658531199524,,"[1.0504617293217235, -6.024353844094984, 6.7381665410913865, -3.284293912377744, 0.9695961515779354, -5.609032780908178, -3.6643858821409214, 0.007994324661888017, -5.587740824126204]"
26,0.2,0.003,0.0001,allowed_drift,0,2026093672,0.0026965025258932677,162,160,drift_aware,True,gamma,0.0036646121269511096,1,4332064.512321146,False,0,100,1409218723.0465734,,"[1.1133504766297613, -7.7601125151276396, 4.63044348309652, -2.8534947735054232, 0.9687954019873523, -5.609032780908178, -3.637840402715743, 0.010041856675358809, -6.414245406163066]"
26,0.2,0.003,0.0001,allowed_drift,0,2026093672,0.0026965025258932677,162,160,drift_aware,True,gamma,0.006041923962569933,0,2143692.1969698863,True,2,63,124.67148555922427,log_gr,"[1.0548008094053514, -6.2668308270868325, 6.517305893226152, -2.8134107167672013, 0.9700248905210487, -5.109032780908178, -3.6592553580929588, 0.007248457192373305, -7.116353279212398]"
26,0.2,0.003,0.0001,allowed_drift,0,2026093672,0.0026965025258932677,162,160,drift_aware,True,gamma,0.006041923962569933,1,2236056.8908655047,False,0,100,256729146.471282,log_gr,"[1.0660939703131798, -6.410971418747875, 6.0168633930225095, -2.813519509621006, 0.9699365129460767, -5.109032780908178, -3.655116780303896, 0.007479494647697397, -7.544709795587462]"
26,0.2,0.003,0.0001,allowed_drift,0,2026093672,0.0026965025258932677,162,160,drift_aware,True,gamma,0.02216961146186671,0,903477650.798832,False,0,100,44691922.89477433,,"[1.0441677874778896, -5.7673670911500485, 7.0897261265282445, -8.256442528256, 0.9878458921686379, -3.8090327809081783, -3.6565945388579886, -0.025645132921500138, -9.199563556300745]"
26,0.2,0.003,0.0001,allowed_drift,0,2026093672,0.0026965025258932677,162,160,drift_aware,True,gamma,0.02216961146186671,1,916257551.3696724,False,0,100,3841691684.652709,log_gb_signal,"[1.0852718109277466, -5.769963444925356, 5.346929322569338, -7.836390777544705, 0.9899323929256286, -3.8090327809081783, -3.6564302222750684, -0.030722075304877687, -9.210340369436373]"
26,0.2,0.003,0.0001,allowed_drift,0,2026093672,0.0026965025258932677,162,160,drift_aware,True,gamma,0.029999999999999995,0,1220468188.9139798,False,0,100,41183349.97259105,log_gd,"[1.0444641872294853, -5.767816779452045, 7.072044120359233, -7.984533839270511, 1.0020247713009676, -3.506557897319982, -3.7059741820162797, -0.04956102328946491, -9.208773090806849]"
26,0.2,0.003,0.0001,allowed_drift,0,2026093672,0.0026965025258932677,162,160,drift_aware,True,gamma,0.029999999999999995,1,1266379369.6907423,False,0,100,494506428.508401,log_gd,"[1.0774419591537856, -5.770055865072009, 5.599706319305713, -7.738657818090883, 0.9902408813666017, -3.506557897319982, -3.6117041306941857, -0.027573436591444477, -9.208358357697792]"
26,0.2,0.003,0.0001,allowed_drift,0,2026093672,0.0026965025258932677,162,160,extended,True,omega,0.85,0,1771998650.7808404,True,2,98,255.12535464008693,log_gr;omega_d;log_t;drift_u;log_gb_signal,"[1.1423297945010804, -5.7677468364865945, 4.105000241436904, -9.210340371240676, 0.85, -4.282154409218313, -2.525728644308256, -0.049999999999999996, -9.210340371976176, -0.03563141246776975]"
26,0.2,0.003,0.0001,allowed_drift,0,2026093672,0.0026965025258932677,162,160,extended,True,omega,0.85,1,10035629904.137547,True,2,83,834467.5474914963,log_gb;remote_sq;log_gr;omega_d;drift_u,"[1.0314493685981725, -3.5065578973199822, 4.000000000000001, -2.813410716760037, 0.85, -5.418442591098091, -11.509459556299873, -0.049999999999999996, -5.124329667132078, -0.04782696748448207]"
26,0.2,0.003,0.0001,allowed_drift,0,2026093672,0.0026965025258932677,162,160,extended,True,omega,0.8895936239259024,0,1865211000.175758,False,0,100,179756369.5315117,log_gr;drift_u;log_gb_signal,"[1.1386223954025279, -5.767702047102148, 4.1643042842519895, -9.210340371951244, 0.8895936239259024, -3.715324148179049, -3.4353820936057176, 0.049999999999999996, -9.21034037197618, -0.07159514485277915]"
26,0.2,0.003,0.0001,allowed_drift,0,2026093672,0.0026965025258932677,162,160,extended,True,omega,0.8895936239259024,1,10027330289.14642,False,0,100,182958784.66894493,log_gb;remote_sq;log_gr;drift_u,"[1.0357615488497633, -3.5065578973199822, 4.000498395678186, -2.813410716760037, 0.8895936239259024, -8.119537236791293, -8.419008375937333, -0.04999999999999932, -5.092683839534846, 0.05526273505433999]"
26,0.2,0.003,0.0001,allowed_drift,0,2026093672,0.0026965025258932677,162,160,extended,True,omega,0.9495936239259023,0,98093942.0605965,False,0,100,862814.490235665,log_gr,"[1.0383695455396296, -6.107282490657918, 7.4504630808627486, -2.813417247370391, 0.9495936239259023, -7.587444184442382, -3.736096453274151, 0.04663846816347345, -4.986254171867344, 0.00385783680199479]"
26,0.2,0.003,0.0001,allowed_drift,0,2026093672,0.0026965025258932677,162,160,extended,True,omega,0.9495936239259023,1,99803298.99747522,False,0,100,1904945862.6239853,,"[1.0880241958339092, -6.828169691492634, 5.262714082494144, -2.814173615271406, 0.9495936239259023, -7.197890085613579, -3.709696990971682, 0.04768280372924081, -5.224203256413864, 0.005783557999805789]"
26,0.2,0.003,0.0001,allowed_drift,0,2026093672,0.0026965025258932677,162,160,extended,True,omega,0.9645936239259023,0,6361244.508835847,True,2,69,194.88568589708254,log_gr,"[1.049922582630172, -6.214102407831364, 6.765217128681353, -2.8134107167641047, 0.9645936239259023, -6.2864258589193796, -3.640474340680271, 0.017955022107179818, -5.271705324239059, 0.0189565310774959]"
26,0.2,0.003,0.0001,allowed_drift,0,2026093672,0.0026965025258932677,162,160,extended,True,omega,0.9645936239259023,1,1788176704.2644553,False,0,100,99223.94484721897,remote_sq;log_gr;drift_u;log_gb_signal,"[1.1492566145633012, -5.767828178097301, 4.000026927939146, -9.210199421318773, 0.9645936239259023, -4.218526868995791, -4.112164390913908, -0.049999999999999996, -9.210340355633805, -0.01121619129039464]"
26,0.2,0.003,0.0001,allowed_drift,0,2026093672,0.0026965025258932677,162,160,extended,True,omega,0.9685936239259023,0,234862.15564081917,True,2,59,83.13086428288518,log_gr,"[1.04900890871257, -6.204774470247718, 6.814118135859507, -2.813410716760037, 0.9685936239259023, -5.818203476783699, -3.656958089642319, 0.009980575039692302, -5.511482929883272, 0.005526840970325394]"
26,0.2,0.003,0.0001,allowed_drift,0,2026093672,0.0026965025258932677,162,160,extended,True,omega,0.9685936239259023,1,1058035.1185422186,False,0,100,191240495.23195708,,"[1.0822881590261901, -6.2778343338913345, 5.439821843717713, -3.2261463504471277, 0.9685936239259023, -5.801363643453624, -3.6594009949837325, 0.010120340827080848, -5.571468796046716, -0.002698932653073165]"
26,0.2,0.003,0.0001,allowed_drift,0,2026093672,0.0026965025258932677,162,160,extended,True,omega,0.9694936239259023,0,2330.19112150492,True,2,28,0.05185260069563955,,"[1.049947719380329, -5.846807437837111, 6.766101284117405, -4.350505331669267, 0.9694936239259023, -5.809407483978318, -3.6643070164979292, 0.008184326908328913, -5.320746957717054, 0.0005577297919906839]"
26,0.2,0.003,0.0001,allowed_drift,0,2026093672,0.0026965025258932677,162,160,extended,True,omega,0.9694936239259023,1,164404.24103042975,False,0,100,5948305.589955884,log_gr,"[1.0655106508666912, -6.402929052996011, 6.0406483909616995, -2.8136748878610507, 0.9694936239259023, -5.7985598744564895, -3.699815075513393, 0.008139328318242704, -5.626093303844151, -0.020315457632452027]"
26,0.2,0.003,0.0001,allowed_drift,0,2026093672,0.0026965025258932677,162,160,extended,True,omega,0.9695836239259024,0,276.484025688904,True,2,41,1.4065172303313842,,"[1.0500668576655143, -5.808468643679187, 6.759866841833136, -4.976583484974246, 0.9695836239259024, -5.809043996064678, -3.6649467255289574, 0.008005562481205566, -5.298009816186991, 0.0001269719584052182]"
26,0.2,0.003,0.0001,allowed_drift,0,2026093672,0.0026965025258932677,162,160,extended,True,omega,0.9695836239259024,1,1522304.8376663981,False,0,100,828936324.7053539,,"[1.0870647798864768, -6.80505968987028, 5.291489253063638, -2.8163739079653585, 0.9695836239259024, -5.430441566824827, -3.676498023709665, 0.008119738315276308, -6.382903553309834, -0.01192352506532037]"
26,0.2,0.003,0.0001,allowed_drift,0,2026093672,0.0026965025258932677,162,160,extended,True,omega,0.9695936239259023,0,277.25712945267634,True,2,18,0.009863038793009158,,"[1.0500830322260548, -5.817522156736968, 6.758997004251965, -4.788276156090292, 0.9695936239259023, -5.809151261680692, -3.6781771332956903, 0.007937667661360923, -5.303366114892116, -0.007546907874836405]"
26,0.2,0.003,0.0001,allowed_drift,0,2026093672,0.0026965025258932677,162,160,extended,True,omega,0.9695936239259023,1,468488.44760911656,False,0,100,146959927.92681998,,"[1.0757544608229521, -5.916437955788138, 5.657733614007311, -4.185272121819587, 0.9695936239259023, -5.7971012183288755, -3.695223048667918, 0.00798891501614021, -5.375879737277386, -0.01866871612922685]"
26,0.2,0.003,0.0001,allowed_drift,0,2026093672,0.0026965025258932677,162,160,extended,True,omega,0.9696036239259023,0,287.70064413025375,True,2,23,0.013916521796871398,,"[1.0500928617013927, -5.826968382411142, 6.758459739261137, -4.624902801804564, 0.9696036239259023, -5.809365177380937, -3.6855156890504976, 0.007900104482769135, -5.308879794113495, -0.01178112489335036]"
26,0.2,0.003,0.0001,allowed_drift,0,2026093672,0.0026965025258932677,162,160,extended,True,omega,0.9696036239259023,1,784900.7404161107,False,0,100,6720921.09313358,log_gr,"[1.082475129986748, -6.698996615031658, 5.432309866038422, -2.8138803914593944, 0.9696036239259023, -5.750477834933469, -3.704824171999909, 0.007975452315657643, -5.808255536270757, -0.02331526888949724]"
26,0.2,0.003,0.0001,allowed_drift,0,2026093672,0.0026965025258932677,162,160,extended,True,omega,0.9696936239259023,0,380.3071026777044,False,0,100,112901.11513895594,,"[1.0501131199457248, -5.766983051950667, 6.75745059701573, -8.679887314910921, 0.9696936239259023, -5.811410453640263, -3.7238639805748153, 0.007731269380484545, -5.271394308113008, -0.03365424326703686]"
26,0.2,0.003,0.0001,allowed_drift,0,2026093672,0.0026965025258932677,162,160,extended,True,omega,0.9696936239259023,1,511990.2671144959,False,0,100,17031863.674446765,log_gr,"[1.0769347694335156, -6.588741504372724, 5.614399693744159, -2.8139425626067753, 0.9696936239259023, -5.789863296976836, -3.71257875686975, 0.007772848807724396, -5.719974861543153, -0.026663686682961714]"
26,0.2,0.003,0.0001,allowed_drift,0,2026093672,0.0026965025258932677,162,160,extended,True,omega,0.9705936239259023,0,3585.2975980860006,True,2,34,0.06429826302106395,link_l,"[1.050717262286116, -5.792555555713641, 6.725671181797444, -5.449475598937333, 0.9705936239259023, -5.809163208559026, -3.845446249819569, 0.00700900163152682, -5.288244287238642, -0.09999999999999999]"
26,0.2,0.003,0.0001,allowed_drift,0,2026093672,0.0026965025258932677,162,160,extended,True,omega,0.9705936239259023,1,5352.61666224724,False,0,100,20828149.141757518,link_l,"[1.0523971658660105, -5.790348501630534, 6.63912116359662, -5.565159278840713, 0.9705936239259023, -5.807738523649214, -3.8476781663805624, 0.007020075809281076, -5.288095100208277, -0.09999622295040952]"
26,0.2,0.003,0.0001,allowed_drift,0,2026093672,0.0026965025258932677,162,160,extended,True,omega,0.9745936239259023,0,3782674.615299907,True,2,63,57.627464637262925,log_gr;link_l,"[1.0681516042360228, -6.441452457922917, 5.935360323903645, -2.813410716760037, 0.9745936239259023, -5.829484595503489, -3.868750228985537, -0.000806376124400331, -5.613799958543236, -0.09999999999999999]"
26,0.2,0.003,0.0001,allowed_drift,0,2026093672,0.0026965025258932677,162,160,extended,True,omega,0.9745936239259023,1,3785876.569776246,False,0,100,1408790.7760252988,log_gr;link_l,"[1.0697993077967896, -6.466561547128286, 5.87183859451987, -2.81347336973864, 0.9745936239259023, -5.818471669336308, -3.8708517553521253, -0.0008017298124295901, -5.634529714732712, -0.09999999619762547]"
26,0.2,0.003,0.0001,allowed_drift,0,2026093672,0.0026965025258932677,162,160,extended,True,omega,0.9895936239259023,0,82670903.84485684,False,0,100,499808773.6619417,log_gr;link_l,"[1.1072242940413146, -7.57394131966576, 4.76599934422348, -2.813636160824185, 0.9895936239259023, -7.079776206678115, -3.9689036411394993, -0.031207721664879867, -5.327556720985932, -0.09999999999999991]"
26,0.2,0.003,0.0001,allowed_drift,0,2026093672,0.0026965025258932677,162,160,extended,True,omega,0.9895936239259023,1,82578070.13333626,True,2,77,3702.2874988245335,log_gr;link_l,"[1.1145449743821598, -8.192983697526618, 4.605339647558329, -2.8134107167600595, 0.9895936239259023, -6.994803868256439, -3.977748152048285, -0.03131387285894579, -5.394024117474571, -0.09999999999999999]"
26,0.2,0.003,0.0001,allowed_drift,0,2026093672,0.0026965025258932677,162,160,extended,True,omega,1.0495936239259023,0,1469591008.6295424,True,2,87,31397.48036728019,remote_sq;log_gr;drift_u;log_gb_signal;link_l,"[1.1492689283869417, -5.767837969562472, 4.000000000000458, -9.210340371731327, 1.0495936239259023, -3.6784890339609224, -3.5881396790823046, -0.049999999999999975, -9.21034037197522, -0.09999999999999727]"
26,0.2,0.003,0.0001,allowed_drift,0,2026093672,0.0026965025258932677,162,160,extended,True,omega,1.0495936239259023,1,1469591008.6308377,True,2,60,61622.60853398512,remote_sq;log_gr;drift_u;log_gb_signal;link_l,"[1.1492689283723188, -5.767837969777357, 4.000000000034269, -9.21034037197544, 1.0495936239259023, -3.678489046852335, -3.5881394571411263, -0.04999999999999371, -9.21034037197605, -0.09999999999998309]"
26,0.2,0.003,0.0001,allowed_drift,0,2026093672,0.0026965025258932677,162,160,extended,True,omega,1.1,0,1442482511.1150365,False,0,100,32882965.612178095,omega_d;drift_u;link_l,"[1.1482340130015702, -5.78537697259201, 4.015324027098993, -7.001533804531847, 1.1, -4.105104873392759, -2.569763264162966, 0.04999999999899086, -8.720080839081522, -0.09999729054125425]"
26,0.2,0.003,0.0001,allowed_drift,0,2026093672,0.0026965025258932677,162,160,extended,True,omega,1.1,1,1442173826.4296632,True,2,54,1947.5488492210388,remote_sq;log_gr;omega_d;drift_u;log_gb_signal;link_l,"[1.149277072310775, -5.767842365416367, 4.000000000000001, -9.210340371954427, 1.1, -4.0914037795781395, -2.570042058117306, 0.049999999999999996, -9.210340371975489, -0.09999999999999999]"
26,0.2,0.003,0.0001,allowed_drift,0,2026093672,0.0026965025258932677,162,160,extended,True,gamma,0.00010000000000000009,0,1919003.2512172882,True,2,66,3.6592218429780314,log_gd;link_l,"[1.0498868250867226, -6.027354824709172, 6.768495711467643, -3.263742139760151, 0.9704729119153769, -9.210340371976182, -3.8458830418379866, 0.007215373957360155, -4.9130253188470245, -0.09999999999999999]"
26,0.2,0.003,0.0001,allowed_drift,0,2026093672,0.0026965025258932677,162,160,extended,True,gamma,0.00010000000000000009,1,1865221327.594485,False,0,100,1423850885.5857687,log_gd,"[1.141700128678186, -9.166059341513803, 4.1116763184467615, -3.033962064450744, 0.9709477861010902, -9.210340371976182, -3.7179109295873016, -0.04916128743799072, -4.428539842069748, 0.09954180223370847]"
26,0.2,0.003,0.0001,allowed_drift,0,2026093672,0.0026965025258932677,162,160,extended,True,gamma,0.0004060158194114503,0,1534033.2197254363,True,2,67,0.5021069679407274,link_l,"[1.0498368807662735, -5.998054527752858, 6.771325954910889, -3.3676423552495476, 0.9704728350335092, -7.8091184350540095, -3.845788423973741, 0.007214332780671658, -4.946077757693521, -0.09999999999999999]"
26,0.2,0.003,0.0001,allowed_drift,0,2026093672,0.0026965025258932677,162,160,extended,True,gamma,0.0004060158194114503,1,11785937.500018341,False,0,100,2828197834.676162,,"[1.1069269316520072, -6.368249011732996, 4.774359409382476, -3.3764128555053974, 0.9700352406273585, -7.8091184350540095, -3.494197328634648, 0.009383096488573783, -5.0550351094496735, 0.05964100351730986]"
26,0.2,0.003,0.0001,allowed_drift,0,2026093672,0.0026965025258932677,162,160,extended,True,gamma,0.001489792493167131,0,518415.78237132943,True,2,94,2.764305490235938,link_l,"[1.0498140087488994, -5.900608859532166, 6.7730243941732855, -3.8643935226293338, 0.9704725794176551, -6.50911843505401, -3.845416107130685, 0.0072183436907163525, -5.07252150624631, -0.09999999999997873]"
26,0.2,0.003,0.0001,allowed_drift,0,2026093672,0.0026965025258932677,162,160,extended,True,gamma,0.001489792493167131,1,170868404.23177445,False,0,100,6846588143.48161,,"[1.123787089335936, -9.209726507545168, 4.421145447600644, -2.86277941673788, 0.986621233634684, -6.50911843505401, -3.453286498455734, -0.026280723763081007, -5.29248417317146, 0.07945014659490837]"
26,0.2,0.003,0.0001,allowed_drift,0,2026093672,0.0026965025258932677,162,160,extended,True,gamma,0.0024562525724140245,0,67307.97408065233,False,0,100,4692027.013894119,,"[1.0499844870562804, -5.826039484436983, 6.764199091553965, -4.637583063336966, 0.9703129237583981, -6.00911843505401, -3.8274273878757388, 0.007303263998090847, -5.202924902006631, -0.09057179252029043]"
26,0.2,0.003,0.0001,allowed_drift,0,2026093672,0.0026965025258932677,162,160,extended,True,gamma,0.0024562525724140245,1,1724165875.9613554,False,0,100,8364781163.599432,link_l,"[1.1386837344489107, -8.241048979163276, 4.158260780021658, -3.0604128923486065, 0.9753942844323382, -6.00911843505401, -3.6710727390297313, -0.04977182986925022, -4.755628825176464, 0.09999767245707915]"
26,0.2,0.003,0.0001,allowed_drift,0,2026093672,0.0026965025258932677,162,160,extended,True,gamma,0.0028537583474200464,0,5145.632597767562,False,0,100,12665.818885650659,,"[1.0500687185679378, -5.799623164351949, 6.759779671189661, -5.205544467255209, 0.9698083801664192, -5.859118435054009, -3.7531872682346807, 0.00761745680487925, -5.263495209519812, -0.05004735200559022]"
26,0.2,0.003,0.0001,allowed_drift,0,2026093672,0.0026965025258932677,162,160,extended,True,gamma,0.0028537583474200464,1,9229051.05442314,False,0,100,2683884995.905029,,"[1.120909109681963, -6.636162491406792, 4.477701768843634, -3.3355438214030007, 0.9691312297255131, -5.859118435054009, -3.428203341957691, 0.012851045052003829, -5.683227083278932, 0.07800329599305955]"
26,0.2,0.003,0.0001,allowed_drift,0,2026093672,0.0026965025258932677,162,160,extended,True,gamma,0.002970222434936249,0,480.1898915782154,True,4,44,0.006888384620739348,,"[1.0500676464561962, -5.806589707433943, 6.759827709565955, -5.020876188007923, 0.9695924835372063, -5.819118435054009, -3.6793251847143877, 0.007936246943791508, -5.290788488303264, -0.008192392281983138]"
26,0.2,0.003,0.0001,allowed_drift,0,2026093672,0.0026965025258932677,162,160,extended,True,gamma,0.002970222434936249,1,31335868.811056834,False,0,100,15753567781.928734,,"[1.1097849915159117, -7.007113018389446, 4.7045073280177565, -3.0102333545869953, 0.9734043283372747, -5.819118435054009, -3.4499824976109017, 0.0030929188018195553, -5.739038894142274, 0.07453937142557547]"
26,0.2,0.003,0.0001,allowed_drift,0,2026093672,0.0026965025258932677,162,160,extended,True,gamma,0.003000073666684502,0,274.3537151315929,True,2,52,4.6379679999404635,,"[1.050071282487506, -5.807543324597703, 6.759634008731602, -4.998214358477447, 0.969586642754023, -5.8091184350540095, -3.665680595426373, 0.007996435377680916, -5.297404671766376, -0.00030161323719665967]"
26,0.2,0.003,0.0001,allowed_drift,0,2026093672,0.0026965025258932677,162,160,extended,True,gamma,0.003000073666684502,1,2399439.884567619,False,0,100,2910224714.943133,,"[1.0985958292491798, -6.462604077751343, 4.975477413722427, -3.209729246593623, 0.9694653660880893, -5.8091184350540095, -3.6847234210802577, 0.008343484346265525, -5.6572514873276045, -0.015798002893284216]"
26,0.2,0.003,0.0001,allowed_drift,0,2026093672,0.0026965025258932677,162,160,extended,True,gamma,0.0030302249082994935,0,477.5450297326689,True,3,81,0.04741692364469252,,"[1.050076939026867, -5.809330328720523, 6.759332202982814, -4.957125035285138, 0.9695901506912752, -5.79911843505401, -3.654522925139674, 0.008045973443724343, -5.304630080004461, 0.006185399792384372]"
26,0.2,0.003,0.0001,allowed_drift,0,2026093672,0.0026965025258932677,162,160,extended,True,gamma,0.0030302249082994935,1,4446957.084946886,False,0,100,907360705.858707,,"[1.1076172318895383, -6.609732350034888, 4.758852208564781, -3.195049161562154, 0.9684876198339261, -5.79911843505401, -3.5500936954165603, 0.011512482852594865, -5.733378459988403, 0.03611453270739179]"
26,0.2,0.003,0.0001,allowed_drift,0,2026093672,0.0026965025258932677,162,160,extended,True,gamma,0.0031538907327842546,0,5636.807983227335,True,2,89,96.64079156646642,,"[1.0501194514587413, -5.823182583680594, 6.757061032546543, -4.687577134198771, 0.9696156076067632, -5.75911843505401, -3.6345104121965806, 0.008136099076504042, -5.338818670416115, 0.017857063505784004]"
26,0.2,0.003,0.0001,allowed_drift,0,2026093672,0.0026965025258932677,162,160,extended,True,gamma,0.0031538907327842546,1,4197515.207874639,False,0,100,1449639461.3421218,,"[1.1081578371207776, -6.231562114934832, 4.74722102048635, -3.6202869632867722, 0.9690857839220999, -5.75911843505401, -3.4828581804071836, 0.011619524391330904, -5.594025052106202, 0.06332784139597976]"
26,0.2,0.003,0.0001,allowed_drift,0,2026093672,0.0026965025258932677,162,160,extended,True,gamma,0.003664298251172146,0,100411.68739627546,True,2,77,1.6266811088522832,,"[1.050384028814572, -5.901038998992047, 6.742881402587158, -3.8717773887727893, 0.9696358989482392, -5.609118435054009, -3.625656704158789, 0.00818045674087068, -5.506221092627357, 0.022684759828123187]"
26,0.2,0.003,0.0001,allowed_drift,0,2026093672,0.0026965025258932677,162,160,extended,True,gamma,0.003664298251172146,1,1100366.881789221,False,0,100,217919049.0319805,,"[1.0860144916241838, -6.036050090807287, 5.325772712084304, -3.8035674933844383, 0.96950845972883, -5.609118435054009, -3.6133817471823892, 0.008670963868134266, -5.609887715635273, 0.016492477854724352]"
26,0.2,0.003,0.0001,allowed_drift,0,2026093672,0.0026965025258932677,162,160,extended,True,gamma,0.006041406468896797,0,2083550.1595051226,True,2,55,158.24089321290424,log_gr,"[1.0524658789271684, -6.240959206180129, 6.633282466003923, -2.813410716761829, 0.96972470571102, -5.109118435054009, -3.6012938082735055, 0.00830824321241233, -7.0574401016276775, 0.03413310783853071]"
26,0.2,0.003,0.0001,allowed_drift,0,2026093672,0.0026965025258932677,162,160,extended,True,gamma,0.006041406468896797,1,2472736.018510566,False,0,100,270365006.997779,,"[1.0756799710944236, -6.432155244128314, 5.6582042293857695, -2.9373243450665543, 0.9697266253929699, -5.109118435054009, -3.6246345813367458, 0.008136996504023, -7.667508696038784, 0.012773832442295555]"
26,0.2,0.003,0.0001,allowed_drift,0,2026093672,0.0026965025258932677,162,160,extended,True,gamma,0.02216771262405636,0,902521826.0398784,False,0,100,81432902.71349475,,"[1.0430699876680096, -5.767339989419958, 7.155283560037685, -8.254476701437477, 0.9879509947300431, -3.8091184350540095, -3.7198541090272457, -0.02583308836023158, -9.202785025314322, -0.03864901960630324]"
26,0.2,0.003,0.0001,allowed_drift,0,2026093672,0.0026965025258932677,162,160,extended,True,gamma,0.02216771262405636,1,911374968.9361475,False,0,100,24568800.369245995,log_gb_signal,"[1.0789041380804893, -5.76993505461454, 5.55095931096025, -7.78978275696296, 0.9901700542655668, -3.8091184350540095, -3.7906044150882754, -0.030403925652427714, -9.210332720297783, -0.060868237703969666]"
26,0.2,0.003,0.0001,allowed_drift,0,2026093672,0.0026965025258932677,162,160,extended,True,gamma,0.029999999999999995,0,1221617303.826857,False,0,100,30628821.06645442,log_gd,"[1.0469077195112322, -5.769399011030433, 6.931762100587477, -7.415011879643171, 1.0014579683515523, -3.506557897319982, -3.7639466723930277, -0.04830204115794526, -9.197361777154374, -0.0387153138576878]"
26,0.2,0.003,0.0001,allowed_drift,0,2026093672,0.0026965025258932677,162,160,extended,True,gamma,0.029999999999999995,1,9990297709.82943,False,0,100,1961114.0999380255,log_gb;remote_sq;log_gr;log_gd;log_t;drift_u;link_l,"[1.0388743981291126, -3.5065578973199822, 4.000013630588655, -2.813410716760037, 0.9441369841497577, -3.506557897319982, -11.512396276037839, -0.049999999999999996, -5.273307175023966, 0.09999999999999999]"
30,0.2,0.003,0.001,zero_drift,0,2026093820,0.026965025258932674,162,160,unchanged,True,omega,0.85,0,26048205.730737597,False,0,100,42230.11444190253,remote_sq;omega_d,"[1.1492672242314947, -5.791176598774334, 4.000000054531047, -6.794317333901698, 0.85, -4.913553070810575, -2.7482681980448223]"
30,0.2,0.003,0.001,zero_drift,0,2026093820,0.026965025258932674,162,160,unchanged,True,omega,0.85,1,119082631.77948149,True,2,18,1282.8028074796605,log_gb;remote_sq;log_gr;omega_d;log_gd;log_t,"[0.9888820024961718, -3.5065578973199822, 4.000000000000191, -2.813410716760037, 0.85, -9.21034017159256, -11.512925464542082]"
30,0.2,0.003,0.001,zero_drift,0,2026093820,0.026965025258932674,162,160,unchanged,True,omega,0.8895848614917065,0,30122975.898087338,True,2,56,1908.808587016033,remote_sq;log_gr,"[1.1492765619677041, -5.782291860933288, 4.000000000000088, -9.210340364296583, 0.8895848614917065, -4.386323288397714, -2.9460899022204177]"
30,0.2,0.003,0.001,zero_drift,0,2026093820,0.026965025258932674,162,160,unchanged,True,omega,0.8895848614917065,1,119101118.53557578,True,2,23,1046.8256632440234,log_gb;remote_sq;log_gr;log_gd;log_t,"[0.9891646365197581, -3.5065578973199822, 4.0000000000000515, -2.813410716760037, 0.8895848614917065, -3.5065578973205747, -11.512925464903534]"
30,0.2,0.003,0.001,zero_drift,0,2026093820,0.026965025258932674,162,160,unchanged,True,omega,0.9495848614917064,0,29017887.650673147,True,2,86,534.8178509956612,remote_sq;log_gr,"[0.9980783000089415, -5.768646718027155, 11.999999887593068, -9.21034037197618, 0.9495848614917064, -3.7838948542904305, -3.5317759573525125]"
30,0.2,0.003,0.001,zero_drift,0,2026093820,0.026965025258932674,162,160,unchanged,True,omega,0.9495848614917064,1,29027089.17542638,False,0,100,4456999.836462745,log_gr,"[1.0166754880721693, -5.768876041290358, 9.309506848896689, -9.21034037197618, 0.9495848614917064, -3.787762514696762, -3.527251312675859]"
30,0.2,0.003,0.001,zero_drift,0,2026093820,0.026965025258932674,162,160,unchanged,True,omega,0.9645848614917064,0,8720611.675231181,True,2,80,9132.795028386568,remote_sq;log_gr,"[0.9984504488987952, -5.860503840011358, 11.999999984559505, -2.813410716760037, 0.9645848614917064, -5.26240909715431, -3.7001071148174556]"
30,0.2,0.003,0.001,zero_drift,0,2026093820,0.026965025258932674,162,160,unchanged,True,omega,0.9645848614917064,1,8727014.967872433,False,0,100,7739248.773912958,log_gr,"[1.0074403322960641, -5.898203041798342, 10.510853964502273, -2.813410716760037, 0.9645848614917064, -5.263049393180604, -3.698499927528479]"
30,0.2,0.003,0.001,zero_drift,0,2026093820,0.026965025258932674,162,160,unchanged,True,omega,0.9685848614917064,0,457106.09291023016,False,0,100,4647.164151121649,log_gr,"[1.007635567728751, -5.910464570668537, 10.440942652490365, -2.813410716760037, 0.9685848614917064, -5.774543300711062, -3.6807683483666436]"
30,0.2,0.003,0.001,zero_drift,0,2026093820,0.026965025258932674,162,160,unchanged,True,omega,0.9685848614917064,1,468115.496420591,False,0,100,8457765.76529615,,"[1.0432282898600065, -6.14533599798369, 7.154591869749046, -2.8143612560534863, 0.9685848614917064, -5.780197433602172, -3.6716820650575976]"
30,0.2,0.003,0.001,zero_drift,0,2026093820,0.026965025258932674,162,160,unchanged,True,omega,0.9694848614917064,0,4685.7538060925235,True,2,32,2.2763481381519415,,"[1.043675778309927, -5.85068733131549, 7.119939769967453, -4.187271358670672, 0.9694848614917064, -5.807077455598524, -3.6676882207334067]"
30,0.2,0.003,0.001,zero_drift,0,2026093820,0.026965025258932674,162,160,unchanged,True,omega,0.9694848614917064,1,5098.4222553571235,False,0,100,503820.4790246326,,"[1.0514073203890548, -5.838675074482162, 6.69075094125439, -4.478074608531771, 0.9694848614917064, -5.80961881491946, -3.665186459310314]"
30,0.2,0.003,0.001,zero_drift,0,2026093820,0.026965025258932674,162,160,unchanged,True,omega,0.9695748614917065,0,354.0711525618626,True,2,10,0.038598022145154856,,"[1.049701542344949, -5.801809401003555, 6.779407248188959, -5.137444709175808, 0.9695748614917065, -5.809309418485454, -3.665329166815677]"
30,0.2,0.003,0.001,zero_drift,0,2026093820,0.026965025258932674,162,160,unchanged,True,omega,0.9695748614917065,1,649.4928776307996,False,0,100,2654787.796775606,,"[1.0559045642901665, -5.787311166034573, 6.466566281261418, -5.7588652407043925, 0.9695748614917065, -5.811580309617375, -3.6632293790865846]"
30,0.2,0.003,0.001,zero_drift,0,2026093820,0.026965025258932674,162,160,unchanged,True,omega,0.9695848614917064,0,310.54503716841174,True,2,6,0.003534678791316832,,"[1.05038713398994, -5.797196771131714, 6.743022596612425, -5.285600828645532, 0.9695848614917064, -5.809539438256026, -3.6650549745688266]"
30,0.2,0.003,0.001,zero_drift,0,2026093820,0.026965025258932674,162,160,unchanged,True,omega,0.9695848614917064,1,560.4454875018406,False,0,100,2645122.710815606,,"[1.0560572906737529, -5.784190453692169, 6.4592003583026285, -5.918384857558917, 0.9695848614917064, -5.811625668828178, -3.663128860264144]"
30,0.2,0.003,0.001,zero_drift,0,2026093820,0.026965025258932674,162,160,unchanged,True,omega,0.9695948614917064,0,354.01760624165826,True,2,12,0.013805403507356387,,"[1.0510758937010745, -5.792728864328128, 6.70692328713118, -5.450494480671791, 0.9695948614917064, -5.809766054828267, -3.664778307726506]"
30,0.2,0.003,0.001,zero_drift,0,2026093820,0.026965025258932674,162,160,unchanged,True,omega,0.9695948614917064,1,574.6185124022433,False,0,100,2591235.4286860824,,"[1.056380576515466, -5.781347014752321, 6.443774958610479, -6.092643384930211, 0.9695948614917064, -5.81172153638717, -3.6629687307771963]"
30,0.2,0.003,0.001,zero_drift,0,2026093820,0.026965025258932674,162,160,unchanged,True,omega,0.9696848614917064,0,4634.04146739092,True,2,54,0.025494699333077357,log_gr,"[1.0574119079180737, -5.766702764066156, 6.394769082814847, -9.210340371976173, 0.9696848614917064, -5.811542730484392, -3.66217498355631]"
30,0.2,0.003,0.001,zero_drift,0,2026093820,0.026965025258932674,162,160,unchanged,True,omega,0.9696848614917064,1,4650.283352605479,False,0,100,369004.05234859366,,"[1.0588626230630336, -5.767944765461152, 6.328149340258519, -8.197211652281418, 0.9696848614917064, -5.812060848003044, -3.6616616397363853]"
30,0.2,0.003,0.001,zero_drift,0,2026093820,0.026965025258932674,162,160,unchanged,True,omega,0.9705848614917064,0,400072.0365926997,False,0,100,2794.7131702955676,log_gr,"[1.1296121076633312, -5.76738192187847, 4.314610247249979, -9.210340371976079, 0.9705848614917064, -5.820111041765953, -3.624842707934143]"
30,0.2,0.003,0.001,zero_drift,0,2026093820,0.026965025258932674,162,160,unchanged,True,omega,0.9705848614917064,1,400072.0368529677,True,2,70,22.79099033958743,log_gr,"[1.1296204913477557, -5.767382239229787, 4.314461282167297, -9.210335967988657, 0.9705848614917064, -5.820118197131007, -3.6248380977542305]"
30,0.2,0.003,0.001,zero_drift,0,2026093820,0.026965025258932674,162,160,unchanged,True,omega,0.9745848614917064,0,7672969.765247167,True,2,72,565.5291519053525,log_gb;remote_sq,"[1.1486295253457441, -9.21034037184588, 4.000000000000003, -3.110733193003687, 0.9745848614917064, -5.326265442638266, -3.5851906370196467]"
30,0.2,0.003,0.001,zero_drift,0,2026093820,0.026965025258932674,162,160,unchanged,True,omega,0.9745848614917064,1,7672969.765247823,True,2,71,610.7151703398428,log_gb;remote_sq,"[1.1486295252749845, -9.210340371768089, 4.00000000000007, -3.110733192870588, 0.9745848614917064, -5.32626540630719, -3.5851906369047835]"
30,0.2,0.003,0.001,zero_drift,0,2026093820,0.026965025258932674,162,160,unchanged,True,omega,0.9895848614917064,0,21220814.017196707,True,2,74,11428.782892859848,log_gb;remote_sq,"[1.1490205368584592, -9.210340371975974, 4.0000000000000835, -3.1228026532847046, 0.9895848614917064, -4.779254813469342, -3.402085810053236]"
30,0.2,0.003,0.001,zero_drift,0,2026093820,0.026965025258932674,162,160,unchanged,True,omega,0.9895848614917064,1,21220814.019484922,True,2,59,23044.6212035623,log_gb;remote_sq,"[1.1490205245559362, -9.210340371976088, 4.000000000001074, -3.1228030653979686, 0.9895848614917064, -4.779242407520655, -3.402082135799371]"
30,0.2,0.003,0.001,zero_drift,0,2026093820,0.026965025258932674,162,160,unchanged,True,omega,1.0495848614917065,0,20436207.518290102,True,2,91,1327.434335414499,log_gb;remote_sq,"[1.149102284997531, -9.210340371294961, 4.000000000000527, -3.1263821542384744, 1.0495848614917065, -4.759874135716891, -2.916562216391854]"
30,0.2,0.003,0.001,zero_drift,0,2026093820,0.026965025258932674,162,160,unchanged,True,omega,1.0495848614917065,1,117750714.91464642,False,0,100,57989.713675483916,log_gb;log_gr;log_gd,"[0.9901010185194412, -3.5065579006662517, 4.030741740455931, -2.813410716760037, 1.0495848614917065, -9.210340371976166, -7.040249502687164]"
30,0.2,0.003,0.001,zero_drift,0,2026093820,0.026965025258932674,162,160,unchanged,True,omega,1.1,0,18734869.199616067,False,0,100,266198.45403685607,remote_sq;omega_d,"[1.1492583898497422, -6.2215057596053684, 4.000000000000068, -4.083855731134008, 1.1, -4.760459703031137, -2.6247807128853946]"
30,0.2,0.003,0.001,zero_drift,0,2026093820,0.026965025258932674,162,160,unchanged,True,omega,1.1,1,18732599.538389068,False,0,100,32665.125584103964,remote_sq;omega_d,"[1.1492238805551314, -6.615168926972303, 4.000002721409212, -3.6417548509057966, 1.1, -4.741943674909528, -2.6248014341687456]"
30,0.2,0.003,0.001,zero_drift,0,2026093820,0.026965025258932674,162,160,unchanged,True,gamma,0.00010000000000000009,0,6705190.310812033,False,0,100,27122.192767442586,log_gr;log_gd,"[1.1148007690387938, -5.466219082303184, 4.60306150630418, -9.21034037197618, 0.9697448215404394, -9.210340371976182, -3.6364441115934936]"
30,0.2,0.003,0.001,zero_drift,0,2026093820,0.026965025258932674,162,160,unchanged,True,gamma,0.00010000000000000009,1,53040940.02243263,False,0,100,26698283.50997497,log_gd,"[1.1485441435454136, -6.580105148326131, 4.003138490774719, -2.8180713406027795, 0.9269659429935163, -9.210340371976182, -4.344046713814574]"
30,0.2,0.003,0.001,zero_drift,0,2026093820,0.026965025258932674,162,160,unchanged,True,gamma,0.00040584492143192527,0,5248129.832267894,True,2,81,18632.948334456676,log_gr,"[1.1272581645842379, -5.523102321839693, 4.359530059262316, -9.21034037197618, 0.9697610055471594, -7.809539438246926, -3.6300184693296216]"
30,0.2,0.003,0.001,zero_drift,0,2026093820,0.026965025258932674,162,160,unchanged,True,gamma,0.00040584492143192527,1,53866453.37929601,False,0,100,3057845.222407752,remote_sq;log_gr,"[1.1486566861311738, -6.716435686801682, 4.000085719198651, -2.813410716760037, 0.9234840412351714, -7.809539438246926, -4.429806447755462]"
30,0.2,0.003,0.001,zero_drift,0,2026093820,0.026965025258932674,162,160,unchanged,True,gamma,0.001489165417780357,0,1512525.826309816,True,2,81,3236.402828147728,log_gr,"[1.1280805839292518, -5.67592519385846, 4.344942953110032, -9.21034037197618, 0.9697231537902348, -6.509539438246926, -3.6304232674129717]"
30,0.2,0.003,0.001,zero_drift,0,2026093820,0.026965025258932674,162,160,unchanged,True,gamma,0.001489165417780357,1,51630517.12642165,False,0,100,3309014.4240096174,remote_sq;log_gr,"[1.1486336862965882, -7.865709326638189, 4.000000929529794, -2.813410716760037, 0.9230145359319234, -6.509539438246926, -4.442131673815569]"
30,0.2,0.003,0.001,zero_drift,0,2026093820,0.026965025258932674,162,160,unchanged,True,gamma,0.0024552186998855175,0,160394.2356099708,True,2,59,142.17310726095164,log_gr,"[1.0859706199946964, -5.745070079320236, 5.327701239355778, -9.21034037197618, 0.9696257269764322, -6.009539438246926, -3.6514546877191707]"
30,0.2,0.003,0.001,zero_drift,0,2026093820,0.026965025258932674,162,160,unchanged,True,gamma,0.0024552186998855175,1,45239450.94569928,False,0,100,155661045.85464448,log_gb,"[1.147930579819253, -9.210340371965247, 4.009037599603174, -2.8447133051670774, 0.9310632634761162, -6.009539438246926, -4.246685940722565]"
30,0.2,0.003,0.001,zero_drift,0,2026093820,0.026965025258932674,162,160,unchanged,True,gamma,0.002852557158913811,0,10844.605989290578,True,3,43,0.8088869162916946,log_gr,"[1.0608693414854942, -5.761673756353319, 6.23945649736572, -9.210340328561234, 0.96959433204346, -5.859539438246926, -3.661435553699195]"
30,0.2,0.003,0.001,zero_drift,0,2026093820,0.026965025258932674,162,160,unchanged,True,gamma,0.002852557158913811,1,42803944.57226138,False,0,100,53328381.121209644,log_gb,"[1.1484890257610691, -9.210340371976176, 4.008533913058257, -2.8768783915574736, 0.9349605359601567, -5.859539438246926, -4.165590929190371]"
30,0.2,0.003,0.001,zero_drift,0,2026093820,0.026965025258932674,162,160,unchanged,True,gamma,0.002968972224997123,0,724.3141772637022,True,2,59,0.0005020125675136649,log_gr,"[1.0525471128608561, -5.765663526215641, 6.631587566795982, -9.210340371976176, 0.9695869760027006, -5.819539438246926, -3.664334453439457]"
30,0.2,0.003,0.001,zero_drift,0,2026093820,0.026965025258932674,162,160,unchanged,True,gamma,0.002968972224997123,1,43738775.89257621,False,0,100,10564983.150665263,log_gb,"[1.1487183737642117, -9.21034037197618, 4.0017443276312195, -2.8880985616958315, 0.9333226822671404, -5.819539438246926, -4.198716782324488]"
30,0.2,0.003,0.001,zero_drift,0,2026093820,0.026965025258932674,162,160,unchanged,True,gamma,0.002998810891926598,0,310.5450371684063,True,4,7,0.0037684655035734376,,"[1.0503871340179995, -5.797196771603676, 6.74302259513741, -5.285600814263312, 0.9695848614915678, -5.809539438246926, -3.6650549745601526]"
30,0.2,0.003,0.001,zero_drift,0,2026093820,0.026965025258932674,162,160,unchanged,True,gamma,0.002998810891926598,1,43688221.34165224,False,0,100,11599615.584860377,log_gb,"[1.148713083695613, -9.210340371976164, 4.001933250325995, -2.8893655010180597, 0.9333670510976291, -5.809539438246926, -4.197795733711642]"
30,0.2,0.003,0.001,zero_drift,0,2026093820,0.026965025258932674,162,160,unchanged,True,gamma,0.0030289494424442826,0,726.6704114136098,True,2,20,0.005129567520411753,,"[1.0481789054913189, -5.838652202821334, 6.861496761305881, -4.434003326967574, 0.9695827017848485, -5.799539438246926, -3.66577872033323]"
30,0.2,0.003,0.001,zero_drift,0,2026093820,0.026965025258932674,162,160,unchanged,True,gamma,0.0030289494424442826,1,43567635.74563752,False,0,100,16049593.36066317,log_gb,"[1.1486916070218605, -9.21034037197613, 4.0027120589212135, -2.8884555465446025, 0.9336002759035961, -5.799539438246926, -4.193002669640301]"
30,0.2,0.003,0.001,zero_drift,0,2026093820,0.026965025258932674,162,160,unchanged,True,gamma,0.0031525632141800363,0,10856.718873413345,True,2,52,0.7307569154911927,,"[1.0386771215841355, -6.06261501771984, 7.430704577806718, -2.9565839718328415, 0.969574383170036, -5.759539438246926, -3.66874725029314]"
30,0.2,0.003,0.001,zero_drift,0,2026093820,0.026965025258932674,162,160,unchanged,True,gamma,0.0031525632141800363,1,41319099.26062397,False,0,100,114003975.97798301,log_gb,"[1.1480191561739241, -9.210340371976178, 4.01000758837807, -2.921783923347625, 0.9361511159871588, -5.759539438246926, -4.139644324958728]"
30,0.2,0.003,0.001,zero_drift,0,2026093820,0.026965025258932674,162,160,unchanged,True,gamma,0.003662755894599906,0,187113.08487721463,False,0,100,100820.1995354855,log_gr,"[1.0104900105829553, -5.947411011191633, 10.029757698903726, -2.813410716760037, 0.9695713886964622, -5.609539438246926, -3.6757012847440422]"
30,0.2,0.003,0.001,zero_drift,0,2026093820,0.026965025258932674,162,160,unchanged,True,gamma,0.003662755894599906,1,430998.92166476435,False,0,100,28898854.26005025,log_gb,"[1.146624773723868, -9.210340371973345, 4.036466452272984, -3.0937037688560323, 0.9699208081403787, -5.609539438246926, -3.617486075803718]"
30,0.2,0.003,0.001,zero_drift,0,2026093820,0.026965025258932674,162,160,unchanged,True,gamma,0.0060388635528091416,0,2665993.1329210545,True,2,86,8088.040015641359,remote_sq;log_gr,"[0.9979451462438788, -5.918217950062746, 11.99999999999987, -2.813410716760037, 0.9696361133804109, -5.109539438246926, -3.675788659297118]"
30,0.2,0.003,0.001,zero_drift,0,2026093820,0.026965025258932674,162,160,unchanged,True,gamma,0.0060388635528091416,1,2915417.5431127553,False,0,100,52656776.780307285,,"[1.1069566207807713, -7.776655902447023, 4.7703431482651135, -2.8154938138602863, 0.9697431767945743, -5.109539438246926, -3.638760794053147]"
30,0.2,0.003,0.001,zero_drift,0,2026093820,0.026965025258932674,162,160,unchanged,True,gamma,0.02215838191052989,0,19503874.55557656,False,0,100,133679.68827596086,,"[1.0462124692647896, -5.819361427890028, 6.970625973998362, -5.190792246247389, 0.9706719388860261, -3.809539438246926, -3.6269533989099934]"
30,0.2,0.003,0.001,zero_drift,0,2026093820,0.026965025258932674,162,160,unchanged,True,gamma,0.02215838191052989,1,119092642.63635299,True,2,18,1210.9749958557916,log_gb;remote_sq;log_gr;omega_d;log_t,"[0.988953246138812, -3.506557897323406, 4.00000000002772, -2.813410716760037, 0.8500000000000694, -3.809539438246926, -11.512925464428962]"
30,0.2,0.003,0.001,zero_drift,0,2026093820,0.026965025258932674,162,160,unchanged,True,gamma,0.029999999999999995,0,23614370.292843472,False,0,100,110595.61173462006,log_gd,"[1.047319324498734, -5.811881038350401, 6.90844138005187, -5.230619901286537, 0.9715742724155364, -3.506557897319982, -3.5956640818415972]"
30,0.2,0.003,0.001,zero_drift,0,2026093820,0.026965025258932674,162,160,unchanged,True,gamma,0.029999999999999995,1,119092496.40203433,True,2,16,266.82233186031175,log_gb;remote_sq;log_gr;omega_d;log_gd;log_t,"[0.9889824808269915, -3.5065578973199822, 4.000000000000027, -2.813410716760037, 0.8500000000000001, -3.506557897319982, -11.51292546497021]"
30,0.2,0.003,0.001,zero_drift,0,2026093820,0.026965025258932674,162,160,drift_aware,True,omega,0.85,0,25490747.164719574,True,2,93,31.706194535337318,remote_sq;log_gr;omega_d;log_t;log_gb_signal,"[1.1492737019578179, -5.767863833826887, 4.000000000010479, -9.210340364511813, 0.85, -4.504246074551539, -2.525728644308256, -0.04206328532547521, -9.210340371974066]"
30,0.2,0.003,0.001,zero_drift,0,2026093820,0.026965025258932674,162,160,drift_aware,True,omega,0.85,1,105148718.23521729,True,2,38,3407.8277738777756,log_gb;remote_sq;log_gr;omega_d;drift_u,"[1.023166558940955, -3.5065578973199822, 4.000000000000001, -2.813410716760037, 0.85, -5.1112789946060255, -7.752168652168462, -0.04999999999999787, -6.048712872041118]"
30,0.2,0.003,0.001,zero_drift,0,2026093820,0.026965025258932674,162,160,drift_aware,True,omega,0.8895994074887095,0,26962809.06145573,False,0,100,10454265.371780936,log_gr;drift_u;log_gb_signal,"[1.148337286046662, -5.7678676533084, 4.013772178477323, -9.210339872537988, 0.8895994074887095, -3.969821605714591, -3.288909658512464, 0.049999999999999996, -9.210340360891957]"
30,0.2,0.003,0.001,zero_drift,0,2026093820,0.026965025258932674,162,160,drift_aware,True,omega,0.8895994074887095,1,105743188.30144414,True,2,36,4427.250786339164,log_gb;remote_sq;log_gr;log_gd;log_t;drift_u,"[1.0305159851986703, -3.5065578973199822, 4.0000000000000915, -2.813410716760037, 0.8895994074887095, -3.5065578973199822, -11.512925464969914, -0.04999999999999978, -5.6900699818977625]"
30,0.2,0.003,0.001,zero_drift,0,2026093820,0.026965025258932674,162,160,drift_aware,True,omega,0.9495994074887094,0,1190669.2416240124,True,2,69,74.49091084382488,log_gr,"[1.0619603789403442, -6.354300673435433, 6.189415743601019, -2.8134107167600484, 0.9495994074887094, -8.83711560852381, -3.723107273910227, 0.03940119108244219, -5.3591086217369845]"
30,0.2,0.003,0.001,zero_drift,0,2026093820,0.026965025258932674,162,160,drift_aware,True,omega,0.9495994074887094,1,27869127.440539576,True,2,88,38.45134370053905,log_gb;remote_sq;drift_u;log_gb_signal,"[1.1490612234541433, -9.21034037197522, 4.000000000000001, -3.110664333108198, 0.9495994074887094, -4.852671043684911, -4.240717088798871, -0.049999999999999996, -9.210340371949416]"
30,0.2,0.003,0.001,zero_drift,0,2026093820,0.026965025258932674,162,160,drift_aware,True,omega,0.9645994074887094,0,89032.34723050763,True,2,50,28.93997310340185,log_gr,"[1.05960886759237, -6.324135551099188, 6.292790569283625, -2.813410716760037, 0.9645994074887094, -6.7339347674544525, -3.666651020156678, 0.00988392919505116, -5.622392301232725]"
30,0.2,0.003,0.001,zero_drift,0,2026093820,0.026965025258932674,162,160,drift_aware,True,omega,0.9645994074887094,1,23194632.22465305,True,2,58,2459.8039880594915,remote_sq;log_gr;drift_u;log_gb_signal,"[1.149246926899789, -5.767832916720482, 4.000000000702375, -9.210340371974814, 0.9645994074887094, -4.551374431361757, -4.021310935274722, -0.04999999999999976, -9.21034037197618]"
30,0.2,0.003,0.001,zero_drift,0,2026093820,0.026965025258932674,162,160,drift_aware,True,omega,0.9685994074887094,0,3484.973220494459,True,2,32,0.026644026778357588,log_gr,"[1.0516276716642157, -6.231983534645395, 6.676140625810276, -2.813410716760037, 0.9685994074887094, -5.825539151068291, -3.664863427424458, 0.0019492538796105415, -6.211322007322146]"
30,0.2,0.003,0.001,zero_drift,0,2026093820,0.026965025258932674,162,160,drift_aware,True,omega,0.9685994074887094,1,5963.759431636319,False,0,100,1085407.6655689576,log_gr,"[1.0674093600149737, -6.430553397475753, 5.964484601906253, -2.8136189916217567, 0.9685994074887094, -5.6938199073291935, -3.6587506853455207, 0.0020067295714581174, -6.715448716665842]"
30,0.2,0.003,0.001,zero_drift,0,2026093820,0.026965025258932674,162,160,drift_aware,True,omega,0.9694994074887094,0,340.4914073129623,True,2,27,0.009903158970023107,,"[1.0503217640249332, -5.836150815838993, 6.746400361100952, -4.493673974591813, 0.9694994074887094, -5.808284120412839, -3.665075361195702, 0.0001687393310602653, -5.837541926454809]"
30,0.2,0.003,0.001,zero_drift,0,2026093820,0.026965025258932674,162,160,drift_aware,True,omega,0.9694994074887094,1,523.1672392308375,False,0,100,2099198.506060806,,"[1.0553872264998791, -5.821618871118935, 6.491213814374131, -4.806641750508258, 0.9694994074887094, -5.806691419388747, -3.663324823515701, 0.00017977871473978113, -5.826627964379052]"
30,0.2,0.003,0.001,zero_drift,0,2026093820,0.026965025258932674,162,160,drift_aware,True,omega,0.9695894074887095,0,310.1690792934826,True,2,6,0.0005504883879642722,,"[1.0503864683896986, -5.795126517159926, 6.7430606926741525, -5.353164531541617, 0.9695894074887095, -5.808498256663425, -3.6650528469364345, -9.102987648610807e-06, -5.796178657117609]"
30,0.2,0.003,0.001,zero_drift,0,2026093820,0.026965025258932674,162,160,drift_aware,True,omega,0.9695894074887095,1,357.47674458339674,False,0,100,1939343.9663328985,,"[1.0528145824890696, -5.793972725667197, 6.61794005698051, -5.436515379432407, 0.9695894074887095, -5.807640350325899, -3.6642229654742113, -4.081203037626516e-06, -5.796734394118782]"
30,0.2,0.003,0.001,zero_drift,0,2026093820,0.026965025258932674,162,160,drift_aware,True,omega,0.9695994074887094,0,309.8627634269,True,3,7,0.0014730368472503843,,"[1.050393926163989, -5.790674698353494, 6.7426724166452825, -5.516852691024371, 0.9695994074887094, -5.80852424400932, -3.6650504875835916, -2.8865471970908477e-05, -5.791688895845471]"
30,0.2,0.003,0.001,zero_drift,0,2026093820,0.026965025258932674,162,160,drift_aware,True,omega,0.9695994074887094,1,624.9161859426175,False,0,100,1959424.0319602257,,"[1.0571457583981547, -5.788778209695759, 6.407870486486262, -5.714583070891175, 0.9695994074887094, -5.806078539830084, -3.6626988916170053, -1.4362053791738163e-05, -5.794627680834578]"
30,0.2,0.003,0.001,zero_drift,0,2026093820,0.026965025258932674,162,160,drift_aware,True,omega,0.9696094074887094,0,310.16907811790986,True,2,13,0.0003091452367224357,,"[1.0504014355780376, -5.7862433578393135, 6.742280814508427, -5.712587755589514, 0.9696094074887094, -5.8085506669486175, -3.665048157305901, -4.862840636397558e-05, -5.787219563885898]"
30,0.2,0.003,0.001,zero_drift,0,2026093820,0.026965025258932674,162,160,drift_aware,True,omega,0.9696094074887094,1,310.2140824305818,False,0,100,15928.139315317338,,"[1.050485167402881, -5.786228063261749, 6.73787910276351, -5.714851748355534, 0.9696094074887094, -5.808522140997951, -3.6650198172374675, -4.84600708386568e-05, -5.787261112740479]"
30,0.2,0.003,0.001,zero_drift,0,2026093820,0.026965025258932674,162,160,drift_aware,True,omega,0.9696994074887094,0,346.3275300117975,True,2,40,0.0007716517094776933,log_gr,"[1.0504685118568633, -5.766591588257499, 6.738762077691675, -9.210340371976146, 0.9696994074887094, -5.809502112253768, -3.6650311866317336, -0.00022657201846002458, -5.7662987635575504]"
30,0.2,0.003,0.001,zero_drift,0,2026093820,0.026965025258932674,162,160,drift_aware,True,omega,0.9696994074887094,1,21576270.09994401,True,2,66,2864.9758157276237,remote_sq;log_gr;drift_u;log_gb_signal,"[1.1492677694429496, -5.7678597760703525, 4.000000000260311, -9.210340369566042, 0.9696994074887094, -4.524744292526475, -3.956711538662399, -0.049999999999999996, -9.210340371976164]"
30,0.2,0.003,0.001,zero_drift,0,2026093820,0.026965025258932674,162,160,drift_aware,True,omega,0.9705994074887094,0,5631.024611945126,True,2,19,0.030638148689433122,log_gr,"[1.0510455557039384, -5.766597961593219, 6.708606339342073, -9.21034037197618, 0.9705994074887094, -5.912203017446102, -3.665257054806147, -0.002015178759291064, -5.670065779234805]"
30,0.2,0.003,0.001,zero_drift,0,2026093820,0.026965025258932674,162,160,drift_aware,True,omega,0.9705994074887094,1,5880.294565635747,False,0,100,1137515.5704790447,log_gr,"[1.057076412739945, -5.766664254872987, 6.411170813621967, -9.210340030784447, 0.9705994074887094, -5.910904809372096, -3.6631544845362924, -0.002006530475376261, -5.672829151417533]"
30,0.2,0.003,0.001,zero_drift,0,2026093820,0.026965025258932674,162,160,drift_aware,True,omega,0.9745994074887094,0,94072.9017871787,True,2,20,0.7264800845556522,log_gr,"[1.0553068493367708, -5.766645694664652, 6.4952671499688135, -9.210340371942694, 0.9745994074887094, -7.054408505962107, -3.6686271878147925, -0.010025544581615404, -5.23118721907155]"
30,0.2,0.003,0.001,zero_drift,0,2026093820,0.026965025258932674,162,160,drift_aware,True,omega,0.9745994074887094,1,94072.90178706707,True,2,71,0.34450578630065953,log_gr,"[1.0553068433297528, -5.7666456945368045, 6.495267439587605, -9.210340371976146, 0.9745994074887094, -7.054408028315118, -3.6686271897032707, -0.01002554455482174, -5.231187295338113]"
30,0.2,0.003,0.001,zero_drift,0,2026093820,0.026965025258932674,162,160,drift_aware,True,omega,0.9895994074887094,0,1259035.5681990646,True,2,66,17.03673907012975,log_gr,"[1.082972742026313, -5.766980101266828, 5.419693674534555, -9.210340371839298, 0.9895994074887094, -8.669582483318054, -3.7197862408666915, -0.04077074069757217, -5.0965523420668575]"
30,0.2,0.003,0.001,zero_drift,0,2026093820,0.026965025258932674,162,160,drift_aware,True,omega,0.9895994074887094,1,1259035.56819558,True,2,77,4.647499112936131,log_gr,"[1.0829729475104215, -5.766980104324005, 5.419687232743211, -9.210340371839726, 0.9895994074887094, -8.66958220565598, -3.719786151392014, -0.04077074351720499, -5.096552386096535]"
30,0.2,0.003,0.001,zero_drift,0,2026093820,0.026965025258932674,162,160,drift_aware,True,omega,1.0495994074887094,0,18892012.08605754,True,2,79,1007.4011631489235,remote_sq;log_gr;drift_u;log_gb_signal,"[1.1492706926321952, -5.767861975106453, 4.000000000030747, -9.210340371906442, 1.0495994074887094, -4.030959310756728, -3.2601871249954812, -0.04999999999985467, -9.210340371974848]"
30,0.2,0.003,0.001,zero_drift,0,2026093820,0.026965025258932674,162,160,drift_aware,True,omega,1.0495994074887094,1,18892012.08610458,True,2,73,1521.8444108498386,remote_sq;log_gr;drift_u;log_gb_signal,"[1.1492706926443461, -5.767861974752412, 4.000000000069394, -9.210340365239695, 1.0495994074887094, -4.030959149871446, -3.2601871751479954, -0.04999999999997138, -9.210340371973713]"
30,0.2,0.003,0.001,zero_drift,0,2026093820,0.026965025258932674,162,160,drift_aware,True,omega,1.1,0,18375641.74403688,True,2,72,6.424193909421624,remote_sq;log_gr;omega_d;log_t;log_gb_signal,"[1.1492737020420896, -5.767863833065985, 4.000000000000001, -9.210340371855702, 1.1, -4.242812779632832, -2.525728644308256, 0.017244711833255207, -9.210340371976173]"
30,0.2,0.003,0.001,zero_drift,0,2026093820,0.026965025258932674,162,160,drift_aware,True,omega,1.1,1,18375641.744036794,True,2,75,3.7161900666948924,remote_sq;log_gr;omega_d;log_t;log_gb_signal,"[1.149273702042732, -5.767863833120568, 4.000000000000001, -9.210340371955633, 1.1, -4.242812819367416, -2.525728644308256, 0.017244711830389284, -9.210340371976178]"
30,0.2,0.003,0.001,zero_drift,0,2026093820,0.026965025258932674,162,160,drift_aware,True,gamma,0.00010000000000000009,0,25158.679327459187,True,2,18,7.427425760959196,log_gd,"[1.0500368154575224, -5.836780942921496, 6.7614460734430155, -4.479868469711484, 0.9695952130648388, -9.210340371976182, -3.6665370565084823, -5.954118008414649e-05, -5.134829584945555]"
30,0.2,0.003,0.001,zero_drift,0,2026093820,0.026965025258932674,162,160,drift_aware,True,gamma,0.00010000000000000009,1,103864700.37378599,True,2,73,12520.663577722298,log_gb;remote_sq;log_gr;log_gd;drift_u,"[1.0439299550675498, -3.5065578973199822, 4.000000001286833, -2.813410716760037, 0.9339085164770748, -9.210340371976182, -6.713590403666989, -0.04999999991222214, -5.768856539233731]"
30,0.2,0.003,0.001,zero_drift,0,2026093820,0.026965025258932674,162,160,drift_aware,True,gamma,0.00040625714206412634,0,20195.10290613913,True,2,19,5.417363006424412,,"[1.0499780643976444, -5.829671444995539, 6.7645736001866545, -4.58110973149484, 0.9695981580248649, -7.80852424400932, -3.666531846658313, -6.471398346945597e-05, -5.1859469856575]"
30,0.2,0.003,0.001,zero_drift,0,2026093820,0.026965025258932674,162,160,drift_aware,True,gamma,0.00040625714206412634,1,103695683.90844098,True,2,47,9024.867580784081,log_gb;remote_sq;log_gr;drift_u,"[1.0457743929459864, -3.5065578973199822, 4.000000000000001, -2.813410716760037, 0.9330060582810438, -7.80852424400932, -6.604536484495394, -0.049999999999999996, -5.780783877119495]"
30,0.2,0.003,0.001,zero_drift,0,2026093820,0.026965025258932674,162,160,drift_aware,True,gamma,0.0014906779775724164,0,7054.923448285469,True,2,29,2.8424719085351224,,"[1.049953680900105, -5.807321230259999, 6.765904826936507, -5.001803003270269, 0.9696038476452625, -6.50852424400932, -3.666225153691393, -6.706384637349023e-05, -5.392764042125912]"
30,0.2,0.003,0.001,zero_drift,0,2026093820,0.026965025258932674,162,160,drift_aware,True,gamma,0.0014906779775724164,1,102115485.06207468,True,2,52,4896.538095519545,log_gb;remote_sq;log_gr;drift_u,"[1.0637832899388628, -3.5065578973199822, 4.000000000000001, -2.813410716760037, 0.933368928425199, -6.50852424400932, -5.8205744337781224, -0.049999999999999996, -5.82648082570198]"
30,0.2,0.003,0.001,zero_drift,0,2026093820,0.026965025258932674,162,160,drift_aware,True,gamma,0.0024577124893878917,0,1184.7786587915873,True,3,22,0.7024215196584099,,"[1.0501722474209612, -5.794084052313273, 6.754353804120357, -5.3851834975709885, 0.9696026410970302, -6.00852424400932, -3.665573459505216, -4.811687017851082e-05, -5.627038108556769]"
30,0.2,0.003,0.001,zero_drift,0,2026093820,0.026965025258932674,162,160,drift_aware,True,gamma,0.0024577124893878917,1,101215202.9851121,False,0,100,97503.8606105361,log_gb;remote_sq;log_gr;drift_u,"[1.0678130442064144, -3.5065578973199822, 4.000000000000001, -2.813410716760037, 0.9322017577453092, -6.00852424400932, -5.730002118013931, -0.049999999999999996, -6.007348615016402]"
30,0.2,0.003,0.001,zero_drift,0,2026093820,0.026965025258932674,162,160,drift_aware,True,gamma,0.0028554545289518254,0,373.204015839462,True,2,10,0.0058524297203478085,,"[1.050327347473942, -5.791261476590525, 6.746176273010414, -5.492450488059588, 0.9696004547336723, -5.8585242440093195, -3.665202235456446, -3.4644410543833395e-05, -5.74435068323351]"
30,0.2,0.003,0.001,zero_drift,0,2026093820,0.026965025258932674,162,160,drift_aware,True,gamma,0.0028554545289518254,1,97471165.47763723,False,0,100,35982291.86176691,log_gr;drift_u,"[1.1040826957047472, -3.555185115119708, 4.007893283091722, -2.813410716760037, 0.9316855709575498, -5.8585242440093195, -5.051002767584948, -0.049999999999999996, -5.705337873033103]"
30,0.2,0.003,0.001,zero_drift,0,2026093820,0.026965025258932674,162,160,drift_aware,True,gamma,0.0029719878389495107,0,312.49936991551084,True,2,5,0.00042987321169582287,,"[1.050379925720068, -5.790773951998649, 6.743408892219485, -5.51263647922379, 0.9695996313427249, -5.8185242440093194, -3.6650821078969775, -3.0079490860312203e-05, -5.781827494177242]"
30,0.2,0.003,0.001,zero_drift,0,2026093820,0.026965025258932674,162,160,drift_aware,True,gamma,0.0029719878389495107,1,30079529.763458326,False,0,100,11890251.937068861,,"[1.1241811830007185, -7.853512640469178, 4.412846787070037, -2.950374510991231, 0.940619786039497, -5.8185242440093194, -4.419747756590755, -0.048206550886109055, -4.785689762959304]"
30,0.2,0.003,0.001,zero_drift,0,2026093820,0.026965025258932674,162,160,drift_aware,True,gamma,0.0030018568133030684,0,309.8627634269,True,3,8,0.0014730368472503843,,"[1.050393926163989, -5.790674698353494, 6.7426724166452825, -5.516852691024371, 0.9695994074887094, -5.80852424400932, -3.6650504875835916, -2.8865471970908477e-05, -5.791688895845471]"
30,0.2,0.003,0.001,zero_drift,0,2026093820,0.026965025258932674,162,160,drift_aware,True,gamma,0.0030018568133030684,1,28882052.331498705,False,0,100,13483251.087401846,,"[1.1308954366433033, -6.6916628294751845, 4.291868222090756, -3.378152187727988, 0.9471070189509186, -5.80852424400932, -4.3194650134544625, -0.049794146271233, -4.86137286524763]"
30,0.2,0.003,0.001,zero_drift,0,2026093820,0.026965025258932674,162,160,drift_aware,True,gamma,0.003032025975839512,0,312.55265753594745,True,2,5,0.00719014758303218,,"[1.0504082817496796, -5.790585317501507, 6.741917442685007, -5.5206949978361335, 0.9695991760434561, -5.79852424400932, -3.6650182065514993, -2.7620979676439286e-05, -5.801759865941134]"
30,0.2,0.003,0.001,zero_drift,0,2026093820,0.026965025258932674,162,160,drift_aware,True,gamma,0.003032025975839512,1,31903050.80472597,False,0,100,28657858.09323859,drift_u,"[1.128613015319064, -6.176765995474366, 4.334074741424317, -3.958413386505414, 0.9317267585734411, -5.79852424400932, -4.580088530293836, -0.049991191479542146, -4.291531409535776]"
30,0.2,0.003,0.001,zero_drift,0,2026093820,0.026965025258932674,162,160,drift_aware,True,gamma,0.003155765303284954,0,379.8705703057696,True,2,7,0.008962194915077572,,"[1.050469424670834, -5.790337092831521, 6.73870396521057, -5.53182058393348, 0.9695981684315772, -5.75852424400932, -3.6648821970784518, -2.2320320692170573e-05, -5.8442835247189615]"
30,0.2,0.003,0.001,zero_drift,0,2026093820,0.026965025258932674,162,160,drift_aware,True,gamma,0.003155765303284954,1,97310665.83815129,False,0,100,23131125.449361194,log_gb;log_gr;drift_u,"[1.1015515078242748, -3.5065578973199822, 4.005542037514195, -2.813410716760037, 0.9336936487003751, -5.75852424400932, -5.046930782099284, -0.049999999999999996, -5.924591341868981]"
30,0.2,0.003,0.001,zero_drift,0,2026093820,0.026965025258932674,162,160,drift_aware,True,gamma,0.0036664761913702665,0,1615.438655499952,True,2,18,0.577741631374946,,"[1.0507601550963874, -5.791412643982376, 6.72347080612612, -5.49440048289658, 0.9695930638964219, -5.6085242440093195, -3.664259516616379, 2.7999103431718816e-06, -6.0445285727959925]"
30,0.2,0.003,0.001,zero_drift,0,2026093820,0.026965025258932674,162,160,drift_aware,True,gamma,0.0036664761913702665,1,27230164.077110212,False,0,100,14880370.40303493,log_gb;drift_u,"[1.1363789156616355, -9.210340330011723, 4.196524175771362, -2.9853888837562503, 0.9539076589161768, -5.6085242440093195, -4.203671536861814, -0.04999885940567396, -5.455107439576411]"
30,0.2,0.003,0.001,zero_drift,0,2026093820,0.026965025258932674,162,160,drift_aware,True,gamma,0.006044997285227752,0,30342.14978362174,True,2,24,0.9523608006027551,log_gr;log_gb_signal,"[1.0422847970700426, -5.766503651172225, 7.203098675736387, -9.21034037197618, 0.969714520745056, -5.1085242440093195, -3.6636088842404955, -0.00015858149555845428, -9.21034037197618]"
30,0.2,0.003,0.001,zero_drift,0,2026093820,0.026965025258932674,162,160,drift_aware,True,gamma,0.006044997285227752,1,24206295.37543882,False,0,100,25989683.219277717,log_gb;drift_u,"[1.1379465974649834, -9.21034037144685, 4.170724559798243, -3.001096358511663, 0.9638572957402356, -5.1085242440093195, -4.054449699923063, -0.0499999998416135, -7.232277844134445]"
30,0.2,0.003,0.001,zero_drift,0,2026093820,0.026965025258932674,162,160,drift_aware,True,gamma,0.022180888394453563,0,15499382.406202288,False,0,100,319232.5825666727,log_gb_signal,"[1.043733970471655, -5.7671442879709165, 7.11465844260294, -8.434470652772474, 0.9966545157223874, -3.8085242440093197, -3.723162431284193, -0.049790333510860936, -9.209804876624249]"
30,0.2,0.003,0.001,zero_drift,0,2026093820,0.026965025258932674,162,160,drift_aware,True,gamma,0.022180888394453563,1,15639215.945838464,False,0,100,652677.7269757934,log_gb_signal,"[1.080388305756413, -5.766953953603819, 5.501643967248317, -9.196251458196159, 0.9964443206050815, -3.8085242440093197, -3.704133941661039, -0.04952103493207277, -9.210340364524795]"
30,0.2,0.003,0.001,zero_drift,0,2026093820,0.026965025258932674,162,160,drift_aware,True,gamma,0.029999999999999995,0,19816115.300332487,False,0,100,589255.7604158926,log_gd;drift_u;log_gb_signal,"[1.0403967296565586, -5.766937387910213, 7.319388784660537, -8.553335415859047, 1.000144988133758, -3.506557897319982, -3.6803538098260353, -0.049999999753028775, -9.210335969889254]"
30,0.2,0.003,0.001,zero_drift,0,2026093820,0.026965025258932674,162,160,drift_aware,True,gamma,0.029999999999999995,1,19920698.232646976,False,0,100,790031.5989634078,log_gd;drift_u;log_gb_signal,"[1.0696383179022986, -5.766855660661377, 5.879705248914995, -9.126216671383295, 1.0000291543797224, -3.506557897319982, -3.667710431964681, -0.04999881924157512, -9.210340365155712]"
30,0.2,0.003,0.001,zero_drift,0,2026093820,0.026965025258932674,162,160,extended,True,omega,0.85,0,25429566.94235735,True,2,65,9.52792940412515,remote_sq;log_gr;omega_d;log_t;drift_u;log_gb_signal,"[1.1492705286441856, -5.767861863317232, 4.000000000000001, -9.210340280257748, 0.85, -4.542264917850138, -2.525728644308256, -0.049999999999999996, -9.21034037196996, -0.019210495023642016]"
30,0.2,0.003,0.001,zero_drift,0,2026093820,0.026965025258932674,162,160,extended,True,omega,0.85,1,105104303.63599895,True,2,79,7471.819670198696,log_gb;remote_sq;log_gr;omega_d;log_t;drift_u,"[1.021986569178288, -3.5065578973199822, 4.000000000000001, -2.813410716760037, 0.85, -5.06612854611772, -11.512925464503263, -0.049999999999999996, -6.004235357693916, -0.0784852826205757]"
30,0.2,0.003,0.001,zero_drift,0,2026093820,0.026965025258932674,162,160,extended,True,omega,0.8900140487693678,0,26940920.57342717,True,2,76,708.1239437063865,remote_sq;log_gr;drift_u;log_gb_signal,"[1.1492900159276356, -5.767866771059862, 4.000000008985586, -9.210339106228993, 0.8900140487693678, -3.970138562469012, -3.4972955693447045, 0.049999999999999996, -9.210340371976034, -0.07073920750684161]"
30,0.2,0.003,0.001,zero_drift,0,2026093820,0.026965025258932674,162,160,extended,True,omega,0.8900140487693678,1,104502974.79860258,True,2,62,3758.779469034079,log_gb;remote_sq;log_gr;log_gd;drift_u,"[1.03167879947696, -3.5065578973199822, 4.000000000000001, -2.813410716760037, 0.8900140487693678, -9.210340371594828, -7.9076229587734765, -0.04999999999999993, -5.739810046158421, 0.06987930646447232]"
30,0.2,0.003,0.001,zero_drift,0,2026093820,0.026965025258932674,162,160,extended,True,omega,0.9500140487693678,0,1143179.2572515537,True,2,67,165.08359238993424,log_gr,"[1.061741735348469, -6.351432101506752, 6.198859090365756, -2.813410717742153, 0.9500140487693678, -8.604488412382599, -3.7113726203447004, 0.03863491811463591, -5.367141331419359, 0.004786952839413306]"
30,0.2,0.003,0.001,zero_drift,0,2026093820,0.026965025258932674,162,160,extended,True,omega,0.9500140487693678,1,27006490.67240832,True,2,90,15907.105329547056,log_gb;remote_sq;drift_u;link_l,"[1.1490589485944154, -9.210340371975029, 4.000000000002324, -3.0946311328700693, 0.9500140487693678, -5.142806610046404, -3.8847417437331524, -0.049999999999999996, -6.570701965635458, 0.09999999999999999]"
30,0.2,0.003,0.001,zero_drift,0,2026093820,0.026965025258932674,162,160,extended,True,omega,0.9650140487693678,0,71594.14456636304,True,2,85,17.618640855036166,log_gr,"[1.0601895605693195, -6.3314461889776155, 6.266886492663293, -2.813410716760037, 0.9650140487693678, -6.258731604570862, -3.609041796238228, 0.009525433609323345, -5.857702289849267, 0.030599747556190538]"
30,0.2,0.003,0.001,zero_drift,0,2026093820,0.026965025258932674,162,160,extended,True,omega,0.9650140487693678,1,23063131.378365286,False,0,100,2693.035929363899,remote_sq;log_gr;drift_u;log_gb_signal,"[1.1492442705162191, -5.76783528063112, 4.000056674299177, -9.210207283252378, 0.9650140487693678, -4.5492845084148525, -4.046007457691054, -0.049999999999999996, -9.210340371974361, -0.00801825597949728]"
30,0.2,0.003,0.001,zero_drift,0,2026093820,0.026965025258932674,162,160,extended,True,omega,0.9690140487693678,0,1357.7339684126596,True,2,84,0.38922793700114194,,"[1.0500318633219003, -6.06834840560264, 6.760581309605061, -3.1403442713610423, 0.9690140487693678, -5.8077895183793595, -3.662358048763295, 0.001140598863371675, -6.071333072474661, 0.001676796877376854]"
30,0.2,0.003,0.001,zero_drift,0,2026093820,0.026965025258932674,162,160,extended,True,omega,0.9690140487693678,1,21792718.70633464,False,0,100,2718.9327268938036,remote_sq;drift_u;log_gb_signal,"[1.1492645403718942, -5.767861156680621, 4.0000093943819515, -9.2086747631726, 0.9690140487693678, -4.5274743990190425, -4.018146523046535, -0.04999999999976482, -9.210340371974965, -0.014381800021724633]"
30,0.2,0.003,0.001,zero_drift,0,2026093820,0.026965025258932674,162,160,extended,True,omega,0.9699140487693678,0,309.8578558150119,True,2,26,0.01992551369906977,,"[1.0504789013260647, -5.782490158192928, 6.738211647470844, -5.917000118618681, 0.9699140487693678, -5.808565511706308, -3.7697718163628005, -0.00048532883112056716, -5.783341525271939, -0.0591912583207933]"
30,0.2,0.003,0.001,zero_drift,0,2026093820,0.026965025258932674,162,160,extended,True,omega,0.9699140487693678,1,23250.334142715852,False,0,100,1432590.7792263443,,"[1.0967937413317927, -5.767539996291207, 5.024573072476417, -8.894591157315693, 0.9699140487693678, -5.481221311338155, -3.7680410431615057, -0.0006312174788669568, -6.286295891552504, -0.049217898972716494]"
30,0.2,0.003,0.001,zero_drift,0,2026093820,0.026965025258932674,162,160,extended,True,omega,0.9700040487693679,0,309.82604295593757,True,2,11,0.0002436465688377272,,"[1.0504898446944817, -5.782713448536993, 6.737636807552429, -5.903873003474225, 0.9700040487693679, -5.808573182133662, -3.7844038753813507, -0.0005459097170773599, -5.783536670330767, -0.06722001429606338]"
30,0.2,0.003,0.001,zero_drift,0,2026093820,0.026965025258932674,162,160,extended,True,omega,0.9700040487693679,1,310.415948673422,True,2,92,0.0008678773934135144,,"[1.0503083907519561, -5.785460126702568, 6.7471792583201555, -5.749936292982283, 0.9700040487693679, -5.808486755710754, -3.552149190349139, 0.0004791763430675675, -5.786664106335262, 0.06734191643274665]"
30,0.2,0.003,0.001,zero_drift,0,2026093820,0.026965025258932674,162,160,extended,True,omega,0.9700140487693678,0,309.8230848501736,True,2,3,0.002389357948002952,,"[1.0504909892245886, -5.78273419106834, 6.737576694965133, -5.90266499389634, 0.9700140487693678, -5.808573937098015, -3.7859282353569066, -0.0005522047101210843, -5.783554551398409, -0.06805310265827956]"
30,0.2,0.003,0.001,zero_drift,0,2026093820,0.026965025258932674,162,160,extended,True,omega,0.9700140487693678,1,817.2662729892878,False,0,100,3037328.20310801,,"[1.0587971997328516, -5.767331401022723, 6.331750209114652, -8.558803738091344, 0.9700140487693678, -5.806862210262942, -3.7925664554907352, -0.0005508151501921223, -5.772249398331276, -0.06822643865030517]"
30,0.2,0.003,0.001,zero_drift,0,2026093820,0.026965025258932674,162,160,extended,True,omega,0.9700240487693678,0,309.8202207547177,True,2,11,0.00019317522252623352,,"[1.050492122425543, -5.782754406219804, 6.737517178802587, -5.901489495557614, 0.9700240487693678, -5.808574668921376, -3.7874350873799445, -0.0005584247985462312, -5.783571959260593, -0.06887600383396332]"
30,0.2,0.003,0.001,zero_drift,0,2026093820,0.026965025258932674,162,160,extended,True,omega,0.9700240487693678,1,21452655.435437158,False,0,100,2126.1715318285696,remote_sq;drift_u;log_gb_signal,"[1.1492697816987723, -5.767870855719111, 4.000001081378698, -9.206022322752128, 0.9700240487693678, -4.521549319268719, -4.011590515582179, -0.04999998671923872, -9.210340365742615, -0.016062601773552586]"
30,0.2,0.003,0.001,zero_drift,0,2026093820,0.026965025258932674,162,160,extended,True,omega,0.9701140487693678,0,309.798035350326,True,2,14,0.0004672261235055493,,"[1.0505018201288636, -5.782910247089496, 6.737007910954415, -5.892493373041324, 0.9701140487693678, -5.808580720098009, -3.8003043592946715, -0.0006114034502081698, -5.7837041541863154, -0.07587901158029982]"
30,0.2,0.003,0.001,zero_drift,0,2026093820,0.026965025258932674,162,160,extended,True,omega,0.9701140487693678,1,1589.1265665290023,False,0,100,8174855.424538715,,"[1.0629376968723074, -5.768505330668425, 6.149744870625283, -7.93327751516673, 0.9701140487693678, -5.805881715891218, -3.8086979137289307, -0.0006330587344054685, -5.775775710283684, -0.07458582101830392]"
30,0.2,0.003,0.001,zero_drift,0,2026093820,0.026965025258932674,162,160,extended,True,omega,0.9710140487693678,0,1098.3026294115891,True,2,23,0.04312749274929702,link_l,"[1.052815292891088, -5.8495028229655155, 6.617941203930062, -4.370811059207625, 0.9710140487693678, -5.808438303311894, -3.848405330299696, -0.0018248474862072263, -5.851462747176238, -0.09999999999999999]"
30,0.2,0.003,0.001,zero_drift,0,2026093820,0.026965025258932674,162,160,extended,True,omega,0.9710140487693678,1,1131.8575871042412,False,0,100,72139.42340543173,link_l,"[1.054979721563737, -5.848194752508162, 6.510979558468136, -4.423970104311237, 0.9710140487693678, -5.808000129532196, -3.851276958048233, -0.0018175044220090576, -5.851358588141119, -0.09999531090165586]"
30,0.2,0.003,0.001,zero_drift,0,2026093820,0.026965025258932674,162,160,extended,True,omega,0.9750140487693678,0,60090.971972828,True,2,70,0.53309613814701,log_gr;link_l,"[1.0709218696921479, -6.484622005099525, 5.829509251064246, -2.813410716760037, 0.9750140487693678, -5.901032323985944, -3.8761789751117615, -0.009803525013885466, -6.328241157214298, -0.09999999999999999]"
30,0.2,0.003,0.001,zero_drift,0,2026093820,0.026965025258932674,162,160,extended,True,omega,0.9750140487693678,1,76022.21185454914,True,2,66,15.258564421864452,log_gr;link_l,"[1.0691960374400138, -5.766808772150491, 5.8976724978117945, -9.21034037197618, 0.9750140487693678, -6.812864572139556, -3.4696753556376287, -0.007744387820753495, -5.278372816681233, 0.0999999999999989]"
30,0.2,0.003,0.001,zero_drift,0,2026093820,0.026965025258932674,162,160,extended,True,omega,0.9900140487693678,0,1142640.5773458765,False,0,100,1498380.2577327073,log_gr;link_l,"[1.1145313920079738, -8.186987358593601, 4.605594688309726, -2.813491344209949, 0.9900140487693678, -6.83181749812838, -3.9996101708962546, -0.04105801150693481, -6.04940739176479, -0.09999999999999999]"
30,0.2,0.003,0.001,zero_drift,0,2026093820,0.026965025258932674,162,160,extended,True,omega,0.9900140487693678,1,1142473.951809014,True,2,75,434.51378170764843,log_gr;link_l,"[1.1174429946555016, -8.618110826403734, 4.545348593795268, -2.8134107167600533, 0.9900140487693678, -6.808903815669645, -4.003167145477361, -0.04111966493293336, -6.10213143072236, -0.09999999999999999]"
30,0.2,0.003,0.001,zero_drift,0,2026093820,0.026965025258932674,162,160,extended,True,omega,1.0500140487693679,0,18856436.216439225,True,2,94,362.0878926510027,remote_sq;log_gr;drift_u;log_gb_signal;link_l,"[1.1492699767293946, -5.767861472648803, 4.000000000000027, -9.210340371879003, 1.0500140487693679, -4.0374489531065265, -3.539608832963871, -0.04999999999999675, -9.210340371976157, -0.09999999999983594]"
30,0.2,0.003,0.001,zero_drift,0,2026093820,0.026965025258932674,162,160,extended,True,omega,1.0500140487693679,1,18856436.21645507,True,2,79,493.3897873422681,remote_sq;log_gr;drift_u;log_gb_signal;link_l,"[1.149269976700263, -5.767861472993541, 4.0000000000142055, -9.210340371976121, 1.0500140487693679, -4.037448362715968, -3.539608744877493, -0.04999999999999444, -9.21034037197618, -0.0999999999997897]"
30,0.2,0.003,0.001,zero_drift,0,2026093820,0.026965025258932674,162,160,extended,True,omega,1.1,0,17864415.038833167,True,2,87,3.4323041429988654,remote_sq;log_gr;omega_d;drift_u;log_gb_signal;link_l,"[1.1492786499172039, -5.767865997717067, 4.000000000000001, -9.21034037194555, 1.1, -4.422208010844391, -2.5413492619411606, 0.049999999999999996, -9.21034037197618, -0.09999999999999999]"
30,0.2,0.003,0.001,zero_drift,0,2026093820,0.026965025258932674,162,160,extended,True,omega,1.1,1,17864435.263599403,False,0,100,5809.251963134878,remote_sq;omega_d;drift_u;link_l,"[1.1492786414176424, -5.768308486916635, 4.000000000000001, -9.011631235264925, 1.1, -4.4224180982518035, -2.541350372258189, 0.0499999999997036, -9.20915326534869, -0.09999999999998811]"
30,0.2,0.003,0.001,zero_drift,0,2026093820,0.026965025258932674,162,160,extended,True,gamma,0.00010000000000000009,0,25227.7232659069,False,0,100,2974.5503537120585,log_gr;log_gd,"[1.0501663077643533, -5.766588259398914, 6.754681114870993, -9.21034037197618, 0.9703483708832229, -9.210340371976182, -3.8311817569403415, -0.000761323792984806, -5.09986188292976, -0.0919382159593631]"
30,0.2,0.003,0.001,zero_drift,0,2026093820,0.026965025258932674,162,160,extended,True,gamma,0.00010000000000000009,1,103361308.01224117,False,0,100,7683.490357086001,log_gb;remote_sq;log_gr;log_gd;drift_u;link_l,"[1.055171342821645, -3.5065578973199822, 4.000000000000001, -2.813410716760037, 0.9305604483714114, -9.210340371976182, -5.332703287663756, -0.049999999999999996, -5.555811418483896, 0.09999999999999999]"
30,0.2,0.003,0.001,zero_drift,0,2026093820,0.026965025258932674,162,160,extended,True,gamma,0.0004062370081928659,0,20234.81417779379,True,2,72,9.059581877587526,log_gr;link_l,"[1.0501497875753663, -5.766588077596901, 6.755553859881669, -9.21034037197618, 0.9704990687559636, -7.808573804664638, -3.846218618755511, -0.0008485299773000882, -5.152637620743182, -0.09999996670656992]"
30,0.2,0.003,0.001,zero_drift,0,2026093820,0.026965025258932674,162,160,extended,True,gamma,0.0004062370081928659,1,103001420.89188118,False,0,100,355920.4523846401,log_gb;remote_sq;log_gr;drift_u;link_l,"[1.0642456486608896, -3.5065578973199822, 4.000000000000001, -2.813410716760037, 0.9263567594313356, -7.808573804664638, -5.195957256977977, -0.049999999999999996, -5.4544988538213595, 0.09999999999999999]"
30,0.2,0.003,0.001,zero_drift,0,2026093820,0.026965025258932674,162,160,extended,True,gamma,0.0014906041004256944,0,7052.746104014523,True,2,80,0.02510308561461321,log_gr;link_l,"[1.0500976871418868, -5.766587504204571, 6.758307990457376, -9.21034037197618, 0.970489979767857, -6.508573804664638, -3.845805613168156, -0.000821923999886206, -5.365529970973842, -0.09999999367747849]"
30,0.2,0.003,0.001,zero_drift,0,2026093820,0.026965025258932674,162,160,extended,True,gamma,0.0014906041004256944,1,99833614.9578412,False,0,100,10355604.800690558,log_gb;log_gr;drift_u,"[1.0846734532191886, -3.5065578973199822, 4.006480169420671, -2.8134107167600395, 0.9295283088186909, -6.508573804664638, -4.816957454459297, -0.04999999999996944, -5.638111721944179, 0.09907579500011598]"
30,0.2,0.003,0.001,zero_drift,0,2026093820,0.026965025258932674,162,160,extended,True,gamma,0.0024575906865646722,0,1184.3129139222076,False,0,100,3058.5389751574194,,"[1.0503008974531702, -5.777043950806499, 6.747578497628777, -6.31144668853927, 0.9703623797227215, -6.008573804664638, -3.83145844713259, -0.0007487070349138526, -5.6124001479223224, -0.09253234794594803]"
30,0.2,0.003,0.001,zero_drift,0,2026093820,0.026965025258932674,162,160,extended,True,gamma,0.0024575906865646722,1,98196103.72574751,False,0,100,9005459.559468754,log_gb;log_gr;drift_u,"[1.0886639688165376, -3.5065578973199822, 4.004446444254986, -2.8134107167760427, 0.9335357587181722, -6.008573804664638, -4.6952921232109395, -0.04999781825365931, -6.003181798949598, 0.09942197397348528]"
30,0.2,0.003,0.001,zero_drift,0,2026093820,0.026965025258932674,162,160,extended,True,gamma,0.0028553130142609483,0,373.04718900807,False,0,100,744.8022028448172,,"[1.0504541097420284, -5.781534004187039, 6.739514574386368, -5.975745365818669, 0.9703203050868052, -5.858573804664638, -3.8263721954094887, -0.000720942193925149, -5.7348405524966, -0.0898947522914618]"
30,0.2,0.003,0.001,zero_drift,0,2026093820,0.026965025258932674,162,160,extended,True,gamma,0.0028553130142609483,1,96947064.33612724,False,0,100,27634826.627818003,log_gb;log_gr;drift_u,"[1.096198939785335, -3.506557897320289, 4.0064730550635, -2.8134107172165987, 0.9336071950454329, -5.858573804664638, -4.5965454601134335, -0.049998223630145645, -6.117690257403188, 0.09918511797586285]"
30,0.2,0.003,0.001,zero_drift,0,2026093820,0.026965025258932674,162,160,extended,True,gamma,0.002971840548934539,0,312.37969262989503,False,0,100,3499.338866380636,,"[1.0505143579585332, -5.782909620342422, 6.736349744970014, -5.892757159716207, 0.9704009700337961, -5.818573804664638, -3.83550330134099, -0.0007555558841160488, -5.773783148706367, -0.09480017439184614]"
30,0.2,0.003,0.001,zero_drift,0,2026093820,0.026965025258932674,162,160,extended,True,gamma,0.002971840548934539,1,97765877.3369266,False,0,100,10698380.94885736,log_gb;log_gr,"[1.0915369705688829, -3.5065578973199822, 4.0056241570227336, -2.8134107167600475, 0.9325139040082991, -5.818573804664638, -4.675444898213741, -0.049957466804273036, -6.144891609552692, 0.09932772394091822]"
30,0.2,0.003,0.001,zero_drift,0,2026093820,0.026965025258932674,162,160,extended,True,gamma,0.0030017080429988368,0,309.7639811680562,False,0,100,825.4337966645177,,"[1.0505216431492495, -5.783157266131813, 6.735967237356167, -5.8784875086495525, 0.9703212093244806, -5.808573804664638, -3.82639394875113, -0.0007179915962550917, -5.7839229386154605, -0.08993966357050386]"
30,0.2,0.003,0.001,zero_drift,0,2026093820,0.026965025258932674,162,160,extended,True,gamma,0.0030017080429988368,1,97733550.48665981,False,0,100,10896995.38171757,log_gb;log_gr,"[1.0918143052536446, -3.5065578973199822, 4.005754544155042, -2.8134107167600475, 0.9324401672914436, -5.808573804664638, -4.673278733693767, -0.049956583851872016, -6.154289318725198, 0.09931834199163513]"
30,0.2,0.003,0.001,zero_drift,0,2026093820,0.026965025258932674,162,160,extended,True,gamma,0.003031875710368865,0,312.46540662605156,False,0,100,797.4933329954376,,"[1.0505343453433178, -5.783469241324005, 6.735300498556285, -5.8608701727723815, 0.970300433619417, -5.798573804664638, -3.8239330281144097, -0.0007073427993583835, -5.794323318528963, -0.08862821617057752]"
30,0.2,0.003,0.001,zero_drift,0,2026093820,0.026965025258932674,162,160,extended,True,gamma,0.003031875710368865,1,97679773.93468814,False,0,100,11400780.991388194,log_gb;log_gr,"[1.0921744675776208, -3.5065578973199822, 4.006046678563914, -2.813410716760048, 0.9324278589872683, -5.798573804664638, -4.669202935160047, -0.04995673715943444, -6.164375502412741, 0.09929627192512537]"
30,0.2,0.003,0.001,zero_drift,0,2026093820,0.026965025258932674,162,160,extended,True,gamma,0.003155608905364116,0,379.80954638987623,True,2,74,0.032541186523027274,,"[1.0505759324929351, -5.784814468938759, 6.733118431723747, -5.788176143776332, 0.9700867915334044, -5.758573804664638, -3.796405450674803, -0.0005923579195248973, -5.838242571277621, -0.07380849062221437]"
30,0.2,0.003,0.001,zero_drift,0,2026093820,0.026965025258932674,162,160,extended,True,gamma,0.003155608905364116,1,97425385.97187528,False,0,100,13448734.331228618,log_gb;log_gr;drift_u,"[1.0935816838182582, -3.5065578973199822, 4.007401224491592, -2.8134107167600453, 0.9325036178485033, -5.758573804664638, -4.651945786621068, -0.04999485374010689, -6.214848098280021, 0.09918044682168384]"
30,0.2,0.003,0.001,zero_drift,0,2026093820,0.026965025258932674,162,160,extended,True,gamma,0.0036662944829103455,0,1611.3656041086822,False,0,100,3728.694576905096,,"[1.0508270947542464, -5.838970184984971, 6.7198998010260675, -4.46444451880107, 0.9696695773138236, -5.608573804664638, -3.7103673509598014, -0.0002287744080468219, -6.10611930286304, -0.026359952838021]"
30,0.2,0.003,0.001,zero_drift,0,2026093820,0.026965025258932674,162,160,extended,True,gamma,0.0036662944829103455,1,96366150.05985321,False,0,100,29593767.21708252,log_gb;log_gr,"[1.0991139895215722, -3.5065578973199822, 4.006309791790151, -2.813410716760038, 0.9331333737869616, -5.608573804664638, -4.570147182751867, -0.04998087568107255, -6.416908749330081, 0.09911342465012374]"
30,0.2,0.003,0.001,zero_drift,0,2026093820,0.026965025258932674,162,160,extended,True,gamma,0.006044697698624814,0,30144.230724544217,True,2,34,0.01266198779380014,log_gr;log_gb_signal;link_l,"[1.0428583334660713, -5.766509660011621, 7.16814688047958, -9.21034037197618, 0.9704105657866513, -5.108573804664638, -3.8304870091622125, -0.0005566027987792898, -9.21034037197618, -0.09999999999999999]"
30,0.2,0.003,0.001,zero_drift,0,2026093820,0.026965025258932674,162,160,extended,True,gamma,0.006044697698624814,1,29046542.13132592,False,0,100,79953792.01360863,,"[1.1296721195353234, -9.03647447851589, 4.310598052986721, -2.9082591361546717, 0.9436875464793925, -5.108573804664638, -4.01236736719553, -0.049927799777019596, -5.694774783923024, 0.09634280252610206]"
30,0.2,0.003,0.001,zero_drift,0,2026093820,0.026965025258932674,162,160,extended,True,gamma,0.02217978912232974,0,15467203.462793885,False,0,100,84823.26050954271,drift_u;log_gb_signal,"[1.0421767861144682, -5.7667146867989345, 7.208844031268138, -8.863057983523516, 0.9973713385154606, -3.808573804664638, -3.8800478257536817, -0.049999130876841144, -9.210332124048739, -0.09295548149125928]"
30,0.2,0.003,0.001,zero_drift,0,2026093820,0.026965025258932674,162,160,extended,True,gamma,0.02217978912232974,1,15620090.88185382,False,0,100,360221.3910542569,log_gb_signal,"[1.0830571679624397, -5.767121369886267, 5.416533980326236, -9.074269710632977, 0.996597571514036, -3.808573804664638, -3.827729392297155, -0.049908301248877254, -9.210340330888107, -0.05298813948075671]"
30,0.2,0.003,0.001,zero_drift,0,2026093820,0.026965025258932674,162,160,extended,True,gamma,0.029999999999999995,0,19827983.348145444,False,0,100,489159.01122157776,log_gd;drift_u,"[1.0462768544759367, -5.767207499880085, 6.9662187017160155, -8.423205510278667, 1.0002856431397202, -3.506557897319982, -3.8070907946369283, -0.04999231198127605, -9.208696604584189, -0.07530032769133417]"
30,0.2,0.003,0.001,zero_drift,0,2026093820,0.026965025258932674,162,160,extended,True,gamma,0.029999999999999995,1,19891578.45624428,False,0,100,489833.50921372033,log_gd;drift_u;log_gb_signal,"[1.0659662018147074, -5.767065414428293, 6.023846257890429, -8.8783771255153, 1.0004774258860114, -3.506557897319982, -3.8754010928784766, -0.049999986021967216, -9.210193423107638, -0.09995700666130494]"
32,0.2,0.003,0.001,allowed_drift,0,2026093894,0.026965025258932674,162,160,unchanged,False,omega,0.85,0,18124534.519849315,True,2,85,4.658333455778947,remote_sq;log_gr;omega_d,"[1.1492695886962456, -5.76860880856945, 4.000000000000001, -9.210340371877551, 0.85, -4.47600038585695, -2.7110682717053884]"
32,0.2,0.003,0.001,allowed_drift,0,2026093894,0.026965025258932674,162,160,unchanged,False,omega,0.85,1,108985842.26856318,True,2,20,1.721130397571039,log_gb;remote_sq;log_gr;omega_d;log_gd;log_t,"[0.9951952947693673, -3.5065578973199822, 4.000000000000001, -2.813410716760037, 0.85, -9.21034034431765, -11.512925464970067]"
32,0.2,0.003,0.001,allowed_drift,0,2026093894,0.026965025258932674,162,160,unchanged,False,omega,0.8936328309479618,0,21230491.75899082,False,0,100,5381418.560397551,log_gr,"[1.1417327260005894, -5.776591913203649, 4.114402832812518, -9.210125958949517, 0.8936328309479618, -4.083683896999978, -2.933174194934969]"
32,0.2,0.003,0.001,allowed_drift,0,2026093894,0.026965025258932674,162,160,unchanged,False,omega,0.8936328309479618,1,72242143.1447726,True,2,53,624.902293802878,remote_sq;log_gr,"[1.1489103151848115, -5.872531261080222, 4.000000000000002, -2.8134107167600924, 0.8936328309479618, -9.02587217715132, -6.563734946918238]"
32,0.2,0.003,0.001,allowed_drift,0,2026093894,0.026965025258932674,162,160,unchanged,False,omega,0.9536328309479617,0,19034734.455317073,True,2,96,3139.414960753318,remote_sq;log_gr,"[0.9980657951561527, -5.766388677785153, 11.999999992604922, -9.21034037197618, 0.9536328309479617, -3.6979113986238876, -3.565713735911828]"
32,0.2,0.003,0.001,allowed_drift,0,2026093894,0.026965025258932674,162,160,unchanged,False,omega,0.9536328309479617,1,19052311.123864643,False,0,100,1851776.3782859284,,"[1.0288921556098356, -5.766843966254246, 8.1559110435041, -9.078364755778615, 0.9536328309479617, -3.6992693106356063, -3.5576694992589895]"
32,0.2,0.003,0.001,allowed_drift,0,2026093894,0.026965025258932674,162,160,unchanged,False,omega,0.9686328309479617,0,4343293.758171967,False,0,100,6360079.946076837,log_gr,"[0.9984460791400435, -5.86784196961294, 11.959275224908701, -2.813410716760037, 0.9686328309479617, -4.980033956337161, -3.6954369795599082]"
32,0.2,0.003,0.001,allowed_drift,0,2026093894,0.026965025258932674,162,160,unchanged,False,omega,0.9686328309479617,1,4350875.124649793,False,0,100,2018704.8122601262,log_gr,"[1.018329706505529, -5.961897144940335, 9.148751802345725, -2.8134107167602007, 0.9686328309479617, -4.982805996818947, -3.6914727002411962]"
32,0.2,0.003,0.001,allowed_drift,0,2026093894,0.026965025258932674,162,160,unchanged,False,omega,0.9726328309479617,0,288402.06211845385,True,2,95,308.43053425420953,log_gr,"[1.0231519810591456, -5.765118054480019, 8.654230302792131, -9.21034037197618, 0.9726328309479617, -5.272579978339974, -3.6745078541554403]"
32,0.2,0.003,0.001,allowed_drift,0,2026093894,0.026965025258932674,162,160,unchanged,False,omega,0.9726328309479617,1,290522.31731152476,False,0,100,1141613.2827210152,log_gr,"[1.0415024108468531, -5.765318261977215, 7.257111081783702, -9.210340269085409, 0.9726328309479617, -5.277173695226728, -3.6693415519614394]"
32,0.2,0.003,0.001,allowed_drift,0,2026093894,0.026965025258932674,162,160,unchanged,False,omega,0.9735328309479617,0,85896.88847312373,True,2,23,0.8935619823387976,log_gr,"[1.0523030120959254, -5.7658062895521045, 6.6448456002096865, -9.21034037197618, 0.9735328309479617, -5.293930632060268, -3.662513813893034]"
32,0.2,0.003,0.001,allowed_drift,0,2026093894,0.026965025258932674,162,160,unchanged,False,omega,0.9735328309479617,1,85902.03118478104,False,0,100,161819.58728234927,log_gr,"[1.0531659418561519, -5.765817729401789, 6.6012982517638585, -9.210340371971798, 0.9735328309479617, -5.294210707613752, -3.662218118522484]"
32,0.2,0.003,0.001,allowed_drift,0,2026093894,0.026965025258932674,162,160,unchanged,False,omega,0.9736228309479618,0,83855.78916118319,True,2,6,10.502838572828518,log_gr,"[1.0556473469107284, -5.765869578485742, 6.479361464483814, -9.21034037197618, 0.9736228309479618, -5.295084758758949, -3.6610377677111203]"
32,0.2,0.003,0.001,allowed_drift,0,2026093894,0.026965025258932674,162,160,unchanged,False,omega,0.9736228309479618,1,83855.78916121984,True,2,98,3.170797275129738,log_gr,"[1.055647339453454, -5.76586957724889, 6.479361821947091, -9.21034037197618, 0.9736228309479618, -5.295084760698207, -3.661037770906724]"
32,0.2,0.003,0.001,allowed_drift,0,2026093894,0.026965025258932674,162,160,unchanged,False,omega,0.9736328309479617,0,83835.17409965105,True,2,4,0.07442870530736805,log_gr,"[1.0560233199831766, -5.765876544034755, 6.461356479879962, -9.210340371194672, 0.9736328309479617, -5.295201946302168, -3.660870313165427]"
32,0.2,0.003,0.001,allowed_drift,0,2026093894,0.026965025258932674,162,160,unchanged,False,omega,0.9736328309479617,1,83835.61981841562,False,0,100,264673.33589795395,log_gr,"[1.0562161383186293, -5.765878815760706, 6.452171464547967, -9.21034037197618, 0.9736328309479617, -5.295268153281533, -3.6608023987781397]"
32,0.2,0.003,0.001,allowed_drift,0,2026093894,0.026965025258932674,162,160,unchanged,False,omega,0.9736428309479617,0,83855.7856824842,True,2,8,9.879023013810684,log_gr,"[1.0564000242021647, -5.7658834974543485, 6.4434335751830405, -9.21034037197618, 0.9736428309479617, -5.295316864394101, -3.660702207207439]"
32,0.2,0.003,0.001,allowed_drift,0,2026093894,0.026965025258932674,162,160,unchanged,False,omega,0.9736428309479617,1,83855.78568242789,True,2,82,10.332035767995267,log_gr,"[1.0564000430526248, -5.765883497444561, 6.443432683376902, -9.21034037197618, 0.9736428309479617, -5.295316869996877, -3.660702200522005]"
32,0.2,0.003,0.001,allowed_drift,0,2026093894,0.026965025258932674,162,160,unchanged,False,omega,0.9737328309479617,0,85895.66592163988,True,2,20,0.8226407129192798,log_gr,"[1.0598283672768232, -5.765945481097048, 6.285518386672991, -9.21034037197618, 0.9737328309479617, -5.296251676288607, -3.659157754236794]"
32,0.2,0.003,0.001,allowed_drift,0,2026093894,0.026965025258932674,162,160,unchanged,False,omega,0.9737328309479617,1,85895.66592167811,True,2,84,3.379991500976724,log_gr,"[1.0598283727389923, -5.765945481068583, 6.285518142838772, -9.21034037197618, 0.9737328309479617, -5.2962516783985, -3.659157752066172]"
32,0.2,0.003,0.001,allowed_drift,0,2026093894,0.026965025258932674,162,160,unchanged,False,omega,0.9746328309479617,0,287011.44392026355,True,3,78,16.699385098495863,log_gr,"[1.0968537708214277, -5.766505304871616, 5.021136310970428, -9.21034037197618, 0.9746328309479617, -5.295731562151114, -3.640618540634425]"
32,0.2,0.003,0.001,allowed_drift,0,2026093894,0.026965025258932674,162,160,unchanged,False,omega,0.9746328309479617,1,287011.44382912165,True,2,42,57.97976625104896,log_gr,"[1.096849571509451, -5.766505230084121, 5.021245555377416, -9.210340369454693, 0.9746328309479617, -5.295729340090251, -3.640620491413481]"
32,0.2,0.003,0.001,allowed_drift,0,2026093894,0.026965025258932674,162,160,unchanged,False,omega,0.9786328309479617,0,4065416.371096609,False,0,100,2624098.0147639676,,"[1.1420466966023002, -6.3333946368522644, 4.104949201448298, -3.851748491134885, 0.9786328309479617, -5.0135517190386985, -3.592323579614975]"
32,0.2,0.003,0.001,allowed_drift,0,2026093894,0.026965025258932674,162,160,unchanged,False,omega,0.9786328309479617,1,4057218.655122064,True,2,80,140.14631036175365,remote_sq,"[1.148935764446483, -7.02881387957205, 4.000000000000001, -3.4150000826870244, 0.9786328309479617, -5.016814321796305, -3.587643138695817]"
32,0.2,0.003,0.001,allowed_drift,0,2026093894,0.026965025258932674,162,160,unchanged,False,omega,0.9936328309479617,0,14298547.172577411,False,0,100,4673890.163798599,,"[1.1469557702024842, -9.018816963941598, 4.030511222587771, -3.10713141261823, 0.9936328309479617, -4.339368365574107, -3.410939382473294]"
32,0.2,0.003,0.001,allowed_drift,0,2026093894,0.026965025258932674,162,160,unchanged,False,omega,0.9936328309479617,1,14296087.621119857,True,2,70,3318.728133992241,log_gb;remote_sq,"[1.1490289285767954, -9.210340371974814, 4.000000000044571, -3.120356031493423, 0.9936328309479617, -4.341900660341623, -3.4095145746749984]"
32,0.2,0.003,0.001,allowed_drift,0,2026093894,0.026965025258932674,162,160,unchanged,False,omega,1.0536328309479617,0,15797609.4724581,True,2,66,28.90713400747029,log_gb;remote_sq,"[1.149103788200321, -9.210340371747105, 4.000000000000001, -3.120422668003598, 1.0536328309479617, -4.269680350865327, -2.9244378918373033]"
32,0.2,0.003,0.001,allowed_drift,0,2026093894,0.026965025258932674,162,160,unchanged,False,omega,1.0536328309479617,1,108106756.72861719,False,0,100,53232.66631178539,log_gb;log_gr;log_gd,"[0.9978495632075295, -3.5065578973199822, 4.02235104281219, -2.813410716760037, 1.0536328309479617, -9.21034037197592, -6.771718195275283]"
32,0.2,0.003,0.001,allowed_drift,0,2026093894,0.026965025258932674,162,160,unchanged,False,omega,1.1,0,15127483.924865393,False,0,100,181544.4166244765,remote_sq;omega_d,"[1.1491245199270044, -8.543236984751603, 4.000000000000001, -3.1465173697301503, 1.1, -4.163628454314622, -2.656414605051842]"
32,0.2,0.003,0.001,allowed_drift,0,2026093894,0.026965025258932674,162,160,unchanged,False,omega,1.1,1,15127257.548368922,False,0,100,32181.667384677756,remote_sq;omega_d,"[1.1491180697253092, -8.924803913281549, 4.000000000000001, -3.126273964126035, 1.1, -4.1627054271341715, -2.6564197680847736]"
32,0.2,0.003,0.001,allowed_drift,0,2026093894,0.026965025258932674,162,160,unchanged,False,gamma,0.00010000000000000009,0,10720984.614090597,True,2,67,5083.657952796267,remote_sq;log_gr;log_gd,"[1.1492513608505286, -5.425642494190636, 4.000000000000001, -9.21034037197618, 0.9736201438801326, -9.210340371976182, -3.6245099202785105]"
32,0.2,0.003,0.001,allowed_drift,0,2026093894,0.026965025258932674,162,160,unchanged,False,gamma,0.00010000000000000009,1,50002625.41672784,False,0,100,6941564.777587914,remote_sq;log_gr;log_gd,"[1.1486017675432851, -6.4923428760795545, 4.0000752365136885, -2.8134116712159734, 0.9297201801172876, -9.210340371976182, -4.350520995905023]"
32,0.2,0.003,0.001,allowed_drift,0,2026093894,0.026965025258932674,162,160,unchanged,False,gamma,0.0006787878351375423,0,7908501.696225709,True,2,59,5341.249878773187,remote_sq;log_gr,"[1.1492628682745873, -5.51468333102769, 4.000000000000001, -9.21034037197618, 0.9737004876852686, -7.295201945893925, -3.6228699047699666]"
32,0.2,0.003,0.001,allowed_drift,0,2026093894,0.026965025258932674,162,160,unchanged,False,gamma,0.0006787878351375423,1,47596724.29501776,False,0,100,2229969.1896023736,remote_sq;log_gr,"[1.148686327873849, -6.9890693404324695, 4.000021673205906, -2.813485919537469, 0.9293955949475727, -7.295201945893925, -4.355763265564683]"
32,0.2,0.003,0.001,allowed_drift,0,2026093894,0.026965025258932674,162,160,unchanged,False,gamma,0.002490673941490664,0,2059598.658898089,True,2,91,1274.7602880585873,remote_sq;log_gr,"[1.149282151026715, -5.690875201985786, 4.000000000000014, -9.2103403719745, 0.973849157073844, -5.995201945893925, -3.6179104949310354]"
32,0.2,0.003,0.001,allowed_drift,0,2026093894,0.026965025258932674,162,160,unchanged,False,gamma,0.002490673941490664,1,39420102.929042935,False,0,100,9339467.107098917,log_gb;remote_sq,"[1.1487312474638052, -9.21034037197618, 4.0000512124992955, -2.825136981142724, 0.9350867796501477, -5.995201945893925, -4.228035156235815]"
32,0.2,0.003,0.001,allowed_drift,0,2026093894,0.026965025258932674,162,160,unchanged,False,gamma,0.004106427105714185,0,276535.584924243,True,2,61,281.5425345176167,log_gr,"[1.1003965068477313, -5.750277736891868, 4.933091537412196, -9.21034037197618, 0.9737058817103678, -5.495201945893925, -3.642955666910208]"
32,0.2,0.003,0.001,allowed_drift,0,2026093894,0.026965025258932674,162,160,unchanged,False,gamma,0.004106427105714185,1,32059246.03662836,False,0,100,59308748.358113855,log_gb,"[1.1484096688486232, -9.210340371976065, 4.010272255884069, -2.954908401015276, 0.9424531150056534, -5.495201945893925, -4.084648346703537]"
32,0.2,0.003,0.001,allowed_drift,0,2026093894,0.026965025258932674,162,160,unchanged,False,gamma,0.0047709876266863365,0,96340.57463717772,True,3,48,56.39303321613927,log_gr,"[1.0686060288430643, -5.762395407656928, 5.920787372169588, -9.21034037197618, 0.9736482328533996, -5.345201945893924, -3.6563600965636756]"
32,0.2,0.003,0.001,allowed_drift,0,2026093894,0.026965025258932674,162,160,unchanged,False,gamma,0.0047709876266863365,1,25875371.44072048,False,0,100,73256243.98538597,log_gb,"[1.1479306376742398, -9.21034037197618, 4.014453070976521, -3.001221077607161, 0.9520993655375778, -5.345201945893924, -3.9184394217182748]"
32,0.2,0.003,0.001,allowed_drift,0,2026093894,0.026965025258932674,162,160,unchanged,False,gamma,0.004965695325393711,0,84339.73142570342,True,2,15,12.548737260417182,log_gr,"[1.0586433314066133, -5.765202520379971, 6.339337840240222, -9.21034037197618, 0.9736357250837281, -5.305201945893924, -3.6599690336123665]"
32,0.2,0.003,0.001,allowed_drift,0,2026093894,0.026965025258932674,162,160,unchanged,False,gamma,0.004965695325393711,1,28042840.88985324,False,0,100,62506404.98924523,log_gb,"[1.1485059995081761, -9.21034037197618, 4.009171248154481, -3.0046076616390223, 0.9476762181112679, -5.305201945893924, -3.9915525561138994]"
32,0.2,0.003,0.001,allowed_drift,0,2026093894,0.026965025258932674,162,160,unchanged,False,gamma,0.005015601393102989,0,83835.17409965144,True,2,4,0.08896773573470905,log_gr,"[1.056023319998156, -5.7658765440673365, 6.461356479206208, -9.210340371190078, 0.9736328309383577, -5.295201945893925, -3.660870313197194]"
32,0.2,0.003,0.001,allowed_drift,0,2026093894,0.026965025258932674,162,160,unchanged,False,gamma,0.005015601393102989,1,27730021.77949986,False,0,100,55214836.88146039,log_gb,"[1.1484708225828193, -9.21034037197618, 4.009401415296817, -3.0090934542511296, 0.948115065022475, -5.295201945893925, -3.98398590875085]"
32,0.2,0.003,0.001,allowed_drift,0,2026093894,0.026965025258932674,162,160,unchanged,False,gamma,0.005066009025131259,0,84341.82735872419,True,2,15,1.7331723609436347,log_gr,"[1.0533454436439524, -5.7665395075624435, 6.591904307634937, -9.21034037197618, 0.973630035357759, -5.285201945893925, -3.661770830502053]"
32,0.2,0.003,0.001,allowed_drift,0,2026093894,0.026965025258932674,162,160,unchanged,False,gamma,0.005066009025131259,1,23510965.028448816,False,0,100,59243790.93191154,log_gb;remote_sq,"[1.1489373119453852, -9.21034037197618, 4.000357437917973, -3.0251934776413245, 0.9553246191743784, -5.285201945893925, -3.867710676802372]"
32,0.2,0.003,0.001,allowed_drift,0,2026093894,0.026965025258932674,162,160,unchanged,False,gamma,0.005272756775512492,0,96600.37195861392,True,2,51,6.0254548380967075,log_gr,"[1.041975693636027, -5.769081361124771, 7.222614092506871, -9.21034037197618, 0.9736199007461003, -5.245201945893925, -3.6653606197748787]"
32,0.2,0.003,0.001,allowed_drift,0,2026093894,0.026965025258932674,162,160,unchanged,False,gamma,0.005272756775512492,1,218347.43639215454,False,0,100,9742567.982489867,,"[1.1246613432272299, -7.983303182059644, 4.404901153723638, -2.953684113127809, 0.973747143329204, -5.245201945893925, -3.6296170122152636]"
32,0.2,0.003,0.001,allowed_drift,0,2026093894,0.026965025258932674,162,160,unchanged,False,gamma,0.006126069375367982,0,294206.1900993464,False,0,100,585191.4337633076,log_gr,"[1.0052823289770512, -5.777473020956763, 10.75874734748131, -9.21034037197618, 0.9736074732826898, -5.095201945893924, -3.6740622326524384]"
32,0.2,0.003,0.001,allowed_drift,0,2026093894,0.026965025258932674,162,160,unchanged,False,gamma,0.006126069375367982,1,398376.15501792013,False,0,100,16393267.144581206,,"[1.1012583259761457, -7.334754341863548, 4.90764121739504, -2.8157795005634405, 0.9737021574975276, -5.095201945893924, -3.6409784408960264]"
32,0.2,0.003,0.001,allowed_drift,0,2026093894,0.026965025258932674,162,160,unchanged,False,gamma,0.01010018088495384,0,2811441.0989069366,False,0,100,791928.5751733532,log_gr,"[1.0002826573280874, -5.9083896284385045, 11.571959766204554, -2.8134131117900023, 0.9737256542905031, -4.595201945893924, -3.6697188435010135]"
32,0.2,0.003,0.001,allowed_drift,0,2026093894,0.026965025258932674,162,160,unchanged,False,gamma,0.01010018088495384,1,2935645.591576072,False,0,100,3724812.6395971086,,"[1.0720583829491666, -6.553774816878501, 5.787192069871178, -2.8148785558286202, 0.9737716013433477, -4.595201945893924, -3.648540159836418]"
32,0.2,0.003,0.001,allowed_drift,0,2026093894,0.026965025258932674,162,160,unchanged,False,gamma,0.029999999999999995,0,14229408.79552237,False,0,100,177008.13049805147,log_gd,"[1.052703562397958, -5.778625186980008, 6.623408204307216, -9.073649101876203, 0.9754231777958917, -3.506557897319982, -3.593015776459448]"
32,0.2,0.003,0.001,allowed_drift,0,2026093894,0.026965025258932674,162,160,unchanged,False,gamma,0.029999999999999995,1,108992270.45084275,True,2,19,0.6241435803370554,log_gb;remote_sq;log_gr;omega_d;log_gd;log_t,"[0.9952995733199438, -3.5065578973199822, 4.000000000000001, -2.813410716760037, 0.8500000000000001, -3.506557897319982, -11.512925464970188]"
32,0.2,0.003,0.001,allowed_drift,0,2026093894,0.026965025258932674,162,160,drift_aware,True,omega,0.85,0,17772648.16585801,True,2,99,258.90111046594836,log_gr;omega_d;log_t;log_gb_signal,"[1.1282140710344108, -5.767434020307758, 4.342499994759209, -9.21034037197618, 0.85, -4.214520665034963, -2.525728644308256, -0.03738820457251576, -9.21034037197618]"
32,0.2,0.003,0.001,allowed_drift,0,2026093894,0.026965025258932674,162,160,drift_aware,True,omega,0.85,1,100358221.73428932,True,2,34,4034.573247825825,log_gb;remote_sq;log_gr;omega_d;drift_u,"[1.0317888666628754, -3.5065578973199822, 4.000000000000001, -2.813410716760037, 0.85, -5.420033687024466, -8.494365644471094, -0.04999999999999998, -5.133460389624095]"
32,0.2,0.003,0.001,allowed_drift,0,2026093894,0.026965025258932674,162,160,drift_aware,True,omega,0.8895825624854057,0,18644533.662069846,True,2,91,752.0853301704549,log_gr;drift_u;log_gb_signal,"[1.1340010240949119, -5.767512894721564, 4.241219181369572, -9.21034037197618, 0.8895825624854057, -3.7133451391959005, -3.2462458441369484, 0.049999999999999996, -9.21034037197618]"
32,0.2,0.003,0.001,allowed_drift,0,2026093894,0.026965025258932674,162,160,drift_aware,True,omega,0.8895825624854057,1,18644533.662067913,True,2,79,1759.1121577381682,log_gr;drift_u;log_gb_signal,"[1.1340008315783277, -5.767512877289488, 4.24122246364488, -9.21034037197618, 0.8895825624854057, -3.713346021303312, -3.246245220578102, 0.049999999999999996, -9.21034037197618]"
32,0.2,0.003,0.001,allowed_drift,0,2026093894,0.026965025258932674,162,160,drift_aware,True,omega,0.9495825624854056,0,981228.3597332955,True,2,45,367.55941150339504,log_gr,"[1.037583262515116, -6.1006457945922055, 7.503069542782567, -2.813410716760037, 0.9495825624854056, -7.609999778208393, -3.742513085066504, 0.0466278967851988, -4.981784301302326]"
32,0.2,0.003,0.001,allowed_drift,0,2026093894,0.026965025258932674,162,160,drift_aware,True,omega,0.9495825624854056,1,21226588.518998574,True,2,78,6476.886410817722,log_gb;remote_sq;drift_u,"[1.1490991927403584, -9.210340371976004, 4.000000000000001, -3.1121142127548076, 0.9495825624854056, -5.42987268551658, -4.318454465087123, -0.049999999999999996, -4.674478584959862]"
32,0.2,0.003,0.001,allowed_drift,0,2026093894,0.026965025258932674,162,160,drift_aware,True,omega,0.9645825624854056,0,64880.29777237304,True,2,50,0.09230221832205905,log_gr,"[1.048809581947422, -6.2025663433386145, 6.824950411322506, -2.813410716760037, 0.9645825624854056, -6.407455792493351, -3.6732730115489725, 0.017766481997847534, -5.224898945547235]"
32,0.2,0.003,0.001,allowed_drift,0,2026093894,0.026965025258932674,162,160,drift_aware,True,omega,0.9645825624854056,1,17880656.25628683,True,2,53,3413.6780331997475,remote_sq;log_gr;drift_u;log_gb_signal,"[1.1492592617726474, -5.767701957516676, 4.000000007225495, -9.210340367235311, 0.9645825624854056, -4.218532425132793, -4.068933927909831, -0.04999999999999996, -9.210340371976088]"
32,0.2,0.003,0.001,allowed_drift,0,2026093894,0.026965025258932674,162,160,drift_aware,True,omega,0.9685825624854056,0,2725.3070724388112,True,2,56,0.003780105487071741,log_gr,"[1.0494067391796837, -6.208619520351617, 6.7927795815030345, -2.8134107167601323, 0.9685825624854056, -5.837123059632669, -3.6662548828204793, 0.009960128505952225, -5.498513002126616]"
32,0.2,0.003,0.001,allowed_drift,0,2026093894,0.026965025258932674,162,160,drift_aware,True,omega,0.9685825624854056,1,2837.9034876145624,False,0,100,1551970.7552808411,log_gr,"[1.0535455380023926, -6.2525056509223935, 6.57900239948399, -2.81346436576469, 0.9685825624854056, -5.824568754988851, -3.664801988805967, 0.009983395097673388, -5.530373877306134]"
32,0.2,0.003,0.001,allowed_drift,0,2026093894,0.026965025258932674,162,160,drift_aware,True,omega,0.9694825624854057,0,341.62654771607873,True,2,42,0.00045264095840649867,,"[1.0499206770538874, -5.831649924752325, 6.767624616927751, -4.548252891057556, 0.9694825624854057, -5.810192249451105, -3.665261934976978, 0.008205199283918926, -5.310328721568356]"
32,0.2,0.003,0.001,allowed_drift,0,2026093894,0.026965025258932674,162,160,drift_aware,True,omega,0.9694825624854057,1,2471.0634291809947,False,0,100,3491627.367445068,,"[1.0665232415066528, -6.063641613150513, 6.00149214119939, -3.4299130679850918, 0.9694825624854057, -5.748150201608695, -3.659047155813374, 0.008298123502696719, -5.492292769726701]"
32,0.2,0.003,0.001,allowed_drift,0,2026093894,0.026965025258932674,162,160,drift_aware,True,omega,0.9695725624854057,0,318.0970507460199,True,2,7,0.000584942281868231,,"[1.0500397289025138, -5.792613436800497, 6.761374762087706, -5.430491254610654, 0.9695725624854057, -5.809796228700784, -3.6651621684499034, 0.008029749377758461, -5.287080213192092]"
32,0.2,0.003,0.001,allowed_drift,0,2026093894,0.026965025258932674,162,160,drift_aware,True,omega,0.9695725624854057,1,318.0970507521713,True,2,76,0.006980679977217901,,"[1.0500397291414072, -5.792612250516478, 6.761374750524764, -5.430534982086493, 0.9695725624854057, -5.809796499979103, -3.665162169070969, 0.008029749365295661, -5.287079334322087]"
32,0.2,0.003,0.001,allowed_drift,0,2026093894,0.026965025258932674,162,160,drift_aware,True,omega,0.9695825624854056,0,317.85943491532015,True,2,3,0.00046922055552739634,,"[1.050053184313804, -5.788369506521184, 6.760666066940957, -5.6012347966287015, 0.9695825624854056, -5.809754124794734, -3.6651512240932904, 0.008010252756079772, -5.284529584164969]"
32,0.2,0.003,0.001,allowed_drift,0,2026093894,0.026965025258932674,162,160,drift_aware,True,omega,0.9695825624854056,1,437.05502808463945,False,0,100,278898.2033944661,,"[1.0539381734152922, -5.864954541389022, 6.561897065718779, -4.226525077293833, 0.9695825624854056, -5.79126835657588, -3.663757966584321, 0.00803034987187179, -5.342769491221495]"
32,0.2,0.003,0.001,allowed_drift,0,2026093894,0.026965025258932674,162,160,drift_aware,True,omega,0.9695925624854056,0,318.09710645935587,True,2,9,0.05992790748071533,,"[1.0500666844664612, -5.784143839597986, 6.759954566583423, -5.807130331467467, 0.9695925624854056, -5.809712371562155, -3.6651403080370466, 0.00799075569475319, -5.281985453649647]"
32,0.2,0.003,0.001,allowed_drift,0,2026093894,0.026965025258932674,162,160,drift_aware,True,omega,0.9695925624854056,1,334.18739537764117,False,0,100,108428.49676877877,,"[1.0511554905026894, -5.826626459113103, 6.702840809388541, -4.647167264826818, 0.9695925624854056, -5.79984907008475, -3.6647421435551, 0.007996523437721614, -5.313823704837903]"
32,0.2,0.003,0.001,allowed_drift,0,2026093894,0.026965025258932674,162,160,drift_aware,True,omega,0.9696825624854056,0,343.80751697976757,True,2,47,0.0005621480799977847,log_gr,"[1.0502006322529582, -5.766448897416268, 6.75288090562846, -9.210340371976113, 0.9696825624854056, -5.804883024432845, -3.665027570380339, 0.00781555764289765, -5.273990868847824]"
32,0.2,0.003,0.001,allowed_drift,0,2026093894,0.026965025258932674,162,160,drift_aware,True,omega,0.9696825624854056,1,2616.509837828325,False,0,100,4210189.991476983,,"[1.0674021948623602, -5.957674709098032, 5.966933352295381, -3.83272197984934, 0.9696825624854056, -5.753602820403109, -3.658583826112464, 0.007909832868569616, -5.426847407636493]"
32,0.2,0.003,0.001,allowed_drift,0,2026093894,0.026965025258932674,162,160,drift_aware,True,omega,0.9705825624854056,0,3695.9436277775385,True,3,26,0.010183297097045414,log_gr,"[1.0516340363903691, -5.766464644005544, 6.678186236206868, -9.210340371885, 0.9705825624854056, -5.751856100626774, -3.663973665295902, 0.0060636188558688, -5.305542380908932]"
32,0.2,0.003,0.001,allowed_drift,0,2026093894,0.026965025258932674,162,160,drift_aware,True,omega,0.9705825624854056,1,3861.11101341747,False,0,100,306444.19506394624,,"[1.056740469968069, -5.767130284749457, 6.426987951232099, -8.57055836732235, 0.9705825624854056, -5.750143835988456, -3.6621654381047897, 0.006086248431111326, -5.308255534314888]"
32,0.2,0.003,0.001,allowed_drift,0,2026093894,0.026965025258932674,162,160,drift_aware,True,omega,0.9745825624854056,0,78712.5906408551,True,2,25,1.3215308121691909,log_gr,"[1.0575823564167461, -5.766531382822097, 6.387694298773706, -9.21034037197618, 0.9745825624854056, -6.650132676379525, -3.664220079133119, -0.0018416940361665678, -4.974778108171498]"
32,0.2,0.003,0.001,allowed_drift,0,2026093894,0.026965025258932674,162,160,drift_aware,True,omega,0.9745825624854056,1,78712.62086256583,False,0,100,97603.25709898726,log_gr,"[1.057608713958793, -5.766531597270273, 6.386466006418084, -9.21034037197618, 0.9745825624854056, -6.650129692291642, -3.664210461785069, -0.001841641249564089, -4.974781170142236]"
32,0.2,0.003,0.001,allowed_drift,0,2026093894,0.026965025258932674,162,160,drift_aware,True,omega,0.9895825624854057,0,956250.2587358544,True,2,67,2.2894806822654714,log_gr;log_gd,"[1.0854712115812093, -5.766869478862398, 5.342721308078002, -9.210340371959143, 0.9895825624854057, -9.21034037197618, -3.7011591744165693, -0.03197852089580727, -4.79899291735959]"
32,0.2,0.003,0.001,allowed_drift,0,2026093894,0.026965025258932674,162,160,drift_aware,True,omega,0.9895825624854057,1,956250.2587347402,True,2,59,6.451645076602679,log_gr;log_gd,"[1.0854711126643288, -5.766869477698838, 5.3427243033772145, -9.210340361205821, 0.9895825624854057, -9.21034037197618, -3.7011592160495006, -0.031978519662025924, -4.798992935087158]"
32,0.2,0.003,0.001,allowed_drift,0,2026093894,0.026965025258932674,162,160,drift_aware,True,omega,1.0495825624854056,0,14746145.346655002,True,2,72,366.09190641787893,remote_sq;log_gr;drift_u;log_gb_signal,"[1.1492707524982777, -5.767712755085771, 4.000000000002364, -9.210340371842227, 1.0495825624854056, -3.6684326876833904, -3.2992571014825995, -0.049999999999999996, -9.21034037197618]"
32,0.2,0.003,0.001,allowed_drift,0,2026093894,0.026965025258932674,162,160,drift_aware,True,omega,1.0495825624854056,1,14746145.34675831,True,2,75,701.2955263629748,remote_sq;log_gr;drift_u;log_gb_signal,"[1.149270752483418, -5.767712754573696, 4.000000000000168, -9.210340371969972, 1.0495825624854056, -3.6684300063856465, -3.2992571017009253, -0.049999999999465715, -9.21034037197604]"
32,0.2,0.003,0.001,allowed_drift,0,2026093894,0.026965025258932674,162,160,drift_aware,True,omega,1.1,0,14769237.291360084,True,2,70,18.503089806743823,remote_sq;log_gr;omega_d;log_t;log_gb_signal,"[1.1492739215488261, -5.767714689527676, 4.000000000000001, -9.210340324516086, 1.1, -3.9333199567364376, -2.525728644308256, 0.022624264898665012, -9.21034037197344]"
32,0.2,0.003,0.001,allowed_drift,0,2026093894,0.026965025258932674,162,160,drift_aware,True,omega,1.1,1,14769237.291355424,True,2,81,13.073902378918788,remote_sq;log_gr;omega_d;log_t;log_gb_signal,"[1.1492739215511736, -5.76771468866535, 4.000000000000001, -9.210340371186549, 1.1, -3.9333200654680027, -2.525728644308256, 0.022624264982763174, -9.210340371976072]"
32,0.2,0.003,0.001,allowed_drift,0,2026093894,0.026965025258932674,162,160,drift_aware,True,gamma,0.00010000000000000009,0,24223.440808141906,True,4,28,0.011560272701096998,log_gr;log_gd,"[1.0497215759134666, -5.766443664848955, 6.778280014039816, -9.210340371440175, 0.9695437443272749, -9.210340371976182, -3.6666232499111326, 0.008053905545244974, -4.816218018631204]"
32,0.2,0.003,0.001,allowed_drift,0,2026093894,0.026965025258932674,162,160,drift_aware,True,gamma,0.00010000000000000009,1,99014683.41840121,True,2,55,3210.7770338174705,log_gb;remote_sq;log_gr;log_gd;drift_u,"[1.0502329106272836, -3.5065578973199822, 4.000000000000001, -2.813410716760037, 0.9332751183354642, -9.210340371976182, -6.67113879066152, -0.049999999999999996, -5.073994054757721]"
32,0.2,0.003,0.001,allowed_drift,0,2026093894,0.026965025258932674,162,160,drift_aware,True,gamma,0.0004057578208133913,0,19380.64757507281,True,3,33,0.1719205520092796,log_gr,"[1.0495635414508477, -5.766441942041365, 6.78670761275643, -9.210340371194524, 0.9694557185561016, -7.809754076799347, -3.6667092924715985, 0.008227591267240925, -4.855747976998476]"
32,0.2,0.003,0.001,allowed_drift,0,2026093894,0.026965025258932674,162,160,drift_aware,True,gamma,0.0004057578208133913,1,27867.304170269403,False,0,100,1379356.0044150404,,"[1.0778841093155966, -5.979180984561166, 5.584712261062382, -3.8948975294365074, 0.9695232737717292, -7.809754076799347, -3.655899187122443, 0.008256003267789594, -4.936168025011299]"
32,0.2,0.003,0.001,allowed_drift,0,2026093894,0.026965025258932674,162,160,drift_aware,True,gamma,0.0014888458197710227,0,6588.338662485298,True,2,27,0.0040888654835535,log_gr,"[1.0494171704610638, -5.766440347839169, 6.7945349606909655, -9.210340371976166, 0.9693495710791373, -6.509754076799347, -3.6665233750797106, 0.008443587240813871, -5.009495007598038]"
32,0.2,0.003,0.001,allowed_drift,0,2026093894,0.026965025258932674,162,160,drift_aware,True,gamma,0.0014888458197710227,1,33560.724417914455,False,0,100,13466700.167045943,,"[1.0966782012978302, -6.603534473479484, 5.025100356611782, -3.068870461176809, 0.9690726949455994, -6.509754076799347, -3.6475360001193264, 0.009302726782145946, -5.323940502898453]"
32,0.2,0.003,0.001,allowed_drift,0,2026093894,0.026965025258932674,162,160,drift_aware,True,gamma,0.0024546917718494547,0,1086.0631574676204,True,2,39,0.001356528427608917,log_gr,"[1.0497460960185054, -5.766443932304047, 6.7769745926125635, -9.210340371975223, 0.9694772737258478, -6.009754076799347, -3.6657616296338924, 0.008206362324327107, -5.169101289319556]"
32,0.2,0.003,0.001,allowed_drift,0,2026093894,0.026965025258932674,162,160,drift_aware,True,gamma,0.0024546917718494547,1,9897.222283359124,False,0,100,1773116.2503601036,,"[1.0815472109375217, -6.119952462475105, 5.464010044196073, -3.5098339756209307, 0.9692793580482909, -6.009754076799347, -3.653621214978944, 0.00878673229949699, -5.354736070025753]"
32,0.2,0.003,0.001,allowed_drift,0,2026093894,0.026965025258932674,162,160,drift_aware,True,gamma,0.00285194495587806,0,368.62073510924574,True,2,57,0.0011139338677577252,log_gr,"[1.0499757439258792, -5.766446439148884, 6.764776689576974, -9.210340371975594, 0.9695649274147743, -5.859754076799347, -3.665315273269147, 0.00804193185958725, -5.242711999773584]"
32,0.2,0.003,0.001,allowed_drift,0,2026093894,0.026965025258932674,162,160,drift_aware,True,gamma,0.00285194495587806,1,23091.277461754933,False,0,100,1963757.641132601,,"[1.096049073801469, -7.067444702635223, 5.040755147975407, -2.814066683155785, 0.9688745009719872, -5.859754076799347, -3.6471459899349816, 0.009709309253522744, -5.826449987967996]"
32,0.2,0.003,0.001,allowed_drift,0,2026093894,0.026965025258932674,162,160,drift_aware,True,gamma,0.00296833503748152,0,319.8916871699913,True,2,26,0.060192039715513054,,"[1.0500402982320503, -5.779697537253453, 6.761353659750668, -6.082784931387459, 0.9695822042955365, -5.819754076799347, -3.6651821415483234, 0.00801038124536264, -5.27334612733043]"
32,0.2,0.003,0.001,allowed_drift,0,2026093894,0.026965025258932674,162,160,drift_aware,True,gamma,0.00296833503748152,1,19226.0786333175,False,0,100,6727395.56252467,,"[1.091995820267693, -6.762556134973657, 5.150612630843253, -2.8963619150671045, 0.969002852675541, -5.819754076799347, -3.648812460796798, 0.009421837402958804, -5.7663977969332425]"
32,0.2,0.003,0.001,allowed_drift,0,2026093894,0.026965025258932674,162,160,drift_aware,True,gamma,0.002998167300569999,0,317.85943491584567,True,2,7,0.00044302081670701053,,"[1.0500531845309542, -5.788369465228005, 6.76066605547919, -5.601236613018822, 0.9695825626828948, -5.809754076799347, -3.665151223768975, 0.008010252373214337, -5.284529587778559]"
32,0.2,0.003,0.001,allowed_drift,0,2026093894,0.026965025258932674,162,160,drift_aware,True,gamma,0.002998167300569999,1,26726.56053494377,False,0,100,4600459.823169064,,"[1.1011233370912845, -6.843026975574101, 4.912183766904138, -2.9767650430878936, 0.968959317206888, -5.809754076799347, -3.644472591777429, 0.009588903731518257, -5.807917457560025]"
32,0.2,0.003,0.001,allowed_drift,0,2026093894,0.026965025258932674,162,160,drift_aware,True,gamma,0.003028299382887016,0,319.9323713119306,True,2,16,0.024806869116267234,,"[1.0500665763923902, -5.797199332817585, 6.759949198595824, -5.27513848084938, 0.9695829307391531, -5.799754076799347, -3.665119655377417, 0.00801011618419978, -5.29594981994469]"
32,0.2,0.003,0.001,allowed_drift,0,2026093894,0.026965025258932674,162,160,drift_aware,True,gamma,0.003028299382887016,1,10339.06957044567,False,0,100,2227625.968339054,,"[1.081982387519612, -6.641702826469516, 5.448038979260153, -2.845747600102783, 0.9690810001192678, -5.799754076799347, -3.6531883730757735, 0.00918932808098113, -5.732623483719862]"
32,0.2,0.003,0.001,allowed_drift,0,2026093894,0.026965025258932674,162,160,drift_aware,True,gamma,0.0031518866251889666,0,371.7850017925231,True,2,51,0.006363927824758425,,"[1.0501254435922485, -5.834169338928354, 6.756775348712301, -4.515653830385126, 0.9695845142023889, -5.759754076799347, -3.664986597693282, 0.008009474650456164, -5.344149810816819]"
32,0.2,0.003,0.001,allowed_drift,0,2026093894,0.026965025258932674,162,160,drift_aware,True,gamma,0.0031518866251889666,1,21405.06759291832,False,0,100,12391090.862623107,,"[1.0956750732301161, -6.866249312533564, 5.0506828466630855, -2.895051101801688, 0.9689852790775958, -5.759754076799347, -3.6469468951803057, 0.009490836938058774, -5.868599957547677]"
32,0.2,0.003,0.001,allowed_drift,0,2026093894,0.026965025258932674,162,160,drift_aware,True,gamma,0.003661969810341828,0,1321.6383361314072,True,2,59,0.03706426953649141,,"[1.0504344447660319, -6.001238914579744, 6.739790897086575, -3.3658197538931676, 0.9695922858384434, -5.609754076799347, -3.6643765917711777, 0.00800546134900023, -5.570789358945607]"
32,0.2,0.003,0.001,allowed_drift,0,2026093894,0.026965025258932674,162,160,drift_aware,True,gamma,0.003661969810341828,1,53100.87324286766,False,0,100,16343948.938580155,,"[1.1200857778552236, -7.147545940055432, 4.49331250000904, -3.07222534080104, 0.9689064239025063, -5.609754076799347, -3.634080738223215, 0.009896438232067343, -6.218258868347813]"
32,0.2,0.003,0.001,allowed_drift,0,2026093894,0.026965025258932674,162,160,drift_aware,True,gamma,0.006037567518972286,0,21668.145088464706,True,2,75,0.19113744601308258,log_gr,"[1.0546915981473073, -6.265385078241129, 6.52267455610057, -2.813410717509075, 0.9700085540652355, -5.109754076799347, -3.6592886799464295, 0.007283315833628663, -7.101740005415669]"
32,0.2,0.003,0.001,allowed_drift,0,2026093894,0.026965025258932674,162,160,drift_aware,True,gamma,0.006037567518972286,1,22170.51757440823,False,0,100,4336191.762114901,log_gr,"[1.0627677649481284, -6.364524586282053, 6.15457622398089, -2.8135499143039695, 0.9699476332671743, -5.109754076799347, -3.6563697178016734, 0.007443142627343553, -7.378050855162346]"
32,0.2,0.003,0.001,allowed_drift,0,2026093894,0.026965025258932674,162,160,drift_aware,True,gamma,0.022153626377891193,0,9012418.294831626,False,0,100,100781.74931712945,,"[1.0429766391843087, -5.76698080391446, 7.160986175567411, -8.443973670690728, 0.9879574949104579, -3.809754076799347, -3.6584233273303575, -0.02593989960343364, -9.204824646571126]"
32,0.2,0.003,0.001,allowed_drift,0,2026093894,0.026965025258932674,162,160,drift_aware,True,gamma,0.022153626377891193,1,9146941.351427315,False,0,100,659677.1374192975,log_gb_signal,"[1.0869217474473547, -5.772154486572742, 5.299232962703393, -7.439465617579799, 0.9899410561108286, -3.809754076799347, -3.653168136307415, -0.030406669190927032, -9.21034035042387]"
32,0.2,0.003,0.001,allowed_drift,0,2026093894,0.026965025258932674,162,160,drift_aware,True,gamma,0.029999999999999995,0,12287001.080364387,False,0,100,5542742.038513143,log_gd,"[1.0485095368982476, -5.769620791083973, 6.8431993321634295, -7.351520962800921, 0.9989262694269688, -3.506557897319982, -3.6737691835559416, -0.04345806118451068, -9.059776110858103]"
32,0.2,0.003,0.001,allowed_drift,0,2026093894,0.026965025258932674,162,160,drift_aware,True,gamma,0.029999999999999995,1,12296976.928428119,False,0,100,1671929.3587683784,log_gd;log_gb_signal,"[1.0739538079324042, -5.769393828002676, 5.721281629661349, -7.829284588306039, 0.9999678570581954, -3.506557897319982, -3.6764986192847458, -0.0457312925749776, -9.209965721590725]"
32,0.2,0.003,0.001,allowed_drift,0,2026093894,0.026965025258932674,162,160,extended,True,omega,0.85,0,17697639.68201205,True,2,79,1187.9046759428352,log_gr;omega_d;log_t;drift_u;log_gb_signal,"[1.1422196375074156, -5.767620182949284, 4.106740827998404, -9.21034037197613, 0.85, -4.281976505027553, -2.5257286443149165, -0.049999999999999996, -9.210340371976176, -0.03563741783155963]"
32,0.2,0.003,0.001,allowed_drift,0,2026093894,0.026965025258932674,162,160,extended,True,omega,0.85,1,100352442.68774998,False,0,100,90849.68486715654,log_gb;remote_sq;log_gr;omega_d;drift_u,"[1.031524913358703, -3.5065578973199822, 4.000000000000001, -2.813410716760037, 0.85, -5.4207953863267315, -10.143460315484722, -0.049999999999999996, -5.126112833261849, -0.03458667625496246]"
32,0.2,0.003,0.001,allowed_drift,0,2026093894,0.026965025258932674,162,160,extended,True,omega,0.8895824647576772,0,18632186.276292842,False,0,100,2987393.5128515605,log_gr;drift_u;log_gb_signal,"[1.1355976705174584, -5.7675409875520485, 4.214165116982098, -9.210340371967778, 0.8895824647576772, -3.7125971189438856, -3.4261364722113, 0.049999999999999996, -9.21034037197618, -0.06836748154343948]"
32,0.2,0.003,0.001,allowed_drift,0,2026093894,0.026965025258932674,162,160,extended,True,omega,0.8895824647576772,1,100351562.93906076,False,0,100,3022228.4899999946,log_gb;remote_sq;log_gr;drift_u,"[1.0356195810582232, -3.5065578973199822, 4.000522510693183, -2.813410716760037, 0.8895824647576772, -7.721096861484068, -8.320381539122831, -0.049999999999995784, -5.073012022830041, 0.05796134538749179]"
32,0.2,0.003,0.001,allowed_drift,0,2026093894,0.026965025258932674,162,160,extended,True,omega,0.9495824647576772,0,981125.6378270154,False,0,100,95.48268698367235,log_gr,"[1.0380376084585354, -6.1043597940770065, 7.4726078636445745, -2.8134343570583584, 0.9495824647576772, -7.578807003959105, -3.7363929276670835, 0.04665856631751258, -4.98541745190437, 0.0037890304343650865]"
32,0.2,0.003,0.001,allowed_drift,0,2026093894,0.026965025258932674,162,160,extended,True,omega,0.9495824647576772,1,983319.698365058,False,0,100,6930871.296531324,log_gr,"[1.0584288927106735, -6.309046150925967, 6.345759218735266, -2.8135614379585423, 0.9495824647576772, -7.435922690160343, -3.7263276355860224, 0.04702836271368194, -5.063014017166484, 0.0048411839459637585]"
32,0.2,0.003,0.001,allowed_drift,0,2026093894,0.026965025258932674,162,160,extended,True,omega,0.9645824647576772,0,63949.23797795797,True,2,70,7.363763976745729,log_gr,"[1.0498327298485775, -6.212980578051293, 6.770043942768396, -2.8134107167602695, 0.9645824647576772, -6.282308468947411, -3.6409074286592618, 0.01797636643788218, -5.271923907636238, 0.018733848061284433]"
32,0.2,0.003,0.001,allowed_drift,0,2026093894,0.026965025258932674,162,160,extended,True,omega,0.9645824647576772,1,17875703.26385424,False,0,100,2485.46009520653,remote_sq;log_gr;drift_u;log_gb_signal,"[1.1492544339072872, -5.767702104379208, 4.000073444460055, -9.21033997561632, 0.9645824647576772, -4.217595478990344, -4.112138864643445, -0.049999999999999996, -9.210340371693096, -0.011185586160113878]"
32,0.2,0.003,0.001,allowed_drift,0,2026093894,0.026965025258932674,162,160,extended,True,omega,0.9685824647576772,0,2693.5235030553586,True,2,69,0.4852339019369126,log_gr,"[1.0489451042422087, -6.203933968682644, 6.817618427198717, -2.813410716761507, 0.9685824647576772, -5.817684615581709, -3.658111741127275, 0.0099994172944746, -5.510304937918069, 0.004855311011936761]"
32,0.2,0.003,0.001,allowed_drift,0,2026093894,0.026965025258932674,162,160,extended,True,omega,0.9685824647576772,1,16908469.310399126,False,0,100,220378.5419851599,remote_sq;drift_u;log_gb_signal,"[1.149271073509592, -5.768061594966753, 4.000002608848407, -9.062385635582707, 0.9685824647576772, -4.198009973372226, -4.071409953203662, -0.04999999613545077, -9.210330791290929, -0.014467619130023535]"
32,0.2,0.003,0.001,allowed_drift,0,2026093894,0.026965025258932674,162,160,extended,True,omega,0.9694824647576772,0,341.6523197490422,True,2,42,0.03898599302932964,,"[1.049919553734894, -5.830364051501136, 6.76768692725745, -4.56732984799219, 0.9694824647576772, -5.810165273187931, -3.664099315954844, 0.008210600270173948, -5.309581094822552, 0.0006773932083798547]"
32,0.2,0.003,0.001,allowed_drift,0,2026093894,0.026965025258932674,162,160,extended,True,omega,0.9694824647576772,1,3833.720713369879,False,0,100,4981653.02111384,,"[1.0720824404209706, -6.383191472390973, 5.786821616334307, -2.93757708381205, 0.9694824647576772, -5.795570226175823, -3.7022939867133284, 0.00818496712973448, -5.6205250862389144, -0.02176486255415271]"
32,0.2,0.003,0.001,allowed_drift,0,2026093894,0.026965025258932674,162,160,extended,True,omega,0.9695724647576772,0,318.0887000203945,True,2,11,0.7456966477282633,,"[1.0500374080155355, -5.792197019391872, 6.761498016546239, -5.445919662108683, 0.9695724647576772, -5.809781884796572, -3.662248706052773, 0.008043279469409624, -5.2868396899197725, 0.0016965267917891567]"
32,0.2,0.003,0.001,allowed_drift,0,2026093894,0.026965025258932674,162,160,extended,True,omega,0.9695724647576772,1,2145.816731685122,False,0,100,94510.28992311639,log_gr,"[1.0665422089801142, -6.417446342110586, 5.999037065488047, -2.8137598563636117, 0.9695724647576772, -5.798106798463923, -3.704955063946135, 0.00798712813807964, -5.632123524367403, -0.02293331787931972]"
32,0.2,0.003,0.001,allowed_drift,0,2026093894,0.026965025258932674,162,160,extended,True,omega,0.9695824647576772,0,317.8016590060608,True,2,17,0.9237527283749191,,"[1.0500431828743049, -5.788578210722069, 6.761195326895015, -5.591934295381944, 0.9695824647576772, -5.809732316368693, -3.6554811964264404, 0.008058635581588284, -5.284679079605788, 0.005640927136369854]"
32,0.2,0.003,0.001,allowed_drift,0,2026093894,0.026965025258932674,162,160,extended,True,omega,0.9695824647576772,1,3414.3067196700986,False,0,100,3898873.0239802375,,"[1.0711057522861778, -6.376481180693039, 5.823011650679869, -2.930666208021327, 0.9695824647576772, -5.7972097978183585, -3.706695472257618, 0.00798125334176839, -5.615507929669516, -0.023867355524473263]"
32,0.2,0.003,0.001,allowed_drift,0,2026093894,0.026965025258932674,162,160,extended,True,omega,0.9695924647576771,0,317.7122377253209,True,3,29,0.6821074149254502,,"[1.050039104018549, -5.78744310071977, 6.761412132615338, -5.642513738682794, 0.9695924647576771, -5.809706961367066, -3.645789297080968, 0.008098737467919975, -5.28401335484825, 0.011318597119071324]"
32,0.2,0.003,0.001,allowed_drift,0,2026093894,0.026965025258932674,162,160,extended,True,omega,0.9695924647576771,1,4620.168195465239,False,0,100,5374205.38278089,,"[1.0745268319388699, -6.444428348410425, 5.698464036220747, -2.9070634496749164, 0.9695924647576771, -5.795515379100038, -3.708451620116352, 0.00797110023989344, -5.649508607153587, -0.02474321017929323]"
32,0.2,0.003,0.001,allowed_drift,0,2026093894,0.026965025258932674,162,160,extended,True,omega,0.9696824647576772,0,317.433946409111,True,2,40,0.0015070389843457727,,"[1.0500169756452211, -5.785959802909368, 6.762584985971524, -5.712518005039573, 0.9696824647576772, -5.809660867482976, -3.6081118017654794, 0.008265676179202418, -5.283171821436217, 0.033652367550649]"
32,0.2,0.003,0.001,allowed_drift,0,2026093894,0.026965025258932674,162,160,extended,True,omega,0.9696824647576772,1,5792.720074392755,False,0,100,59330.333748636374,log_gr,"[1.0777177717293522, -6.602008682716928, 5.5878183118236695, -2.813903794857757, 0.9696824647576772, -5.775364108927026, -3.7105586448742733, 0.007802242180799714, -5.738432842203997, -0.025776728276193008]"
32,0.2,0.003,0.001,allowed_drift,0,2026093894,0.026965025258932674,162,160,extended,True,omega,0.9705824647576772,0,345.94997431213426,True,2,44,0.0019993154651298892,link_l,"[1.0504550838292475, -5.776400402543694, 6.739477858876502, -6.360476907239195, 0.9705824647576772, -5.809257912466805, -3.4991694225009784, 0.008558222790921157, -5.277590909976707, 0.09999999999999999]"
32,0.2,0.003,0.001,allowed_drift,0,2026093894,0.026965025258932674,162,160,extended,True,omega,0.9705824647576772,1,414.1695562933307,False,0,100,10186.23996059358,link_l,"[1.0537385788637268, -5.78488019378582, 6.571925619247461, -5.830259345590102, 0.9705824647576772, -5.801393038614022, -3.849425165943777, 0.007054816623964733, -5.287907737447874, -0.09999212360058489]"
32,0.2,0.003,0.001,allowed_drift,0,2026093894,0.026965025258932674,162,160,extended,True,omega,0.9745824647576772,0,52481.203840687944,True,2,60,3.548913180086943,log_gr;link_l,"[1.0698410419336832, -5.766675387186147, 5.873038127714351, -9.21034037197618, 0.9745824647576772, -6.160808905886645, -3.4650697693962265, 0.0013332882743369685, -5.105337637481523, 0.09999999999999999]"
32,0.2,0.003,0.001,allowed_drift,0,2026093894,0.026965025258932674,162,160,extended,True,omega,0.9745824647576772,1,38031.821089317964,False,0,100,120013.30093705816,log_gr;link_l,"[1.0682878077744822, -6.44324839999237, 5.930080319565696, -2.8134152632949716, 0.9745824647576772, -5.8321786575500445, -3.8688999602088123, -0.000780617640027094, -5.611109932467388, -0.09999999999999999]"
32,0.2,0.003,0.001,allowed_drift,0,2026093894,0.026965025258932674,162,160,extended,True,omega,0.9895824647576772,0,842957.5880999995,True,2,89,15.529952757625482,log_gr;log_gd;link_l,"[1.110749185624265, -5.767200049469453, 4.690656040524856, -9.21034037197618, 0.9895824647576772, -9.21034037197618, -3.4259872874826542, -0.02764223451813387, -4.801795785004934, 0.09999999999999999]"
32,0.2,0.003,0.001,allowed_drift,0,2026093894,0.026965025258932674,162,160,extended,True,omega,0.9895824647576772,1,825224.5582195979,True,2,72,38.54058608306526,log_gr;link_l,"[1.1144319464980874, -8.178197369941056, 4.607741944264006, -2.8134107167612825, 0.9895824647576772, -7.002153786703568, -3.9775123420542458, -0.03128633207442634, -5.390365797419649, -0.09999999999999999]"
32,0.2,0.003,0.001,allowed_drift,0,2026093894,0.026965025258932674,162,160,extended,True,omega,1.0495824647576772,0,14691161.835550424,True,2,96,236.30657930191012,remote_sq;log_gr;drift_u;log_gb_signal;link_l,"[1.1492699583470132, -5.76771219850045, 4.000000000000011, -9.210340371519912, 1.0495824647576772, -3.6774189615574917, -3.588173748129089, -0.049999999999999996, -9.210340371975827, -0.09999999999999999]"
32,0.2,0.003,0.001,allowed_drift,0,2026093894,0.026965025258932674,162,160,extended,True,omega,1.0495824647576772,1,14691161.835588824,True,2,66,581.994109190743,remote_sq;log_gr;drift_u;log_gb_signal;link_l,"[1.1492699583574097, -5.767712198679152, 4.000000000015597, -9.210340363593058, 1.0495824647576772, -3.6774185053324286, -3.5881739526097065, -0.04999999999999435, -9.210340371972288, -0.0999999999999948]"
32,0.2,0.003,0.001,allowed_drift,0,2026093894,0.026965025258932674,162,160,extended,True,omega,1.1,0,14416682.05684252,True,2,91,16.319986067262793,remote_sq;log_gr;omega_d;drift_u;log_gb_signal;link_l,"[1.1492781024697225, -5.767716545903175, 4.000000000000001, -9.210340370615944, 1.1, -4.090333057306527, -2.5700265177591883, 0.049999999999999996, -9.210340371976132, -0.09999999999999999]"
32,0.2,0.003,0.001,allowed_drift,0,2026093894,0.026965025258932674,162,160,extended,True,omega,1.1,1,14416682.056847839,True,2,78,10.70114333275991,remote_sq;log_gr;omega_d;drift_u;log_gb_signal;link_l,"[1.1492781024686693, -5.767716546785905, 4.000000000000026, -9.210340324920939, 1.1, -4.090332995323979, -2.570026517921756, 0.049999999999999996, -9.210340371267245, -0.0999999999999997]"
32,0.2,0.003,0.001,allowed_drift,0,2026093894,0.026965025258932674,162,160,extended,True,gamma,0.00010000000000000009,0,19468.074206138273,True,2,81,0.29440689423417243,log_gd;link_l,"[1.0498695506185354, -6.033979577893007, 6.769423085160646, -3.241046551596995, 0.9704678942380879, -9.210340371976182, -3.8458403318769427, 0.0072286207429255464, -4.9146010323442475, -0.09999999985835155]"
32,0.2,0.003,0.001,allowed_drift,0,2026093894,0.026965025258932674,162,160,extended,True,gamma,0.00010000000000000009,1,20516690.259564742,False,0,100,16395420.6470041,log_gd,"[1.1207417254709973, -8.196745503016198, 4.479607298104327, -2.873247084310689, 0.9542001520318257, -9.210340371976182, -3.94266330925338, -0.048882321713124274, -4.281166728920388, 0.09706014089782006]"
32,0.2,0.003,0.001,allowed_drift,0,2026093894,0.026965025258932674,162,160,extended,True,gamma,0.00040575671702169935,0,15627.01888179234,True,2,81,0.011897642016467237,link_l,"[1.0498193425482563, -6.004427497173358, 6.772272872262848, -3.3427209925825934, 0.9704678168249331, -7.809756797124469, -3.845745230849336, 0.007227565347683163, -4.947647909763166, -0.09999999999999999]"
32,0.2,0.003,0.001,allowed_drift,0,2026093894,0.026965025258932674,162,160,extended,True,gamma,0.00040575671702169935,1,33636.383140587146,False,0,100,18082064.647112824,,"[1.0942744319492148, -6.661239454608153, 5.088356984061263, -2.9981931088058476, 0.9699154943027367, -7.809756797124469, -3.7569117485958303, 0.007399603414479193, -5.130753087122516, -0.044048810439530905]"
32,0.2,0.003,0.001,allowed_drift,0,2026093894,0.026965025258932674,162,160,extended,True,gamma,0.001488841769631846,0,6410.264956585245,True,2,69,0.01036046228281182,log_gr;link_l,"[1.0496095933151943, -5.7664424438945545, 6.784249266183514, -9.21034037197618, 0.9702541908701274, -6.509756797124469, -3.5017880631531306, 0.009152011364960022, -5.009557187400265, 0.09999999999000807]"
32,0.2,0.003,0.001,allowed_drift,0,2026093894,0.026965025258932674,162,160,extended,True,gamma,0.001488841769631846,1,17667308.326877393,False,0,100,26374958.763372716,,"[1.1416222075340854, -7.662377349497532, 4.113875354540778, -3.158902824782054, 0.9741964605524513, -6.509756797124469, -3.6666265908251314, -0.04911706010614634, -4.578939694329221, 0.09731291486284296]"
32,0.2,0.003,0.001,allowed_drift,0,2026093894,0.026965025258932674,162,160,extended,True,gamma,0.0024546850942988446,0,1019.5472814029989,True,2,79,0.00213596469843011,log_gr;link_l,"[1.049769161941155, -5.766444183936411, 6.775747122943043, -9.21034037197618, 0.9704100648206306, -6.009756797124469, -3.50088585352192, 0.008863161987063608, -5.169113927759618, 0.09999999999999622]"
32,0.2,0.003,0.001,allowed_drift,0,2026093894,0.026965025258932674,162,160,extended,True,gamma,0.0024546850942988446,1,805525.1749674948,False,0,100,76526889.99804002,,"[1.1259041687512967, -8.556513897146726, 4.381803820045684, -2.9150640524376814, 0.9808441464851045, -6.009756797124469, -3.4173264548829314, -0.011442830919994615, -5.665061115700832, 0.08085262607922537]"
32,0.2,0.003,0.001,allowed_drift,0,2026093894,0.026965025258932674,162,160,extended,True,gamma,0.002851937197671103,0,366.25307278695885,False,0,100,11573.867725590206,,"[1.0499506636026896, -5.7700432568681475, 6.766106060739345, -7.269207989544207, 0.969737171184828, -5.859756797124469, -3.5946370239392427, 0.00832410070557716, -5.2448751170892765, 0.041848187823534506]"
32,0.2,0.003,0.001,allowed_drift,0,2026093894,0.026965025258932674,162,160,extended,True,gamma,0.002851937197671103,1,20640.623300097097,False,0,100,29432680.2585783,,"[1.0953210541504463, -6.70040044956753, 5.059817989146818, -2.985334980962107, 0.9694316054448118, -5.859756797124469, -3.6927971931380736, 0.008380919959271241, -5.705591053741843, -0.01871050596501296]"
32,0.2,0.003,0.001,allowed_drift,0,2026093894,0.026965025258932674,162,160,extended,True,gamma,0.0029683269626561313,0,319.53476409686743,False,0,100,7592.150764224981,,"[1.050008452003377, -5.782125726188734, 6.763038889144658, -5.921912711940935, 0.969664774753808, -5.819756797124469, -3.6134240135401043, 0.008240583865303188, -5.274847153019845, 0.03049911933429925]"
32,0.2,0.003,0.001,allowed_drift,0,2026093894,0.026965025258932674,162,160,extended,True,gamma,0.0029683269626561313,1,27436.280272848122,False,0,100,6177918.1433815705,,"[1.1007842558751184, -6.590315422394305, 4.921169757837918, -3.1326528130708624, 0.9688249225315023, -5.819756797124469, -3.621086012741308, 0.010036462658077897, -5.7012873491268605, 0.00957226912460532]"
32,0.2,0.003,0.001,allowed_drift,0,2026093894,0.026965025258932674,162,160,extended,True,gamma,0.002998159144591266,0,317.12662779961596,False,0,100,95.46731342959816,,"[1.0499893386660804, -5.785238006546688, 6.764049631761852, -5.748197057666939, 0.9699158873888242, -5.809756797124469, -3.562354347298975, 0.008473847840720838, -5.282713313390512, 0.06133735925131464]"
32,0.2,0.003,0.001,allowed_drift,0,2026093894,0.026965025258932674,162,160,extended,True,gamma,0.002998159144591266,1,42164.81010622772,False,0,100,20237535.13429736,,"[1.1127681349633285, -6.891488672224793, 4.644239249557273, -3.0893197698433137, 0.9694935095977028, -5.809756797124469, -3.706228547698721, 0.008099258609839755, -5.8318161345056385, -0.025291965122864773]"
32,0.2,0.003,0.001,allowed_drift,0,2026093894,0.026965025258932674,162,160,extended,True,gamma,0.0030282911449393338,0,319.4442032067989,False,0,100,31314.607829148856,,"[1.0500273642466729, -5.789270967701437, 6.762032326024933, -5.561957768076585, 0.9697001477884944, -5.799756797124469, -3.603417147174555, 0.008286388297975188, -5.291182846395717, 0.03644062873595747]"
32,0.2,0.003,0.001,allowed_drift,0,2026093894,0.026965025258932674,162,160,extended,True,gamma,0.0030282911449393338,1,14915.200014157652,False,0,100,8411353.529863326,,"[1.0926643234390832, -6.771490763746453, 5.132135181376912, -2.907766506188885, 0.9698235772474001, -5.799756797124469, -3.722558767256203, 0.007566070582480752, -5.788018713161656, -0.03094639870782084]"
32,0.2,0.003,0.001,allowed_drift,0,2026093894,0.026965025258932674,162,160,extended,True,gamma,0.0031518780510442616,0,370.8709800252395,False,0,100,71.11012916690271,,"[1.0500754170555624, -5.802006164179765, 6.759475938305323, -5.135060822448054, 0.9697432957587593, -5.759756797124469, -3.5931868805795384, 0.008334177193518423, -5.324374373538112, 0.04249293142753119]"
32,0.2,0.003,0.001,allowed_drift,0,2026093894,0.026965025258932674,162,160,extended,True,gamma,0.0031518780510442616,1,50047.239366549176,False,0,100,5708276.820380506,,"[1.1037402235800586, -6.819278421916784, 4.848863105715768, -3.0089713956148962, 0.9680782900764355, -5.759756797124469, -3.5332610145630645, 0.012620565231280365, -5.858674064858077, 0.04485610599793469]"
32,0.2,0.003,0.001,allowed_drift,0,2026093894,0.026965025258932674,162,160,extended,True,gamma,0.003661959848606908,0,1317.0587951213136,True,2,96,2.395148443737951,,"[1.050350553694089, -5.873087667213262, 6.7447952703933405, -4.0881108557133805, 0.9696752005843714, -5.609756797124469, -3.6104742907882175, 0.008260937338292416, -5.485621309168807, 0.03169619484892309]"
32,0.2,0.003,0.001,allowed_drift,0,2026093894,0.026965025258932674,162,160,extended,True,gamma,0.003661959848606908,1,14517.718605721153,False,0,100,6846922.508279807,,"[1.0902876298544597, -6.191068988866479, 5.200409505795999, -3.480282352000088, 0.9694066812747788, -5.609756797124469, -3.637467067788036, 0.008695487456220763, -5.708637199805934, 0.004769205639747735]"
32,0.2,0.003,0.001,allowed_drift,0,2026093894,0.026965025258932674,162,160,extended,True,gamma,0.00603755109484803,0,21106.873623692343,True,2,61,0.19339007036581207,log_gr,"[1.0524269042697372, -6.240334382577951, 6.6353106601840235, -2.813410716902187, 0.9697141321904917, -5.109756797124469, -3.6029311247891607, 0.008312914318061223, -7.045970583511341, 0.03318611404850922]"
32,0.2,0.003,0.001,allowed_drift,0,2026093894,0.026965025258932674,162,160,extended,True,gamma,0.00603755109484803,1,42116.1817515962,False,0,100,10817970.457368642,,"[1.1005214444744358, -6.324301407865881, 4.928257419919278, -3.4013166721169297, 0.9695925189928299, -5.109756797124469, -3.5297402810820095, 0.00970700687827191, -7.462446541227136, 0.045803556357899296]"
32,0.2,0.003,0.001,allowed_drift,0,2026093894,0.026965025258932674,162,160,extended,True,gamma,0.022153566112906795,0,9004520.388153087,False,0,100,426112.59077973693,,"[1.0416139153604227, -5.766485688566272, 7.244488344437116, -8.987947772624587, 0.9879898841994064, -3.809756797124469, -3.6995255606647564, -0.025974075075054944, -9.20946971250932, -0.02592175194415084]"
32,0.2,0.003,0.001,allowed_drift,0,2026093894,0.026965025258932674,162,160,extended,True,gamma,0.022153566112906795,1,9150305.668228231,False,0,100,293392.23862111644,,"[1.087868507101985, -5.772008739270868, 5.271281338068632, -7.475627619095113, 0.9884658636339865, -3.809756797124469, -3.7601099732786745, -0.02730651647220086, -9.017753054089729, -0.049806125173145005]"
32,0.2,0.003,0.001,allowed_drift,0,2026093894,0.026965025258932674,162,160,extended,True,gamma,0.029999999999999995,0,12276536.589813475,False,0,100,3051491.668374123,log_gd,"[1.0483049599374665, -5.769259020816137, 6.854400697253498, -7.447922623322522, 0.9989679573419379, -3.506557897319982, -3.735104663332174, -0.043777765203493135, -9.082162069173723, -0.030757072158455044]"
32,0.2,0.003,0.001,allowed_drift,0,2026093894,0.026965025258932674,162,160,extended,True,gamma,0.029999999999999995,1,99896480.48799805,False,0,100,1324.14119723791,log_gb;remote_sq;log_gr;log_gd;log_t;drift_u;link_l,"[1.0388776585856376, -3.5065578973199822, 4.000006200673881, -2.813410716760037, 0.9442103747726507, -3.506557897319982, -11.512917603521661, -0.049999999999999996, -5.270321202076529, 0.09999999999999999]"
34,0.2,0.003,0.001,extra_link,0,2026093968,0.026965025258932674,162,160,unchanged,False,omega,0.85,0,18312534.006689075,False,0,100,90922.46595283478,remote_sq;omega_d,"[1.1492624649597216, -5.932767382436678, 4.000013030075776, -4.956149686946092, 0.85, -4.461836854581822, -2.7614304202870916]"
34,0.2,0.003,0.001,extra_link,0,2026093968,0.026965025258932674,162,160,unchanged,False,omega,0.85,1,108799982.85111766,True,2,22,0.11738506718276223,log_gb;remote_sq;log_gr;omega_d;log_gd;log_t,"[1.001751394036449, -3.5065578973199822, 4.000000000000001, -2.813410716760037, 0.85, -9.210340371975994, -11.512925464970227]"
34,0.2,0.003,0.001,extra_link,0,2026093968,0.026965025258932674,162,160,unchanged,False,omega,0.8933179908662772,0,21330438.491538037,True,2,95,1362.2399672789372,remote_sq;log_gr,"[1.1492847497633503, -5.7769936968207745, 4.000000003593124, -9.21034037197618, 0.8933179908662772, -4.07827066346706, -2.981755494721954]"
34,0.2,0.003,0.001,extra_link,0,2026093968,0.026965025258932674,162,160,unchanged,False,omega,0.8933179908662772,1,21331449.79008834,False,0,100,12338063.436361013,,"[1.1447080008221717, -5.776946588427499, 4.068134370904502, -9.203303338656458, 0.8933179908662772, -4.073363516518056, -2.9846854954452686]"
34,0.2,0.003,0.001,extra_link,0,2026093968,0.026965025258932674,162,160,unchanged,False,omega,0.9533179908662771,0,19144269.612868477,True,2,95,3556.865175068203,remote_sq;log_gr,"[0.9980641882574417, -5.767051355114651, 11.999999999866535, -9.21034037197618, 0.9533179908662771, -3.715829677695231, -3.6148171214657667]"
34,0.2,0.003,0.001,extra_link,0,2026093968,0.026965025258932674,162,160,unchanged,False,omega,0.9533179908662771,1,19148373.073777128,False,0,100,11329925.550254192,log_gr,"[1.008004394067176, -5.767134488424293, 10.376603545772248, -9.21034037197618, 0.9533179908662771, -3.7175940421466644, -3.612763702882257]"
34,0.2,0.003,0.001,extra_link,0,2026093968,0.026965025258932674,162,160,unchanged,False,omega,0.9683179908662771,0,4476724.806861887,False,0,100,1739.723806101037,remote_sq;log_gr,"[0.9982392611222227, -5.867124757778339, 11.999997001926708, -2.813410716760037, 0.9683179908662771, -4.978979705233631, -3.7649477406098013]"
34,0.2,0.003,0.001,extra_link,0,2026093968,0.026965025258932674,162,160,unchanged,False,omega,0.9683179908662771,1,4486503.820955866,False,0,100,9503243.52067807,log_gr,"[1.021206750243248, -5.97871585923306, 8.855324580138326, -2.813410716762589, 0.9683179908662771, -4.982180786558427, -3.760308375835297]"
34,0.2,0.003,0.001,extra_link,0,2026093968,0.026965025258932674,162,160,unchanged,False,omega,0.9723179908662771,0,299139.4307424175,True,2,84,152.68307765142737,log_gr,"[1.023154042986745, -5.765261850466227, 8.654393110854828, -9.21034037197618, 0.9723179908662771, -5.273740081053432, -3.744339096563503]"
34,0.2,0.003,0.001,extra_link,0,2026093968,0.026965025258932674,162,160,unchanged,False,omega,0.9723179908662771,1,299501.65582781937,False,0,100,2841498.055890788,log_gr,"[1.0309820253551516, -5.765350457503866, 7.989056877827907, -9.21034036983822, 0.9723179908662771, -5.275569172183145, -3.742262751005162]"
34,0.2,0.003,0.001,extra_link,0,2026093968,0.026965025258932674,162,160,unchanged,False,omega,0.9732179908662771,0,83041.1313155964,True,2,19,6.508667710709785,log_gr,"[1.051204645989891, -5.765950902711472, 6.70118075694859, -9.21034037197618, 0.9732179908662771, -5.294157071534924, -3.732851982450063]"
34,0.2,0.003,0.001,extra_link,0,2026093968,0.026965025258932674,162,160,unchanged,False,omega,0.9732179908662771,1,83045.48849237087,False,0,100,134367.73030046298,log_gr,"[1.0520162196553653, -5.765960273939493, 6.659396794482782, -9.21034037197618, 0.9732179908662771, -5.294426243311862, -3.7325783776029953]"
34,0.2,0.003,0.001,extra_link,0,2026093968,0.026965025258932674,162,160,unchanged,False,omega,0.9733079908662772,0,80890.23088072319,True,2,6,8.382878702903113,log_gr,"[1.0541734968486587, -5.766009721813672, 6.550848539416355, -9.21034037197618, 0.9733079908662772, -5.294907998589298, -3.7315009915517807]"
34,0.2,0.003,0.001,extra_link,0,2026093968,0.026965025258932674,162,160,unchanged,False,omega,0.9733079908662772,1,80890.23088145953,False,0,100,247.06435981624392,log_gr,"[1.054173694517044, -5.766009743117514, 6.550838817126736, -9.21034037197618, 0.9733079908662772, -5.294908000234268, -3.731500904434971]"
34,0.2,0.003,0.001,extra_link,0,2026093968,0.026965025258932674,162,160,unchanged,False,omega,0.9733179908662771,0,80868.54468652749,True,2,2,0.0746648560621041,log_gr,"[1.0545047502926028, -5.766016146444774, 6.534560461699841, -9.21034037197618, 0.9733179908662771, -5.294977285617715, -3.7313485481319733]"
34,0.2,0.003,0.001,extra_link,0,2026093968,0.026965025258932674,162,160,unchanged,False,omega,0.9733179908662771,1,80895.94050646892,False,0,100,391746.00865331746,log_gr,"[1.0565003903126373, -5.766040013684193, 6.438634088652853, -9.210340337728617, 0.9733179908662771, -5.295667048766916, -3.73065238049057]"
34,0.2,0.003,0.001,extra_link,0,2026093968,0.026965025258932674,162,160,unchanged,False,omega,0.9733279908662771,0,80890.22207106397,True,2,8,8.35459422797908,log_gr,"[1.0548363154387563, -5.766022551550085, 6.518351555846938, -9.21034037197618, 0.9733279908662771, -5.295043766211368, -3.731195620559548]"
34,0.2,0.003,0.001,extra_link,0,2026093968,0.026965025258932674,162,160,unchanged,False,omega,0.9733279908662771,1,80896.84797207048,False,0,100,1038599.2239264171,log_gr,"[1.055585388644934, -5.766031223931124, 6.482103771282039, -9.21034037197618, 0.9733279908662771, -5.295302498813301, -3.7309353098061173]"
34,0.2,0.003,0.001,extra_link,0,2026093968,0.026965025258932674,162,160,unchanged,False,omega,0.9734179908662771,0,83031.70760512819,True,2,19,4.900452199679499,log_gr,"[1.0578313171812084, -5.766079220100736, 6.376088009519053, -9.21034037197618, 0.9734179908662771, -5.295515915980211, -3.729798474713946]"
34,0.2,0.003,0.001,extra_link,0,2026093968,0.026965025258932674,162,160,unchanged,False,omega,0.9734179908662771,1,83031.70760873934,True,2,98,25.319509298294918,log_gr,"[1.05783171106673, -5.766079223531605, 6.376069826625365, -9.21034037197618, 0.9734179908662771, -5.295516065401307, -3.7297983332169307]"
34,0.2,0.003,0.001,extra_link,0,2026093968,0.026965025258932674,162,160,unchanged,False,omega,0.9743179908662771,0,290235.6319039375,True,2,64,30.051540142991737,log_gr,"[1.0885461131621927, -5.766567053866483, 5.249294982617464, -9.21034037197618, 0.9743179908662771, -5.288617842147721, -3.713786359821392]"
34,0.2,0.003,0.001,extra_link,0,2026093968,0.026965025258932674,162,160,unchanged,False,omega,0.9743179908662771,1,290235.63245362265,True,2,55,8.717788634253626,log_gr,"[1.0885544496625665, -5.7665671844300315, 5.249053187988639, -9.21034037197618, 0.9743179908662771, -5.288621770346053, -3.713782685181783]"
34,0.2,0.003,0.001,extra_link,0,2026093968,0.026965025258932674,162,160,unchanged,False,omega,0.9783179908662771,0,4070122.3787926603,False,0,100,12256147.273558347,,"[1.1401134820045606, -6.169240489680014, 4.135330830235898, -4.098349993284201, 0.9783179908662771, -5.016195836010083, -3.6625600208717217]"
34,0.2,0.003,0.001,extra_link,0,2026093968,0.026965025258932674,162,160,unchanged,False,omega,0.9783179908662771,1,4062089.8353700424,True,2,97,1080.955066378979,remote_sq,"[1.1489522091032278, -6.723666891686461, 4.000000000000001, -3.5668738879265245, 0.9783179908662771, -5.021717913048995, -3.6566552395149863]"
34,0.2,0.003,0.001,extra_link,0,2026093968,0.026965025258932674,162,160,unchanged,False,omega,0.9933179908662771,0,14362143.34230038,False,0,100,8108680.726243903,,"[1.13243717210642, -8.758301529404834, 4.263139701186795, -2.9746915649239343, 0.9933179908662771, -4.332928729860731, -3.4817668437129186]"
34,0.2,0.003,0.001,extra_link,0,2026093968,0.026965025258932674,162,160,unchanged,False,omega,0.9933179908662771,1,14349641.500846209,True,2,73,13302.377188737604,log_gb;remote_sq,"[1.149026294883303, -9.21034037197617, 4.0000000095023465, -3.120799480566902, 0.9933179908662771, -4.349337460616658, -3.4723212707406073]"
34,0.2,0.003,0.001,extra_link,0,2026093968,0.026965025258932674,162,160,unchanged,False,omega,1.053317990866277,0,15852662.437536445,True,2,70,868.0763230877102,log_gb;remote_sq,"[1.1491019170748957, -9.210340371735123, 4.000000000000001, -3.1207157724580785, 1.053317990866277, -4.268161545650878, -2.976114192155428]"
34,0.2,0.003,0.001,extra_link,0,2026093968,0.026965025258932674,162,160,unchanged,False,omega,1.053317990866277,1,15852662.437584564,True,2,68,991.4445474402752,log_gb;remote_sq,"[1.1491019172136767, -9.210340371802232, 4.0000000000020135, -3.1207157563311956, 1.053317990866277, -4.268161849157732, -2.9761145188240117]"
34,0.2,0.003,0.001,extra_link,0,2026093968,0.026965025258932674,162,160,unchanged,False,omega,1.1,0,15253805.415431784,False,0,100,38004.46284391777,remote_sq;omega_d,"[1.1492291221653237, -6.515563093475282, 4.000003393014641, -3.7237835586217662, 1.1, -4.168789081017583, -2.702110560921629]"
34,0.2,0.003,0.001,extra_link,0,2026093968,0.026965025258932674,162,160,unchanged,False,omega,1.1,1,15248244.20476994,True,2,93,5.006787257275621,log_gb;remote_sq;omega_d,"[1.149112930254823, -9.210340368236071, 4.000000000000001, -3.115733150806426, 1.1, -4.1478023911331965, -2.702161938853301]"
34,0.2,0.003,0.001,extra_link,0,2026093968,0.026965025258932674,162,160,unchanged,False,gamma,0.00010000000000000009,0,12135745.260902904,True,2,76,22155.32080908873,remote_sq;log_gr;log_gd,"[1.1492314933470693, -5.330920025743717, 4.000000000122897, -9.21034037197618, 0.9738245148396146, -9.210340371976182, -3.687201633059366]"
34,0.2,0.003,0.001,extra_link,0,2026093968,0.026965025258932674,162,160,unchanged,False,gamma,0.00010000000000000009,1,48072871.5124909,False,0,100,3441710.497693489,remote_sq;log_gr;log_gd,"[1.1486672412207266, -6.246414808969163, 4.0005582427671325, -2.8134107167601057, 0.9380543668443596, -9.210340371976182, -4.258339010795662]"
34,0.2,0.003,0.001,extra_link,0,2026093968,0.026965025258932674,162,160,unchanged,False,gamma,0.0006789403510311902,0,9048502.14332973,True,2,71,20553.704076625927,remote_sq;log_gr,"[1.1492511639280705, -5.441663414659889, 4.000000000000001, -9.21034037197618, 0.9737482691072004, -7.29497728252486, -3.6872288126337858]"
34,0.2,0.003,0.001,extra_link,0,2026093968,0.026965025258932674,162,160,unchanged,False,gamma,0.0006789403510311902,1,48062349.45937509,False,0,100,25889810.812005512,,"[1.1483437209928875, -6.603832409496808, 4.010006697015431, -2.8177577692272435, 0.9303515503355104, -7.29497728252486, -4.432801692561398]"
34,0.2,0.003,0.001,extra_link,0,2026093968,0.026965025258932674,162,160,unchanged,False,gamma,0.0024912335675509856,0,2286539.882309706,True,2,77,5987.842485322499,remote_sq;log_gr,"[1.1492825650456404, -5.677358828010765, 4.000000000000043, -9.21034037197618, 0.9735176194569763, -5.99497728252486, -3.6872600346813713]"
34,0.2,0.003,0.001,extra_link,0,2026093968,0.026965025258932674,162,160,unchanged,False,gamma,0.0024912335675509856,1,41227232.442251176,False,0,100,3313980.7506621093,remote_sq,"[1.1487176965057693, -9.209159618777836, 4.000448658527653, -2.826438190959063, 0.9324108415281067, -5.99497728252486, -4.383462385417898]"
34,0.2,0.003,0.001,extra_link,0,2026093968,0.026965025258932674,162,160,unchanged,False,gamma,0.004107349773103474,0,286710.8676862304,True,2,91,143.90053343416682,log_gr,"[1.1014722813247673, -5.749224543322105, 4.906449922674497, -9.21034037197618, 0.9733699414055906, -5.49497728252486, -3.712560310792333]"
34,0.2,0.003,0.001,extra_link,0,2026093968,0.026965025258932674,162,160,unchanged,False,gamma,0.004107349773103474,1,29890224.780496664,False,0,100,42043264.37614052,log_gb,"[1.1486673508207503, -9.210340371976178, 4.003135249963014, -2.9734387688873847, 0.9478854698657517, -5.49497728252486, -4.067897193386507]"
34,0.2,0.003,0.001,extra_link,0,2026093968,0.026965025258932674,162,160,unchanged,False,gamma,0.004772059613253862,0,94071.56906759719,True,2,41,15.042232311892107,log_gr,"[1.0678312535788226, -5.762343699086772, 5.9509381467370055, -9.21034037197618, 0.9733275861319175, -5.34497728252486, -3.7266652336052353]"
34,0.2,0.003,0.001,extra_link,0,2026093968,0.026965025258932674,162,160,unchanged,False,gamma,0.004772059613253862,1,25096166.04532126,False,0,100,24278260.28617656,log_gb,"[1.1489997735220991, -9.21034037197618, 4.001176500706659, -3.0120901831221008, 0.953903777737116, -5.34497728252486, -3.965794263416575]"
34,0.2,0.003,0.001,extra_link,0,2026093968,0.026965025258932674,162,160,unchanged,False,gamma,0.0049668110605629815,0,81399.734806857,True,2,14,13.53491213314836,log_gr,"[1.0572820797112976, -5.765308366137236, 6.401980414593478, -9.21034037197618, 0.9733197072688805, -5.30497728252486, -3.7304151604850575]"
34,0.2,0.003,0.001,extra_link,0,2026093968,0.026965025258932674,162,160,unchanged,False,gamma,0.0049668110605629815,1,19813017.925468776,False,0,100,42254649.91722752,log_gb,"[1.1490737411820156, -9.21034037197618, 4.001781826514943, -3.0289432632415396, 0.9598944349515826, -5.30497728252486, -3.872746096673102]"
34,0.2,0.003,0.001,extra_link,0,2026093968,0.026965025258932674,162,160,unchanged,False,gamma,0.005016728341597132,0,80868.54468652724,True,2,2,0.07000519748826399,log_gr,"[1.0545047496796227, -5.766016146670045, 6.534560491631973, -9.21034037197618, 0.973317990875064, -5.29497728252486, -3.7313485482936106]"
34,0.2,0.003,0.001,extra_link,0,2026093968,0.026965025258932674,162,160,unchanged,False,gamma,0.005016728341597132,1,18099078.683363885,False,0,100,143348898.1861056,log_gb,"[1.1489729107804953, -9.210340371976175, 4.00596462254318, -3.0342937231326297, 0.9615478918975239, -5.29497728252486, -3.849384986758144]"
34,0.2,0.003,0.001,extra_link,0,2026093968,0.026965025258932674,162,160,unchanged,False,gamma,0.005067147299646064,0,81401.18392786435,True,2,14,2.3284661143720524,log_gr,"[1.0516643121508389, -5.766710790824528, 6.6769806284068896, -9.21034037197618, 0.9733163796768893, -5.28497728252486, -3.732279872690296]"
34,0.2,0.003,0.001,extra_link,0,2026093968,0.026965025258932674,162,160,unchanged,False,gamma,0.005067147299646064,1,26977517.412771985,False,0,100,20849492.252842363,log_gb,"[1.1489756859324767, -9.21034037197617, 4.001121661912303, -3.0151926139916148, 0.9500642332725434, -5.28497728252486, -4.029627356438644]"
34,0.2,0.003,0.001,extra_link,0,2026093968,0.026965025258932674,162,160,unchanged,False,gamma,0.005273941503891489,0,94252.77263903119,True,4,47,0.433583476239978,log_gr,"[1.039574728250461, -5.769360214194078, 7.3741321615982045, -9.21034037197618, 0.9733110311668439, -5.24497728252486, -3.7359801620131]"
34,0.2,0.003,0.001,extra_link,0,2026093968,0.026965025258932674,162,160,unchanged,False,gamma,0.005273941503891489,1,25431372.054604128,False,0,100,52988964.155850664,log_gb,"[1.1486114230649418, -9.21034037197618, 4.00471329813803, -3.024848429578326, 0.9523825941547416, -5.24497728252486, -3.990767549317311]"
34,0.2,0.003,0.001,extra_link,0,2026093968,0.026965025258932674,162,160,unchanged,False,gamma,0.006127445833367033,0,299738.37445076177,False,0,100,545499.2980765005,log_gr,"[1.0018375692602182, -5.778005296827357, 11.306237318347534, -9.21034037197618, 0.9733157927911438, -5.09497728252486, -3.7444006991132124]"
34,0.2,0.003,0.001,extra_link,0,2026093968,0.026965025258932674,162,160,unchanged,False,gamma,0.006127445833367033,1,426083.6364579587,False,0,100,35423496.21578746,,"[1.1076197019038103, -7.6582803599607425, 4.755990896556724, -2.8149850484229306, 0.9734123437868788, -5.09497728252486, -3.707607011338928]"
34,0.2,0.003,0.001,extra_link,0,2026093968,0.026965025258932674,162,160,unchanged,False,gamma,0.010102450280535101,0,2870648.7003968838,False,0,100,368083.80311374215,log_gr,"[0.9997718923792294, -5.906701932691454, 11.662730624497812, -2.8139475616122542, 0.9734589183656153, -4.59497728252486, -3.73868491250548]"
34,0.2,0.003,0.001,extra_link,0,2026093968,0.026965025258932674,162,160,unchanged,False,gamma,0.010102450280535101,1,108803683.24004245,True,2,20,0.04824766198171803,log_gb;remote_sq;log_gr;omega_d;log_t,"[1.001766181651877, -3.506557897319987, 4.000000000000131, -2.813410716760037, 0.850000000001031, -4.59497728252486, -11.51292546423799]"
34,0.2,0.003,0.001,extra_link,0,2026093968,0.026965025258932674,162,160,unchanged,False,gamma,0.029999999999999995,0,14375400.441596732,False,0,100,206653.81101125188,log_gd,"[1.05247508352748, -5.778795209147857, 6.634865717422895, -9.12724074942755, 0.9752460247906068, -3.506557897319982, -3.6575369409525313]"
34,0.2,0.003,0.001,extra_link,0,2026093968,0.026965025258932674,162,160,unchanged,False,gamma,0.029999999999999995,1,108805782.62488705,True,2,18,1.3939696423355352,log_gb;remote_sq;log_gr;omega_d;log_gd;log_t,"[1.0018527100292822, -3.506557897319983, 4.0000000001067875, -2.813410716760037, 0.8500000000000032, -3.506557897319982, -11.512925464793316]"
34,0.2,0.003,0.001,extra_link,0,2026093968,0.026965025258932674,162,160,drift_aware,False,omega,0.85,0,17875901.627611853,True,2,87,23.46179665992137,log_gr;omega_d;log_t;log_gb_signal,"[1.1237789822121576, -5.767548151405952, 4.424606587335486, -9.21034037197618, 0.85, -4.246504596346361, -2.525728644308256, -0.047051480626875496, -9.21034037197618]"
34,0.2,0.003,0.001,extra_link,0,2026093968,0.026965025258932674,162,160,drift_aware,False,omega,0.85,1,99838061.83143613,True,2,37,2411.210865245025,log_gb;remote_sq;log_gr;omega_d;drift_u,"[1.0378870519485757, -3.5065578973199822, 4.000000000000001, -2.813410716760037, 0.85, -5.459555822111077, -8.599535665978168, -0.049999999999999996, -5.131445938072461]"
34,0.2,0.003,0.001,extra_link,0,2026093968,0.026965025258932674,162,160,drift_aware,False,omega,0.8894836077374866,0,18670460.85722352,True,2,80,191.0260262797221,log_gr;drift_u;log_gb_signal,"[1.1389609802445693, -5.767753342951635, 4.1588522771000695, -9.21034037197618, 0.8894836077374866, -3.695431867393081, -3.308312884310536, 0.049999999999999996, -9.21034037197618]"
34,0.2,0.003,0.001,extra_link,0,2026093968,0.026965025258932674,162,160,drift_aware,False,omega,0.8894836077374866,1,29923596.68674131,True,2,51,22.7047058374191,log_gb;log_gr;log_gd;drift_u;log_gb_signal,"[1.120000047907987, -9.210340351811254, 4.4939093810980415, -2.813410716760037, 0.8894836077374866, -3.5065578973199822, -5.264408872553921, -0.049999999999999996, -3.218875824868201]"
34,0.2,0.003,0.001,extra_link,0,2026093968,0.026965025258932674,162,160,drift_aware,False,omega,0.9494836077374865,0,983707.6636790804,True,2,42,295.64449796796026,log_gr,"[1.0528519991633396, -6.245250853138345, 6.613735685999921, -2.813410716760037, 0.9494836077374865, -7.8094326826631555, -3.813219607500786, 0.04666129635466232, -5.018219064929837]"
34,0.2,0.003,0.001,extra_link,0,2026093968,0.026965025258932674,162,160,drift_aware,False,omega,0.9494836077374865,1,21430976.994392075,True,2,77,5767.772445091501,log_gb;remote_sq;drift_u,"[1.1490972184317896, -9.21034037197618, 4.000000000000344, -3.1123703748560967, 0.9494836077374865, -5.493389729629428, -4.415016127078407, -0.049999999999999996, -4.643185689540566]"
34,0.2,0.003,0.001,extra_link,0,2026093968,0.026965025258932674,162,160,drift_aware,False,omega,0.9644836077374865,0,67343.52266338005,True,2,34,0.06600260613967869,log_gr,"[1.0505640755518464, -6.220844520597209, 6.731328475024657, -2.813410716760037, 0.9644836077374865, -6.474562899823022, -3.743126767641418, 0.017433269245757457, -5.211543818621075]"
34,0.2,0.003,0.001,extra_link,0,2026093968,0.026965025258932674,162,160,drift_aware,False,omega,0.9644836077374865,1,17978027.748187467,True,2,73,354.48394143045016,remote_sq;log_gr;drift_u;log_gb_signal,"[1.1492560730813803, -5.7678736034593525, 4.000000000017932, -9.21034037197618, 0.9644836077374865, -4.224012754924464, -4.153578452409511, -0.049999999999999996, -9.21034037197618]"
34,0.2,0.003,0.001,extra_link,0,2026093968,0.026965025258932674,162,160,drift_aware,False,omega,0.9684836077374865,0,2903.6936967470974,True,2,58,0.007134260138042984,log_gr,"[1.0497822856164025, -6.212752002151302, 6.772634283208031, -2.8134107167600373, 0.9684836077374865, -5.859261859689395, -3.7362279593593803, 0.009582581347891065, -5.485179936027366]"
34,0.2,0.003,0.001,extra_link,0,2026093968,0.026965025258932674,162,160,drift_aware,False,omega,0.9684836077374865,1,3642.7048692244657,False,0,100,19735.183209236675,log_gr,"[1.0604474986117314, -6.334794875681618, 6.255391975094408, -2.813513506078861, 0.9684836077374865, -5.825156959246167, -3.732384376563148, 0.009640586525506017, -5.5714657133281875]"
34,0.2,0.003,0.001,extra_link,0,2026093968,0.026965025258932674,162,160,drift_aware,False,omega,0.9693836077374866,0,350.08968975764344,True,2,14,0.0021599702434055732,,"[1.049428539536381, -5.893818529569116, 6.793572899961682, -3.9062447471521833, 0.9693836077374866, -5.810127954485318, -3.7354620752649463, 0.007816316734173167, -5.347008694866598]"
34,0.2,0.003,0.001,extra_link,0,2026093968,0.026965025258932674,162,160,drift_aware,False,omega,0.9693836077374866,1,7381.881017164945,False,0,100,6141657.109618984,,"[1.0773754397096311, -6.533205358975461, 5.599328814052193, -2.8646491646866123, 0.9693836077374866, -5.669187363324025, -3.724507468786815, 0.00797028360496059, -5.821463337672831]"
34,0.2,0.003,0.001,extra_link,0,2026093968,0.026965025258932674,162,160,drift_aware,False,omega,0.9694736077374866,0,325.7487020339913,True,2,5,0.002624697966530511,,"[1.0495135224096537, -5.848645670635321, 6.789173572416234, -4.321709514486972, 0.9694736077374866, -5.8097907377908635, -3.7353728861084274, 0.0076399436937239764, -5.320690201358848]"
34,0.2,0.003,0.001,extra_link,0,2026093968,0.026965025258932674,162,160,drift_aware,False,omega,0.9694736077374866,1,2361.5883931690537,False,0,100,1045032.7530165791,,"[1.0668410630932301, -5.969543244035571, 5.989261157985549, -3.7729440537592076, 0.9694736077374866, -5.774961987244602, -3.7289875891452153, 0.007725979667447639, -5.418647570334451]"
34,0.2,0.003,0.001,extra_link,0,2026093968,0.026965025258932674,162,160,drift_aware,False,omega,0.9694836077374865,0,325.5028483322605,True,3,6,0.011722503648467032,,"[1.0495232523708933, -5.843750520624872, 6.788666112629942, -4.380541282033181, 0.9694836077374865, -5.809755585546469, -3.7353631278032053, 0.007620344454210333, -5.3178071447741075]"
34,0.2,0.003,0.001,extra_link,0,2026093968,0.026965025258932674,162,160,drift_aware,False,omega,0.9694836077374865,1,16746825.376008775,True,2,59,1019.1566401353148,remote_sq;log_gr;drift_u;log_gb_signal,"[1.1492717294622725, -5.767887884618862, 4.000000000006555, -9.21034037197618, 0.9694836077374865, -4.196867462934146, -4.086284784138341, -0.04999999999966423, -9.21034037197618]"
34,0.2,0.003,0.001,extra_link,0,2026093968,0.026965025258932674,162,160,drift_aware,False,omega,0.9694936077374865,0,325.7487209020894,True,2,7,0.0002486373749495414,,"[1.0495330401487086, -5.8388791995098845, 6.7881549140094375, -4.443030543755055, 0.9694936077374865, -5.809720922676955, -3.735353399749095, 0.007600744766824623, -5.314932090073798]"
34,0.2,0.003,0.001,extra_link,0,2026093968,0.026965025258932674,162,160,drift_aware,False,omega,0.9694936077374865,1,325.7487209012012,True,3,99,0.10364928651174583,,"[1.0495330394681501, -5.8388791879150705, 6.788154950390541, -4.443030684230333, 0.9694936077374865, -5.809720927041449, -3.7353533999903243, 0.007600744763916847, -5.3149320803874005]"
34,0.2,0.003,0.001,extra_link,0,2026093968,0.026965025258932674,162,160,drift_aware,False,omega,0.9695836077374865,0,350.0886209793451,True,2,35,0.01222651073039826,,"[1.0496237093794867, -5.796079454741992, 6.783387433865739, -5.308771404926406, 0.9695836077374865, -5.809429700790843, -3.7352672113070557, 0.007424327346100924, -5.289414281764902]"
34,0.2,0.003,0.001,extra_link,0,2026093968,0.026965025258932674,162,160,drift_aware,False,omega,0.9695836077374865,1,6084.458752227658,False,0,100,6260856.036635934,,"[1.0763615061649272, -6.125060774814175, 5.6357749831517205, -3.421915284080539, 0.9695836077374865, -5.722107707850634, -3.72493701595723, 0.0075651135828519196, -5.551499003943875]"
34,0.2,0.003,0.001,extra_link,0,2026093968,0.026965025258932674,162,160,drift_aware,False,omega,0.9704836077374865,0,3683.5091655661868,True,2,33,0.004064923706378043,log_gr,"[1.0507683470636375, -5.766629247377358, 6.722974846274825, -9.210340371976153, 0.9704836077374865, -5.762160833162501, -3.7343439879592393, 0.005662550018254957, -5.298848217323041]"
34,0.2,0.003,0.001,extra_link,0,2026093968,0.026965025258932674,162,160,drift_aware,False,omega,0.9704836077374865,1,4222.8453296817415,False,0,100,1809701.643884443,,"[1.0585828504284414, -5.794352841134277, 6.3414893696485555, -5.510909680083074, 0.9704836077374865, -5.756091088638368, -3.7315689083580095, 0.0056938555494132305, -5.321847956446999]"
34,0.2,0.003,0.001,extra_link,0,2026093968,0.026965025258932674,162,160,drift_aware,False,omega,0.9744836077374865,0,80626.07033323437,True,2,26,22.542302243451076,log_gr,"[1.0559045196148062, -5.766686444201163, 6.466528388157305, -9.210340371902207, 0.9744836077374865, -6.7337741250672645, -3.735379012737366, -0.002284662253854775, -4.958254506236437]"
34,0.2,0.003,0.001,extra_link,0,2026093968,0.026965025258932674,162,160,drift_aware,False,omega,0.9744836077374865,1,80630.09104918619,False,0,100,697296.4555693083,log_gr,"[1.0565548592604588, -5.766693581678019, 6.435623314703106, -9.21034037197618, 0.9744836077374865, -6.733901334930471, -3.735147240822088, -0.0022839300621544448, -4.958276035597907]"
34,0.2,0.003,0.001,extra_link,0,2026093968,0.026965025258932674,162,160,drift_aware,False,omega,0.9894836077374866,0,993979.1229864478,True,2,73,0.7005831312430131,log_gr;log_gd,"[1.0847877172811313, -5.767034742734583, 5.363462453928779, -9.21034037132609, 0.9894836077374866, -9.21034037197618, -3.7785486953354583, -0.03274520200164627, -4.799039141719611]"
34,0.2,0.003,0.001,extra_link,0,2026093968,0.026965025258932674,162,160,drift_aware,False,omega,0.9894836077374866,1,993979.1229846462,True,2,49,351.1691146253549,log_gr;log_gd,"[1.0847875268746174, -5.767034726728743, 5.363468265509998, -9.210340371976152, 0.9894836077374866, -9.21034037197618, -3.778548784053873, -0.03274520468791774, -4.799039288006397]"
34,0.2,0.003,0.001,extra_link,0,2026093968,0.026965025258932674,162,160,drift_aware,False,omega,1.0494836077374865,0,14821239.219657118,True,2,82,185.98997589316102,remote_sq;log_gr;drift_u;log_gb_signal,"[1.1492696606820125, -5.767886629484828, 4.000000000000006, -9.2103403683098, 1.0494836077374865, -3.646890831542532, -3.363527058046905, -0.049999999999999996, -9.210340371975807]"
34,0.2,0.003,0.001,extra_link,0,2026093968,0.026965025258932674,162,160,drift_aware,False,omega,1.0494836077374865,1,14821239.219660927,True,2,79,393.84583581018325,remote_sq;log_gr;drift_u;log_gb_signal,"[1.14926966068586, -5.767886629543745, 4.000000000012662, -9.210340371653128, 1.0494836077374865, -3.6468908617094913, -3.3635271196906773, -0.04999999999999609, -9.210340371975871]"
34,0.2,0.003,0.001,extra_link,0,2026093968,0.026965025258932674,162,160,drift_aware,False,omega,1.1,0,14786823.408524845,False,0,100,4937.526005366158,remote_sq;omega_d;log_t;log_gb_signal,"[1.1492721375552855, -5.767896021383284, 4.000000000000044, -9.19199565450688, 1.1, -3.9667995145359387, -2.525728644308256, 0.030434114243478208, -9.210339700310364]"
34,0.2,0.003,0.001,extra_link,0,2026093968,0.026965025258932674,162,160,drift_aware,False,omega,1.1,1,14786821.827805908,True,2,51,1112.120848468602,remote_sq;log_gr;omega_d;log_t;log_gb_signal,"[1.1492721388811398, -5.767888109879672, 4.000000000581478, -9.21034037197597, 1.1, -3.9668030844986544, -2.525728644308257, 0.03043416312969748, -9.210340371975791]"
34,0.2,0.003,0.001,extra_link,0,2026093968,0.026965025258932674,162,160,drift_aware,False,gamma,0.00010000000000000009,0,24053.713285941012,True,2,33,0.007170843319941782,log_gr;log_gd,"[1.04923777110521, -5.766612531719372, 6.804063576111103, -9.210340371976176, 0.9694487677761187, -9.210340371976182, -3.736922880839731, 0.007657678809463843, -4.814653533737769]"
34,0.2,0.003,0.001,extra_link,0,2026093968,0.026965025258932674,162,160,drift_aware,False,gamma,0.00010000000000000009,1,82252.89360347888,False,0,100,4629937.420910024,log_gd,"[1.1133068894519371, -6.916883488299604, 4.63294162454133, -3.0767705312139806, 0.970270350823341, -9.210340371976182, -3.708874716723553, 0.006379493075833858, -5.118160003246119]"
34,0.2,0.003,0.001,extra_link,0,2026093968,0.026965025258932674,162,160,drift_aware,False,gamma,0.00040575720862790876,0,19210.871764259868,True,2,35,0.011127369643441824,log_gr,"[1.049096166433047, -5.766610993081752, 6.811680767811843, -9.2103403719759, 0.969365976584525, -7.809755585546469, -3.736995915225602, 0.007821704690798008, -4.854289400143344]"
34,0.2,0.003,0.001,extra_link,0,2026093968,0.026965025258932674,162,160,drift_aware,False,gamma,0.00040575720862790876,1,53912.85810011104,False,0,100,3431285.025141381,,"[1.0993603788207138, -6.841258103151701, 4.956099198210849, -2.955833349433496, 0.9693646882151346, -7.809755585546469, -3.716556801208898, 0.008118074497313806, -5.159218863398407]"
34,0.2,0.003,0.001,extra_link,0,2026093968,0.026965025258932674,162,160,drift_aware,False,gamma,0.0014888435734808718,0,6471.016625980157,True,2,41,0.0031949910744849593,log_gr,"[1.0489676906097016, -5.766609598258305, 6.818608876597042, -9.210340371972823, 0.9692800635825712, -6.509755585546469, -3.7367624736422194, 0.007998413140630798, -5.0085681152764305]"
34,0.2,0.003,0.001,extra_link,0,2026093968,0.026965025258932674,162,160,drift_aware,False,gamma,0.0014888435734808718,1,19399.76284525052,False,0,100,2039274.521143673,,"[1.0869506315921647, -6.051065337073526, 5.297768007040503, -3.7686511402722584, 0.9691850495198155, -6.509755585546469, -3.721980891558516, 0.008401218273113468, -5.135179699073522]"
34,0.2,0.003,0.001,extra_link,0,2026093968,0.026965025258932674,162,160,drift_aware,False,gamma,0.0024546880683431025,0,1055.7563944328003,True,2,58,0.002015397977214765,log_gr,"[1.0492650464400013, -5.766612828237687, 6.802598652207286, -9.21034037197618, 0.9694189162289287, -6.009755585546469, -3.7359618698133334, 0.007737859497302949, -5.168867222545647]"
34,0.2,0.003,0.001,extra_link,0,2026093968,0.026965025258932674,162,160,drift_aware,False,gamma,0.0024546880683431025,1,11271.830037294396,False,0,100,6546994.372670298,,"[1.0825264773956516, -6.319815175999652, 5.4318785166418655, -3.1678087000974102, 0.9690746224652232, -6.009755585546469, -3.7234310435506677, 0.008601655966311666, -5.4424040576632935]"
34,0.2,0.003,0.001,extra_link,0,2026093968,0.026965025258932674,162,160,drift_aware,False,gamma,0.0028519406530175618,0,375.9904281868517,True,2,38,0.009405540254111208,,"[1.0494562350904992, -5.799447783375344, 6.792331150323644, -5.2011835358206975, 0.9694821978946615, -5.859755585546469, -3.7355215900592076, 0.007620377596602376, -5.262164125060745]"
34,0.2,0.003,0.001,extra_link,0,2026093968,0.026965025258932674,162,160,drift_aware,False,gamma,0.0028519406530175618,1,28795.12946843108,False,0,100,13259046.789889442,,"[1.1019898335280067, -6.995217779000371, 4.890193770019199, -2.915184460875041, 0.9687945611737825, -5.859755585546469, -3.714402496594975, 0.00931378133411929, -5.807600076177163]"
34,0.2,0.003,0.001,extra_link,0,2026093968,0.026965025258932674,162,160,drift_aware,False,gamma,0.002968330559017954,0,327.60385787745724,True,2,16,0.00139113543710349,,"[1.0495088228506155, -5.83456086122556, 6.7894590398510335, -4.501549578173348, 0.9694833100579571, -5.819755585546469, -3.7353961553824186, 0.007620359932480382, -5.3062068391827]"
34,0.2,0.003,0.001,extra_link,0,2026093968,0.026965025258932674,162,160,drift_aware,False,gamma,0.002968330559017954,1,17411.372669298937,False,0,100,1982956.1866123055,,"[1.0914654684130285, -6.923065801469352, 5.165060691447535, -2.8145597802357973, 0.9688643347103549, -5.819755585546469, -3.7192315709177928, 0.009091128877407914, -5.819622353770157]"
34,0.2,0.003,0.001,extra_link,0,2026093968,0.026965025258932674,162,160,drift_aware,False,gamma,0.0029981627770971253,0,325.50284833209224,True,2,3,0.0006314516487941302,,"[1.049523252155439, -5.843750704108914, 6.788666123685199, -4.380539009411781, 0.9694836076032295, -5.809755585546469, -3.7353631279682347, 0.0076203447169270935, -5.317807253233914]"
34,0.2,0.003,0.001,extra_link,0,2026093968,0.026965025258932674,162,160,drift_aware,False,gamma,0.0029981627770971253,1,15313.834455849903,False,0,100,2694933.0496096155,,"[1.0912397891460837, -6.381381769454612, 5.17309573882517, -3.2108254586140186, 0.9691164642767724, -5.809755585546469, -3.7190349665982345, 0.008588288850079654, -5.614078297062315]"
34,0.2,0.003,0.001,extra_link,0,2026093968,0.026965025258932674,162,160,drift_aware,False,gamma,0.0030282948139524844,0,327.64608199462936,True,2,11,0.0010417224205762341,,"[1.0495382184697766, -5.853114349675901, 6.787841866125808, -4.271695240824353, 0.9694839131421991, -5.799755585546469, -3.7353294058022835, 0.007620325252908239, -5.329659251814071]"
34,0.2,0.003,0.001,extra_link,0,2026093968,0.026965025258932674,162,160,drift_aware,False,gamma,0.0030282948139524844,1,17796.426241927322,False,0,100,13219022.79987195,,"[1.0914790740962375, -6.922444995359844, 5.16418818491239, -2.8142627840311416, 0.9688742387842534, -5.799755585546469, -3.719163497268017, 0.009072248859713038, -5.840960240369934]"
34,0.2,0.003,0.001,extra_link,0,2026093968,0.026965025258932674,162,160,drift_aware,False,gamma,0.0031518818697926793,0,381.2675896433484,True,2,24,0.00576130308431883,,"[1.0496037052367921, -5.892408299411209, 6.7842170030992905, -3.919850994340892, 0.9694852170873296, -5.759755585546469, -3.735187283629752, 0.00762020598631554, -5.379760089590744]"
34,0.2,0.003,0.001,extra_link,0,2026093968,0.026965025258932674,162,160,drift_aware,False,gamma,0.0031518818697926793,1,16525.34741641444,False,0,100,10522216.641128613,,"[1.0907935252842356, -6.846279284768181, 5.183719795727606, -2.841949605487559, 0.9689291214114122, -5.759755585546469, -3.7192994987345944, 0.00895972789407158, -5.858123888482712]"
34,0.2,0.003,0.001,extra_link,0,2026093968,0.026965025258932674,162,160,drift_aware,False,gamma,0.0036619642853595842,0,1364.314165799054,True,2,56,0.0038873813533163255,,"[1.0499429037730639, -6.071884315049317, 6.765188522202033, -3.1289396170815285, 0.9694914673980491, -5.609755585546469, -3.734535939340646, 0.007619037288111913, -5.617186022796944]"
34,0.2,0.003,0.001,extra_link,0,2026093968,0.026965025258932674,162,160,drift_aware,False,gamma,0.0036619642853595842,1,20495.983517757966,False,0,100,171394.53167892035,,"[1.0958020345469264, -7.05762543970417, 5.047301663659348, -2.814203302472171, 0.968941318119551, -5.609755585546469, -3.7164530954647956, 0.008986144735260748, -6.159283154312022]"
34,0.2,0.003,0.001,extra_link,0,2026093968,0.026965025258932674,162,160,drift_aware,False,gamma,0.00603755840981654,0,22601.11311443049,True,2,68,0.05417220343918563,log_gr,"[1.0543179902257214, -6.26147913288232, 6.540863128417912, -2.8134107167602487, 0.9699278318142069, -5.109755585546469, -3.7291481150299792, 0.006853103210998168, -7.112058129923293]"
34,0.2,0.003,0.001,extra_link,0,2026093968,0.026965025258932674,162,160,drift_aware,False,gamma,0.00603755840981654,1,27776.659644762374,False,0,100,7078487.460164225,,"[1.0795849743934194, -6.490920246070363, 5.525760606214022, -2.9356585019160297, 0.9697698478648656, -5.109755585546469, -3.719415875214771, 0.007293389465609517, -7.937132575019876]"
34,0.2,0.003,0.001,extra_link,0,2026093968,0.026965025258932674,162,160,drift_aware,False,gamma,0.02215359295369637,0,9123961.386237575,False,0,100,971232.962085739,,"[1.044217854574441, -5.769345887055635, 7.086728352710062, -7.395621945651093, 0.9876814236116946, -3.809755585546469, -3.723700990275278, -0.025575262904097753, -9.180993285777932]"
34,0.2,0.003,0.001,extra_link,0,2026093968,0.026965025258932674,162,160,drift_aware,False,gamma,0.02215359295369637,1,99914888.330577,True,2,31,5740.718385107182,log_gb;remote_sq;log_gr;omega_d;log_t;drift_u,"[1.0406548082719875, -3.5065578973199822, 4.000000000000006, -2.813410716760037, 0.8500000000000001, -3.809755585546469, -11.512925464958295, -0.04999999999991076, -5.066528849349887]"
34,0.2,0.003,0.001,extra_link,0,2026093968,0.026965025258932674,162,160,drift_aware,False,gamma,0.029999999999999995,0,12279419.477225289,False,0,100,193442.33816259057,log_gd;log_gb_signal,"[1.039679096032752, -5.767276905827171, 7.366640744531696, -8.276306759405434, 1.0022434013801687, -3.506557897319982, -3.7800310215523933, -0.04994729766327768, -9.210329780699826]"
34,0.2,0.003,0.001,extra_link,0,2026093968,0.026965025258932674,162,160,drift_aware,False,gamma,0.029999999999999995,1,99917596.38474287,True,2,29,3619.426176140894,log_gb;remote_sq;log_gr;omega_d;log_gd;log_t;drift_u,"[1.040676496224945, -3.5065578973199822, 4.000000000000438, -2.813410716760037, 0.8500000000000001, -3.506557897319982, -11.512925464922462, -0.04999999999927272, -5.066580333033832]"
34,0.2,0.003,0.001,extra_link,0,2026093968,0.026965025258932674,162,160,extended,True,omega,0.85,0,17853542.28669709,True,3,92,1.072505217373071,log_gr;omega_d;log_t;drift_u;log_gb_signal,"[1.1434425057990085, -5.767809803239708, 4.087672435429256, -9.210340348242285, 0.85, -4.27092613170579, -2.525728644308256, -0.049999999999999996, -9.210340371975953, -0.012403457292311437]"
34,0.2,0.003,0.001,extra_link,0,2026093968,0.026965025258932674,162,160,extended,True,omega,0.85,1,99836655.25561173,False,0,100,10832.891169220602,log_gb;remote_sq;log_gr;omega_d;drift_u,"[1.0377667976908036, -3.5065578973199822, 4.000000000000001, -2.813410716760037, 0.85, -5.457159041022049, -9.581942244676098, -0.049999999999999996, -5.126558841048529, -0.02232719093894228]"
34,0.2,0.003,0.001,extra_link,0,2026093968,0.026965025258932674,162,160,extended,True,omega,0.8895407706352937,0,18659626.7391615,True,2,92,658.5255689198381,log_gr;drift_u;log_gb_signal,"[1.1459460779415418, -5.767846958400392, 4.049636652871215, -9.21034037197618, 0.8895407706352937, -3.7011416599452347, -3.4780265951919245, 0.049999999999999996, -9.21034037197618, -0.060894822638002014]"
34,0.2,0.003,0.001,extra_link,0,2026093968,0.026965025258932674,162,160,extended,True,omega,0.8895407706352937,1,99891906.10278665,False,0,100,20975.16383421194,log_gb;remote_sq;log_gr;drift_u,"[1.0407555814595764, -3.5065578973199822, 4.00045625193978, -2.813410716760037, 0.8895407706352937, -6.13889724492687, -8.417321978369094, -0.04999999985499958, -5.058478772129403, 0.05939431781584906]"
34,0.2,0.003,0.001,extra_link,0,2026093968,0.026965025258932674,162,160,extended,True,omega,0.9495407706352936,0,978021.6341618857,False,0,100,18518.995181613984,log_gr,"[1.052344902867719, -6.239741443122274, 6.63938443923427, -2.8134176405549747, 0.9495407706352936, -7.761476619186469, -3.8050875238059003, 0.046575322372707985, -5.0197480746936805, 0.004215647704162744]"
34,0.2,0.003,0.001,extra_link,0,2026093968,0.026965025258932674,162,160,extended,True,omega,0.9495407706352936,1,20994618.89354372,False,0,100,3233635.247539144,log_gb;remote_sq;log_gd;link_l,"[1.1490717509602824, -9.21034037197618, 4.000561409002432, -3.1043060315280004, 0.9495407706352936, -9.21034037197618, -4.000413932885739, -0.04593875382756093, -4.32419975149163, 0.09999999999999912]"
34,0.2,0.003,0.001,extra_link,0,2026093968,0.026965025258932674,162,160,extended,True,omega,0.9645407706352936,0,64759.27402032702,True,2,61,0.1994629675319149,log_gr,"[1.0518289044143607, -6.234201363337616, 6.665724879898502, -2.813410716762429, 0.9645407706352936, -6.3195264463564245, -3.706381404001672, 0.017553995868531798, -5.266791814381828, 0.02010486412857411]"
34,0.2,0.003,0.001,extra_link,0,2026093968,0.026965025258932674,162,160,extended,True,omega,0.9645407706352936,1,17959829.76396764,False,0,100,11724.586031175402,remote_sq;drift_u;log_gb_signal,"[1.1492563492235663, -5.768552142262408, 4.000000698761454, -8.940344423925401, 0.9645407706352936, -4.223017899683436, -4.194345957074729, -0.049999999999999996, -9.20977172381446, -0.010305157224828972]"
34,0.2,0.003,0.001,extra_link,0,2026093968,0.026965025258932674,162,160,extended,True,omega,0.9685407706352936,0,2516.211411176527,True,2,52,1.670789808106162,log_gr,"[1.0489524332879352, -6.204295193073641, 6.817128313345218, -2.813410716760061, 0.9685407706352936, -5.821376896853133, -3.7229881594373873, 0.009533360568588093, -5.50791458032662, 0.007605882800216589]"
34,0.2,0.003,0.001,extra_link,0,2026093968,0.026965025258932674,162,160,extended,True,omega,0.9685407706352936,1,3140.50306926162,False,0,100,1972722.7702890423,,"[1.0588651987952442, -6.253910694931202, 6.326550226688208, -2.9033238317382284, 0.9685407706352936, -5.812458896525669, -3.723654980713157, 0.009566125704549717, -5.5420402545514795, 0.004803643576722171]"
34,0.2,0.003,0.001,extra_link,0,2026093968,0.026965025258932674,162,160,extended,True,omega,0.9694407706352937,0,329.98844142154655,True,2,37,0.0004549906910021148,,"[1.0494799776230739, -5.860988519074345, 6.79093242051694, -4.187960335092374, 0.9694407706352937, -5.809878658732231, -3.733495123752632, 0.0077123475553423325, -5.327943227408397, 0.0010789737291745562]"
34,0.2,0.003,0.001,extra_link,0,2026093968,0.026965025258932674,162,160,extended,True,omega,0.9694407706352937,1,355.8237827212565,False,0,100,207404.7742874135,,"[1.0502484676793584, -5.797553979021652, 6.750232458745396, -5.269043612440141, 0.9694407706352937, -5.82400986119039, -3.7365773848883443, 0.00770134294997084, -5.281975901452601, -0.0007823753971487929]"
34,0.2,0.003,0.001,extra_link,0,2026093968,0.026965025258932674,162,160,extended,True,omega,0.9695307706352937,0,325.4122782488051,True,3,11,0.028486440986904137,,"[1.0494953212600706, -5.812233994476529, 6.790223209517775, -4.884372598441412, 0.9695307706352937, -5.809714680658369, -3.694457165064209, 0.0077909908274483505, -5.299099025343863, 0.02332352938145389]"
34,0.2,0.003,0.001,extra_link,0,2026093968,0.026965025258932674,162,160,extended,True,omega,0.9695307706352937,1,1256.6899562564302,False,0,100,4504427.817124812,,"[1.061293459360738, -5.781851676450011, 6.220540064164878, -6.1439879016255, 0.9695307706352937, -5.816903197627722, -3.7668726697524395, 0.007484217562097196, -5.278972344385083, -0.01806404444117672]"
34,0.2,0.003,0.001,extra_link,0,2026093968,0.026965025258932674,162,160,extended,True,omega,0.9695407706352936,0,325.4057491386851,True,3,8,0.25135065686317387,,"[1.0494929259020425, -5.810807004519484, 6.790353476680621, -4.914983655940076, 0.9695407706352936, -5.809720420078778, -3.69044172983726, 0.00780773121761787, -5.298244644701632, 0.025638423289229197]"
34,0.2,0.003,0.001,extra_link,0,2026093968,0.026965025258932674,162,160,extended,True,omega,0.9695407706352936,1,3748.399022872882,False,0,100,35382.79641464917,log_gr,"[1.0720537870877491, -6.502712436604268, 5.787469245076924, -2.8136428113091694, 0.9695407706352936, -5.794352673856222, -3.7755280728513227, 0.007482039280791306, -5.675773388708929, -0.02249975706821929]"
34,0.2,0.003,0.001,extra_link,0,2026093968,0.026965025258932674,162,160,extended,True,omega,0.9695507706352936,0,325.39926624612986,True,2,6,0.013354779391584607,,"[1.0494907506435127, -5.809618370475875, 6.790471565886895, -4.941250710866606, 0.9695507706352936, -5.809725855039082, -3.6867674443787295, 0.0078230713585748, -5.297532659344323, 0.027760651380201017]"
34,0.2,0.003,0.001,extra_link,0,2026093968,0.026965025258932674,162,160,extended,True,omega,0.9695507706352936,1,3075.2728569910996,False,0,100,3409630.3903514557,log_gr,"[1.0697706414621622, -6.466120526692044, 5.872711979415277, -2.8136206602665257, 0.9695507706352936, -5.7931043797505515, -3.7741979200835196, 0.007456934455039944, -5.659778457231346, -0.02185037508100461]"
34,0.2,0.003,0.001,extra_link,0,2026093968,0.026965025258932674,162,160,extended,True,omega,0.9696407706352936,0,325.3436025385773,True,2,16,0.0005677320939366936,,"[1.0494761962705434, -5.803626735494877, 6.791258198602864, -5.085837178302976, 0.9696407706352936, -5.8097634143984545, -3.6617458853263902, 0.007928163653834936, -5.293941345618558, 0.042315171847908735]"
34,0.2,0.003,0.001,extra_link,0,2026093968,0.026965025258932674,162,160,extended,True,omega,0.9696407706352936,1,348.3497673093415,False,0,100,871723.6582211329,log_gr,"[1.051084365859121, -5.76663251255959, 6.706446472789253, -9.210340050095498, 0.9696407706352936, -5.815741441152299, -3.8047589341797092, 0.007290879505740286, -5.268158095276362, -0.0382665554408862]"
34,0.2,0.003,0.001,extra_link,0,2026093968,0.026965025258932674,162,160,extended,True,omega,0.9705407706352936,0,396.93028896917275,True,2,28,0.0008660356247944684,link_l,"[1.0501742961090148, -5.780303951635687, 6.754175898923412, -6.054906045534886, 0.9705407706352936, -5.809400423651476, -3.5640343808492965, 0.008021326891483401, -5.280021781030704, 0.09999999999999999]"
34,0.2,0.003,0.001,extra_link,0,2026093968,0.026965025258932674,162,160,extended,True,omega,0.9705407706352936,1,416.5279284527822,False,0,100,5263.485262777365,link_l,"[1.0520729272168738, -5.788407928172484, 6.655600193387613, -5.6437538164696734, 0.9705407706352936, -5.808505517603165, -3.9240564324059957, 0.006568622222958864, -5.2856412783687805, -0.09999099520360062]"
34,0.2,0.003,0.001,extra_link,0,2026093968,0.026965025258932674,162,160,extended,True,omega,0.9745407706352937,0,55657.099065698094,True,2,53,45.36172931943283,log_gr;link_l,"[1.068938450890681, -5.7668385584822275, 5.9075243300459706, -9.21034037197618, 0.9745407706352937, -6.252938157205282, -3.5306818476212976, 0.0007108003105577568, -5.073101491704496, 0.09999999999999999]"
34,0.2,0.003,0.001,extra_link,0,2026093968,0.026965025258932674,162,160,extended,True,omega,0.9745407706352937,1,40685.60319683432,True,2,95,0.5163550362267354,log_gr;link_l,"[1.0680276402645263, -6.439701911469498, 5.940176716267279, -2.8134107167609566, 0.9745407706352937, -5.846817192905119, -3.946920533907121, -0.0012982866881056966, -5.5978639541438735, -0.09999999999999999]"
34,0.2,0.003,0.001,extra_link,0,2026093968,0.026965025258932674,162,160,extended,True,omega,0.9895407706352937,0,880653.420103248,True,2,95,12.657388057665306,log_gr;log_gd;link_l,"[1.1113991918560162, -5.767382483533988, 4.676387994113812, -9.21034037197618, 0.9895407706352937, -9.21034037197618, -3.4920629043994973, -0.028588192889430094, -4.8015248833193755, 0.09999999999999999]"
34,0.2,0.003,0.001,extra_link,0,2026093968,0.026965025258932674,162,160,extended,True,omega,0.9895407706352937,1,865259.3845966117,True,2,76,16.992930390539716,log_gr;link_l,"[1.1145499063165056, -8.194226644212469, 4.605220140821873, -2.8134107167608646, 0.9895407706352937, -7.014788814502472, -4.066972267183213, -0.032127743978044014, -5.388404017000461, -0.09999999999999999]"
34,0.2,0.003,0.001,extra_link,0,2026093968,0.026965025258932674,162,160,extended,True,omega,1.0495407706352937,0,14763235.265896875,True,2,86,139.75111100336397,remote_sq;log_gr;drift_u;log_gb_signal;link_l,"[1.149268868780205, -5.7678860992109655, 4.000000000000001, -9.210340371950752, 1.0495407706352937, -3.6558199069867454, -3.6625175266306402, -0.049999999999999996, -9.210340371976168, -0.09999999999999999]"
34,0.2,0.003,0.001,extra_link,0,2026093968,0.026965025258932674,162,160,extended,True,omega,1.0495407706352937,1,14763235.266361495,True,2,65,537.434668531589,remote_sq;log_gr;drift_u;log_gb_signal;link_l,"[1.149268868749183, -5.767886100023827, 4.0000000001154605, -9.210340341770339, 1.0495407706352937, -3.6558142330338974, -3.6625174714924853, -0.04999999999935063, -9.210340371901358, -0.09999999999991228]"
34,0.2,0.003,0.001,extra_link,0,2026093968,0.026965025258932674,162,160,extended,True,omega,1.1,0,14521814.109945873,True,2,99,20.409370964483465,remote_sq;log_gr;omega_d;drift_u;log_gb_signal;link_l,"[1.149276388076333, -5.767889990129871, 4.000000000000001, -9.210340371688654, 1.1, -4.081508760914737, -2.6116602054587017, 0.049999999999999996, -9.210340371975997, -0.09999999999999999]"
34,0.2,0.003,0.001,extra_link,0,2026093968,0.026965025258932674,162,160,extended,True,omega,1.1,1,14521814.109946562,True,2,85,19.808824396901578,remote_sq;log_gr;omega_d;drift_u;log_gb_signal;link_l,"[1.1492763880736645, -5.767889990153801, 4.000000000000001, -9.210340368023745, 1.1, -4.081508624252944, -2.6116602044824475, 0.049999999999999996, -9.210340371975368, -0.09999999999999999]"
34,0.2,0.003,0.001,extra_link,0,2026093968,0.026965025258932674,162,160,extended,True,gamma,0.00010000000000000009,0,20101.92720593559,True,2,80,0.3431554213512524,log_gd;link_l,"[1.0493384217682102, -5.997071637289006, 6.797890523239645, -3.3625868408870176, 0.9703622545907232, -9.210340371976182, -3.9219324565308997, 0.006875846764604426, -4.9007391899441135, -0.09999999969968196]"
34,0.2,0.003,0.001,extra_link,0,2026093968,0.026965025258932674,162,160,extended,True,gamma,0.00010000000000000009,1,20456928.776945904,False,0,100,13670140.041408474,log_gd,"[1.1284258001580176, -8.112154282134602, 4.3355025897321955, -2.964575044947844, 0.9563842218055549, -9.210340371976182, -3.9764815545695393, -0.049293155612530004, -4.333959514524752, 0.09817209913031617]"
34,0.2,0.003,0.001,extra_link,0,2026093968,0.026965025258932674,162,160,extended,True,gamma,0.0004057721405434956,0,19137.115233289947,True,2,79,0.03289025070672116,log_gr;link_l,"[1.049120991187314, -5.766611262721208, 6.810343965528252, -9.21034037197618, 0.9702467337343481, -7.809718786099588, -3.5674106467636553, 0.008535831324140134, -4.854316742828422, 0.09999999999932457]"
34,0.2,0.003,0.001,extra_link,0,2026093968,0.026965025258932674,162,160,extended,True,gamma,0.0004057721405434956,1,21576997.28190366,False,0,100,13734691.537824446,,"[1.123123067797489, -6.9469574636821445, 4.435137288681767, -3.176519304019707, 0.9480286178577514, -7.809718786099588, -4.1939227608789755, -0.049978425500612024, -4.187859013572278, 0.08119471227892583]"
34,0.2,0.003,0.001,extra_link,0,2026093968,0.026965025258932674,162,160,extended,True,gamma,0.0014888983631089758,0,6319.615315481101,True,2,64,0.006585134360768554,log_gr;link_l,"[1.0491220624093498, -5.766611274358656, 6.8102862943833955, -9.21034037197618, 0.9701810656833992, -6.509718786099588, -3.567145925161826, 0.008673275256804574, -5.008657565960272, 0.09999999999999999]"
34,0.2,0.003,0.001,extra_link,0,2026093968,0.026965025258932674,162,160,extended,True,gamma,0.0014888983631089758,1,39589.66664249091,False,0,100,9540108.920542229,,"[1.1063220941585965, -5.943853334885581, 4.789992128648238, -4.430441021485218, 0.9693617018995475, -6.509718786099588, -3.5918183811388076, 0.009580792191146164, -5.092895750161565, 0.04680932464098369]"
34,0.2,0.003,0.001,extra_link,0,2026093968,0.026965025258932674,162,160,extended,True,gamma,0.0024547784011683714,0,1024.5984419500783,True,4,99,0.00023715978345883695,log_gr;link_l,"[1.0492247801095347, -5.766612390505739, 6.804761563569922, -9.21034037197618, 0.9703480467818784, -6.009718786099588, -3.56629396611287, 0.008359178040167668, -5.168924726850133, 0.09999999999998697]"
34,0.2,0.003,0.001,extra_link,0,2026093968,0.026965025258932674,162,160,extended,True,gamma,0.0024547784011683714,1,30483.926073204468,False,0,100,14421994.54569853,,"[1.1021807638999561, -6.846033842945515, 4.885871953214559, -2.9879378014880382, 0.9687299652788934, -6.009718786099588, -3.71630257724307, 0.009424741402459316, -5.635273943923477, -0.0005848348310784892]"
34,0.2,0.003,0.001,extra_link,0,2026093968,0.026965025258932674,162,160,extended,True,gamma,0.0028520456047872013,0,375.53238509582536,False,0,100,330.7367124945457,,"[1.0493936468627658, -5.78701208931244, 6.795693734169873, -5.659054314455746, 0.9698462533893173, -5.859718786099588, -3.6248276077687143, 0.008083400446185144, -5.2549740868539905, 0.0642441731538064]"
34,0.2,0.003,0.001,extra_link,0,2026093968,0.026965025258932674,162,160,extended,True,gamma,0.0028520456047872013,1,2891509.503720685,False,0,100,129045885.22564562,,"[1.124256869097041, -8.040309616990056, 4.41142767924777, -2.937110520991439, 0.9906363623605168, -5.859718786099588, -3.4840432468618774, -0.02766908389637287, -5.285667780652979, 0.08506211657271148]"
34,0.2,0.003,0.001,extra_link,0,2026093968,0.026965025258932674,162,160,extended,True,gamma,0.0029684397939505652,0,327.33007778266074,False,0,100,174.6372582710152,,"[1.0494474943239467, -5.796994644723548, 6.79280160088455, -5.276016902601704, 0.9697880751030067, -5.819718786099588, -3.633762194152462, 0.008046545290256205, -5.283986945212954, 0.05883116995197231]"
34,0.2,0.003,0.001,extra_link,0,2026093968,0.026965025258932674,162,160,extended,True,gamma,0.0029684397939505652,1,2018.3231808079242,False,0,100,168376.22979619922,log_gr,"[1.0657063281523997, -6.405716334971356, 6.03265305866401, -2.8138556860906876, 0.9696044348750616, -5.819718786099588, -3.77840378432841, 0.007340288649180142, -5.608284606875534, -0.023770957819583747]"
34,0.2,0.003,0.001,extra_link,0,2026093968,0.026965025258932674,162,160,extended,True,gamma,0.002998273109859061,0,325.2891426551781,False,0,100,226.4094009318323,,"[1.049465181786055, -5.800528721817167, 6.7918512167864895, -5.170061538875409, 0.969739669720401, -5.809718786099588, -3.64196188540464, 0.008011901686543022, -5.292129366724589, 0.05395002450040599]"
34,0.2,0.003,0.001,extra_link,0,2026093968,0.026965025258932674,162,160,extended,True,gamma,0.002998273109859061,1,7322.992623519654,False,0,100,1667751.8696706654,,"[1.0806376988203894, -6.352240746250081, 5.492306042901888, -3.1010807677785577, 0.9695458008148575, -5.809718786099588, -3.7730331638887193, 0.007500832536377698, -5.596835380349298, -0.021624449372587305]"
34,0.2,0.003,0.001,extra_link,0,2026093968,0.026965025258932674,162,160,extended,True,gamma,0.0030284062555771124,0,327.4536139434398,False,0,100,2020.0450339093256,,"[1.0494764177027907, -5.802669644750782, 6.7912475680361375, -5.111140487388055, 0.9697613114774148, -5.7997187860995885, -3.6381696904400225, 0.008028494153992158, -5.299564363570536, 0.05616726125775462]"
34,0.2,0.003,0.001,extra_link,0,2026093968,0.026965025258932674,162,160,extended,True,gamma,0.0030284062555771124,1,12923.12475839738,False,0,100,21298068.279111415,,"[1.0872820042394191, -6.11604613420044, 5.286884963846386, -3.596847286453894, 0.9693438265213201, -5.7997187860995885, -3.729793326367724, 0.008058000688802606, -5.488278642586121, -0.0038431420408882267]"
34,0.2,0.003,0.001,extra_link,0,2026093968,0.026965025258932674,162,160,extended,True,gamma,0.0031519978594362857,0,381.0346799532667,True,2,72,0.12570129789273005,,"[1.0495778020184174, -5.847739196461405, 6.785742302831584, -4.333467789830661, 0.9695027957031851, -5.759718786099588, -3.709184423750436, 0.007730943705397476, -5.352782584293618, 0.014763485347786378]"
34,0.2,0.003,0.001,extra_link,0,2026093968,0.026965025258932674,162,160,extended,True,gamma,0.0031519978594362857,1,15257.739384837958,False,0,100,2203237.60197695,,"[1.0930149758555456, -6.864076040104339, 5.122480140037907, -2.863097380651524, 0.969538899109002, -5.759718786099588, -3.7750830541250884, 0.007552404589921104, -5.866323372617107, -0.022958723596977117]"
34,0.2,0.003,0.001,extra_link,0,2026093968,0.026965025258932674,162,160,extended,True,gamma,0.0036620990460993277,0,1361.9252704381072,True,2,67,0.010929575088365907,,"[1.049869665753737, -5.9469065312206135, 6.769823444602698, -3.5927878689758566, 0.9695063916213855, -5.609718786099588, -3.707622925296369, 0.007742797734501228, -5.5360553757444135, 0.015249548917240716]"
34,0.2,0.003,0.001,extra_link,0,2026093968,0.026965025258932674,162,160,extended,True,gamma,0.0036620990460993277,1,13491.325152043026,False,0,100,23155086.439012628,,"[1.0866308217799099, -5.932882288013676, 5.306587710075551, -4.2339117975690765, 0.969566116684629, -5.609718786099588, -3.656182153061199, 0.008206998252522376, -5.540700281063692, 0.02761655700642199]"
34,0.2,0.003,0.001,extra_link,0,2026093968,0.026965025258932674,162,160,extended,True,gamma,0.006037780592714611,0,21967.991386545487,True,2,73,0.03304606350970124,log_gr,"[1.0521150618290753, -6.2372694723553845, 6.651088001254033, -2.813410716760468, 0.9696264467276999, -5.109718786099588, -3.6663986382949205, 0.007941840028062148, -7.0570852074469865, 0.03576399754642511]"
34,0.2,0.003,0.001,extra_link,0,2026093968,0.026965025258932674,162,160,extended,True,gamma,0.006037780592714611,1,28835.668427347242,False,0,100,2037242.561467251,,"[1.082236206639404, -6.3606925063302135, 5.441103399178524, -3.1132265974844158, 0.9695470964364182, -5.109718786099588, -3.66029544377371, 0.008229598679619567, -7.4907670192967855, 0.025811364693532273]"
34,0.2,0.003,0.001,extra_link,0,2026093968,0.026965025258932674,162,160,extended,True,gamma,0.022154408208663864,0,9104600.329846136,False,0,100,116500.18902932551,log_gb_signal,"[1.03911235933893, -5.766929713276033, 7.403630991030959, -8.586958501538595, 0.9878410301721996, -3.8097187860995883, -3.7520902055410663, -0.026071121299539948, -9.210246996066855, -0.015195757959037636]"
34,0.2,0.003,0.001,extra_link,0,2026093968,0.026965025258932674,162,160,extended,True,gamma,0.022154408208663864,1,99907141.72776495,False,0,100,97.85552132576338,log_gb;remote_sq;log_gr;drift_u,"[1.0407738114207485, -3.5065578973199822, 4.000001117669962, -2.813410716760037, 0.8501129296233197, -3.8097187860995883, -9.485451927456209, -0.049999999999999996, -5.0596886496616635, 0.03515020782358063]"
34,0.2,0.003,0.001,extra_link,0,2026093968,0.026965025258932674,162,160,extended,True,gamma,0.029999999999999995,0,12278344.360167181,False,0,100,883345.3209718382,log_gd,"[1.044219202979209, -5.767889691366469, 7.086448418701684, -7.970017377072601, 1.0022632404994292, -3.506557897319982, -3.8570484476421734, -0.04967139037455936, -9.209563247455872, -0.046970052039458365]"
34,0.2,0.003,0.001,extra_link,0,2026093968,0.026965025258932674,162,160,extended,True,gamma,0.029999999999999995,1,99907179.52907608,False,0,100,1256.0425664828829,log_gb;remote_sq;log_gr;log_gd;drift_u,"[1.0407735756971226, -3.5065578973199822, 4.000010989372254, -2.813410716760037, 0.850217365818485, -3.506557897319982, -9.084675619786955, -0.049999999999999996, -5.0596666830596995, 0.04276693109623694]"
