case_id,B,gamma_dark,noise_scale,control,replica,seed,sigma,training_complex_samples,holdout_complex_samples,model,model_correct,parameter,value,chi2,success,status,nfev,optimality,boundaries,parameters,successful_starts,delta_chi2,nominal_support,global_minimum_unresolved
6,0.05,0.003,0.001,zero_drift,0,2026092932,0.026965025258932674,162,160,unchanged,True,omega,0.85,22638067.83404994,True,2,52,1082.4035636036026,remote_sq;log_gr;omega_d,"[1.1492689827807994, -5.772905801719975, 4.000000000000002, -9.210340332596385, 0.85, -3.562884059706485, -4.480741706652742]",2,22637690.28846231,False,False
6,0.05,0.003,0.001,zero_drift,0,2026092932,0.026965025258932674,162,160,unchanged,True,omega,0.8895863457991517,22337074.56299615,True,2,61,1688.0295212563306,remote_sq;log_gr,"[1.1492768499177983, -5.776028168784931, 4.0000000000000435, -9.21034031864099, 0.8895863457991517, -3.8423685839214476, -4.794057971200553]",2,22336697.01740852,False,False
6,0.05,0.003,0.001,zero_drift,0,2026092932,0.026965025258932674,162,160,unchanged,True,omega,0.9495863457991517,20707557.697386276,True,2,88,4743.908376168295,log_gr,"[1.0887414575275594, -5.783846663772935, 5.24887221604343, -9.21034037197618, 0.9495863457991517, -4.180733490971831, -5.711155248293444]",2,20707180.151798647,False,False
6,0.05,0.003,0.001,zero_drift,0,2026092932,0.026965025258932674,162,160,unchanged,True,omega,0.9645863457991517,9028469.774734356,False,0,100,562060.7565270957,log_gr,"[1.0126427685811574, -5.932559457518115, 9.81359279785875, -2.813410716760037, 0.9645863457991517, -5.141802858784329, -6.384890494289801]",0,9028092.229146728,False,False
6,0.05,0.003,0.001,zero_drift,0,2026092932,0.026965025258932674,162,160,unchanged,True,omega,0.9685863457991517,480997.10154050903,True,2,83,203.26322684798905,log_gr,"[1.0695141667805692, -6.4578148662080705, 5.889678715093297, -2.813410716760037, 0.9685863457991517, -5.788580381924984, -6.434035550941224]",2,480619.5559528811,False,False
6,0.05,0.003,0.001,zero_drift,0,2026092932,0.026965025258932674,162,160,unchanged,True,omega,0.9694863457991517,4955.362029642114,False,0,100,21649.749529447923,,"[1.0518210231851028, -5.975623271211245, 6.668823516088071, -3.4942558868696243, 0.9694863457991517, -5.80928039089933, -6.437413031089468]",0,4577.816442014212,False,False
6,0.05,0.003,0.001,zero_drift,0,2026092932,0.026965025258932674,162,160,unchanged,True,omega,0.9695763457991518,423.86440009576603,False,0,100,174.42855482637123,,"[1.0505580117245723, -5.794356694137979, 6.734087779926722, -5.3909718549370265, 0.9695763457991518, -5.808942982773017, -6.437441958620828]",0,46.31881246786395,False,False
6,0.05,0.003,0.001,zero_drift,0,2026092932,0.026965025258932674,162,160,unchanged,True,omega,0.9695863457991517,377.5455876279277,True,3,5,0.0006206919515292217,log_gr,"[1.0504322696939152, -5.766828029002161, 6.7406107099134855, -9.210340371055148, 0.9695863457991517, -5.808891030129329, -6.4374411462181715]",1,2.5636381906224415e-11,True,False
6,0.05,0.003,0.001,zero_drift,0,2026092932,0.026965025258932674,162,160,unchanged,True,omega,0.9695963457991517,424.88904664408733,True,3,9,0.1936304783129882,log_gr,"[1.0503088658281174, -5.766829139612078, 6.747011731950822, -9.210340371975937, 0.9695963457991517, -5.808801433617449, -6.43743826951848]",2,47.34345901618525,False,False
6,0.05,0.003,0.001,zero_drift,0,2026092932,0.026965025258932674,162,160,unchanged,True,omega,0.9696863457991517,5095.401005351357,True,2,15,0.3593542711326617,log_gr,"[1.0492040440488029, -5.766831766252914, 6.804955164621967, -9.21034037197618, 0.9696863457991517, -5.807736894113642, -6.4373978127070695]",1,4717.855417723455,False,False
6,0.05,0.003,0.001,zero_drift,0,2026092932,0.026965025258932674,162,160,unchanged,True,omega,0.9705863457991517,453825.36761297705,True,2,34,113.93330985458653,log_gr,"[1.0404393541372534, -5.7662725332236855, 7.307632033957008, -9.21034037197618, 0.9705863457991517, -5.773318706944376, -6.435033058948621]",1,453447.82202534913,False,False
6,0.05,0.003,0.001,zero_drift,0,2026092932,0.026965025258932674,162,160,unchanged,True,omega,0.9745863457991517,8071667.908251741,False,0,100,2071335.0382759124,log_gr,"[1.0079824373714878, -5.769494644461172, 10.30944217463625, -9.210340349367435, 0.9745863457991517, -5.159622501888844, -6.351970174531406]",0,8071290.362664113,False,False
6,0.05,0.003,0.001,zero_drift,0,2026092932,0.026965025258932674,162,160,unchanged,True,omega,0.9895863457991517,18757419.36254428,True,2,74,11252.602311927863,log_gb,"[1.1226916994835214, -9.210340371976173, 4.440073207377443, -2.865361822841334, 0.9895863457991517, -4.3470481856003325, -5.700442053684904]",1,18757041.81695665,False,False
6,0.05,0.003,0.001,zero_drift,0,2026092932,0.026965025258932674,162,160,unchanged,True,omega,1.0495863457991517,20701324.064745724,True,2,88,141.94960483192835,log_gb;remote_sq,"[1.1491148870120915, -9.210340370869842, 4.000000000000001, -3.1207277195840453, 1.0495863457991517, -3.8382045337081054, -4.7407335756093065]",2,20700946.519158095,False,False
6,0.05,0.003,0.001,zero_drift,0,2026092932,0.026965025258932674,162,160,unchanged,True,omega,1.1,21350153.03360106,True,2,98,21.365382170087354,log_gb;remote_sq;omega_d;log_gd,"[1.1491226043879195, -9.210340371969659, 4.000000000000001, -3.1126608174323556, 1.1, -3.5065578973199822, -4.311508095975471]",1,21349775.48801343,False,False
6,0.05,0.003,0.001,zero_drift,0,2026092932,0.026965025258932674,162,160,unchanged,True,gamma,0.00010000000000000009,5859964.352844665,False,0,100,215718.3105494477,log_gr;log_gd,"[1.1307450467894367, -5.546771244361327, 4.297106238158609, -9.21034033785856, 0.9697989863806121, -9.210340371976182, -6.410172973412851]",0,5859586.807257037,False,False
6,0.05,0.003,0.001,zero_drift,0,2026092932,0.026965025258932674,162,160,unchanged,True,gamma,0.0004061081599072263,4540514.999884424,True,2,98,2083.5941421705747,log_gr,"[1.1328874430734128, -5.588689327836606, 4.259860680145639, -9.210340371976129, 0.9697486939042955, -7.808891030129329, -6.409648732051031]",1,4540137.454296796,False,False
6,0.05,0.003,0.001,zero_drift,0,2026092932,0.026965025258932674,162,160,unchanged,True,gamma,0.0014901313178405685,1316305.163836234,True,2,90,379.4175475460608,log_gr,"[1.1165360555375965, -5.696072236160065, 4.567617056781042, -9.21034037197618, 0.9696103630807638, -6.5088910301293295, -6.4172882556574145]",2,1315927.618248606,False,False
6,0.05,0.003,0.001,zero_drift,0,2026092932,0.026965025258932674,162,160,unchanged,True,gamma,0.0024568111998601585,144268.717724348,True,2,77,22.892442077182086,log_gr,"[1.0787097202833869, -5.748752879314956, 5.557429314171054, -9.210340371976178, 0.9695786367000241, -6.0088910301293295, -6.430460756458648]",2,143891.1721367201,False,False
6,0.05,0.003,0.001,zero_drift,0,2026092932,0.026965025258932674,162,160,unchanged,True,gamma,0.002854407379915893,10065.575246821927,True,2,33,0.5318652476068743,log_gr,"[1.0585663122452995, -5.76257777709256, 6.3424033507128375, -9.21034037197618, 0.9695831400599018, -5.858891030129329, -6.435672900033384]",2,9688.029659194024,False,False
6,0.05,0.003,0.001,zero_drift,0,2026092932,0.026965025258932674,162,160,unchanged,True,gamma,0.002970897954950727,772.3281707448,True,2,12,0.02713269571480767,log_gr,"[1.0521274874480426, -5.765993707707215, 6.652850818928084, -9.21034037197618, 0.9695856366589422, -5.818891030129329, -6.437088094949258]",2,394.7825831168979,False,False
6,0.05,0.003,0.001,zero_drift,0,2026092932,0.026965025258932674,162,160,unchanged,True,gamma,0.0030007559757879946,377.5455876279277,True,3,5,0.0006206919515292217,log_gr,"[1.0504322696939152, -5.766828029002161, 6.7406107099134855, -9.210340371055148, 0.9695863457991517, -5.808891030129329, -6.4374411462181715]",2,2.5636381906224415e-11,True,False
6,0.05,0.003,0.001,zero_drift,0,2026092932,0.026965025258932674,162,160,unchanged,True,gamma,0.0030309140747234787,775.6767551921919,False,0,100,221.1086931795694,,"[1.0487041953377365, -5.7773911698441465, 6.832890339280448, -6.351430232878248, 0.96958696782667, -5.7988910301293295, -6.43779254625166]",1,398.1311675642898,False,False
6,0.05,0.003,0.001,zero_drift,0,2026092932,0.026965025258932674,162,160,unchanged,True,gamma,0.0031546080246235503,10485.760324363739,False,0,100,12160.063985713978,,"[1.0414657129039269, -5.916275122893353, 7.2532222140534826, -3.6349481704837765, 0.9695888141812175, -5.7588910301293295, -6.439174552865877]",1,10108.214736735836,False,False
6,0.05,0.003,0.001,zero_drift,0,2026092932,0.026965025258932674,162,160,unchanged,True,gamma,0.003665131625393069,173147.41929201793,False,0,100,540093.172070509,,"[1.0175435932870962, -5.869821693576947, 9.203005783403253, -3.582002990097356, 0.9696057509861846, -5.608891030129329, -6.441333051186892]",1,172769.87370439002,False,False
6,0.05,0.003,0.001,zero_drift,0,2026092932,0.026965025258932674,162,160,unchanged,True,gamma,0.006042780470701286,2476845.7646762663,False,0,100,839310.7791287114,,"[1.0015575678028636, -5.929017061907385, 11.350238732386181, -2.8143431807243897, 0.9697028305337698, -5.108891030129329, -6.415999319430246]",0,2476468.2190886387,False,False
6,0.05,0.003,0.001,zero_drift,0,2026092932,0.026965025258932674,162,160,unchanged,True,gamma,0.022172754244298876,17218266.4677815,False,0,100,116718.99323431215,,"[1.0457463652963679, -5.784842594324327, 6.9973157136407, -8.859243940028145, 0.9709753134615667, -3.8088910301293293, -6.013797134909916]",0,17217888.92219387,False,False
6,0.05,0.003,0.001,zero_drift,0,2026092932,0.026965025258932674,162,160,unchanged,True,gamma,0.029999999999999995,20134406.61611672,False,0,100,159288.42713210176,log_gd,"[1.040588682495574, -5.778735743679172, 7.307999119120486, -9.118278241544754, 0.9725307079300587, -3.506557897319982, -5.803122895063966]",1,20134029.070529092,False,False
6,0.05,0.003,0.001,zero_drift,0,2026092932,0.026965025258932674,162,160,drift_aware,True,omega,0.85,22147957.481891587,True,2,55,748.5629048638206,remote_sq;log_gr;omega_d;log_gd;log_gb_signal,"[1.1492727462102565, -5.768086894587511, 4.000000000000082, -9.210340369850924, 0.85, -3.5065578973300817, -4.074713682024435, -0.02080083147518082, -9.210340371568794]",2,22147581.123492934,False,False
6,0.05,0.003,0.001,zero_drift,0,2026092932,0.026965025258932674,162,160,drift_aware,True,omega,0.889588414304524,21813886.007877525,True,2,83,605.3749679134701,remote_sq;log_gr;log_gd;log_gb_signal,"[1.1492727462078554, -5.768086894559746, 4.000000000007075, -9.210340369275242, 0.889588414304524, -3.5065578973199996, -4.652287255860046, -0.004260445638208949, -9.210340371833881]",2,21813509.64947887,False,False
6,0.05,0.003,0.001,zero_drift,0,2026092932,0.026965025258932674,162,160,drift_aware,True,omega,0.9495884143045239,17436867.234849833,False,0,100,4086783.2801940637,,"[1.1388671935817822, -5.768517807766846, 4.1600378486270095, -8.958574894713843, 0.9495884143045239, -4.031575958783346, -5.919845531275236, 0.012591849497187632, -8.549803829779027]",0,17436490.87645118,False,False
6,0.05,0.003,0.001,zero_drift,0,2026092932,0.026965025258932674,162,160,drift_aware,True,omega,0.9645884143045239,1525984.5093872629,True,2,76,108.77401049870133,log_gr,"[1.0784752064460623, -6.618698545064702, 5.5623076385688766, -2.813410716760037, 0.9645884143045239, -6.943384758238897, -6.492761731989741, 0.009380497610744144, -5.669974743726964]",2,1525608.1509886105,False,False
6,0.05,0.003,0.001,zero_drift,0,2026092932,0.026965025258932674,162,160,drift_aware,True,omega,0.9685884143045239,81792.95973926119,True,2,91,15.607939912391696,log_gr,"[1.0591096961491004, -6.318322670695783, 6.315216055507135, -2.813410716760037, 0.9685884143045239, -5.857962914693694, -6.437087066401257, 0.0017995279140234906, -6.247226324549522]",2,81416.60134060879,False,False
6,0.05,0.003,0.001,zero_drift,0,2026092932,0.026965025258932674,162,160,drift_aware,True,omega,0.9694884143045239,1126.515724745146,False,0,100,294742.989534559,,"[1.0526198307470274, -5.940325747113174, 6.627415623835442, -3.6760402611437155, 0.9694884143045239, -5.805661933423886, -6.436437992033561, 0.00017477976819104334, -5.9453281362758155]",0,750.1573260927446,False,False
6,0.05,0.003,0.001,zero_drift,0,2026092932,0.026965025258932674,162,160,drift_aware,True,omega,0.969578414304524,384.7599853992075,False,0,100,982.2850810248149,,"[1.0505036310352647, -5.777405696316105, 6.736864517518149, -6.302495307781365, 0.969578414304524, -5.8074856967737505, -6.437346791026215, 1.3498645181947381e-05, -5.778909675892964]",0,8.401586746806174,False,False
6,0.05,0.003,0.001,zero_drift,0,2026092932,0.026965025258932674,162,160,drift_aware,True,omega,0.9695884143045239,376.35839865206833,True,2,2,0.00037254334275587547,log_gr,"[1.050491684050421, -5.766816181678416, 6.737493942887021, -9.21034037197618, 0.9695884143045239, -5.807692353123467, -6.437370844968217, -4.488948948077932e-06, -5.768059910636135]",2,-3.3298874768661335e-10,True,False
6,0.05,0.003,0.001,zero_drift,0,2026092932,0.026965025258932674,162,160,drift_aware,True,omega,0.9695984143045239,385.060028107904,True,2,29,0.0012166215267055108,log_gr,"[1.0504784733647512, -5.766816036111418, 6.738187708913238, -9.210340371314654, 0.9695984143045239, -5.807945349641487, -6.437397856988088, -2.24830275361363e-05, -5.767754631414375]",1,8.701629455502655,False,False
6,0.05,0.003,0.001,zero_drift,0,2026092932,0.026965025258932674,162,160,drift_aware,True,omega,0.9696884143045239,1244.4568566972061,True,2,14,0.0012687527956200026,log_gr,"[1.0503490372199134, -5.766814610528676, 6.744993909612271, -9.210340371975352, 0.9696884143045239, -5.810947503979849, -6.437692858033899, -0.00018457458398760476, -5.764274459723541]",2,868.0984580448048,False,False
6,0.05,0.003,0.001,zero_drift,0,2026092932,0.026965025258932674,162,160,drift_aware,True,omega,0.9705884143045239,83000.17926932455,True,2,15,21.224614629129178,log_gr,"[1.0486661612285708, -5.766796177127088, 6.834962449966199, -9.21034037197618, 0.9705884143045239, -5.906995304242894, -6.445058627117904, -0.0018333493276299828, -5.67212293574379]",2,82623.82087067215,False,False
6,0.05,0.003,0.001,zero_drift,0,2026092932,0.026965025258932674,162,160,drift_aware,True,omega,0.9745884143045239,1524476.8844320069,True,2,83,41.578412510351065,log_gr,"[1.0636395525724807, -5.766966457420107, 6.120579929774169, -9.21034037197618, 0.9745884143045239, -6.930371852515386, -6.52083693638008, -0.009832762508298967, -5.237135309854633]",2,1524100.5260333545,False,False
6,0.05,0.003,0.001,zero_drift,0,2026092932,0.026965025258932674,162,160,drift_aware,True,omega,0.9895884143045239,15926590.235825533,True,2,84,1173.545818248504,remote_sq;log_gr;log_gb_signal,"[1.1492722562182678, -5.768087344613637, 4.00000718007351, -9.210134587152528, 0.9895884143045239, -4.064804514340892, -5.881067869295459, -0.011011665612999188, -9.210278020123694]",1,15926213.877426881,False,False
6,0.05,0.003,0.001,zero_drift,0,2026092932,0.026965025258932674,162,160,drift_aware,True,omega,1.049588414304524,20097673.053729217,True,2,80,1093.3266146304525,remote_sq;log_gr;log_gb_signal,"[1.1492727465009605, -5.7680868952641, 4.000000000000003, -9.21034037197618, 1.049588414304524, -3.77265465188692, -4.341341827704942, 0.02017785405773446, -9.21034037197618]",2,20097296.695330564,False,False
6,0.05,0.003,0.001,zero_drift,0,2026092932,0.026965025258932674,162,160,drift_aware,True,omega,1.1,20324184.233327292,True,2,90,490.9513658788358,remote_sq;log_gr;omega_d;drift_u;log_gb_signal,"[1.1492759445238345, -5.768088479719297, 4.000000000000251, -9.210340371975915, 1.1, -3.7504947080173294, -3.540314262907017, 0.049999999999999906, -9.210340371976148]",2,20323807.87492864,False,False
6,0.05,0.003,0.001,zero_drift,0,2026092932,0.026965025258932674,162,160,drift_aware,True,gamma,0.00010000000000000009,415088.71653575404,True,2,87,160.1194924019541,log_gr;log_gd,"[1.0454819791371344, -6.17063287749502, 7.010823295403116, -2.813410716762119, 0.9695972925935908, -9.210340371976182, -6.46126509492844, -9.282457761791824e-05, -5.295819747095418]",1,414712.35813710163,False,False
6,0.05,0.003,0.001,zero_drift,0,2026092932,0.026965025258932674,162,160,drift_aware,True,gamma,0.0004065952445064289,329753.06829685153,True,2,100,43.80923248194251,log_gr,"[1.044367780203395, -6.160199963721159, 7.075732977898722, -2.813410716760119, 0.9696148333154031, -7.807692352592411, -6.461268731675736, -0.0001232882108481096, -5.357107496292458]",2,329376.70989819913,False,False
6,0.05,0.003,0.001,zero_drift,0,2026092932,0.026965025258932674,162,160,drift_aware,True,gamma,0.001491918575737271,108792.54396340871,False,0,100,41257.319804065424,,"[1.0431033083304357, -6.135316248658629, 7.151221943788038, -2.8418491141038698, 0.9696251130932599, -6.507692352592411, -6.456545450999638, -0.00012161903243571772, -5.610641244905922]",1,108416.1855647563,False,False
6,0.05,0.003,0.001,zero_drift,0,2026092932,0.026965025258932674,162,160,drift_aware,True,gamma,0.002459757889970679,14042.915384474032,False,0,100,6000.999817714525,,"[1.0468644811089676, -5.863528298314629, 6.9342591897727575, -4.11597754638439, 0.969604024582481, -6.007692352592411, -6.445828549075739, -5.253079580939884e-05, -5.692504711198236]",1,13666.556985821631,False,False
6,0.05,0.003,0.001,zero_drift,0,2026092932,0.026965025258932674,162,160,drift_aware,True,gamma,0.0028578309453890045,1353.791825787282,True,2,11,0.0007069936599584344,log_gr,"[1.0494245144069452, -5.7668044603846855, 6.794077162544178, -9.2103403719552, 0.9695940989318937, -5.8576923525924105, -6.43981299926205, -2.0196293861481723e-05, -5.723309704502473]",2,977.4334271348807,False,False
6,0.05,0.003,0.001,zero_drift,0,2026092932,0.026965025258932674,162,160,drift_aware,True,gamma,0.0029744612387812945,416.88619718660004,True,2,9,0.0003446476668541733,log_gr,"[1.0502690326096944, -5.7668137299254285, 6.749208826132491, -9.210340371970327, 0.9695895625771002, -5.8176923525924105, -6.437878785262194, -7.677033139209753e-06, -5.758775292202236]",2,40.52779853419872,False,False
6,0.05,0.003,0.001,zero_drift,0,2026092932,0.026965025258932674,162,160,drift_aware,True,gamma,0.0030043550712164275,376.35839865205907,True,2,2,0.0002012125385465904,log_gr,"[1.050491684062296, -5.766816181678551, 6.7374939422634705, -9.21034037197618, 0.9695884143045678, -5.807692352592411, -6.43737084494112, -4.488948966696797e-06, -5.768059911133152]",2,-3.4225422496092506e-10,True,False
6,0.05,0.003,0.001,zero_drift,0,2026092932,0.026965025258932674,162,160,drift_aware,True,gamma,0.0030345493416623196,417.62247021693844,True,3,9,2.2531770153639155,log_gr,"[1.0507190866152072, -5.766818689230914, 6.725577753033419, -9.210340371976178, 0.9695872614202888, -5.797692352592411, -6.4368527808655225, -1.2792511077064856e-06, -5.777521309596714]",2,41.26407156453712,False,False
6,0.05,0.003,0.001,zero_drift,0,2026092932,0.026965025258932674,162,160,drift_aware,True,gamma,0.003158391649620561,1445.8262653392615,True,2,11,0.027959231663382163,log_gr,"[1.0516777782757798, -5.7668292975819195, 6.675875053711274, -9.21034037197618, 0.9695826151139335, -5.757692352592411, -6.434675392965489, 1.1757537798753074e-05, -5.817239872532491]",2,1069.4678666868601,False,False
6,0.05,0.003,0.001,zero_drift,0,2026092932,0.026965025258932674,162,160,drift_aware,True,gamma,0.0036695275704762384,19974.381426450538,True,2,21,1.0431525996979818,log_gr,"[1.0560449678220583, -5.7668783701431945, 6.4598606825043445, -9.21034037197618, 0.9695653016754553, -5.6076923525924105, -6.424810856826676, 6.251798195482199e-05, -5.999248011429652]",2,19598.023027798135,False,False
6,0.05,0.003,0.001,zero_drift,0,2026092932,0.026965025258932674,162,160,drift_aware,True,gamma,0.006050028158864738,376929.1598136008,False,0,100,3830.8904588637583,,"[1.082293923576123, -5.793586848792555, 5.4410390406577305, -5.922255378936407, 0.969538457560233, -5.1076923525924105, -6.361869384640764, 0.0002132634329983584, -8.951404560390776]",0,376552.8014149484,False,False
6,0.05,0.003,0.001,zero_drift,0,2026092932,0.026965025258932674,162,160,drift_aware,True,gamma,0.02219934816232497,15402359.078523466,False,0,100,178900.26661701986,log_gr,"[1.0487978514490208, -5.766797678041626, 6.82783884642788, -9.210266749325655, 0.9772286025660317, -3.8076923525924107, -5.984431364907971, -0.0073700794155610524, -9.131130678607338]",1,15401982.720124815,False,False
6,0.05,0.003,0.001,zero_drift,0,2026092932,0.026965025258932674,162,160,drift_aware,True,gamma,0.029999999999999995,18354129.793131847,False,0,100,136451.8946388375,log_gr;log_gd,"[1.0478363685108603, -5.766787164969922, 6.880349755308804, -9.210327985754017, 0.9875609089060957, -3.506557897319982, -5.829355756479831, -0.013029443056725747, -9.20953536200016]",0,18353753.434733193,False,False
6,0.05,0.003,0.001,zero_drift,0,2026092932,0.026965025258932674,162,160,extended,True,omega,0.85,22121444.11191958,True,2,80,257.2288538070029,remote_sq;log_gr;omega_d;log_gd;log_gb_signal;link_l,"[1.14927274621281, -5.768086895117615, 4.000000000012496, -9.21034037197618, 0.85, -3.506557897319992, -3.6876238619945547, -0.021367829767957966, -9.21034037197618, 0.0999999999875897]",2,22121069.02787286,False,False
6,0.05,0.003,0.001,zero_drift,0,2026092932,0.026965025258932674,162,160,extended,True,omega,0.889616018628464,21803564.26973152,True,2,86,1966.3862569859211,remote_sq;log_gr;log_gd;log_gb_signal,"[1.1492727460977785, -5.768086894810274, 4.000000001681982, -9.21034023868455, 0.889616018628464, -3.5065578973199845, -4.331477107883482, -0.004387046423600685, -9.210340368799297, 0.06261736239243662]",2,21803189.185684804,False,False
6,0.05,0.003,0.001,zero_drift,0,2026092932,0.026965025258932674,162,160,extended,True,omega,0.9496160186284639,17404604.27788702,False,0,100,185200.4722072131,remote_sq,"[1.1492639486554517, -5.770381174702077, 4.000128872463188, -8.49297154628025, 0.9496160186284639, -4.025253049431633, -5.933816547012059, 0.012932769588820671, -8.822368373741307, -0.001261815953226665]",0,17404229.193840303,False,False
6,0.05,0.003,0.001,zero_drift,0,2026092932,0.026965025258932674,162,160,extended,True,omega,0.9646160186284639,1485928.041279164,False,0,100,32140.36774293094,log_gr,"[1.0937595263475133, -6.99527178184225, 5.101989749359996, -2.8134107335569496, 0.9646160186284639, -6.785931872580824, -6.294545193168832, 0.009526042621960933, -5.864961542112016, 0.020342163070779098]",0,1485552.9572324469,False,False
6,0.05,0.003,0.001,zero_drift,0,2026092932,0.026965025258932674,162,160,extended,True,omega,0.9686160186284639,68401.88084822248,False,0,100,139.37498850896534,log_gr,"[1.067956785480186, -6.439003175480118, 5.942971659788047, -2.813410716760037, 0.9686160186284639, -5.840439946903288, -6.263557658300775, 0.0019174326918664523, -6.396970414945399, 0.022179054556743672]",0,68026.79680150535,False,False
6,0.05,0.003,0.001,zero_drift,0,2026092932,0.026965025258932674,162,160,extended,True,omega,0.9695160186284639,701.4785771197526,False,0,100,10481.163376331911,,"[1.050647543609852, -5.947989972492137, 6.728839048760309, -3.6020778725405074, 0.9695160186284639, -5.807021469917835, -6.404134110600461, 0.00014007500144893134, -5.950402682070367, 0.004830052425949781]",0,326.3945304026149,False,False
6,0.05,0.003,0.001,zero_drift,0,2026092932,0.026965025258932674,162,160,extended,True,omega,0.969606018628464,375.1427586845333,True,2,7,0.011287516626549065,log_gr,"[1.0504911779974457, -5.7668161761020365, 6.737520515455182, -9.21034037197618, 0.969606018628464, -5.807606507183551, -6.35027772142247, 1.4583017856253494e-05, -5.768165808674233, 0.012902925696197947]",1,0.05871196739565221,True,False
6,0.05,0.003,0.001,zero_drift,0,2026092932,0.026965025258932674,162,160,extended,True,omega,0.9696160186284639,375.0840467171472,True,3,2,0.000335879768075911,log_gr,"[1.0504904157171253, -5.766816167704453, 6.737560542855291, -9.210340371055148, 0.9696160186284639, -5.807584391565537, -6.327246794116357, 1.9593074817934346e-05, -5.768191047830039, 0.016409895505997966]",1,9.549694368615746e-12,True,False
6,0.05,0.003,0.001,zero_drift,0,2026092932,0.026965025258932674,162,160,extended,True,omega,0.9696260186284639,375.12226282748384,True,2,38,1.1086105109807658,,"[1.050489577644932, -5.7673492506575315, 6.737604534370876, -8.581263225949632, 0.9696260186284639, -5.807568851089193, -6.307913855425132, 2.4222245984908366e-05, -5.7687416394587885, 0.01938508868485103]",1,0.038216110346183996,True,False
6,0.05,0.003,0.001,zero_drift,0,2026092932,0.026965025258932674,162,160,extended,True,omega,0.9697160186284639,375.3497053848625,True,2,48,0.0622232273398703,,"[1.0504838057973518, -5.77476040103627, 6.737906387092932, -6.570886297838751, 0.9697160186284639, -5.807552944292909, -6.195458858465823, 5.84570921386715e-05, -5.776171137322288, 0.03727252719826981]",1,0.2656586677248356,True,False
6,0.05,0.003,0.001,zero_drift,0,2026092932,0.026965025258932674,162,160,extended,True,omega,0.9706160186284639,1040.1283770118275,True,2,18,0.00969427611618911,log_gr;link_l,"[1.056906754132351, -5.766888194400999, 6.419142226693696, -9.21034037197618, 0.9706160186284639, -5.805903886798232, -5.813162204630058, 4.623513557427584e-05, -5.771525084521915, 0.09999999999999999]",1,665.0443302946899,False,False
6,0.05,0.003,0.001,zero_drift,0,2026092932,0.026965025258932674,162,160,extended,True,omega,0.9746160186284639,671870.1271575172,True,2,76,20.768541945726522,log_gb;link_l,"[1.14333630055623, -9.210340371975793, 4.086713690925274, -3.0572996883777797, 0.9746160186284639, -6.002761989188251, -8.435712804929866, -0.007423822697472949, -7.490837225201129, -0.09999999999999999]",2,671495.0431108001,False,False
6,0.05,0.003,0.001,zero_drift,0,2026092932,0.026965025258932674,162,160,extended,True,omega,0.9896160186284639,15360151.470186144,False,0,100,315961.2969275192,log_gr;link_l,"[1.145748892610108, -5.768040374365268, 4.052426087472677, -9.210192329554035, 0.9896160186284639, -4.129284897869712, -5.123174204200419, -0.010684237799020736, -9.206035890197198, 0.09999999999997151]",0,15359776.386139426,False,False
6,0.05,0.003,0.001,zero_drift,0,2026092932,0.026965025258932674,162,160,extended,True,omega,1.049616018628464,20067210.455412075,False,0,100,1053566.391549805,link_l,"[1.1440511960657687, -5.768236859147792, 4.0782975727682915, -9.111605073724526, 1.049616018628464, -3.749076946584109, -4.903848754290978, 0.018024028980355458, -9.205717122300332, -0.09999055998833031]",1,20066835.371365357,False,False
6,0.05,0.003,0.001,zero_drift,0,2026092932,0.026965025258932674,162,160,extended,True,omega,1.1,20301089.079793133,False,0,100,169852.5611568124,omega_d,"[1.1422885348497502, -5.769138191909727, 4.105708984405103, -8.769719054863327, 1.1, -3.758958947434581, -3.8715938475224574, 0.04998175450420905, -9.156550472135077, -0.09996817344808667]",1,20300713.995746415,False,False
6,0.05,0.003,0.001,zero_drift,0,2026092932,0.026965025258932674,162,160,extended,True,gamma,0.00010000000000000009,410890.92767483584,True,2,81,2.283795248609516,log_gd;link_l,"[1.043421975728654, -5.897523275323339, 7.133793692552979, -3.7680076611288222, 0.9704132067198814, -9.210340371976182, -5.896102452232815, 8.927788460560973e-05, -5.1738749390232694, 0.09999999999773088]",2,410515.8436281187,False,False
6,0.05,0.003,0.001,zero_drift,0,2026092932,0.026965025258932674,162,160,extended,True,gamma,0.0004066391433161855,326527.48470454884,True,2,87,2.4955520399303244,link_l,"[1.0425462452499306, -5.884298084540053, 7.186785587767932, -3.8506521899215196, 0.9704012052302883, -7.807584391565537, -5.900194610648884, 0.00010505854711420242, -5.224950300011723, 0.09999999999999677]",1,326152.4006578317,False,False
6,0.05,0.003,0.001,zero_drift,0,2026092932,0.026965025258932674,162,160,extended,True,gamma,0.0014920796534936235,108000.14303901732,True,2,89,0.9834284462001484,link_l,"[1.0427083584022308, -5.838564162418283, 7.177083146890869, -4.321125531427253, 0.9703997435526027, -6.507584391565537, -5.89547660802576, 0.00014282460519520943, -5.425108890919729, 0.09999999999929399]",2,107625.05899230018,False,False
6,0.05,0.003,0.001,zero_drift,0,2026092932,0.026965025258932674,162,160,extended,True,gamma,0.002460023462293814,13982.25871361573,False,0,100,23703.083014590058,,"[1.0468058837542653, -5.806356248747387, 6.937687078527446, -4.972444361375653, 0.969945629688124, -6.007584391565537, -6.054123552219998, 9.56312648532807e-05, -5.644240427481405, 0.06459218191905788]",0,13607.174666898592,False,False
6,0.05,0.003,0.001,zero_drift,0,2026092932,0.026965025258932674,162,160,extended,True,gamma,0.0028581394964079434,1349.244212283776,True,2,90,0.003670755105212962,log_gr,"[1.0494288137820447, -5.7668045074563015, 6.793846986062831, -9.210340371907714, 0.9695992687848181, -5.857584391565537, -6.50188611761779, -3.319366182181135e-05, -5.723382124492559, -0.008936361940946156]",2,974.1601655666384,False,False
6,0.05,0.003,0.001,zero_drift,0,2026092932,0.026965025258932674,162,160,extended,True,gamma,0.0029747823820061945,415.4599163196849,True,2,31,0.10633677840174362,log_gr,"[1.0502690462336972, -5.76681373007233, 6.749208107822298, -9.210340371963873, 0.969602076093828, -5.8175843915655365, -6.36548739526772, 8.025545441919133e-06, -5.758895292525323, 0.010703927122621268]",2,40.375869602547255,False,False
6,0.05,0.003,0.001,zero_drift,0,2026092932,0.026965025258932674,162,160,extended,True,gamma,0.0030046794419843954,375.0840467171472,True,3,4,0.000335879768075911,log_gr,"[1.0504904157171253, -5.766816167704453, 6.737560542855291, -9.210340371055148, 0.9696160186284639, -5.807584391565537, -6.327246794116357, 1.9593074817934346e-05, -5.768191047830039, 0.016409895505997966]",2,9.549694368615746e-12,True,False
6,0.05,0.003,0.001,zero_drift,0,2026092932,0.026965025258932674,162,160,extended,True,gamma,0.003034876972410703,416.18275497547637,True,2,28,0.004525363132903988,log_gr,"[1.0507163028781092, -5.766818658422124, 6.725723328460589, -9.21034037197618, 0.9696376049931199, -5.797584391565537, -6.2868904974882405, 3.1813369065855644e-05, -5.777662686569378, 0.022531893323373738]",2,41.09870825833872,False,False
6,0.05,0.003,0.001,zero_drift,0,2026092932,0.026965025258932674,162,160,extended,True,gamma,0.003158732651233435,1439.1437176387312,False,0,100,8066.508897814875,,"[1.0516679210297406, -5.769526707030388, 6.6763815704815155, -7.533942306246676, 0.9698520507885884, -5.757584391565537, -6.0921965636616395, 9.484285123257512e-05, -5.820232932216019, 0.053638577277419774]",0,1064.0596709215936,False,False
6,0.05,0.003,0.001,zero_drift,0,2026092932,0.026965025258932674,162,160,extended,True,gamma,0.0036699237578269013,19877.086837185514,True,2,81,1.3749466944666022,log_gr;link_l,"[1.0560772986054114, -5.766878737816778, 6.458322164139825, -9.21034037197618, 0.9705293284496422, -5.607584391565537, -5.809458548951519, 0.00021502004743347572, -5.999354484095573, 0.09999999999841781]",1,19502.002790468377,False,False
6,0.05,0.003,0.001,zero_drift,0,2026092932,0.026965025258932674,162,160,extended,True,gamma,0.0060506813613769575,376506.52985791693,False,0,100,124.02192005987935,log_gr;link_l,"[1.0824649624869829, -5.767197676384203, 5.435638432204849, -9.21034037195049, 0.9707514854624508, -5.107584391565537, -5.648505160086759, 0.000411484240242343, -8.464924437811115, 0.0999999307190876]",0,376131.4458111998,False,False
6,0.05,0.003,0.001,zero_drift,0,2026092932,0.026965025258932674,162,160,extended,True,gamma,0.02220174495612634,15398113.006178288,False,0,100,329708.57597324904,log_gr,"[1.0482512265702604, -5.766791680094374, 6.857582421340953, -9.210338727711965, 0.977225678990249, -3.8075843915655367, -6.071359132423039, -0.007371887386510898, -9.16257239484436, -0.015656182340257757]",1,15397737.92213157,False,False
6,0.05,0.003,0.001,zero_drift,0,2026092932,0.026965025258932674,162,160,extended,True,gamma,0.029999999999999995,18338881.305206664,False,0,100,91732.94934615165,log_gr;log_gd;log_gb_signal,"[1.0502624775463547, -5.766813659650909, 6.749552157255188, -9.210340371818482, 0.9878250005952585, -3.506557897319982, -6.095276663879254, -0.013121013825135414, -9.21033776143555, -0.04913417604437429]",1,18338506.221159946,False,False
8,0.05,0.003,0.001,allowed_drift,0,2026093006,0.026965025258932674,162,160,unchanged,False,omega,0.85,21807882.580343857,True,2,56,377.023799842937,remote_sq;log_gr;omega_d,"[1.149270189695826, -5.772918328020164, 4.000000000000001, -9.210340134262529, 0.85, -3.5481910604613005, -4.472564471944019]",2,21801311.127516825,False,False
8,0.05,0.003,0.001,allowed_drift,0,2026093006,0.026965025258932674,162,160,unchanged,False,omega,0.8898138611294848,21513171.651757088,True,2,64,117.2436280645873,remote_sq;log_gr,"[1.1492781259519294, -5.775993350396511, 4.000000000000001, -9.21034035228556, 0.8898138611294848, -3.8290697364667983, -4.787713146036249]",2,21506600.198930055,False,False
8,0.05,0.003,0.001,allowed_drift,0,2026093006,0.026965025258932674,162,160,unchanged,False,omega,0.9498138611294847,19906163.78565495,True,2,46,3899.4392053635534,log_gr,"[1.0866144136435814, -5.783489785446735, 5.311476331931293, -9.210340368773196, 0.9498138611294847, -4.175339685169714, -5.707696549844221]",2,19899592.33282792,False,False
8,0.05,0.003,0.001,allowed_drift,0,2026093006,0.026965025258932674,162,160,unchanged,False,omega,0.9648138611294848,8544010.629589792,False,0,100,547394.9079141945,log_gr,"[1.0208914490706922, -5.978330903945006, 8.901435716688948, -2.813410716760037, 0.9648138611294848, -5.128975293183994, -6.3802877250793575]",0,8537439.17676276,False,False
8,0.05,0.003,0.001,allowed_drift,0,2026093006,0.026965025258932674,162,160,unchanged,False,omega,0.9688138611294848,457762.3236738774,True,2,81,279.92982619434383,log_gr,"[1.066350277363941, -6.410175411455478, 6.013904132605915, -2.813410716760037, 0.9688138611294848, -5.748692225609407, -6.433724284718471]",1,451190.8708468453,False,False
8,0.05,0.003,0.001,allowed_drift,0,2026093006,0.026965025258932674,162,160,unchanged,False,omega,0.9697138611294848,11041.058956524117,False,0,100,111.24787144927535,log_gr,"[1.0531058534245326, -5.766445634269153, 6.604735267905177, -9.21034037197618, 0.9697138611294848, -5.770455416316085, -6.435749645959742]",1,4469.606129492029,False,False
8,0.05,0.003,0.001,allowed_drift,0,2026093006,0.026965025258932674,162,160,unchanged,False,omega,0.9698038611294848,6616.026452410138,True,2,7,0.41244910214783653,log_gr,"[1.0523333416529272, -5.766467420169139, 6.642969113371985, -9.21034037197618, 0.9698038611294848, -5.7701434082875975, -6.4356431629278195]",1,44.573625378049655,False,False
8,0.05,0.003,0.001,allowed_drift,0,2026093006,0.026965025258932674,162,160,unchanged,False,omega,0.9698138611294848,6571.452827033708,True,3,8,0.27009425355368105,log_gr,"[1.0522491004427688, -5.766469140772707, 6.647168449339272, -9.210340371055148, 0.9698138611294848, -5.770081249581749, -6.435629362682157]",1,1.6198100638575852e-09,True,False
8,0.05,0.003,0.001,allowed_drift,0,2026093006,0.026965025258932674,162,160,unchanged,False,omega,0.9698238611294847,6615.999971109706,True,3,7,0.32371550762482687,log_gr,"[1.052164300769017, -5.7664707067467145, 6.651402503698426, -9.21034037197618, 0.9698238611294847, -5.770013376761347, -6.435615475260508]",1,44.54714407761821,False,False
8,0.05,0.003,0.001,allowed_drift,0,2026093006,0.026965025258932674,162,160,unchanged,False,omega,0.9699138611294847,11013.39975570046,True,2,12,0.17357938757047014,log_gr,"[1.0514193025077778, -5.766478737309818, 6.688856999093697, -9.21034037197618, 0.9699138611294847, -5.76915929712023, -6.435471565885254]",1,4441.9469286683725,False,False
8,0.05,0.003,0.001,allowed_drift,0,2026093006,0.026965025258932674,162,160,unchanged,False,omega,0.9708138611294848,436409.31413184153,True,2,24,132.35465846001352,log_gr,"[1.0465316673542875, -5.766053107739398, 6.944823590725402, -9.21034037197618, 0.9708138611294848, -5.737760113019404, -6.431987162449985]",1,429837.86130480946,False,False
8,0.05,0.003,0.001,allowed_drift,0,2026093006,0.026965025258932674,162,160,unchanged,False,omega,0.9748138611294848,7759323.28835939,False,0,100,600978.1402856614,log_gr,"[1.0115858726866864, -5.769401147760536, 9.8434276761715, -9.210340371952164, 0.9748138611294848, -5.139574494245466, -6.349082657390034]",0,7752751.835532358,False,False
8,0.05,0.003,0.001,allowed_drift,0,2026093006,0.026965025258932674,162,160,unchanged,False,omega,0.9898138611294848,18290986.08201078,True,2,74,4160.827215319078,log_gb,"[1.1203331928084612, -9.210340370924868, 4.485851422528959, -2.838201375852449, 0.9898138611294848, -4.304275527971263, -5.700315708759049]",1,18284414.629183747,False,False
8,0.05,0.003,0.001,allowed_drift,0,2026093006,0.026965025258932674,162,160,unchanged,False,omega,1.0498138611294847,20433186.94777532,True,2,87,604.0858026001707,log_gb;remote_sq,"[1.1491158389676397, -9.210340356088823, 4.000000000000001, -3.1204114623309427, 1.0498138611294847, -3.771027261635339, -4.74047238475385]",1,20426615.494948287,False,False
8,0.05,0.003,0.001,allowed_drift,0,2026093006,0.026965025258932674,162,160,unchanged,False,omega,1.1,21133793.765883707,False,0,100,399450.5450081877,remote_sq;omega_d;log_gd,"[1.149183055724068, -7.305164316038016, 4.000000000006605, -3.3151590441776557, 1.1, -3.5065578973199822, -4.316442542330225]",0,21127222.313056674,False,False
8,0.05,0.003,0.001,allowed_drift,0,2026093006,0.026965025258932674,162,160,unchanged,False,gamma,0.00010000000000000009,6030501.477868471,True,2,97,3446.7110677863575,log_gr;log_gd,"[1.1384610424361912, -5.548818676168665, 4.166728692832953, -9.21034037197618, 0.9700190830807218, -9.210340371976182, -6.40571697590887]",1,6023930.02504144,False,False
8,0.05,0.003,0.001,allowed_drift,0,2026093006,0.026965025258932674,162,160,unchanged,False,gamma,0.00042217896355131447,4649872.875074174,False,0,100,3532.108392671942,log_gr,"[1.1391075983486545, -5.591308035783004, 4.156293775208379, -9.21034037197521, 0.9699701608526161, -7.770081249581749, -6.406212590866266]",0,4643301.4222471425,False,False
8,0.05,0.003,0.001,allowed_drift,0,2026093006,0.026965025258932674,162,160,unchanged,False,gamma,0.0015490998640977842,1345062.3868686317,True,2,95,468.2555101364756,log_gr,"[1.1191785872180406, -5.697280506133354, 4.514304304756832, -9.210340371975997, 0.9698395791073495, -6.4700812495817495, -6.415921952056768]",2,1338490.9340415995,False,False
8,0.05,0.003,0.001,allowed_drift,0,2026093006,0.026965025258932674,162,160,unchanged,False,gamma,0.0025540338963766945,152543.1822841604,True,2,73,35.62373750996658,log_gr,"[1.0804094421378485, -5.748804831216042, 5.5018342396095115, -9.21034037197618, 0.969808168405331, -5.9700812495817495, -6.429048795064324]",2,145971.72945712833,False,False
8,0.05,0.003,0.001,allowed_drift,0,2026093006,0.026965025258932674,162,160,unchanged,False,gamma,0.0029673640378991843,16390.69498337458,True,3,30,2.9131347672571137,log_gr,"[1.0603064139731377, -5.762316874779239, 6.264659346510847, -9.21034037197618, 0.969811304384317, -5.820081249581749, -6.433983286943282]",2,9819.24215634249,False,False
8,0.05,0.003,0.001,allowed_drift,0,2026093006,0.026965025258932674,162,160,unchanged,False,gamma,0.0030884644615965014,6971.469869955686,True,2,14,0.04087656799173241,log_gr,"[1.0539252629751188, -5.765654153402337, 6.563134248889747, -9.21034037197618, 0.9698132897454661, -5.780081249581749, -6.4353020613470076]",2,400.0170429235977,False,False
8,0.05,0.003,0.001,allowed_drift,0,2026093006,0.026965025258932674,162,160,unchanged,False,gamma,0.0031195040454690607,6571.452827033708,True,3,8,0.27009425355368105,log_gr,"[1.0522491004427688, -5.766469140772707, 6.647168449339272, -9.210340371055148, 0.9698138611294848, -5.770081249581749, -6.435629362682157]",2,1.6198100638575852e-09,True,False
8,0.05,0.003,0.001,allowed_drift,0,2026093006,0.026965025258932674,162,160,unchanged,False,gamma,0.0031508555823457625,6975.0786832090835,True,2,12,0.6538114634180479,log_gr,"[1.0505372464265161, -5.767276150476758, 6.735624896847431, -9.21034037197618, 0.9698144624602653, -5.7600812495817495, -6.435955713491661]",2,403.6258561769955,False,False
8,0.05,0.003,0.001,allowed_drift,0,2026093006,0.026965025258932674,162,160,unchanged,False,gamma,0.0032794444380297013,16839.285336444864,True,2,92,1.0547130092696522,log_gr,"[1.0433135492891075, -5.770422919355781, 7.141208770366574, -9.21034037197618, 0.969817163716012, -5.7200812495817495, -6.4372445830854375]",2,10267.832509412776,False,False
8,0.05,0.003,0.001,allowed_drift,0,2026093006,0.026965025258932674,162,160,unchanged,False,gamma,0.0038101708452277193,181045.25162340482,False,0,100,142274.31222930484,log_gr,"[1.0125720430244565, -5.7810876309381385, 9.771366558511769, -9.21034037197618, 0.9698312379395416, -5.570081249581749, -6.440700339997638]",1,174473.79879637272,False,False
8,0.05,0.003,0.001,allowed_drift,0,2026093006,0.026965025258932674,162,160,unchanged,False,gamma,0.006281909717528427,2491454.5457017957,False,0,100,517978.7380095476,log_gr,"[0.9979871821656934, -5.912202768443785, 11.994072376603226, -2.813410764439634, 0.9699139891885832, -5.070081249581749, -6.412244930163916]",0,2484883.0928747635,False,False
8,0.05,0.003,0.001,allowed_drift,0,2026093006,0.026965025258932674,162,160,unchanged,False,gamma,0.023050190392812,16931819.274072528,False,0,100,187838.934150531,,"[1.0445224938780013, -5.783544813867749, 7.068568061843916, -9.127815684596696, 0.9711885593503466, -3.7700812495817493, -5.986100860999777]",0,16925247.821245495,False,False
8,0.05,0.003,0.001,allowed_drift,0,2026093006,0.026965025258932674,162,160,unchanged,False,gamma,0.029999999999999995,19408010.806413796,False,0,100,176979.12628337558,log_gd,"[1.0460822954907312, -5.778623410007294, 6.97827118083247, -9.143491338239306, 0.9724687844704851, -3.506557897319982, -5.800700288541485]",1,19401439.353586763,False,False
8,0.05,0.003,0.001,allowed_drift,0,2026093006,0.026965025258932674,162,160,drift_aware,True,omega,0.85,21336944.016819227,True,2,67,350.36329960049056,remote_sq;log_gr;omega_d;log_gd;log_gb_signal,"[1.1492737223418104, -5.768208835614955, 4.000000000000001, -9.21034036488635, 0.85, -3.5065578973201528, -4.063158579237568, -0.02121792421200546, -9.210340371803381]",2,21336609.356934674,False,False
8,0.05,0.003,0.001,allowed_drift,0,2026093006,0.026965025258932674,162,160,drift_aware,True,omega,0.889588534904892,21006867.53529746,True,2,98,306.95555409008466,remote_sq;log_gr;log_gd;log_gb_signal,"[1.1492737223400622, -5.768208835877278, 4.000000000000001, -9.210340371975756, 0.889588534904892, -3.5065578973199822, -4.640766109974932, -0.004486976436033866, -9.210340371976173]",2,21006532.875412907,False,False
8,0.05,0.003,0.001,allowed_drift,0,2026093006,0.026965025258932674,162,160,drift_aware,True,omega,0.9495885349048919,16716265.229176665,True,2,77,685.0588585426002,remote_sq,"[1.1492737156530928, -5.768225287971213, 4.000000101569694, -9.202844896129765, 0.9495885349048919, -4.010137709979553, -5.902201602850769, 0.012863830473582229, -9.209316254695594]",1,16715930.56929211,False,False
8,0.05,0.003,0.001,allowed_drift,0,2026093006,0.026965025258932674,162,160,drift_aware,True,omega,0.9645885349048919,1488344.12732179,True,2,91,73.77430787424281,log_gr,"[1.0747132429077828, -6.549238063948967, 5.691659135827767, -2.813410716760037, 0.9645885349048919, -6.865685404804277, -6.498094438512148, 0.009863390926355957, -5.625564401888885]",2,1488009.467437235,False,False
8,0.05,0.003,0.001,allowed_drift,0,2026093006,0.026965025258932674,162,160,drift_aware,True,omega,0.9685885349048919,78223.74650633348,True,4,55,0.2986284232482634,log_gr,"[1.0571302441816532, -6.294488106819101, 6.406247829897852, -2.813410716760037, 0.9685885349048919, -5.871394167605841, -6.439318200998381, 0.002297785315384131, -6.14267556380328]",2,77889.08662177851,False,False
8,0.05,0.003,0.001,allowed_drift,0,2026093006,0.026965025258932674,162,160,drift_aware,True,omega,0.969488534904892,953.4066945777408,False,0,100,16725.823777878537,,"[1.0500324588237393, -6.108668400174201, 6.760267384566725, -3.0351361239811157, 0.969488534904892, -5.810133095788746, -6.4378764184762325, 0.0006741412020736721, -6.05168298756677]",0,618.7468100227704,False,False
8,0.05,0.003,0.001,allowed_drift,0,2026093006,0.026965025258932674,162,160,drift_aware,True,omega,0.969578534904892,340.27506121370874,True,2,50,0.06783737503387832,,"[1.0497948463348497, -5.837051433376213, 6.7742848040312245, -4.476817895937394, 0.969578534904892, -5.810206648920139, -6.437942709996771, 0.0005129267377905816, -5.7929938796638885]",1,5.615176658738392,False,False
8,0.05,0.003,0.001,allowed_drift,0,2026093006,0.026965025258932674,162,160,drift_aware,True,omega,0.9695885349048919,334.6598845548979,True,2,8,0.00032108773980207644,,"[1.049786686155909, -5.78500666303016, 6.77479601639737, -5.782234308953019, 0.9695885349048919, -5.810252977375626, -6.437948938733179, 0.0004950076132055431, -5.743091299090031]",1,-7.241851562866941e-11,True,False
8,0.05,0.003,0.001,allowed_drift,0,2026093006,0.026965025258932674,162,160,drift_aware,True,omega,0.9695985349048919,341.40223308777126,True,4,66,0.00028373020895756034,log_gr,"[1.0497823155343144, -5.7669288865058395, 6.7750346035416955, -9.21034037197615, 0.9695985349048919, -5.810321326675479, -6.43795690211017, 0.00047708453225210487, -5.7256564077372625]",1,6.742348532800918,False,False
8,0.05,0.003,0.001,allowed_drift,0,2026093006,0.026965025258932674,162,160,drift_aware,True,omega,0.9696885349048919,1150.8986244289406,True,2,25,0.0014900455713529426,log_gr,"[1.049731499662737, -5.766928328750087, 6.777738829784832, -9.210340371975564, 0.9696885349048919, -5.811701323827446, -6.438083893330957, 0.00031567395826895815, -5.723935439109697]",1,816.2387398739702,False,False
8,0.05,0.003,0.001,allowed_drift,0,2026093006,0.026965025258932674,162,160,drift_aware,True,omega,0.9705885349048919,80807.75760963945,True,2,19,0.11442502316770325,log_gr,"[1.0486606642716096, -5.76691661561385, 6.835313332520642, -9.210340371450183, 0.9705885349048919, -5.890331089475715, -6.443836243585231, -0.0013217886817577396, -5.649383523005382]",1,80473.09772508447,False,False
8,0.05,0.003,0.001,allowed_drift,0,2026093006,0.026965025258932674,162,160,drift_aware,True,omega,0.974588534904892,1511050.4127189284,True,2,73,72.0104237339731,log_gr,"[1.0614080135306745, -5.767060807575489, 6.215906707203924, -9.21034037197618, 0.974588534904892, -6.895020961855809, -6.51589896062622, -0.009248871272683453, -5.216566968041612]",2,1510715.7528343734,False,False
8,0.05,0.003,0.001,allowed_drift,0,2026093006,0.026965025258932674,162,160,drift_aware,True,omega,0.989588534904892,15679207.969953934,False,0,100,378741.03854759736,remote_sq,"[1.149249476772202, -5.771150795910359, 4.000354822873316, -8.322800381726859, 0.989588534904892, -4.058824810337575, -5.866651402118916, -0.01028150812982907, -8.938474142261663]",1,15678873.310069378,False,False
8,0.05,0.003,0.001,allowed_drift,0,2026093006,0.026965025258932674,162,160,drift_aware,True,omega,1.049588534904892,19851381.38524156,True,2,92,1344.3271356702546,remote_sq;log_gr;log_gb_signal,"[1.1492737226189755, -5.768208835571753, 4.000000000000678, -9.210340371922504, 1.049588534904892, -3.7348301166437596, -4.342018681062905, 0.020255911161609026, -9.210340371975152]",2,19851046.725357007,False,False
8,0.05,0.003,0.001,allowed_drift,0,2026093006,0.026965025258932674,162,160,drift_aware,True,omega,1.1,20090984.724960264,True,2,83,1001.6968925312806,remote_sq;log_gr;omega_d;drift_u;log_gb_signal,"[1.1492768097204464, -5.768210338373004, 4.000000000000239, -9.21034037197616, 1.1, -3.7130090487499716, -3.542278781247152, 0.049999999999999496, -9.21034037197618]",2,20090650.06507571,False,False
8,0.05,0.003,0.001,allowed_drift,0,2026093006,0.026965025258932674,162,160,drift_aware,True,gamma,0.00010000000000000009,405908.9032812849,True,2,85,20.25853467264879,log_gr;log_gd,"[1.0430213748290675, -6.1480496233293565, 7.156103016225711, -2.813410716914458, 0.9695879589158087, -9.210340371976182, -6.462294234627396, 0.00043386178913711894, -5.261287831284425]",1,405574.24339672993,False,False
8,0.05,0.003,0.001,allowed_drift,0,2026093006,0.026965025258932674,162,160,drift_aware,True,gamma,0.00040555543847956997,322583.8513959878,True,2,84,15.277532359607571,log_gr,"[1.0421303170132743, -6.14006565584496, 7.210419773552843, -2.8134107167639804, 0.9695923588107499, -7.81025297740451, -6.462193069131434, 0.00042925639349210423, -5.3212800234555715]",1,322249.1915114328,False,False
8,0.05,0.003,0.001,allowed_drift,0,2026093006,0.026965025258932674,162,160,drift_aware,True,gamma,0.0014881032189479472,106578.65692827108,False,0,100,6718.093697212907,,"[1.0420961116394023, -5.974911024259102, 7.213894847068702, -3.316920603714716, 0.9695974491204876, -6.510252977404511, -6.457047142225585, 0.00043921189626647673, -5.480852745505214]",1,106243.99704371611,False,False
8,0.05,0.003,0.001,allowed_drift,0,2026093006,0.026965025258932674,162,160,drift_aware,True,gamma,0.0024534674300768105,13724.940197018435,True,2,52,13.333669185522107,,"[1.046137047025767, -5.8184979296766555, 6.975546083489698, -4.704071621614106, 0.9695933602940222, -6.010252977404511, -6.446349692396962, 0.00047071018009809453, -5.617115176637755]",2,13390.280312463465,False,False
8,0.05,0.003,0.001,allowed_drift,0,2026093006,0.026965025258932674,162,160,drift_aware,True,gamma,0.002850522473681799,1291.813565928305,True,2,16,0.0020608226549186956,,"[1.0487205010098717, -5.787488994640953, 6.832058145156013, -5.6391555700882305, 0.9695901080679891, -5.86025297740451, -6.440372245103651, 0.0004878591229955038, -5.701894101162163]",2,957.1536813733346,False,False
8,0.05,0.003,0.001,allowed_drift,0,2026093006,0.026965025258932674,162,160,drift_aware,True,gamma,0.0029668545026855547,374.3498458415272,True,3,13,0.5007556764824904,,"[1.049564396640292, -5.785126682035643, 6.786642882991223, -5.771831787591757, 0.969588871490834, -5.82025297740451, -6.438452968887353, 0.0004935147335355566, -5.734190979366508]",2,39.689961286556866,False,False
8,0.05,0.003,0.001,allowed_drift,0,2026093006,0.026965025258932674,162,160,drift_aware,True,gamma,0.0029966718861519606,334.65988455473337,True,2,5,0.00017202930994533158,,"[1.0497866863332654, -5.785006676050141, 6.774796006955846, -5.782233621640002, 0.9695885349143476, -5.81025297740451, -6.437948938675222, 0.0004950075962414797, -5.743091311545029]",2,-2.369802132307086e-10,True,False
8,0.05,0.003,0.001,allowed_drift,0,2026093006,0.026965025258932674,162,160,drift_aware,True,gamma,0.003026788939304216,375.07141548394816,True,2,6,0.01575253237763151,,"[1.0500136483505798, -5.78508174124504, 6.762749428346661, -5.7823943291611695, 0.9695881872916172, -5.800252977404511, -6.43743485368157, 0.0004965324270165654, -5.752346757601768]",2,40.41153092897781,False,False
8,0.05,0.003,0.001,allowed_drift,0,2026093006,0.026965025258932674,162,160,drift_aware,True,gamma,0.003150314539234179,1382.0896295794905,True,2,21,0.007272533371738827,,"[1.0509696751933744, -5.7874883632989, 6.712545895921771, -5.680175183833884, 0.9695866806596349, -5.760252977404511, -6.435274115531131, 0.0005029641728645212, -5.793283246855842]",2,1047.4297450245201,False,False
8,0.05,0.003,0.001,allowed_drift,0,2026093006,0.026965025258932674,162,160,drift_aware,True,gamma,0.0036601433070470434,19529.24127180603,True,2,93,5.989141297466472,,"[1.0553155047092886, -5.833050857443149, 6.494785284233072, -4.631258314649952, 0.9695792550456828, -5.61025297740451, -6.425482998659073, 0.0005321569378575645, -6.024373805687482]",1,19194.58138725106,False,False
8,0.05,0.003,0.001,allowed_drift,0,2026093006,0.026965025258932674,162,160,drift_aware,True,gamma,0.006034556124139171,368591.62437909533,True,2,78,4.185539810827471,log_gb_signal,"[1.0812622109500982, -5.856431860525514, 5.473905039382051, -4.748343906304186, 0.9695932372838278, -5.11025297740451, -6.362981299703702, 0.000598060447724886, -9.210340362089303]",1,368256.96449454036,False,False
8,0.05,0.003,0.001,allowed_drift,0,2026093006,0.026965025258932674,162,160,drift_aware,True,gamma,0.02214257667686516,14831138.241332676,False,0,100,238611.98976484968,,"[1.0476884395348909, -5.768094723411816, 6.888527124567024, -8.094479988456412, 0.9751448986265584, -3.8102529774045104, -5.966857299892015, -0.004687500335177164, -9.111745320111579]",1,14830803.581448121,False,False
8,0.05,0.003,0.001,allowed_drift,0,2026093006,0.026965025258932674,162,160,drift_aware,True,gamma,0.029999999999999995,17896183.59791134,False,0,100,113866.48032210964,log_gd,"[1.0453816532360025, -5.76729709899174, 7.018888446712013, -8.650197963067344, 0.9860929528242287, -3.506557897319982, -5.809349686886282, -0.011555141695004222, -9.204838464984654]",0,17895848.938026786,False,False
8,0.05,0.003,0.001,allowed_drift,0,2026093006,0.026965025258932674,162,160,extended,True,omega,0.85,21311524.148274083,True,2,65,608.1187718214975,remote_sq;log_gr;omega_d;log_gd;log_gb_signal;link_l,"[1.1492737223433682, -5.768208834977513, 4.00000000001098, -9.21034037197618, 0.85, -3.5065578973199822, -3.6778524686853666, -0.021800829849409523, -9.21034037197618, 0.09999999999794165]",2,21311189.53426781,False,False
8,0.05,0.003,0.001,allowed_drift,0,2026093006,0.026965025258932674,162,160,extended,True,omega,0.8896027450579868,20997769.72272248,True,2,80,254.00367893590277,remote_sq;log_gr;log_gd;log_gb_signal,"[1.1492737223347527, -5.7682088353255, 4.000000000212045, -9.210340371905362, 0.8896027450579868, -3.5065578973199822, -4.337447231254556, -0.004599292991839133, -9.210340371976141, 0.05933596896548067]",2,20997435.108716205,False,False
8,0.05,0.003,0.001,allowed_drift,0,2026093006,0.026965025258932674,162,160,extended,True,omega,0.9496027450579867,16714054.112215355,False,0,100,400535.43090278556,remote_sq,"[1.1492716971204846, -5.770697955996658, 4.000029652259711, -8.44831585493223, 0.9496027450579867, -4.014407411768094, -5.902633577472074, 0.013042144272772999, -8.732194213250533, 0.000709030149064599]",0,16713719.498209083,False,False
8,0.05,0.003,0.001,allowed_drift,0,2026093006,0.026965025258932674,162,160,extended,True,omega,0.9646027450579867,1460494.9641824644,False,0,100,592724.4535877559,log_gr,"[1.0914990019370447, -6.9272334450627495, 5.164223697026457, -2.813410716766523, 0.9646027450579867, -6.740364012237589, -6.323082291362694, 0.010007053017279378, -5.81310952879846, 0.0179156105307189]",0,1460160.3501761921,False,False
8,0.05,0.003,0.001,allowed_drift,0,2026093006,0.026965025258932674,162,160,extended,True,omega,0.9686027450579867,68200.24121406123,False,0,100,11613.037807946237,log_gr,"[1.0657238565233145, -6.406516967846639, 6.032017791506389, -2.8134107167648037, 0.9686027450579867, -5.853509967742386, -6.274678053362423, 0.0024274325461074112, -6.271957091040251, 0.021342044319509736]",0,67865.62720778902,False,False
8,0.05,0.003,0.001,allowed_drift,0,2026093006,0.026965025258932674,162,160,extended,True,omega,0.9695027450579867,716.5678619172163,True,2,76,0.2635525676708806,,"[1.0499010882245972, -6.153991193000686, 6.7668833243475, -2.930115876335605, 0.9695027450579867, -5.810060463602171, -6.410857831821075, 0.0006612061654140572, -6.094198406079744, 0.0039704359917334345]",1,381.95385564500145,False,False
8,0.05,0.003,0.001,allowed_drift,0,2026093006,0.026965025258932674,162,160,extended,True,omega,0.9695927450579868,334.67067020605464,True,2,21,0.00043100369503654053,,"[1.0497842946962341, -5.785181337119311, 6.774923100029291, -5.772969562502381, 0.9695927450579868, -5.810252147992303, -6.39083786629311, 0.0005081978054016561, -5.7432625869528335, 0.006952581821293346]",1,0.056663933839786296,True,False
8,0.05,0.003,0.001,allowed_drift,0,2026093006,0.026965025258932674,162,160,extended,True,omega,0.9696027450579867,334.67992963606724,True,2,3,0.0058684837652713305,,"[1.049782378424915, -5.78507829278784, 6.775025094560509, -5.778363899454447, 0.9696027450579867, -5.810251317143116, -6.352575162007256, 0.0005190992917312082, -5.743167289126171, 0.012721016214410668]",1,0.0659233638523915,True,False
8,0.05,0.003,0.001,allowed_drift,0,2026093006,0.026965025258932674,162,160,extended,True,omega,0.9696127450579867,334.68619914845834,True,2,16,0.003144955365971739,,"[1.049781122685888, -5.785011016996889, 6.775091933496942, -5.7819019587137275, 0.9696127450579867, -5.810250727755617, -6.32733987188254, 0.0005263867724302499, -5.7431051654106975, 0.016586248241691123]",1,0.07219287624349136,True,False
8,0.05,0.003,0.001,allowed_drift,0,2026093006,0.026965025258932674,162,160,extended,True,omega,0.9697027450579867,334.71734561771154,True,3,31,0.0004810285320104668,,"[1.0497751158796562, -5.784804586229833, 6.775411601537656, -5.792800291008115, 0.9697027450579867, -5.8102476838374, -6.205371571501961, 0.0005628680114312225, -5.742919004648478, 0.03597037188142954]",1,0.10333934549669266,True,False
8,0.05,0.003,0.001,allowed_drift,0,2026093006,0.026965025258932674,162,160,extended,True,omega,0.9706027450579867,865.5952300908231,False,0,100,3576.9734019912003,link_l,"[1.0547203682535786, -5.82456242066238, 6.523636967815187, -4.7527709368694495, 0.9706027450579867, -5.8090410850947825, -7.321794817918655, 0.00011790910975273122, -5.784182008703788, -0.09999999999738944]",1,530.9812238186082,False,False
8,0.05,0.003,0.001,allowed_drift,0,2026093006,0.026965025258932674,162,160,extended,True,omega,0.9746027450579867,659235.3748461611,True,2,69,20.512066293297945,log_gb;link_l,"[1.142428758934368, -9.210340371975867, 4.100817273950042, -3.048480553165008, 0.9746027450579867, -5.98264401597663, -8.410000843263601, -0.00681740039202135, -7.352234991127972, -0.09999999999999999]",2,658900.760839889,False,False
8,0.05,0.003,0.001,allowed_drift,0,2026093006,0.026965025258932674,162,160,extended,True,omega,0.9896027450579867,15140096.93613671,False,0,100,1983.4979542906487,remote_sq;link_l,"[1.1492737230638308, -5.76844565489814, 4.0000000090923935, -9.107566782787954, 0.9896027450579867, -4.090919788282124, -7.318719957597337, -0.011023337534101068, -9.20199038571881, -0.09999999999999999]",0,15139762.322130438,False,False
8,0.05,0.003,0.001,allowed_drift,0,2026093006,0.026965025258932674,162,160,extended,True,omega,1.0496027450579868,19809553.001537323,False,0,100,113986.67174546531,link_l,"[1.1478276708702035, -5.7686507465604375, 4.021285594844787, -9.020928883958247, 1.0496027450579868, -3.712657799701345, -4.915222639551133, 0.018049358257463413, -9.208611833538344, -0.09999492019234155]",1,19809218.38753105,False,False
8,0.05,0.003,0.001,allowed_drift,0,2026093006,0.026965025258932674,162,160,extended,True,omega,1.1,20085371.94212384,False,0,100,74289.65597076577,omega_d;drift_u,"[1.1355736048433591, -5.76894778178491, 4.214455782838311, -8.822250586619653, 1.1, -3.716659839549257, -3.863942437482776, 0.04999966048085219, -9.195860841283837, -0.09997465972220564]",1,20085037.328117568,False,False
8,0.05,0.003,0.001,allowed_drift,0,2026093006,0.026965025258932674,162,160,extended,True,gamma,0.00010000000000000009,404893.3284174128,True,2,65,0.7320131623026801,log_gd;link_l,"[1.0424352263909717, -5.833031034721243, 7.193801299025964, -4.3944546613256215, 0.9704047182474559, -9.210340371976182, -5.9012425409754545, 0.0006029635659093356, -5.119884809886747, 0.09999999999947816]",1,404558.7144111406,False,False
8,0.05,0.003,0.001,allowed_drift,0,2026093006,0.026965025258932674,162,160,extended,True,gamma,0.0004055561132707449,321781.3412618964,True,2,64,6.840110122984978,link_l,"[1.0416316499535039, -5.827863981183435, 7.243302050320945, -4.456755214095256, 0.9703928784737982, -7.810251313536764, -5.904985634893155, 0.0006175243638981637, -5.172010173758257, 0.09999999999710835]",1,321446.7272556242,False,False
8,0.05,0.003,0.001,allowed_drift,0,2026093006,0.026965025258932674,162,160,extended,True,gamma,0.0014881056949569568,106325.08512686113,True,2,89,2.521100691179553,link_l,"[1.0419618697316542, -5.8093333799954605, 7.222911237567114, -4.812350423781632, 0.9703910515494548, -6.510251313536764, -5.899435977621449, 0.0006522859765096056, -5.376920449909644, 0.09999999998183196]",2,105990.47112058892,False,False
8,0.05,0.003,0.001,allowed_drift,0,2026093006,0.026965025258932674,162,160,extended,True,gamma,0.002453471512325531,13708.027328213731,False,0,100,1277.7502810511482,,"[1.0461058564969483, -5.795494332467933, 6.977356467740207, -5.2735450414647245, 0.969939014318616, -6.010251313536764, -6.057137975491193, 0.0006037812914176825, -5.598331785486789, 0.06455186791409905]",1,13373.413321941516,False,False
8,0.05,0.003,0.001,allowed_drift,0,2026093006,0.026965025258932674,162,160,extended,True,gamma,0.0028505272165781498,1291.4072431239877,False,0,100,97.82766079710726,,"[1.0487078789491382, -5.7886205097908, 6.832741921477914, -5.587394883064094, 0.9696853102787575, -5.8602513135367635, -6.225510669986194, 0.0005536299604752352, -5.702945960182652, 0.03336577598400036]",0,956.7932368517728,False,False
8,0.05,0.003,0.001,allowed_drift,0,2026093006,0.026965025258932674,162,160,extended,True,gamma,0.002966859439143178,374.33554715908497,False,0,100,1245.7663833277516,,"[1.049564634454414, -5.7849667268729705, 6.786630288110159, -5.780272722041817, 0.9695889077129544, -5.8202513135367635, -6.442325191017602, 0.0004924274065103548, -5.734040306056791, -0.000565377304183063]",1,39.721540886870116,False,False
8,0.05,0.003,0.001,allowed_drift,0,2026093006,0.026965025258932674,162,160,extended,True,gamma,0.002996676872221807,334.6634995742465,False,0,100,736.7706694074778,,"[1.049785915315295, -5.785250214929714, 6.774836856265904, -5.769386667016177, 0.9695889617688617, -5.810251313536764, -6.422223667808882, 0.000499405858807414, -5.74332726539002, 0.0023024392041964114]",1,0.04949330203163527,True,False
8,0.05,0.003,0.001,allowed_drift,0,2026093006,0.026965025258932674,162,160,extended,True,gamma,0.003026793975484898,375.0809152359681,False,0,100,3.798882759105768,,"[1.050006948482704, -5.78408081246522, 6.763104958523143, -5.836623577110233, 0.9696266232761995, -5.800251313536764, -6.299620506659316, 0.000535303685378354, -5.751390627489442, 0.020770520321268075]",0,40.46690896375327,False,False
8,0.05,0.003,0.001,allowed_drift,0,2026093006,0.026965025258932674,162,160,extended,True,gamma,0.003150319780945293,1381.4800534528783,False,0,100,3392.9719880736216,,"[1.050959631495597, -5.781555163402371, 6.713072438080464, -6.006087709597859, 0.9697003013389381, -5.760251313536764, -6.204635705099802, 0.0005665875886528077, -5.787340174568581, 0.03531897662865352]",0,1046.8660471806634,False,False
8,0.05,0.003,0.001,allowed_drift,0,2026093006,0.026965025258932674,162,160,extended,True,gamma,0.003660149397046507,19509.342041198364,False,0,100,30496.02576263474,,"[1.0552937702205423, -5.776762108200688, 6.4958958402285285, -6.45820693145332, 0.9702123897866632, -5.6102513135367635, -5.913771261964643, 0.0006682201399450178, -5.956621620763562, 0.08145875809590762]",0,19174.72803492615,False,False
8,0.05,0.003,0.001,allowed_drift,0,2026093006,0.026965025258932674,162,160,extended,True,gamma,0.006034566164850825,368574.4836355947,True,2,75,29.31577668261202,log_gb_signal,"[1.081255094660649, -5.856363725881512, 5.474133661846503, -4.748965931738328, 0.9696503136506485, -5.1102513135367635, -6.171384545868882, 0.0006874569427823896, -9.210340371971647, 0.023654977323650694]",1,368239.8696293225,False,False
8,0.05,0.003,0.001,allowed_drift,0,2026093006,0.026965025258932674,162,160,extended,True,gamma,0.02214261351921497,14815636.123572037,False,0,100,187841.9765275252,log_gb_signal,"[1.0435947337074876, -5.766901278018025, 7.123840308693365, -9.140019728022322, 0.9750872812712563, -3.8102513135367637, -6.034799719870482, -0.004671771571795577, -9.210152723340927, -0.012677572537808551]",1,14815301.509565765,False,False
8,0.05,0.003,0.001,allowed_drift,0,2026093006,0.026965025258932674,162,160,extended,True,gamma,0.029999999999999995,17887784.59309366,False,0,100,194828.74135185973,log_gd,"[1.040259921825826, -5.7670077253038015, 7.329681667471603, -8.903103149534104, 0.9861531771104719, -3.506557897319982, -6.050399066723018, -0.0115201011554011, -9.209591927115776, -0.049358349872679945]",1,17887449.979087386,False,False
10,0.05,0.003,0.001,extra_link,0,2026093080,0.026965025258932674,162,160,unchanged,False,omega,0.85,21452995.92469571,True,2,73,188.25469712277544,remote_sq;log_gr;omega_d,"[1.1492681409909469, -5.772573596412572, 4.000000000000001, -9.210339924006897, 0.85, -3.539066812156539, -4.5100492856947865]",2,21446784.39669544,False,False
10,0.05,0.003,0.001,extra_link,0,2026093080,0.026965025258932674,162,160,unchanged,False,omega,0.8897920260449681,21149364.883629486,True,2,52,86.44319417142833,remote_sq;log_gr,"[1.1492757985812838, -5.775617597150369, 4.000000000000001, -9.210340370336466, 0.8897920260449681, -3.824254980201099, -4.826995005963858]",2,21143153.355629213,False,False
10,0.05,0.003,0.001,extra_link,0,2026093080,0.026965025258932674,162,160,unchanged,False,omega,0.949792026044968,19570671.655256923,True,2,53,840.7870841905382,log_gr,"[1.0892334045472314, -5.783776820161704, 5.23462479913145, -9.210340367389893, 0.949792026044968, -4.1959299257523295, -5.755203355414325]",2,19564460.12725665,False,False
10,0.05,0.003,0.001,extra_link,0,2026093080,0.026965025258932674,162,160,unchanged,False,omega,0.964792026044968,8505093.43619512,False,0,100,1046808.3672165232,log_gr,"[1.0190264765513286, -5.967325267393562, 9.090376832291094, -2.813410716760037, 0.964792026044968, -5.127083645395194, -6.43865356629662]",0,8498881.90819485,False,False
10,0.05,0.003,0.001,extra_link,0,2026093080,0.026965025258932674,162,160,unchanged,False,omega,0.9687920260449681,473466.30138960225,True,2,84,117.62927520810146,log_gr,"[1.0650828597951407, -6.3917017456039025, 6.06547275781771, -2.813410716760037, 0.9687920260449681, -5.745897572462247, -6.498712385518201]",1,467254.7733893307,False,False
10,0.05,0.003,0.001,extra_link,0,2026093080,0.026965025258932674,162,160,unchanged,False,omega,0.9696920260449681,10936.633783128385,True,2,11,0.035761564104590596,log_gr,"[1.053668990415831, -5.766210375488058, 6.576586191710374, -9.210340371976178, 0.9696920260449681, -5.773710270766575, -6.50480043408588]",1,4725.105782856852,False,False
10,0.05,0.003,0.001,extra_link,0,2026093080,0.026965025258932674,162,160,unchanged,False,omega,0.9697820260449681,6258.727058685394,True,2,5,0.27719888831676087,log_gr,"[1.053028045034036, -5.766234754409142, 6.607806986231031, -9.21034037197618, 0.9697820260449681, -5.773854804624855, -6.505027955918745]",1,47.19905841386026,False,False
10,0.05,0.003,0.001,extra_link,0,2026093080,0.026965025258932674,162,160,unchanged,False,omega,0.9697920260449681,6211.528000273007,True,3,8,0.6142901136777049,log_gr,"[1.0529570451493664, -5.7662367094636355, 6.611286665520154, -9.210340371055148, 0.9697920260449681, -5.7738383112018665, -6.505049761033634]",1,1.4733814168721437e-09,True,False
10,0.05,0.003,0.001,extra_link,0,2026093080,0.026965025258932674,162,160,unchanged,False,omega,0.969802026044968,6258.714069742438,True,2,8,0.24085072892897327,log_gr,"[1.0528843748261822, -5.766238484845923, 6.614854709060415, -9.21034037197618, 0.969802026044968, -5.773814809064207, -6.505071436638142]",2,47.18606947090484,False,False
10,0.05,0.003,0.001,extra_link,0,2026093080,0.026965025258932674,162,160,unchanged,False,omega,0.969892026044968,10923.517278819274,True,3,82,0.9743265809730871,log_gr,"[1.0522341143299083, -5.766247924013032, 6.64698062561995, -9.21034037197618, 0.969892026044968, -5.7733099687101275, -6.505233020509003]",2,4711.9892785477405,False,False
10,0.05,0.003,0.001,extra_link,0,2026093080,0.026965025258932674,162,160,unchanged,False,omega,0.9707920260449681,464390.5867905208,True,2,25,8.237321976351087,log_gr,"[1.046242195357768, -5.76581922320566, 6.960842663585189, -9.21034037197618, 0.9707920260449681, -5.739578152986334, -6.503013192685722]",1,458179.0587902493,False,False
10,0.05,0.003,0.001,extra_link,0,2026093080,0.026965025258932674,162,160,unchanged,False,omega,0.9747920260449681,7899850.804131237,False,0,100,14243.573873389732,log_gr,"[1.0151659209177604, -5.768918918154675, 9.42115555016772, -9.21034037197618, 0.9747920260449681, -5.140408570679143, -6.40967477226135]",0,7893639.276130965,False,False
10,0.05,0.003,0.001,extra_link,0,2026093080,0.026965025258932674,162,160,unchanged,False,omega,0.9897920260449681,18440836.235210385,True,2,79,4579.600350394274,log_gb,"[1.1197271710708494, -9.210340371976155, 4.497794170015263, -2.8307005330374553, 0.9897920260449681, -4.280274681802681, -5.74552525378611]",1,18434624.707210112,False,False
10,0.05,0.003,0.001,extra_link,0,2026093080,0.026965025258932674,162,160,unchanged,False,omega,1.049792026044968,20741523.915213984,True,2,79,523.1442947660694,log_gb;remote_sq,"[1.1491142799305674, -9.210340371486675, 4.000000000000001, -3.119851166283623, 1.049792026044968, -3.7165636804732807, -4.7749459448631315]",1,20735312.38721371,False,False
10,0.05,0.003,0.001,extra_link,0,2026093080,0.026965025258932674,162,160,unchanged,False,omega,1.1,21507918.084364895,False,0,100,71993.18794062511,remote_sq;omega_d;log_gd,"[1.149162241544297, -7.744448066805687, 4.000000000000001, -3.221029703523693, 1.1, -3.5065578973199822, -4.351889951024942]",0,21501706.556364622,False,False
10,0.05,0.003,0.001,extra_link,0,2026093080,0.026965025258932674,162,160,unchanged,False,gamma,0.00010000000000000009,6605668.785798111,False,0,100,901373.8853495375,log_gr;log_gd,"[1.134748075774461, -7.696518991042988, 4.224114335983268, -2.813611070108087, 0.9698242009754767, -9.210340371976182, -6.4719607550993254]",0,6599457.257797839,False,False
10,0.05,0.003,0.001,extra_link,0,2026093080,0.026965025258932674,162,160,unchanged,False,gamma,0.0004205957870785951,5073285.171905499,True,2,94,1572.1490875808524,log_gb,"[1.1396950356876574, -9.210340371876656, 4.142560992996304, -2.8208887241007403, 0.969818686865861, -7.7738383112018665, -6.4712862623148215]",1,5067073.643905227,False,False
10,0.05,0.003,0.001,extra_link,0,2026093080,0.026965025258932674,162,160,unchanged,False,gamma,0.001543290719942182,1436821.3843841704,False,0,100,57791.21492656294,,"[1.1215360511758052, -6.453005565844499, 4.4663924163238296, -3.3533382406024295, 0.9697968867765634, -6.473838311201867, -6.4839357849184465]",1,1430609.8563838988,False,False
10,0.05,0.003,0.001,extra_link,0,2026093080,0.026965025258932674,162,160,unchanged,False,gamma,0.00254445623684279,159054.21020499567,True,2,69,37.59499559287599,log_gr,"[1.0815832354139652, -5.748125098864985, 5.463842722155469, -9.210340371975905, 0.9697918531257644, -5.973838311201867, -6.498605708056113]",2,152842.68220472414,False,False
10,0.05,0.003,0.001,extra_link,0,2026093080,0.026965025258932674,162,160,unchanged,False,gamma,0.002956236385087501,16422.31580283646,True,2,33,1.1754319983766925,log_gr,"[1.0611107382836602, -5.762016241082957, 6.2291669984923, -9.21034037197618, 0.9697913689383867, -5.823838311201866, -6.503498479877874]",2,10210.787802564926,False,False
10,0.05,0.003,0.001,extra_link,0,2026093080,0.026965025258932674,162,160,unchanged,False,gamma,0.0030768826806586293,6626.755016207993,True,3,14,3.406112227900124,log_gr,"[1.0546504505248817, -5.765410054552722, 6.527450371544857, -9.21034037197618, 0.9697918585885712, -5.783838311201866, -6.504744923171364]",2,415.2270159364598,False,False
10,0.05,0.003,0.001,extra_link,0,2026093080,0.026965025258932674,162,160,unchanged,False,gamma,0.0031078058656976307,6211.528000273007,True,3,8,0.6142901136777049,log_gr,"[1.0529570451493664, -5.7662367094636355, 6.611286665520154, -9.210340371055148, 0.9697920260449681, -5.7738383112018665, -6.505049761033634]",2,1.4733814168721437e-09,True,False
10,0.05,0.003,0.001,extra_link,0,2026093080,0.026965025258932674,162,160,unchanged,False,gamma,0.0031390398339130486,6630.120534592476,True,4,15,0.06944257683153825,log_gr,"[1.0512282672566517, -5.767054421450433, 6.699509721392133, -9.21034037197618, 0.9697922121914393, -5.763838311201867, -6.505352161475719]",2,418.59253432094283,False,False
10,0.05,0.003,0.001,extra_link,0,2026093080,0.026965025258932674,162,160,unchanged,False,gamma,0.003267146479755786,16841.6264898342,True,2,28,4.056283317623306,log_gr,"[1.0439497305935632, -5.770235256259744, 7.103163601733396, -9.21034037197618, 0.9697931467401778, -5.723838311201867, -6.506527484689994]",2,10630.098489562668,False,False
10,0.05,0.003,0.001,extra_link,0,2026093080,0.026965025258932674,162,160,unchanged,False,gamma,0.003795882656189441,185681.84842267603,False,0,100,36004.71367591485,log_gr,"[1.0108190574566218, -5.780868522293202, 9.990380885079468, -9.21034037197618, 0.9697995636798856, -5.573838311201866, -6.509879034115817]",1,179470.3204224045,False,False
10,0.05,0.003,0.001,extra_link,0,2026093080,0.026965025258932674,162,160,unchanged,False,gamma,0.006258352476341233,2521494.325479033,False,0,100,14407.255995274752,,"[0.9979962246627035, -5.8252894210078425, 11.994256668953465, -4.31351597980776, 0.969855290166206, -5.073838311201866, -6.477195189516973]",0,2515282.7974787615,False,False
10,0.05,0.003,0.001,extra_link,0,2026093080,0.026965025258932674,162,160,unchanged,False,gamma,0.022963751886225525,16889439.800769243,False,0,100,104829.59903158153,,"[1.0448970446333927, -5.783090102281619, 7.046851634748928, -9.163466368796234, 0.9708991822995527, -3.7738383112018665, -6.032643750793423]",0,16883228.27276897,False,False
10,0.05,0.003,0.001,extra_link,0,2026093080,0.026965025258932674,162,160,unchanged,False,gamma,0.029999999999999995,19351668.497651238,False,0,100,41388.93819406681,log_gd,"[1.0407878019322143, -5.778353914986047, 7.295913337191361, -8.764549177750885, 0.9719255019131808, -3.506557897319982, -5.83985973416442]",1,19345456.969650965,False,False
10,0.05,0.003,0.001,extra_link,0,2026093080,0.026965025258932674,162,160,drift_aware,False,omega,0.85,20974520.238865215,True,2,69,2378.9866284318514,remote_sq;log_gr;omega_d;log_gd;log_gb_signal,"[1.1492719817206976, -5.7678998001469965, 4.000000000008719, -9.21034037197534, 0.85, -3.5065578973618425, -4.083808327331351, -0.02161795073719041, -9.210340371976162]",2,20974175.511908296,False,False
10,0.05,0.003,0.001,extra_link,0,2026093080,0.026965025258932674,162,160,drift_aware,False,omega,0.8895787875476177,20645509.196796637,True,2,82,318.85555254106754,remote_sq;log_gr;log_gd;log_gb_signal,"[1.149271981717009, -5.767899800197514, 4.0000000000001465, -9.210340355605261, 0.8895787875476177, -3.5065578973199822, -4.663638631309013, -0.005099937336780239, -9.210340371879935]",2,20645164.46983972,False,False
10,0.05,0.003,0.001,extra_link,0,2026093080,0.026965025258932674,162,160,drift_aware,False,omega,0.9495787875476176,16496099.875701016,False,0,100,40435.35867683919,remote_sq,"[1.1492719726763743, -5.7679179375910685, 4.000000142739756, -9.202074701299496, 0.9495787875476176, -4.007928543393919, -5.936445153495981, 0.012150524744903173, -9.207889578622643]",0,16495755.148744097,False,False
10,0.05,0.003,0.001,extra_link,0,2026093080,0.026965025258932674,162,160,drift_aware,False,omega,0.9645787875476176,1596553.010252089,True,2,44,41.1667398576333,log_gr,"[1.053930089952511, -6.257147289964798, 6.559954103601329, -2.813410716760037, 0.9645787875476176, -6.864370469877629, -6.591530300352977, 0.01006114743656757, -5.472317463408546]",1,1596208.2832951697,False,False
10,0.05,0.003,0.001,extra_link,0,2026093080,0.026965025258932674,162,160,drift_aware,False,omega,0.9685787875476176,85790.5394688275,True,2,58,0.9156669019888835,log_gr,"[1.0538772565986552, -6.256558728807192, 6.562565586174682, -2.813410716760037, 0.9685787875476176, -5.881725699209663, -6.511583214713322, 0.002314864682853704, -6.084431344966536]",1,85445.81251190814,False,False
10,0.05,0.003,0.001,extra_link,0,2026093080,0.026965025258932674,162,160,drift_aware,False,omega,0.9694787875476176,1010.7276453101241,True,2,59,0.0019420471323968185,log_gr,"[1.050346752729752, -6.218590242029635, 6.7427428262546085, -2.813410716760037, 0.9694787875476176, -5.808009592500349, -6.507589244852624, 0.000663261661305819, -6.159444688466965]",1,666.0006883907704,False,False
10,0.05,0.003,0.001,extra_link,0,2026093080,0.026965025258932674,162,160,drift_aware,False,omega,0.9695687875476177,350.8366577828641,True,2,55,0.0014351366543880752,,"[1.050088144652411, -5.872632918807628, 6.758542182643487, -4.089162328174284, 0.9695687875476177, -5.807667040714519, -6.507604183373609, 0.0004993116690561443, -5.8309694162896015]",1,6.1097008635103975,False,False
10,0.05,0.003,0.001,extra_link,0,2026093080,0.026965025258932674,162,160,drift_aware,False,omega,0.9695787875476176,344.72695691915834,True,2,3,0.0006448008901096659,,"[1.0501069582349696, -5.81356594656641, 6.757690448167965, -4.867854996228338, 0.9695787875476176, -5.807648260468467, -6.50759451594388, 0.0004810838846122977, -5.774287969057585]",1,-1.9537083062459715e-10,True,False
10,0.05,0.003,0.001,extra_link,0,2026093080,0.026965025258932674,162,160,drift_aware,False,omega,0.9695887875476176,350.93720776031915,False,0,100,875.136961803098,,"[1.0501324175271245, -5.767523677944489, 6.756382761673556, -8.296562185201545, 0.9695887875476176, -5.807641335314174, -6.507586019069175, 0.00046285258443042287, -5.730012799215638]",0,6.210250840965443,False,False
10,0.05,0.003,0.001,extra_link,0,2026093080,0.026965025258932674,162,160,drift_aware,False,omega,0.9696787875476176,1216.8727060124158,True,3,98,0.03681904204963271,log_gr,"[1.0503533803006893, -5.7666285039167855, 6.744727872212863, -9.210340371854642, 0.9696787875476176, -5.808605800956023, -6.507588522608786, 0.00029862146381854943, -5.728536736142372]",2,872.1457490930621,False,False
10,0.05,0.003,0.001,extra_link,0,2026093080,0.026965025258932674,162,160,drift_aware,False,omega,0.9705787875476176,89161.11156673745,True,2,27,0.1143750715375209,log_gr,"[1.0514859687491698, -5.766641005960354, 6.685714153416953, -9.210340371976121, 0.9705787875476176, -5.891816319988279, -6.513071127434983, -0.001372715081845098, -5.653619980192882]",1,88816.3846098181,False,False
10,0.05,0.003,0.001,extra_link,0,2026093080,0.026965025258932674,162,160,drift_aware,False,omega,0.9745787875476176,1562462.0568422421,True,2,47,81.0196191622409,log_gr,"[1.0756494883267282, -5.766925701873831, 5.661616934960057, -9.21034037197618, 0.9745787875476176, -7.170927218442477, -6.591196351988748, -0.009582544797034796, -5.176152662196912]",2,1562117.3298853228,False,False
10,0.05,0.003,0.001,extra_link,0,2026093080,0.026965025258932674,162,160,drift_aware,False,omega,0.9895787875476176,16049391.61507491,False,0,100,32696.25972086125,remote_sq,"[1.1492589536966613, -5.77027120631771, 4.000190523184577, -8.472753199119726, 0.9895787875476176, -4.039710450406119, -5.892344743889265, -0.00950173337608882, -9.108373895889384]",1,16049046.888117991,False,False
10,0.05,0.003,0.001,extra_link,0,2026093080,0.026965025258932674,162,160,drift_aware,False,omega,1.0495787875476177,20160439.58866137,True,2,82,962.4215302888591,remote_sq;log_gr;log_gb_signal,"[1.1492719820024944, -5.767899799996061, 4.00000000000005, -9.21034037130248, 1.0495787875476177, -3.71076982631123, -4.360984642763948, 0.02067779814606893, -9.210340371975969]",2,20160094.86170445,False,False
10,0.05,0.003,0.001,extra_link,0,2026093080,0.026965025258932674,162,160,drift_aware,False,omega,1.1,20411173.429481495,True,2,71,759.3105820285842,remote_sq;log_gr;omega_d;drift_u;log_gb_signal,"[1.149275009552498, -5.7679012685445805, 4.000000000006037, -9.210340357898183, 1.1, -3.6872982961956353, -3.560072789121315, 0.04999999999999996, -9.210340371973102]",2,20410828.702524576,False,False
10,0.05,0.003,0.001,extra_link,0,2026093080,0.026965025258932674,162,160,drift_aware,False,gamma,0.00010000000000000009,422139.44834923785,False,0,100,211.61018682866234,log_gd,"[1.0429827765882775, -5.788494499893953, 7.160502294355138, -5.470749778226409, 0.9695974121346033, -9.210340371976182, -6.534599425471569, 0.00040069736204863596, -5.087448979519822]",0,421794.7213923185,False,False
10,0.05,0.003,0.001,extra_link,0,2026093080,0.026965025258932674,162,160,drift_aware,False,gamma,0.00040661317258444625,336092.11886569974,True,2,43,25.65895251873,,"[1.0420321450078165, -5.830337383534973, 7.21843026325228, -4.421549753970674, 0.9695884096191333, -7.80764826038273, -6.534403080589724, 0.0004200229211500781, -5.163455077589839]",1,335747.3919087804,False,False
10,0.05,0.003,0.001,extra_link,0,2026093080,0.026965025258932674,162,160,drift_aware,False,gamma,0.001491984359174197,111855.5453744653,True,2,94,39.28593582447945,,"[1.0421502822544628, -5.937011056644263, 7.2107009885228095, -3.4984420377730427, 0.9695744185524288, -6.50764826038273, -6.52851513200035, 0.0004588063240949949, -5.451337534038349]",2,111510.81841754595,False,False
10,0.05,0.003,0.001,extra_link,0,2026093080,0.026965025258932674,162,160,drift_aware,False,gamma,0.0024598663485223982,14494.543237849106,True,2,55,1.8741687206843005,,"[1.046343077339872, -5.878632024079181, 6.963576271026313, -3.968085775897238, 0.9695763666522229, -6.00764826038273, -6.516751551993623, 0.00047277574870307, -5.665494686080872]",2,14149.816280929752,False,False
10,0.05,0.003,0.001,extra_link,0,2026093080,0.026965025258932674,162,160,drift_aware,False,gamma,0.002857956956248309,1359.0234066296866,True,2,29,0.08468962067891794,,"[1.0490067977911526, -5.831260397303958, 6.816415983180921, -4.540131133073065, 0.9695781879182905, -5.85764826038273, -6.510231550287137, 0.0004785513397346213, -5.744583476771945]",2,1014.2964497103329,False,False
10,0.05,0.003,0.001,extra_link,0,2026093080,0.026965025258932674,162,160,drift_aware,False,gamma,0.002974592392241324,386.8209154690334,True,2,11,0.00859000190422958,,"[1.0498775585579632, -5.817142965633221, 6.769839548782869, -4.792915189398591, 0.9695786709795134, -5.81764826038273, -6.508142737236918, 0.00048054484114414084, -5.768160188638361]",2,42.09395854967971,False,False
10,0.05,0.003,0.001,extra_link,0,2026093080,0.026965025258932674,162,160,drift_aware,False,gamma,0.0030044875427906437,344.7269569191809,True,2,8,0.00041657700461289677,,"[1.050106958196707, -5.813566116394937, 6.757690449924381, -4.867851507851819, 0.9695787875179859, -5.80764826038273, -6.507594515955224, 0.00048108393863553365, -5.774288132375349]",2,-1.7280399333685637e-10,True,False
10,0.05,0.003,0.001,extra_link,0,2026093080,0.026965025258932674,162,160,drift_aware,False,gamma,0.0030346831445979905,387.60461975525084,True,2,12,0.6230943606351377,,"[1.050341183994406, -5.8099711807832515, 6.745337384067164, -4.948943933497709, 0.9695789021706922, -5.79764826038273, -6.507035496547488, 0.000481640118532407, -5.780514583611809]",2,42.87766283589713,False,False
10,0.05,0.003,0.001,extra_link,0,2026093080,0.026965025258932674,162,160,drift_aware,False,gamma,0.0031585309131576256,1457.0393925260798,True,2,47,0.8730720625180097,,"[1.051327816664697, -5.795544355605536, 6.693867990751116, -5.357473330875555, 0.9695793325978118, -5.75764826038273, -6.504687352788266, 0.00048405705499632296, -5.806585719919836]",2,1112.312435606726,False,False
10,0.05,0.003,0.001,extra_link,0,2026093080,0.026965025258932674,162,160,drift_aware,False,gamma,0.003669689371622364,20800.82721918075,False,0,100,264.11372717080695,,"[1.0558022749918392, -5.768372950544005, 6.471402959038333, -7.9520821588193105, 0.9695786817693874, -5.60764826038273, -6.494074124176045, 0.000499413020412819, -5.9572291488221385]",1,20456.100262261396,False,False
10,0.05,0.003,0.001,extra_link,0,2026093080,0.026965025258932674,162,160,drift_aware,False,gamma,0.006050294923855979,397833.3978107864,False,0,100,765.1965559563615,,"[1.082465561980976, -5.815857176924717, 5.435577183992572, -5.337053351986393, 0.9695637129630084, -5.10764826038273, -6.426849763480206, 0.0006068205051511321, -8.797479539466588]",0,397488.670853867,False,False
10,0.05,0.003,0.001,extra_link,0,2026093080,0.026965025258932674,162,160,drift_aware,False,gamma,0.022200327002218367,14923528.754566684,False,0,100,231047.0429191264,log_gb_signal,"[1.0421712336173774, -5.766756447723316, 7.20997175338289, -8.863585756543038, 0.9716383741148741, -3.80764826038273, -5.993875701833671, -0.0007691986129576919, -9.210142829442564]",1,14923184.027609766,False,False
10,0.05,0.003,0.001,extra_link,0,2026093080,0.026965025258932674,162,160,drift_aware,False,gamma,0.029999999999999995,18132680.39160231,False,0,100,28206.157284510784,log_gd;log_gb_signal,"[1.0331373492001963, -5.766537732381602, 7.818667580278531, -9.02475413707285, 0.9568643299985659, -3.506557897319982, -5.860379445879987, 0.011779126536597349, -9.210340316547587]",1,18132335.664645392,False,False
10,0.05,0.003,0.001,extra_link,0,2026093080,0.026965025258932674,162,160,extended,True,omega,0.85,20950003.61286453,True,2,59,182.85205571381087,remote_sq;log_gr;omega_d;log_gd;log_gb_signal;link_l,"[1.1492719817227854, -5.767899799831072, 4.000000000001376, -9.21034037197618, 0.85, -3.5065578973199822, -3.6951731972443413, -0.0221909182852509, -9.21034037197618, 0.09999999999833675]",2,20949659.233355276,False,False
10,0.05,0.003,0.001,extra_link,0,2026093080,0.026965025258932674,162,160,extended,True,omega,0.8897569055062393,20633993.70727277,True,2,89,482.3262828898061,remote_sq;log_gr;log_gd;log_gb_signal,"[1.149271981660227, -5.767899800321186, 4.000000001176242, -9.21034037197618, 0.8897569055062393, -3.5065578973199822, -4.3544016713284766, -0.005154502569229841, -9.21034037197618, 0.06037620304542751]",2,20633649.327763516,False,False
10,0.05,0.003,0.001,extra_link,0,2026093080,0.026965025258932674,162,160,extended,True,omega,0.9497569055062393,16443215.891012289,False,0,100,11725.526334046071,remote_sq,"[1.1492702306317248, -5.769809472489202, 4.000025495684763, -8.583125464152184, 0.9497569055062393, -4.018790695242884, -5.961831776234309, 0.012211460336469662, -8.875596417858354, -0.0015955063269863698]",0,16442871.511503035,False,False
10,0.05,0.003,0.001,extra_link,0,2026093080,0.026965025258932674,162,160,extended,True,omega,0.9647569055062393,1487523.5613962188,False,0,100,5967.897502381647,log_gr,"[1.0725672667176809, -6.511723476558086, 5.768654219355546, -2.813410718817209, 0.9647569055062393, -6.748819159209031, -6.455995794592944, 0.009838017085359165, -5.622281093215739, 0.01428823786683701]",0,1487179.1818869647,False,False
10,0.05,0.003,0.001,extra_link,0,2026093080,0.026965025258932674,162,160,extended,True,omega,0.9687569055062393,51951.34285914954,False,0,100,22.451839037095432,log_gr,"[1.0612287156295919, -6.344842814443685, 6.221076887463491, -2.813410716760037, 0.9687569055062393, -5.8445522945593575, -6.353131212700448, 0.002122812900021811, -6.2219212737063865, 0.020378337005013555]",0,51606.96334989534,False,False
10,0.05,0.003,0.001,extra_link,0,2026093080,0.026965025258932674,162,160,extended,True,omega,0.9696569055062393,344.4428726416507,True,2,14,0.03960704816079612,,"[1.050092257060927, -5.791025221596095, 6.758495317428895, -5.499027040341685, 0.9696569055062393, -5.807650971032865, -6.305393071817474, 0.0005379670283863037, -5.752636087735629, 0.029883838699121947]",1,0.0633633874484758,True,False
10,0.05,0.003,0.001,extra_link,0,2026093080,0.026965025258932674,162,160,extended,True,omega,0.9697469055062393,344.42112825519587,True,2,6,0.0007307337557924899,,"[1.0500882078281901, -5.789162548193425, 6.758711025462041, -5.575443230709327, 0.9697469055062393, -5.807653318060358, -6.218447443352043, 0.0005632374953519943, -5.750852397322109, 0.04369132983107061]",1,0.04161900099364857,True,False
10,0.05,0.003,0.001,extra_link,0,2026093080,0.026965025258932674,162,160,extended,True,omega,0.9697569055062393,344.4193303908376,True,2,2,0.007847486090553746,,"[1.0500878501559088, -5.789041100924205, 6.758730040430944, -5.580638241409323, 0.9697569055062393, -5.807653552659339, -6.2106174076019265, 0.0005655652042052213, -5.7507362853414605, 0.044964467898668765]",1,0.039821136635396215,True,False
10,0.05,0.003,0.001,extra_link,0,2026093080,0.026965025258932674,162,160,extended,True,omega,0.9697669055062392,344.41760587651004,True,2,7,0.00032259286734686546,,"[1.050087505013414, -5.7889287816113635, 6.758748385104957, -5.585467307655278, 0.9697669055062392, -5.807653784058008, -6.203032215724418, 0.00056782874009668, -5.750628929820492, 0.04620255137451741]",1,0.03809662230781896,True,False
10,0.05,0.003,0.001,extra_link,0,2026093080,0.026965025258932674,162,160,extended,True,omega,0.9698569055062393,344.40449920459565,True,2,17,0.0004560333291840355,,"[1.0500848187040963, -5.788188944794691, 6.758891052884709, -5.617880364375718, 0.9698569055062393, -5.807655712745387, -6.143229032453033, 0.0005859709728462776, -5.749922622928296, 0.05612984403381539]",1,0.02498995039343299,True,False
10,0.05,0.003,0.001,extra_link,0,2026093080,0.026965025258932674,162,160,extended,True,omega,0.9707569055062393,3076.0421928406085,True,2,94,0.6024721279610253,link_l,"[1.0611603954316697, -5.880100478087147, 6.226468268187515, -4.2169238790613, 0.9707569055062393, -5.804934804454678, -7.494913294744981, -0.0001331734746599939, -5.8459500027672116, -0.09999999999999999]",2,2731.6626835864063,False,False
10,0.05,0.003,0.001,extra_link,0,2026093080,0.026965025258932674,162,160,extended,True,omega,0.9747569055062393,732446.8319289518,True,2,69,3.5929617718064013,log_gb;remote_sq;link_l,"[1.149105457299946, -9.210340371753995, 4.000000000000006, -3.1127305040592113, 0.9747569055062393, -6.0890728775732015, -8.755529963281667, -0.00734716498492982, -7.031864818435667, -0.09999999999999999]",2,732102.4524196975,False,False
10,0.05,0.003,0.001,extra_link,0,2026093080,0.026965025258932674,162,160,extended,True,omega,0.9897569055062393,15538351.179124089,False,0,100,33009.77273602859,remote_sq;link_l,"[1.1492702893380584, -5.769635732330095, 4.0000237060860275, -8.626428387395727, 0.9897569055062393, -4.099196059882388, -5.119842215767087, -0.009370921541421101, -9.003498575238629, 0.09999999999999999]",0,15538006.799614836,False,False
10,0.05,0.003,0.001,extra_link,0,2026093080,0.026965025258932674,162,160,extended,True,omega,1.0497569055062392,20115989.707255434,True,2,73,1692.0548849361383,remote_sq;log_gr;log_gb_signal;link_l,"[1.1492719820007085, -5.767899800264539, 4.000000000025317, -9.210340371784635, 1.0497569055062392, -3.6875518006065264, -4.943024661606616, 0.018419869469082764, -9.210340371860982, -0.09999999999999994]",1,20115645.32774618,False,False
10,0.05,0.003,0.001,extra_link,0,2026093080,0.026965025258932674,162,160,extended,True,omega,1.1,20368357.423216607,True,2,98,771.5854129666951,remote_sq;log_gr;omega_d;drift_u;log_gb_signal;link_l,"[1.1492745764299777, -5.767901084349303, 4.000000000098499, -9.210340356712036, 1.1, -3.7001041718153442, -3.9050793293335704, 0.049999999999999996, -9.21034037196125, -0.09999999999999357]",2,20368013.043707352,False,False
10,0.05,0.003,0.001,extra_link,0,2026093080,0.026965025258932674,162,160,extended,True,gamma,0.00010000000000000009,422140.1767957052,False,0,100,1193.7677656040062,log_gr;log_gd,"[1.0429782331887487, -5.7665492254727, 7.160787654428647, -9.21034037197618, 0.9696185333521766, -9.210340371976182, -6.4297034959555095, 0.00042593982571876486, -5.076495694826949, 0.015955334482403292]",0,421795.79728645104,False,False
10,0.05,0.003,0.001,extra_link,0,2026093080,0.026965025258932674,162,160,extended,True,gamma,0.000406611025553572,336065.73731126596,True,2,100,3.883601955743731,link_l,"[1.0419898124071234, -5.778312161561712, 7.221121548625313, -6.049778139257927, 0.9704061904994716, -7.80765354067537, -5.957558499869671, 0.0005797351423384301, -5.1365694961889865, 0.0999999999998265]",1,335721.3578020118,False,False
10,0.05,0.003,0.001,extra_link,0,2026093080,0.026965025258932674,162,160,extended,True,gamma,0.0014919764810809649,111811.0498952308,True,2,80,2.9866089765433097,link_l,"[1.042048838704246, -5.789987670375196, 7.217476339257759, -5.388983931894414, 0.9703855596457198, -6.507653540675371, -5.952860906110709, 0.0006346248606218706, -5.358614138786295, 0.09999999999998126]",2,111466.6703859766,False,False
10,0.05,0.003,0.001,extra_link,0,2026093080,0.026965025258932674,162,160,extended,True,gamma,0.002459853359742514,14480.461182843226,True,2,92,0.02839973910486747,link_l,"[1.0462707940818134, -5.7910468241336615, 6.96788797785902, -5.427448358640508, 0.9704232285821386, -6.007653540675371, -5.9235062474198354, 0.0006595095826292311, -5.5943568191804935, 0.09999999999994587]",2,14136.081673589024,False,False
10,0.05,0.003,0.001,extra_link,0,2026093080,0.026965025258932674,162,160,extended,True,gamma,0.0028579418654390678,1357.724422619612,False,0,100,90.1398680207403,,"[1.0489704853411812, -5.788925225156411, 6.81843922376348, -5.565205756735009, 0.9700964292716915, -5.85765354067537, -6.028993749406329, 0.000622524042728117, -5.705790858462652, 0.07708437514657476]",1,1013.3449133654096,False,False
10,0.05,0.003,0.001,extra_link,0,2026093080,0.026965025258932674,162,160,extended,True,gamma,0.0029745766855644746,386.45646305077923,False,0,100,237.7944633680126,,"[1.0498535093580723, -5.788494678623617, 6.771152294214631, -5.600124297548624, 0.9698753241929533, -5.81765354067537, -6.13302035311976, 0.0005890879193660445, -5.740916926662034, 0.058053078556073064]",1,42.076953796577016,False,False
10,0.05,0.003,0.001,extra_link,0,2026093080,0.026965025258932674,162,160,extended,True,gamma,0.0030044716782590677,344.398214607387,False,0,100,1121.8873014813737,,"[1.0500835570072675, -5.787885480359819, 6.758958023740085, -5.631490349689543, 0.9699113819327825, -5.80765354067537, -6.112399330378649, 0.0005955313364561183, -5.74963647920557, 0.06136432389387658]",1,0.018705353184770956,True,False
10,0.05,0.003,0.001,extra_link,0,2026093080,0.026965025258932674,162,160,extended,True,gamma,0.0030346671206252216,387.2833875838509,False,0,100,49.69449021204444,,"[1.0503218057058648, -5.788060847091713, 6.746382074886795, -5.62791644533199, 0.9698099213406608, -5.797653540675371, -6.1722273879434395, 0.0005771753770624562, -5.759273821319176, 0.05109109033677216]",1,42.903878329648705,False,False
10,0.05,0.003,0.001,extra_link,0,2026093080,0.026965025258932674,162,160,extended,True,gamma,0.0031585142352341224,1456.2012320038382,False,0,100,2120.811791173899,,"[1.0513116401502596, -5.78539944673605, 6.694712996768385, -5.773163686500193, 0.9699765083465648, -5.757653540675371, -6.075928061772697, 0.0006067660174282556, -5.796353145002503, 0.06650958467736869]",1,1111.821722749636,False,False
10,0.05,0.003,0.001,extra_link,0,2026093080,0.026965025258932674,162,160,extended,True,gamma,0.0036696699946397403,20770.689560095838,True,2,94,1.2875603940581841,link_l,"[1.0558259066999511, -5.776564663919622, 6.470272014298054, -6.456948166571018, 0.9705268533686708, -5.60765354067537, -5.8613077548260515, 0.0006702920499772624, -5.96688572651936, 0.09999999996158714]",1,20426.310050841636,False,False
10,0.05,0.003,0.001,extra_link,0,2026093080,0.026965025258932674,162,160,extended,True,gamma,0.006050262976612565,397179.1729807078,True,2,75,1.2737383748324222,log_gr;link_l,"[1.082788189354829, -5.7670153236371196, 5.425433537213296, -9.21034037197618, 0.9707768684721356, -5.10765354067537, -5.692325217692479, 0.0007986770754109365, -8.10673651189013, 0.09999999948758204]",1,396834.7934714536,False,False
10,0.05,0.003,0.001,extra_link,0,2026093080,0.026965025258932674,162,160,extended,True,gamma,0.022200209778304572,14925612.727851063,False,0,100,1747536.2264121943,log_gb_signal,"[1.0433267730751077, -5.76655355286136, 7.13965906723217, -9.209013913724636, 0.9715430976769588, -3.8076535406753704, -5.930075054616641, -0.0007091660877574696, -9.210337583363357, 0.012952857129743579]",1,14925268.34834181,False,False
10,0.05,0.003,0.001,extra_link,0,2026093080,0.026965025258932674,162,160,extended,True,gamma,0.029999999999999995,18061849.15963914,False,0,100,2692704.949025401,log_gd,"[1.04529068077065, -5.767036755433291, 7.024138975367526, -8.60133226938323, 0.9841014166381323, -3.506557897319982, -5.871412076461997, -0.009107110546318974, -9.203955746262752, -0.012526825512366334]",1,18061504.780129883,False,False
26,0.2,0.003,0.0001,allowed_drift,0,2026093672,0.0026965025258932677,162,160,unchanged,False,omega,0.85,1814728556.1520166,False,0,100,2469512.272551061,remote_sq;omega_d,"[1.1492676975834288, -5.828109277676354, 4.000002764477685, -5.899353573857635, 0.85, -4.479866367624137, -2.711125571638484]",1,1806449375.606814,False,False
26,0.2,0.003,0.0001,allowed_drift,0,2026093672,0.0026965025258932677,162,160,unchanged,False,omega,0.8936313828475386,2125196444.3375466,False,0,100,603081284.5899208,log_gr,"[1.1418901639392414, -5.776718803419052, 4.111895248328078, -9.210154406562916, 0.8936313828475386, -4.083851505081257, -2.9331268067652982]",1,2116917263.7923439,False,False
26,0.2,0.003,0.0001,allowed_drift,0,2026093672,0.0026965025258932677,162,160,unchanged,False,omega,0.9536313828475386,1905541837.9596243,True,2,100,377110.67964789213,remote_sq;log_gr,"[0.9980648106078743, -5.766498874067753, 11.999999918771456, -9.21034037197618, 0.9536313828475386, -3.6976999220487, -3.5660513112963494]",1,1897262657.4144216,False,False
26,0.2,0.003,0.0001,allowed_drift,0,2026093672,0.0026965025258932677,162,160,unchanged,False,omega,0.9686313828475386,434846980.091405,False,0,100,545962900.1589493,log_gr,"[0.9987932185831943, -5.869316733543399, 11.893840012852593, -2.813410716760037, 0.9686313828475386, -4.980648901446483, -3.6954487162646834]",0,426567799.5462023,False,False
26,0.2,0.003,0.0001,allowed_drift,0,2026093672,0.0026965025258932677,162,160,unchanged,False,omega,0.9726313828475386,28770400.63080539,True,2,90,393.4961522911403,log_gr,"[1.0231314413016352, -5.765238936197187, 8.65605160543724, -9.21034037197618, 0.9726313828475386, -5.273549239069485, -3.6745443644634364]",1,20491220.08560272,False,False
26,0.2,0.003,0.0001,allowed_drift,0,2026093672,0.0026965025258932677,162,160,unchanged,False,omega,0.9735313828475386,8485696.09187942,True,2,24,80.62153326178634,log_gr,"[1.0523200726514872, -5.765929459862185, 6.643924954352947, -9.21034037197618, 0.9735313828475386, -5.29491146322895, -3.6625350734986855]",1,206515.54667674657,False,False
26,0.2,0.003,0.0001,allowed_drift,0,2026093672,0.0026965025258932677,162,160,unchanged,False,omega,0.9736213828475386,8281245.579709344,True,2,6,1044.175402315464,log_gr,"[1.0556686108198785, -5.7659929732939235, 6.478291568786658, -9.21034037197618, 0.9736213828475386, -5.296065037568653, -3.66105706447346]",2,2065.0345066701993,False,False
26,0.2,0.003,0.0001,allowed_drift,0,2026093672,0.0026965025258932677,162,160,unchanged,False,omega,0.9736313828475386,8279180.545204364,True,2,3,21.930853128938427,log_gr,"[1.0560450160882775, -5.765999963432924, 6.4602729012633135, -9.210340371301601, 0.9736313828475386, -5.296182132359876, -3.6608893998757375]",2,1.6903504729270935e-06,True,False
26,0.2,0.003,0.0001,allowed_drift,0,2026093672,0.0026965025258932677,162,160,unchanged,False,omega,0.9736413828475385,8281245.015717069,True,2,8,989.0528500479259,log_gr,"[1.05642221451476, -5.766006942145904, 6.4423335943890585, -9.21034037197618, 0.9736413828475385, -5.296296975168187, -3.660721061261535]",2,2064.470514395274,False,False
26,0.2,0.003,0.0001,allowed_drift,0,2026093672,0.0026965025258932677,162,160,unchanged,False,omega,0.9737313828475386,8485569.521949857,True,2,83,51.73649227271066,log_gr,"[1.0598550142390792, -5.766069153505265, 6.284281337605829, -9.21034037197618, 0.9737313828475386, -5.297230973963336, -3.6591744699635935]",2,206388.97674718406,False,False
26,0.2,0.003,0.0001,allowed_drift,0,2026093672,0.0026965025258932677,162,160,unchanged,False,omega,0.9746313828475386,28629179.753344696,True,2,43,1376.353023497183,log_gr,"[1.0969334845631449, -5.766631381821506, 5.019033256005512, -9.210340367083777, 0.9746313828475386, -5.296695774833477, -3.640605569477486]",2,20349999.208142024,False,False
26,0.2,0.003,0.0001,allowed_drift,0,2026093672,0.0026965025258932677,162,160,unchanged,False,omega,0.9786313828475386,406088750.3771407,True,2,87,540061.3873635787,remote_sq,"[1.1489276582585737, -7.132159941899287, 4.000000000000001, -3.3771440558056067, 0.9786313828475386, -5.017267950004731, -3.5875964517633863]",1,397809569.831938,False,False
26,0.2,0.003,0.0001,allowed_drift,0,2026093672,0.0026965025258932677,162,160,unchanged,False,omega,0.9936313828475386,1430033386.3228822,True,2,68,768778.149698158,log_gb;remote_sq,"[1.1490279223365618, -9.21034037197618, 4.000000001880794, -3.120496589052743, 0.9936313828475386, -4.343827660265643, -3.4095177286765335]",2,1421754205.7776794,False,False
26,0.2,0.003,0.0001,allowed_drift,0,2026093672,0.0026965025258932677,162,160,unchanged,False,omega,1.0536313828475385,1580497984.9151695,True,2,69,1383.7242151315434,log_gb;remote_sq,"[1.1491027954803523, -9.210340371969544, 4.000000000000001, -3.1205660453131236, 1.0536313828475385, -4.271088822229099, -2.9244655071086676]",2,1572218804.3699667,False,False
26,0.2,0.003,0.0001,allowed_drift,0,2026093672,0.0026965025258932677,162,160,unchanged,False,omega,1.1,1513296049.8250468,False,0,100,1857872.4038662075,remote_sq;omega_d,"[1.1491198281200454, -8.749969587171666, 4.000000000000001, -3.134992901722963, 1.1, -4.164567734960803, -2.6564340648524163]",0,1505016869.279844,False,False
26,0.2,0.003,0.0001,allowed_drift,0,2026093672,0.0026965025258932677,162,160,unchanged,False,gamma,0.00010000000000000009,1070936390.8409371,True,2,67,421174.18670669064,remote_sq;log_gr;log_gd,"[1.149250189376789, -5.426000873612326, 4.000000000000001, -9.21034037197618, 0.9736183187234178, -9.210340371976182, -3.624513822475175]",1,1062657210.2957344,False,False
26,0.2,0.003,0.0001,allowed_drift,0,2026093672,0.0026965025258932677,162,160,unchanged,False,gamma,0.0006781228281404341,790057218.0588552,True,2,82,394134.070402805,remote_sq;log_gr,"[1.1492617219964225, -5.514932634517753, 4.000000000000001, -9.21034037197608, 0.9736982804149725, -7.2961821239827955, -3.6228785147038534]",1,781778037.5136524,False,False
26,0.2,0.003,0.0001,allowed_drift,0,2026093672,0.0026965025258932677,162,160,unchanged,False,gamma,0.002488233833532232,205750071.733433,True,2,91,114137.54022703669,remote_sq;log_gr,"[1.149281049722817, -5.690993620562905, 4.000000000000011, -9.210340371976145, 0.9738468955191639, -5.996182123982796, -3.6179294860164966]",1,197470891.18823034,False,False
26,0.2,0.003,0.0001,allowed_drift,0,2026093672,0.0026965025258932677,162,160,unchanged,False,gamma,0.004102404047820312,27543254.429695938,True,2,79,26108.229424604055,log_gr,"[1.1004009733292215, -5.750395428047472, 4.932953567453667, -9.21034037197618, 0.9737042315350145, -5.496182123982796, -3.6429772320590446]",1,19264073.884493265,False,False
26,0.2,0.003,0.0001,allowed_drift,0,2026093672,0.0026965025258932677,162,160,unchanged,False,gamma,0.004766313500264758,9529411.938397741,True,2,38,2314.226878807905,log_gr,"[1.0686233129642202, -5.7625173109425285, 5.92007639841495, -9.21034037197618, 0.9736467449691507, -5.346182123982795, -3.6563792892645446]",1,1250231.3931950675,False,False
26,0.2,0.003,0.0001,allowed_drift,0,2026093672,0.0026965025258932677,162,160,unchanged,False,gamma,0.0049608304442541945,8329624.125258456,True,2,15,1440.631745145775,log_gr,"[1.0586641828347807, -5.765325636867071, 6.338340052245442, -9.21034037197618, 0.9736342696987802, -5.306182123982795, -3.6599880907197417]",1,50443.58005578257,False,False
26,0.2,0.003,0.0001,allowed_drift,0,2026093672,0.0026965025258932677,162,160,unchanged,False,gamma,0.005010687619095176,8279180.545204408,True,2,3,18.114432938198416,log_gr,"[1.0560450159503882, -5.765999964074594, 6.460272907720255, -9.210340371305632, 0.9736313828735782, -5.2961821239827955, -3.6608893997891183]",1,1.734122633934021e-06,True,False
26,0.2,0.003,0.0001,allowed_drift,0,2026093672,0.0026965025258932677,162,160,unchanged,False,gamma,0.005061045866873654,8329835.551077098,True,2,15,196.3258235590858,log_gr,"[1.0533680503161036, -5.766663233871733, 6.5907234905961465, -9.21034037197618, 0.9736285943842793, -5.286182123982796, -3.6617899423349347]",1,50655.00587442424,False,False
26,0.2,0.003,0.0001,allowed_drift,0,2026093672,0.0026965025258932677,162,160,unchanged,False,gamma,0.005267591066923954,9555447.881807074,True,3,56,2110.574002558045,log_gr,"[1.0420023702459384, -5.769206326901608, 7.220904338894065, -9.21034037197618, 0.9736184855970378, -5.246182123982796, -3.6653799128442675]",1,1276267.3366044005,False,False
26,0.2,0.003,0.0001,allowed_drift,0,2026093672,0.0026965025258932677,162,160,unchanged,False,gamma,0.006120067678241863,29313303.324648786,False,0,100,58706205.545676455,log_gr,"[1.005308646258904, -5.777603080057459, 10.75462661396189, -9.21034037197618, 0.9736061085709093, -5.096182123982795, -3.6740873281517303]",0,21034122.779446114,False,False
26,0.2,0.003,0.0001,allowed_drift,0,2026093672,0.0026965025258932677,162,160,unchanged,False,gamma,0.010090285759241707,280942368.7440529,False,0,100,17964407.769564,log_gr,"[0.9989321954571119, -5.903025092944222, 11.815992744562683, -2.8134107170684715, 0.9737207529807792, -4.596182123982795, -3.670044107411321]",0,272663188.1988502,False,False
26,0.2,0.003,0.0001,allowed_drift,0,2026093672,0.0026965025258932677,162,160,unchanged,False,gamma,0.029999999999999995,1424132889.9698226,False,0,100,11297055.01158617,log_gd,"[1.0508089184954568, -5.7788001938627245, 6.720596967393065, -8.984353678306736, 0.9754139066767574, -3.506557897319982, -3.594612577311291]",1,1415853709.42462,False,False
26,0.2,0.003,0.0001,allowed_drift,0,2026093672,0.0026965025258932677,162,160,drift_aware,True,omega,0.85,1779494949.6210165,True,2,89,58009.57444753788,log_gr;omega_d;log_t;log_gb_signal,"[1.1283493638404025, -5.767560110190084, 4.340036598400953, -9.21034037197618, 0.85, -4.214657348381363, -2.525728644308256, -0.03738025676884583, -9.21034037197618]",2,1779494675.2804394,False,False
26,0.2,0.003,0.0001,allowed_drift,0,2026093672,0.0026965025258932677,162,160,drift_aware,True,omega,0.8895866278941982,1866524637.084286,False,0,100,39001582.332959965,log_gr;drift_u;log_gb_signal,"[1.1316112181763327, -5.767607007032769, 4.282376832363174, -9.210340371976107, 0.8895866278941982, -3.710770199117835, -3.248220164083803, 0.049999999999999996, -9.21034037197618]",0,1866524362.7437088,False,False
26,0.2,0.003,0.0001,allowed_drift,0,2026093672,0.0026965025258932677,162,160,drift_aware,True,omega,0.9495866278941981,98174149.39631361,True,2,46,29566.156687217666,log_gr,"[1.0374519941943787, -6.099750063504095, 7.511855063443332, -2.813410716760037, 0.9495866278941981, -7.622459936270652, -3.742534106532518, 0.04661362691804554, -4.981060292953287]",2,98173875.05573657,False,False
26,0.2,0.003,0.0001,allowed_drift,0,2026093672,0.0026965025258932677,162,160,drift_aware,True,omega,0.9645866278941981,6474590.492685746,True,2,54,1101.5793688949336,log_gr,"[1.0488663469790187, -6.203333827682528, 6.821822284026852, -2.8134107167600497, 0.9645866278941981, -6.415088445609441, -3.673269675230939, 0.01775533514724361, -5.223634803089391]",2,6474316.152108711,False,False
26,0.2,0.003,0.0001,allowed_drift,0,2026093672,0.0026965025258932677,162,160,drift_aware,True,omega,0.9685866278941981,242614.105194524,True,2,80,19.936332061336003,log_gr,"[1.0495435936719542, -6.210213169061052, 6.7854020561046475, -2.813410716760063, 0.9685866278941981, -5.84120267262782, -3.6662353530073846, 0.009949078525341014, -5.497519734487801]",1,242339.7646174891,False,False
26,0.2,0.003,0.0001,allowed_drift,0,2026093672,0.0026965025258932677,162,160,drift_aware,True,omega,0.9694866278941981,2652.67730556378,True,2,14,0.04524585621934443,,"[1.0499396115853599, -5.851503836433934, 6.7665189601771685, -4.296208016587208, 0.9694866278941981, -5.80945997196169, -3.6652724984657747, 0.008193677887310211, -5.32349800347147]",1,2378.3367285288928,False,False
26,0.2,0.003,0.0001,allowed_drift,0,2026093672,0.0026965025258932677,162,160,drift_aware,True,omega,0.9695766278941982,298.1211805258055,True,2,91,0.004301056810932514,,"[1.050057678122392, -5.811638165879906, 6.760347971352278, -4.906071717090045, 0.9695766278941982, -5.809073869395975, -3.665172670724937, 0.008018236145581219, -5.299902601117307]",2,23.78060349091811,False,False
26,0.2,0.003,0.0001,allowed_drift,0,2026093672,0.0026965025258932677,162,160,drift_aware,True,omega,0.9695866278941981,274.3405770347662,True,2,2,0.006720235912443913,,"[1.0500710251594507, -5.807306524836323, 6.759647951882269, -5.003803388545024, 0.9695866278941981, -5.809032779375491, -3.6651617192916763, 0.007998740427512521, -5.29731474031806]",1,-1.211901690112427e-10,True,False
26,0.2,0.003,0.0001,allowed_drift,0,2026093672,0.0026965025258932677,162,160,drift_aware,True,omega,0.9695966278941981,298.12057655158003,True,2,6,0.024039653086384342,,"[1.0500844175391946, -5.802993820256673, 6.758945089811763, -5.112070431948351, 0.9695966278941981, -5.808992058710486, -3.6651507960660235, 0.007979244268984054, -5.294733508858611]",2,23.779999516692612,False,False
26,0.2,0.003,0.0001,allowed_drift,0,2026093672,0.0026965025258932677,162,160,drift_aware,True,omega,0.9696866278941981,2653.437758587984,True,2,83,0.06914111437089557,log_gr,"[1.0502078383384235, -5.766568571244268, 6.7524470214586465, -9.21034037197461, 0.9696866278941981, -5.808287788780271, -3.6650525110707535, 0.007803782138751013, -5.272960303027711]",1,2379.0971815530966,False,False
26,0.2,0.003,0.0001,allowed_drift,0,2026093672,0.0026965025258932677,162,160,drift_aware,True,omega,0.9705866278941981,329579.55629321065,True,2,28,1.3460887821561207,log_gr,"[1.0516464626550874, -5.766584442942635, 6.67749494657534, -9.210340371976157, 0.9705866278941981, -5.7538671669521575, -3.6639950828369847, 0.006051885999477805, -5.305281076897266]",1,329305.2157161758,False,False
26,0.2,0.003,0.0001,allowed_drift,0,2026093672,0.0026965025258932677,162,160,drift_aware,True,omega,0.9745866278941981,7812080.221184987,True,2,89,63.93118697918165,log_gr,"[1.057616509288756, -5.766651719606499, 6.386064291317811, -9.21034037197618, 0.9745866278941981, -6.640441060511989, -3.6642281178000276, -0.0018527766504002085, -4.977400047482837]",2,7811805.880607951,False,False
26,0.2,0.003,0.0001,allowed_drift,0,2026093672,0.0026965025258932677,162,160,drift_aware,True,omega,0.9895866278941982,95621754.00029616,True,2,66,164.11346807228463,log_gr;log_gd,"[1.0855708849206596, -5.766992202338367, 5.339674340811934, -9.210340371851713, 0.9895866278941982, -9.21034037197618, -3.7011644771465813, -0.03199062223812418, -4.799754683619698]",2,95621479.65971912,False,False
26,0.2,0.003,0.0001,allowed_drift,0,2026093672,0.0026965025258932677,162,160,drift_aware,True,omega,1.049586627894198,1475068010.6203823,True,2,76,49371.71619060886,remote_sq;log_gr;drift_u;log_gb_signal,"[1.1492697200284683, -5.767838528686893, 4.000000000010326, -9.21034037197204, 1.049586627894198, -3.6695424762903555, -3.299275523904919, -0.04999999999999782, -9.21034037197549]",1,1475067736.2798052,False,False
26,0.2,0.003,0.0001,allowed_drift,0,2026093672,0.0026965025258932677,162,160,drift_aware,True,omega,1.1,1477443823.6071956,True,2,56,1247.6047154026212,remote_sq;log_gr;omega_d;log_t;log_gb_signal,"[1.1492728918601003, -5.767840484002193, 4.000000000000001, -9.21034037175279, 1.1, -3.9344249581872632, -2.525728644308256, 0.022627499789138493, -9.210340371976113]",2,1477443549.2666185,False,False
26,0.2,0.003,0.0001,allowed_drift,0,2026093672,0.0026965025258932677,162,160,drift_aware,True,gamma,0.00010000000000000009,2374443.2043625647,True,2,49,1.1526082688763126,log_gr;log_gd,"[1.0497280438007244, -5.766563308281384, 6.777881636944066, -9.210340371976171, 0.9695493119497347, -9.210340371976182, -3.666637313855103, 0.008039587818235923, -4.816857946814215]",2,2374168.86378553,False,False
26,0.2,0.003,0.0001,allowed_drift,0,2026093672,0.0026965025258932677,162,160,drift_aware,True,gamma,0.00040605059783909293,1891690.267338378,True,2,31,1.2070534193980396,log_gr,"[1.0495730890498731, -5.766561611824972, 6.786143642076703, -9.21034037197618, 0.9694634280241536, -7.809032780908178, -3.666720809493766, 0.00820905255590173, -4.85644971146643]",1,1891415.926761343,False,False
26,0.2,0.003,0.0001,allowed_drift,0,2026093672,0.0026965025258932677,162,160,drift_aware,True,gamma,0.0014899201055357852,619335.6082216481,True,2,34,0.7807961859238164,log_gr,"[1.0494376260265856, -5.766560130082755, 6.793385554551758, -9.210340371975647, 0.9693638917884231, -6.5090327809081785, -3.6665263346311705, 0.008412053677466714, -5.0104211823642215]",1,619061.2676446133,False,False
26,0.2,0.003,0.0001,allowed_drift,0,2026093672,0.0026965025258932677,162,160,drift_aware,True,gamma,0.002456462969640629,74886.12882902673,True,2,48,0.03394746804657854,log_gr,"[1.049775031711592, -5.766563823022235, 6.775380909493274, -9.210340371976129, 0.9694951037360128, -6.0090327809081785, -3.6657594658963966, 0.00816797233690456, -5.170303872741349]",1,74611.78825199183,False,False
26,0.2,0.003,0.0001,allowed_drift,0,2026093672,0.0026965025258932677,162,160,drift_aware,True,gamma,0.0028540027941224904,5171.49204819177,False,0,100,200.18278483163184,,"[1.050007573890026, -5.766666293705411, 6.763036333932957, -9.057008390129148, 0.9695834369457456, -5.859032780908178, -3.665311811318339, 0.008002230299235559, -5.244118956110068]",0,4897.1514711568825,False,False
26,0.2,0.003,0.0001,allowed_drift,0,2026093672,0.0026965025258932677,162,160,drift_aware,True,gamma,0.0029704768576978686,478.0240331560444,True,3,19,0.00569074818870918,,"[1.0500577052230522, -5.798482003949785, 6.760363761624332, -5.239268789337956, 0.9695862792584686, -5.819032780908178, -3.665192684770937, 0.007998851076141403, -5.285991336889355]",1,203.683456121157,False,False
26,0.2,0.003,0.0001,allowed_drift,0,2026093672,0.0026965025258932677,162,160,drift_aware,True,gamma,0.003000330646437386,274.34057703476725,True,2,2,0.004365173504298619,,"[1.0500710251483014, -5.807306526439353, 6.759647952469976, -5.003803350364646, 0.9695866278873354, -5.809032780908178, -3.6651617193038333, 0.007998740440805438, -5.29731474035599]",1,-1.2016698747174814e-10,True,False
26,0.2,0.003,0.0001,allowed_drift,0,2026093672,0.0026965025258932677,162,160,drift_aware,True,gamma,0.0030304844707418313,482.09585936808276,True,2,21,0.015476006094854026,,"[1.0500848549095778, -5.81629191661221, 6.758902648918012, -4.8118493254420915, 0.9695869870471736, -5.7990327809081785, -3.6651301014024957, 0.007998620812789261, -5.308878779134691]",1,207.75528233319534,False,False
26,0.2,0.003,0.0001,allowed_drift,0,2026093672,0.0026965025258932677,162,160,drift_aware,True,gamma,0.003154160888170815,5678.967494104302,True,2,36,0.30192762157100483,,"[1.0501455130573973, -5.853929231050788, 6.755612793682385, -4.2731902846090355, 0.9695885335822084, -5.7590327809081785, -3.6649968344930324, 0.00799804824307013, -5.357704905243503]",1,5404.626917069415,False,False
26,0.2,0.003,0.0001,allowed_drift,0,2026093672,0.0026965025258932677,162,160,drift_aware,True,gamma,0.0036646121269511096,100877.17878113475,True,2,41,0.1945658531199524,,"[1.0504617293217235, -6.024353844094984, 6.7381665410913865, -3.284293912377744, 0.9695961515779354, -5.609032780908178, -3.6643858821409214, 0.007994324661888017, -5.587740824126204]",1,100602.83820409985,False,False
26,0.2,0.003,0.0001,allowed_drift,0,2026093672,0.0026965025258932677,162,160,drift_aware,True,gamma,0.006041923962569933,2143692.1969698863,True,2,63,124.67148555922427,log_gr,"[1.0548008094053514, -6.2668308270868325, 6.517305893226152, -2.8134107167672013, 0.9700248905210487, -5.109032780908178, -3.6592553580929588, 0.007248457192373305, -7.116353279212398]",1,2143417.8563928516,False,False
26,0.2,0.003,0.0001,allowed_drift,0,2026093672,0.0026965025258932677,162,160,drift_aware,True,gamma,0.02216961146186671,903477650.798832,False,0,100,44691922.89477433,,"[1.0441677874778896, -5.7673670911500485, 7.0897261265282445, -8.256442528256, 0.9878458921686379, -3.8090327809081783, -3.6565945388579886, -0.025645132921500138, -9.199563556300745]",0,903477376.458255,False,False
26,0.2,0.003,0.0001,allowed_drift,0,2026093672,0.0026965025258932677,162,160,drift_aware,True,gamma,0.029999999999999995,1220468188.9139798,False,0,100,41183349.97259105,log_gd,"[1.0444641872294853, -5.767816779452045, 7.072044120359233, -7.984533839270511, 1.0020247713009676, -3.506557897319982, -3.7059741820162797, -0.04956102328946491, -9.208773090806849]",0,1220467914.5734026,False,False
26,0.2,0.003,0.0001,allowed_drift,0,2026093672,0.0026965025258932677,162,160,extended,True,omega,0.85,1771998650.7808404,True,2,98,255.12535464008693,log_gr;omega_d;log_t;drift_u;log_gb_signal,"[1.1423297945010804, -5.7677468364865945, 4.105000241436904, -9.210340371240676, 0.85, -4.282154409218313, -2.525728644308256, -0.049999999999999996, -9.210340371976176, -0.03563141246776975]",2,1771998376.4414966,False,False
26,0.2,0.003,0.0001,allowed_drift,0,2026093672,0.0026965025258932677,162,160,extended,True,omega,0.8895936239259024,1865211000.175758,False,0,100,179756369.5315117,log_gr;drift_u;log_gb_signal,"[1.1386223954025279, -5.767702047102148, 4.1643042842519895, -9.210340371951244, 0.8895936239259024, -3.715324148179049, -3.4353820936057176, 0.049999999999999996, -9.21034037197618, -0.07159514485277915]",0,1865210725.836414,False,False
26,0.2,0.003,0.0001,allowed_drift,0,2026093672,0.0026965025258932677,162,160,extended,True,omega,0.9495936239259023,98093942.0605965,False,0,100,862814.490235665,log_gr,"[1.0383695455396296, -6.107282490657918, 7.4504630808627486, -2.813417247370391, 0.9495936239259023, -7.587444184442382, -3.736096453274151, 0.04663846816347345, -4.986254171867344, 0.00385783680199479]",0,98093667.72125275,False,False
26,0.2,0.003,0.0001,allowed_drift,0,2026093672,0.0026965025258932677,162,160,extended,True,omega,0.9645936239259023,6361244.508835847,True,2,69,194.88568589708254,log_gr,"[1.049922582630172, -6.214102407831364, 6.765217128681353, -2.8134107167641047, 0.9645936239259023, -6.2864258589193796, -3.640474340680271, 0.017955022107179818, -5.271705324239059, 0.0189565310774959]",1,6360970.16949211,False,False
26,0.2,0.003,0.0001,allowed_drift,0,2026093672,0.0026965025258932677,162,160,extended,True,omega,0.9685936239259023,234862.15564081917,True,2,59,83.13086428288518,log_gr,"[1.04900890871257, -6.204774470247718, 6.814118135859507, -2.813410716760037, 0.9685936239259023, -5.818203476783699, -3.656958089642319, 0.009980575039692302, -5.511482929883272, 0.005526840970325394]",1,234587.81629708264,False,False
26,0.2,0.003,0.0001,allowed_drift,0,2026093672,0.0026965025258932677,162,160,extended,True,omega,0.9694936239259023,2330.19112150492,True,2,28,0.05185260069563955,,"[1.049947719380329, -5.846807437837111, 6.766101284117405, -4.350505331669267, 0.9694936239259023, -5.809407483978318, -3.6643070164979292, 0.008184326908328913, -5.320746957717054, 0.0005577297919906839]",1,2055.851777768393,False,False
26,0.2,0.003,0.0001,allowed_drift,0,2026093672,0.0026965025258932677,162,160,extended,True,omega,0.9695836239259024,276.484025688904,True,2,41,1.4065172303313842,,"[1.0500668576655143, -5.808468643679187, 6.759866841833136, -4.976583484974246, 0.9695836239259024, -5.809043996064678, -3.6649467255289574, 0.008005562481205566, -5.298009816186991, 0.0001269719584052182]",1,2.1446819523770273,True,False
26,0.2,0.003,0.0001,allowed_drift,0,2026093672,0.0026965025258932677,162,160,extended,True,omega,0.9695936239259023,277.25712945267634,True,2,18,0.009863038793009158,,"[1.0500830322260548, -5.817522156736968, 6.758997004251965, -4.788276156090292, 0.9695936239259023, -5.809151261680692, -3.6781771332956903, 0.007937667661360923, -5.303366114892116, -0.007546907874836405]",1,2.9177857161493534,True,False
26,0.2,0.003,0.0001,allowed_drift,0,2026093672,0.0026965025258932677,162,160,extended,True,omega,0.9696036239259023,287.70064413025375,True,2,23,0.013916521796871398,,"[1.0500928617013927, -5.826968382411142, 6.758459739261137, -4.624902801804564, 0.9696036239259023, -5.809365177380937, -3.6855156890504976, 0.007900104482769135, -5.308879794113495, -0.01178112489335036]",1,13.361300393726765,False,False
26,0.2,0.003,0.0001,allowed_drift,0,2026093672,0.0026965025258932677,162,160,extended,True,omega,0.9696936239259023,380.3071026777044,False,0,100,112901.11513895594,,"[1.0501131199457248, -5.766983051950667, 6.75745059701573, -8.679887314910921, 0.9696936239259023, -5.811410453640263, -3.7238639805748153, 0.007731269380484545, -5.271394308113008, -0.03365424326703686]",0,105.96775894117741,False,False
26,0.2,0.003,0.0001,allowed_drift,0,2026093672,0.0026965025258932677,162,160,extended,True,omega,0.9705936239259023,3585.2975980860006,True,2,34,0.06429826302106395,link_l,"[1.050717262286116, -5.792555555713641, 6.725671181797444, -5.449475598937333, 0.9705936239259023, -5.809163208559026, -3.845446249819569, 0.00700900163152682, -5.288244287238642, -0.09999999999999999]",1,3310.9582543494735,False,False
26,0.2,0.003,0.0001,allowed_drift,0,2026093672,0.0026965025258932677,162,160,extended,True,omega,0.9745936239259023,3782674.615299907,True,2,63,57.627464637262925,log_gr;link_l,"[1.0681516042360228, -6.441452457922917, 5.935360323903645, -2.813410716760037, 0.9745936239259023, -5.829484595503489, -3.868750228985537, -0.000806376124400331, -5.613799958543236, -0.09999999999999999]",1,3782400.2759561706,False,False
26,0.2,0.003,0.0001,allowed_drift,0,2026093672,0.0026965025258932677,162,160,extended,True,omega,0.9895936239259023,82578070.13333626,True,2,77,3702.2874988245335,log_gr;link_l,"[1.1145449743821598, -8.192983697526618, 4.605339647558329, -2.8134107167600595, 0.9895936239259023, -6.994803868256439, -3.977748152048285, -0.03131387285894579, -5.394024117474571, -0.09999999999999999]",1,82577795.79399252,False,False
26,0.2,0.003,0.0001,allowed_drift,0,2026093672,0.0026965025258932677,162,160,extended,True,omega,1.0495936239259023,1469591008.6295424,True,2,87,31397.48036728019,remote_sq;log_gr;drift_u;log_gb_signal;link_l,"[1.1492689283869417, -5.767837969562472, 4.000000000000458, -9.210340371731327, 1.0495936239259023, -3.6784890339609224, -3.5881396790823046, -0.049999999999999975, -9.21034037197522, -0.09999999999999727]",2,1469590734.2901986,False,False
26,0.2,0.003,0.0001,allowed_drift,0,2026093672,0.0026965025258932677,162,160,extended,True,omega,1.1,1442173826.4296632,True,2,54,1947.5488492210388,remote_sq;log_gr;omega_d;drift_u;log_gb_signal;link_l,"[1.149277072310775, -5.767842365416367, 4.000000000000001, -9.210340371954427, 1.1, -4.0914037795781395, -2.570042058117306, 0.049999999999999996, -9.210340371975489, -0.09999999999999999]",1,1442173552.0903194,False,False
26,0.2,0.003,0.0001,allowed_drift,0,2026093672,0.0026965025258932677,162,160,extended,True,gamma,0.00010000000000000009,1919003.2512172882,True,2,66,3.6592218429780314,log_gd;link_l,"[1.0498868250867226, -6.027354824709172, 6.768495711467643, -3.263742139760151, 0.9704729119153769, -9.210340371976182, -3.8458830418379866, 0.007215373957360155, -4.9130253188470245, -0.09999999999999999]",1,1918728.9118735518,False,False
26,0.2,0.003,0.0001,allowed_drift,0,2026093672,0.0026965025258932677,162,160,extended,True,gamma,0.0004060158194114503,1534033.2197254363,True,2,67,0.5021069679407274,link_l,"[1.0498368807662735, -5.998054527752858, 6.771325954910889, -3.3676423552495476, 0.9704728350335092, -7.8091184350540095, -3.845788423973741, 0.007214332780671658, -4.946077757693521, -0.09999999999999999]",1,1533758.8803817,False,False
26,0.2,0.003,0.0001,allowed_drift,0,2026093672,0.0026965025258932677,162,160,extended,True,gamma,0.001489792493167131,518415.78237132943,True,2,94,2.764305490235938,link_l,"[1.0498140087488994, -5.900608859532166, 6.7730243941732855, -3.8643935226293338, 0.9704725794176551, -6.50911843505401, -3.845416107130685, 0.0072183436907163525, -5.07252150624631, -0.09999999999997873]",1,518141.4430275929,False,False
26,0.2,0.003,0.0001,allowed_drift,0,2026093672,0.0026965025258932677,162,160,extended,True,gamma,0.0024562525724140245,67307.97408065233,False,0,100,4692027.013894119,,"[1.0499844870562804, -5.826039484436983, 6.764199091553965, -4.637583063336966, 0.9703129237583981, -6.00911843505401, -3.8274273878757388, 0.007303263998090847, -5.202924902006631, -0.09057179252029043]",0,67033.6347369158,False,False
26,0.2,0.003,0.0001,allowed_drift,0,2026093672,0.0026965025258932677,162,160,extended,True,gamma,0.0028537583474200464,5145.632597767562,False,0,100,12665.818885650659,,"[1.0500687185679378, -5.799623164351949, 6.759779671189661, -5.205544467255209, 0.9698083801664192, -5.859118435054009, -3.7531872682346807, 0.00761745680487925, -5.263495209519812, -0.05004735200559022]",0,4871.293254031036,False,False
26,0.2,0.003,0.0001,allowed_drift,0,2026093672,0.0026965025258932677,162,160,extended,True,gamma,0.002970222434936249,480.1898915782154,True,4,44,0.006888384620739348,,"[1.0500676464561962, -5.806589707433943, 6.759827709565955, -5.020876188007923, 0.9695924835372063, -5.819118435054009, -3.6793251847143877, 0.007936246943791508, -5.290788488303264, -0.008192392281983138]",1,205.8505478416884,False,False
26,0.2,0.003,0.0001,allowed_drift,0,2026093672,0.0026965025258932677,162,160,extended,True,gamma,0.003000073666684502,274.3537151315929,True,2,52,4.6379679999404635,,"[1.050071282487506, -5.807543324597703, 6.759634008731602, -4.998214358477447, 0.969586642754023, -5.8091184350540095, -3.665680595426373, 0.007996435377680916, -5.297404671766376, -0.00030161323719665967]",1,0.014371395065893466,True,False
26,0.2,0.003,0.0001,allowed_drift,0,2026093672,0.0026965025258932677,162,160,extended,True,gamma,0.0030302249082994935,477.5450297326689,True,3,81,0.04741692364469252,,"[1.050076939026867, -5.809330328720523, 6.759332202982814, -4.957125035285138, 0.9695901506912752, -5.79911843505401, -3.654522925139674, 0.008045973443724343, -5.304630080004461, 0.006185399792384372]",1,203.20568599614194,False,False
26,0.2,0.003,0.0001,allowed_drift,0,2026093672,0.0026965025258932677,162,160,extended,True,gamma,0.0031538907327842546,5636.807983227335,True,2,89,96.64079156646642,,"[1.0501194514587413, -5.823182583680594, 6.757061032546543, -4.687577134198771, 0.9696156076067632, -5.75911843505401, -3.6345104121965806, 0.008136099076504042, -5.338818670416115, 0.017857063505784004]",1,5362.4686394908085,False,False
26,0.2,0.003,0.0001,allowed_drift,0,2026093672,0.0026965025258932677,162,160,extended,True,gamma,0.003664298251172146,100411.68739627546,True,2,77,1.6266811088522832,,"[1.050384028814572, -5.901038998992047, 6.742881402587158, -3.8717773887727893, 0.9696358989482392, -5.609118435054009, -3.625656704158789, 0.00818045674087068, -5.506221092627357, 0.022684759828123187]",1,100137.34805253893,False,False
26,0.2,0.003,0.0001,allowed_drift,0,2026093672,0.0026965025258932677,162,160,extended,True,gamma,0.006041406468896797,2083550.1595051226,True,2,55,158.24089321290424,log_gr,"[1.0524658789271684, -6.240959206180129, 6.633282466003923, -2.813410716761829, 0.96972470571102, -5.109118435054009, -3.6012938082735055, 0.00830824321241233, -7.0574401016276775, 0.03413310783853071]",1,2083275.8201613862,False,False
26,0.2,0.003,0.0001,allowed_drift,0,2026093672,0.0026965025258932677,162,160,extended,True,gamma,0.02216771262405636,902521826.0398784,False,0,100,81432902.71349475,,"[1.0430699876680096, -5.767339989419958, 7.155283560037685, -8.254476701437477, 0.9879509947300431, -3.8091184350540095, -3.7198541090272457, -0.02583308836023158, -9.202785025314322, -0.03864901960630324]",0,902521551.7005346,False,False
26,0.2,0.003,0.0001,allowed_drift,0,2026093672,0.0026965025258932677,162,160,extended,True,gamma,0.029999999999999995,1221617303.826857,False,0,100,30628821.06645442,log_gd,"[1.0469077195112322, -5.769399011030433, 6.931762100587477, -7.415011879643171, 1.0014579683515523, -3.506557897319982, -3.7639466723930277, -0.04830204115794526, -9.197361777154374, -0.0387153138576878]",0,1221617029.4875133,False,False
30,0.2,0.003,0.001,zero_drift,0,2026093820,0.026965025258932674,162,160,unchanged,True,omega,0.85,26048205.730737597,False,0,100,42230.11444190253,remote_sq;omega_d,"[1.1492672242314947, -5.791176598774334, 4.000000054531047, -6.794317333901698, 0.85, -4.913553070810575, -2.7482681980448223]",1,26047895.185700428,False,False
30,0.2,0.003,0.001,zero_drift,0,2026093820,0.026965025258932674,162,160,unchanged,True,omega,0.8895848614917065,30122975.898087338,True,2,56,1908.808587016033,remote_sq;log_gr,"[1.1492765619677041, -5.782291860933288, 4.000000000000088, -9.210340364296583, 0.8895848614917065, -4.386323288397714, -2.9460899022204177]",2,30122665.35305017,False,False
30,0.2,0.003,0.001,zero_drift,0,2026093820,0.026965025258932674,162,160,unchanged,True,omega,0.9495848614917064,29017887.650673147,True,2,86,534.8178509956612,remote_sq;log_gr,"[0.9980783000089415, -5.768646718027155, 11.999999887593068, -9.21034037197618, 0.9495848614917064, -3.7838948542904305, -3.5317759573525125]",1,29017577.10563598,False,False
30,0.2,0.003,0.001,zero_drift,0,2026093820,0.026965025258932674,162,160,unchanged,True,omega,0.9645848614917064,8720611.675231181,True,2,80,9132.795028386568,remote_sq;log_gr,"[0.9984504488987952, -5.860503840011358, 11.999999984559505, -2.813410716760037, 0.9645848614917064, -5.26240909715431, -3.7001071148174556]",1,8720301.130194012,False,False
30,0.2,0.003,0.001,zero_drift,0,2026093820,0.026965025258932674,162,160,unchanged,True,omega,0.9685848614917064,457106.09291023016,False,0,100,4647.164151121649,log_gr,"[1.007635567728751, -5.910464570668537, 10.440942652490365, -2.813410716760037, 0.9685848614917064, -5.774543300711062, -3.6807683483666436]",0,456795.54787306173,False,False
30,0.2,0.003,0.001,zero_drift,0,2026093820,0.026965025258932674,162,160,unchanged,True,omega,0.9694848614917064,4685.7538060925235,True,2,32,2.2763481381519415,,"[1.043675778309927, -5.85068733131549, 7.119939769967453, -4.187271358670672, 0.9694848614917064, -5.807077455598524, -3.6676882207334067]",1,4375.208768924108,False,False
30,0.2,0.003,0.001,zero_drift,0,2026093820,0.026965025258932674,162,160,unchanged,True,omega,0.9695748614917065,354.0711525618626,True,2,10,0.038598022145154856,,"[1.049701542344949, -5.801809401003555, 6.779407248188959, -5.137444709175808, 0.9695748614917065, -5.809309418485454, -3.665329166815677]",1,43.52611539344667,False,False
30,0.2,0.003,0.001,zero_drift,0,2026093820,0.026965025258932674,162,160,unchanged,True,omega,0.9695848614917064,310.54503716841174,True,2,6,0.003534678791316832,,"[1.05038713398994, -5.797196771131714, 6.743022596612425, -5.285600828645532, 0.9695848614917064, -5.809539438256026, -3.6650549745688266]",1,-4.206412995699793e-12,True,False
30,0.2,0.003,0.001,zero_drift,0,2026093820,0.026965025258932674,162,160,unchanged,True,omega,0.9695948614917064,354.01760624165826,True,2,12,0.013805403507356387,,"[1.0510758937010745, -5.792728864328128, 6.70692328713118, -5.450494480671791, 0.9695948614917064, -5.809766054828267, -3.664778307726506]",1,43.47256907324231,False,False
30,0.2,0.003,0.001,zero_drift,0,2026093820,0.026965025258932674,162,160,unchanged,True,omega,0.9696848614917064,4634.04146739092,True,2,54,0.025494699333077357,log_gr,"[1.0574119079180737, -5.766702764066156, 6.394769082814847, -9.210340371976173, 0.9696848614917064, -5.811542730484392, -3.66217498355631]",1,4323.496430222504,False,False
30,0.2,0.003,0.001,zero_drift,0,2026093820,0.026965025258932674,162,160,unchanged,True,omega,0.9705848614917064,400072.0365926997,False,0,100,2794.7131702955676,log_gr,"[1.1296121076633312, -5.76738192187847, 4.314610247249979, -9.210340371976079, 0.9705848614917064, -5.820111041765953, -3.624842707934143]",1,399761.4915555313,False,False
30,0.2,0.003,0.001,zero_drift,0,2026093820,0.026965025258932674,162,160,unchanged,True,omega,0.9745848614917064,7672969.765247167,True,2,72,565.5291519053525,log_gb;remote_sq,"[1.1486295253457441, -9.21034037184588, 4.000000000000003, -3.110733193003687, 0.9745848614917064, -5.326265442638266, -3.5851906370196467]",2,7672659.220209999,False,False
30,0.2,0.003,0.001,zero_drift,0,2026093820,0.026965025258932674,162,160,unchanged,True,omega,0.9895848614917064,21220814.017196707,True,2,74,11428.782892859848,log_gb;remote_sq,"[1.1490205368584592, -9.210340371975974, 4.0000000000000835, -3.1228026532847046, 0.9895848614917064, -4.779254813469342, -3.402085810053236]",2,21220503.47215954,False,False
30,0.2,0.003,0.001,zero_drift,0,2026093820,0.026965025258932674,162,160,unchanged,True,omega,1.0495848614917065,20436207.518290102,True,2,91,1327.434335414499,log_gb;remote_sq,"[1.149102284997531, -9.210340371294961, 4.000000000000527, -3.1263821542384744, 1.0495848614917065, -4.759874135716891, -2.916562216391854]",1,20435896.973252933,False,False
30,0.2,0.003,0.001,zero_drift,0,2026093820,0.026965025258932674,162,160,unchanged,True,omega,1.1,18732599.538389068,False,0,100,32665.125584103964,remote_sq;omega_d,"[1.1492238805551314, -6.615168926972303, 4.000002721409212, -3.6417548509057966, 1.1, -4.741943674909528, -2.6248014341687456]",0,18732288.9933519,False,False
30,0.2,0.003,0.001,zero_drift,0,2026093820,0.026965025258932674,162,160,unchanged,True,gamma,0.00010000000000000009,6705190.310812033,False,0,100,27122.192767442586,log_gr;log_gd,"[1.1148007690387938, -5.466219082303184, 4.60306150630418, -9.21034037197618, 0.9697448215404394, -9.210340371976182, -3.6364441115934936]",0,6704879.765774865,False,False
30,0.2,0.003,0.001,zero_drift,0,2026093820,0.026965025258932674,162,160,unchanged,True,gamma,0.00040584492143192527,5248129.832267894,True,2,81,18632.948334456676,log_gr,"[1.1272581645842379, -5.523102321839693, 4.359530059262316, -9.21034037197618, 0.9697610055471594, -7.809539438246926, -3.6300184693296216]",1,5247819.287230726,False,False
30,0.2,0.003,0.001,zero_drift,0,2026093820,0.026965025258932674,162,160,unchanged,True,gamma,0.001489165417780357,1512525.826309816,True,2,81,3236.402828147728,log_gr,"[1.1280805839292518, -5.67592519385846, 4.344942953110032, -9.21034037197618, 0.9697231537902348, -6.509539438246926, -3.6304232674129717]",1,1512215.2812726477,False,False
30,0.2,0.003,0.001,zero_drift,0,2026093820,0.026965025258932674,162,160,unchanged,True,gamma,0.0024552186998855175,160394.2356099708,True,2,59,142.17310726095164,log_gr,"[1.0859706199946964, -5.745070079320236, 5.327701239355778, -9.21034037197618, 0.9696257269764322, -6.009539438246926, -3.6514546877191707]",1,160083.69057280238,False,False
30,0.2,0.003,0.001,zero_drift,0,2026093820,0.026965025258932674,162,160,unchanged,True,gamma,0.002852557158913811,10844.605989290578,True,3,43,0.8088869162916946,log_gr,"[1.0608693414854942, -5.761673756353319, 6.23945649736572, -9.210340328561234, 0.96959433204346, -5.859539438246926, -3.661435553699195]",1,10534.060952122161,False,False
30,0.2,0.003,0.001,zero_drift,0,2026093820,0.026965025258932674,162,160,unchanged,True,gamma,0.002968972224997123,724.3141772637022,True,2,59,0.0005020125675136649,log_gr,"[1.0525471128608561, -5.765663526215641, 6.631587566795982, -9.210340371976176, 0.9695869760027006, -5.819539438246926, -3.664334453439457]",1,413.7691400952862,False,False
30,0.2,0.003,0.001,zero_drift,0,2026093820,0.026965025258932674,162,160,unchanged,True,gamma,0.002998810891926598,310.5450371684063,True,4,7,0.0037684655035734376,,"[1.0503871340179995, -5.797196771603676, 6.74302259513741, -5.285600814263312, 0.9695848614915678, -5.809539438246926, -3.6650549745601526]",1,-9.663381206337363e-12,True,False
30,0.2,0.003,0.001,zero_drift,0,2026093820,0.026965025258932674,162,160,unchanged,True,gamma,0.0030289494424442826,726.6704114136098,True,2,20,0.005129567520411753,,"[1.0481789054913189, -5.838652202821334, 6.861496761305881, -4.434003326967574, 0.9695827017848485, -5.799539438246926, -3.66577872033323]",1,416.1253742451939,False,False
30,0.2,0.003,0.001,zero_drift,0,2026093820,0.026965025258932674,162,160,unchanged,True,gamma,0.0031525632141800363,10856.718873413345,True,2,52,0.7307569154911927,,"[1.0386771215841355, -6.06261501771984, 7.430704577806718, -2.9565839718328415, 0.969574383170036, -5.759539438246926, -3.66874725029314]",1,10546.173836244929,False,False
30,0.2,0.003,0.001,zero_drift,0,2026093820,0.026965025258932674,162,160,unchanged,True,gamma,0.003662755894599906,187113.08487721463,False,0,100,100820.1995354855,log_gr,"[1.0104900105829553, -5.947411011191633, 10.029757698903726, -2.813410716760037, 0.9695713886964622, -5.609539438246926, -3.6757012847440422]",0,186802.5398400462,False,False
30,0.2,0.003,0.001,zero_drift,0,2026093820,0.026965025258932674,162,160,unchanged,True,gamma,0.0060388635528091416,2665993.1329210545,True,2,86,8088.040015641359,remote_sq;log_gr,"[0.9979451462438788, -5.918217950062746, 11.99999999999987, -2.813410716760037, 0.9696361133804109, -5.109539438246926, -3.675788659297118]",1,2665682.587883886,False,False
30,0.2,0.003,0.001,zero_drift,0,2026093820,0.026965025258932674,162,160,unchanged,True,gamma,0.02215838191052989,19503874.55557656,False,0,100,133679.68827596086,,"[1.0462124692647896, -5.819361427890028, 6.970625973998362, -5.190792246247389, 0.9706719388860261, -3.809539438246926, -3.6269533989099934]",1,19503564.01053939,False,False
30,0.2,0.003,0.001,zero_drift,0,2026093820,0.026965025258932674,162,160,unchanged,True,gamma,0.029999999999999995,23614370.292843472,False,0,100,110595.61173462006,log_gd,"[1.047319324498734, -5.811881038350401, 6.90844138005187, -5.230619901286537, 0.9715742724155364, -3.506557897319982, -3.5956640818415972]",1,23614059.747806303,False,False
30,0.2,0.003,0.001,zero_drift,0,2026093820,0.026965025258932674,162,160,drift_aware,True,omega,0.85,25490747.164719574,True,2,93,31.706194535337318,remote_sq;log_gr;omega_d;log_t;log_gb_signal,"[1.1492737019578179, -5.767863833826887, 4.000000000010479, -9.210340364511813, 0.85, -4.504246074551539, -2.525728644308256, -0.04206328532547521, -9.210340371974066]",2,25490437.301956147,False,False
30,0.2,0.003,0.001,zero_drift,0,2026093820,0.026965025258932674,162,160,drift_aware,True,omega,0.8895994074887095,26962809.06145573,False,0,100,10454265.371780936,log_gr;drift_u;log_gb_signal,"[1.148337286046662, -5.7678676533084, 4.013772178477323, -9.210339872537988, 0.8895994074887095, -3.969821605714591, -3.288909658512464, 0.049999999999999996, -9.210340360891957]",1,26962499.198692303,False,False
30,0.2,0.003,0.001,zero_drift,0,2026093820,0.026965025258932674,162,160,drift_aware,True,omega,0.9495994074887094,1190669.2416240124,True,2,69,74.49091084382488,log_gr,"[1.0619603789403442, -6.354300673435433, 6.189415743601019, -2.8134107167600484, 0.9495994074887094, -8.83711560852381, -3.723107273910227, 0.03940119108244219, -5.3591086217369845]",2,1190359.3788605854,False,False
30,0.2,0.003,0.001,zero_drift,0,2026093820,0.026965025258932674,162,160,drift_aware,True,omega,0.9645994074887094,89032.34723050763,True,2,50,28.93997310340185,log_gr,"[1.05960886759237, -6.324135551099188, 6.292790569283625, -2.813410716760037, 0.9645994074887094, -6.7339347674544525, -3.666651020156678, 0.00988392919505116, -5.622392301232725]",2,88722.48446708072,False,False
30,0.2,0.003,0.001,zero_drift,0,2026093820,0.026965025258932674,162,160,drift_aware,True,omega,0.9685994074887094,3484.973220494459,True,2,32,0.026644026778357588,log_gr,"[1.0516276716642157, -6.231983534645395, 6.676140625810276, -2.813410716760037, 0.9685994074887094, -5.825539151068291, -3.664863427424458, 0.0019492538796105415, -6.211322007322146]",1,3175.110457067559,False,False
30,0.2,0.003,0.001,zero_drift,0,2026093820,0.026965025258932674,162,160,drift_aware,True,omega,0.9694994074887094,340.4914073129623,True,2,27,0.009903158970023107,,"[1.0503217640249332, -5.836150815838993, 6.746400361100952, -4.493673974591813, 0.9694994074887094, -5.808284120412839, -3.665075361195702, 0.0001687393310602653, -5.837541926454809]",1,30.628643886062264,False,False
30,0.2,0.003,0.001,zero_drift,0,2026093820,0.026965025258932674,162,160,drift_aware,True,omega,0.9695894074887095,310.1690792934826,True,2,6,0.0005504883879642722,,"[1.0503864683896986, -5.795126517159926, 6.7430606926741525, -5.353164531541617, 0.9695894074887095, -5.808498256663425, -3.6650528469364345, -9.102987648610807e-06, -5.796178657117609]",1,0.3063158665825654,True,False
30,0.2,0.003,0.001,zero_drift,0,2026093820,0.026965025258932674,162,160,drift_aware,True,omega,0.9695994074887094,309.8627634269,True,3,7,0.0014730368472503843,,"[1.050393926163989, -5.790674698353494, 6.7426724166452825, -5.516852691024371, 0.9695994074887094, -5.80852424400932, -3.6650504875835916, -2.8865471970908477e-05, -5.791688895845471]",1,0.0,True,False
30,0.2,0.003,0.001,zero_drift,0,2026093820,0.026965025258932674,162,160,drift_aware,True,omega,0.9696094074887094,310.16907811790986,True,2,13,0.0003091452367224357,,"[1.0504014355780376, -5.7862433578393135, 6.742280814508427, -5.712587755589514, 0.9696094074887094, -5.8085506669486175, -3.665048157305901, -4.862840636397558e-05, -5.787219563885898]",1,0.3063146910098453,True,False
30,0.2,0.003,0.001,zero_drift,0,2026093820,0.026965025258932674,162,160,drift_aware,True,omega,0.9696994074887094,346.3275300117975,True,2,40,0.0007716517094776933,log_gr,"[1.0504685118568633, -5.766591588257499, 6.738762077691675, -9.210340371976146, 0.9696994074887094, -5.809502112253768, -3.6650311866317336, -0.00022657201846002458, -5.7662987635575504]",2,36.46476658489746,False,False
30,0.2,0.003,0.001,zero_drift,0,2026093820,0.026965025258932674,162,160,drift_aware,True,omega,0.9705994074887094,5631.024611945126,True,2,19,0.030638148689433122,log_gr,"[1.0510455557039384, -5.766597961593219, 6.708606339342073, -9.21034037197618, 0.9705994074887094, -5.912203017446102, -3.665257054806147, -0.002015178759291064, -5.670065779234805]",1,5321.161848518226,False,False
30,0.2,0.003,0.001,zero_drift,0,2026093820,0.026965025258932674,162,160,drift_aware,True,omega,0.9745994074887094,94072.90178706707,True,2,71,0.34450578630065953,log_gr,"[1.0553068433297528, -5.7666456945368045, 6.495267439587605, -9.210340371976146, 0.9745994074887094, -7.054408028315118, -3.6686271897032707, -0.01002554455482174, -5.231187295338113]",2,93763.03902364016,False,False
30,0.2,0.003,0.001,zero_drift,0,2026093820,0.026965025258932674,162,160,drift_aware,True,omega,0.9895994074887094,1259035.56819558,True,2,77,4.647499112936131,log_gr,"[1.0829729475104215, -5.766980104324005, 5.419687232743211, -9.210340371839726, 0.9895994074887094, -8.66958220565598, -3.719786151392014, -0.04077074351720499, -5.096552386096535]",2,1258725.705432153,False,False
30,0.2,0.003,0.001,zero_drift,0,2026093820,0.026965025258932674,162,160,drift_aware,True,omega,1.0495994074887094,18892012.08605754,True,2,79,1007.4011631489235,remote_sq;log_gr;drift_u;log_gb_signal,"[1.1492706926321952, -5.767861975106453, 4.000000000030747, -9.210340371906442, 1.0495994074887094, -4.030959310756728, -3.2601871249954812, -0.04999999999985467, -9.210340371974848]",2,18891702.223294113,False,False
30,0.2,0.003,0.001,zero_drift,0,2026093820,0.026965025258932674,162,160,drift_aware,True,omega,1.1,18375641.744036794,True,2,75,3.7161900666948924,remote_sq;log_gr;omega_d;log_t;log_gb_signal,"[1.149273702042732, -5.767863833120568, 4.000000000000001, -9.210340371955633, 1.1, -4.242812819367416, -2.525728644308256, 0.017244711830389284, -9.210340371976178]",2,18375331.881273367,False,False
30,0.2,0.003,0.001,zero_drift,0,2026093820,0.026965025258932674,162,160,drift_aware,True,gamma,0.00010000000000000009,25158.679327459187,True,2,18,7.427425760959196,log_gd,"[1.0500368154575224, -5.836780942921496, 6.7614460734430155, -4.479868469711484, 0.9695952130648388, -9.210340371976182, -3.6665370565084823, -5.954118008414649e-05, -5.134829584945555]",2,24848.816564032288,False,False
30,0.2,0.003,0.001,zero_drift,0,2026093820,0.026965025258932674,162,160,drift_aware,True,gamma,0.00040625714206412634,20195.10290613913,True,2,19,5.417363006424412,,"[1.0499780643976444, -5.829671444995539, 6.7645736001866545, -4.58110973149484, 0.9695981580248649, -7.80852424400932, -3.666531846658313, -6.471398346945597e-05, -5.1859469856575]",2,19885.24014271223,False,False
30,0.2,0.003,0.001,zero_drift,0,2026093820,0.026965025258932674,162,160,drift_aware,True,gamma,0.0014906779775724164,7054.923448285469,True,2,29,2.8424719085351224,,"[1.049953680900105, -5.807321230259999, 6.765904826936507, -5.001803003270269, 0.9696038476452625, -6.50852424400932, -3.666225153691393, -6.706384637349023e-05, -5.392764042125912]",2,6745.060684858569,False,False
30,0.2,0.003,0.001,zero_drift,0,2026093820,0.026965025258932674,162,160,drift_aware,True,gamma,0.0024577124893878917,1184.7786587915873,True,3,22,0.7024215196584099,,"[1.0501722474209612, -5.794084052313273, 6.754353804120357, -5.3851834975709885, 0.9696026410970302, -6.00852424400932, -3.665573459505216, -4.811687017851082e-05, -5.627038108556769]",1,874.9158953646872,False,False
30,0.2,0.003,0.001,zero_drift,0,2026093820,0.026965025258932674,162,160,drift_aware,True,gamma,0.0028554545289518254,373.204015839462,True,2,10,0.0058524297203478085,,"[1.050327347473942, -5.791261476590525, 6.746176273010414, -5.492450488059588, 0.9696004547336723, -5.8585242440093195, -3.665202235456446, -3.4644410543833395e-05, -5.74435068323351]",1,63.34125241256197,False,False
30,0.2,0.003,0.001,zero_drift,0,2026093820,0.026965025258932674,162,160,drift_aware,True,gamma,0.0029719878389495107,312.49936991551084,True,2,5,0.00042987321169582287,,"[1.050379925720068, -5.790773951998649, 6.743408892219485, -5.51263647922379, 0.9695996313427249, -5.8185242440093194, -3.6650821078969775, -3.0079490860312203e-05, -5.781827494177242]",1,2.6366064886108234,True,False
30,0.2,0.003,0.001,zero_drift,0,2026093820,0.026965025258932674,162,160,drift_aware,True,gamma,0.0030018568133030684,309.8627634269,True,3,8,0.0014730368472503843,,"[1.050393926163989, -5.790674698353494, 6.7426724166452825, -5.516852691024371, 0.9695994074887094, -5.80852424400932, -3.6650504875835916, -2.8865471970908477e-05, -5.791688895845471]",1,0.0,True,False
30,0.2,0.003,0.001,zero_drift,0,2026093820,0.026965025258932674,162,160,drift_aware,True,gamma,0.003032025975839512,312.55265753594745,True,2,5,0.00719014758303218,,"[1.0504082817496796, -5.790585317501507, 6.741917442685007, -5.5206949978361335, 0.9695991760434561, -5.79852424400932, -3.6650182065514993, -2.7620979676439286e-05, -5.801759865941134]",1,2.6898941090474295,True,False
30,0.2,0.003,0.001,zero_drift,0,2026093820,0.026965025258932674,162,160,drift_aware,True,gamma,0.003155765303284954,379.8705703057696,True,2,7,0.008962194915077572,,"[1.050469424670834, -5.790337092831521, 6.73870396521057, -5.53182058393348, 0.9695981684315772, -5.75852424400932, -3.6648821970784518, -2.2320320692170573e-05, -5.8442835247189615]",1,70.00780687886959,False,False
30,0.2,0.003,0.001,zero_drift,0,2026093820,0.026965025258932674,162,160,drift_aware,True,gamma,0.0036664761913702665,1615.438655499952,True,2,18,0.577741631374946,,"[1.0507601550963874, -5.791412643982376, 6.72347080612612, -5.49440048289658, 0.9695930638964219, -5.6085242440093195, -3.664259516616379, 2.7999103431718816e-06, -6.0445285727959925]",1,1305.5758920730518,False,False
30,0.2,0.003,0.001,zero_drift,0,2026093820,0.026965025258932674,162,160,drift_aware,True,gamma,0.006044997285227752,30342.14978362174,True,2,24,0.9523608006027551,log_gr;log_gb_signal,"[1.0422847970700426, -5.766503651172225, 7.203098675736387, -9.21034037197618, 0.969714520745056, -5.1085242440093195, -3.6636088842404955, -0.00015858149555845428, -9.21034037197618]",1,30032.28702019484,False,False
30,0.2,0.003,0.001,zero_drift,0,2026093820,0.026965025258932674,162,160,drift_aware,True,gamma,0.022180888394453563,15499382.406202288,False,0,100,319232.5825666727,log_gb_signal,"[1.043733970471655, -5.7671442879709165, 7.11465844260294, -8.434470652772474, 0.9966545157223874, -3.8085242440093197, -3.723162431284193, -0.049790333510860936, -9.209804876624249]",0,15499072.543438861,False,False
30,0.2,0.003,0.001,zero_drift,0,2026093820,0.026965025258932674,162,160,drift_aware,True,gamma,0.029999999999999995,19816115.300332487,False,0,100,589255.7604158926,log_gd;drift_u;log_gb_signal,"[1.0403967296565586, -5.766937387910213, 7.319388784660537, -8.553335415859047, 1.000144988133758, -3.506557897319982, -3.6803538098260353, -0.049999999753028775, -9.210335969889254]",0,19815805.43756906,False,False
30,0.2,0.003,0.001,zero_drift,0,2026093820,0.026965025258932674,162,160,extended,True,omega,0.85,25429566.94235735,True,2,65,9.52792940412515,remote_sq;log_gr;omega_d;log_t;drift_u;log_gb_signal,"[1.1492705286441856, -5.767861863317232, 4.000000000000001, -9.210340280257748, 0.85, -4.542264917850138, -2.525728644308256, -0.049999999999999996, -9.21034037196996, -0.019210495023642016]",2,25429257.195128396,False,False
30,0.2,0.003,0.001,zero_drift,0,2026093820,0.026965025258932674,162,160,extended,True,omega,0.8900140487693678,26940920.57342717,True,2,76,708.1239437063865,remote_sq;log_gr;drift_u;log_gb_signal,"[1.1492900159276356, -5.767866771059862, 4.000000008985586, -9.210339106228993, 0.8900140487693678, -3.970138562469012, -3.4972955693447045, 0.049999999999999996, -9.210340371976034, -0.07073920750684161]",2,26940610.826198217,False,False
30,0.2,0.003,0.001,zero_drift,0,2026093820,0.026965025258932674,162,160,extended,True,omega,0.9500140487693678,1143179.2572515537,True,2,67,165.08359238993424,log_gr,"[1.061741735348469, -6.351432101506752, 6.198859090365756, -2.813410717742153, 0.9500140487693678, -8.604488412382599, -3.7113726203447004, 0.03863491811463591, -5.367141331419359, 0.004786952839413306]",2,1142869.5100225986,False,False
30,0.2,0.003,0.001,zero_drift,0,2026093820,0.026965025258932674,162,160,extended,True,omega,0.9650140487693678,71594.14456636304,True,2,85,17.618640855036166,log_gr,"[1.0601895605693195, -6.3314461889776155, 6.266886492663293, -2.813410716760037, 0.9650140487693678, -6.258731604570862, -3.609041796238228, 0.009525433609323345, -5.857702289849267, 0.030599747556190538]",1,71284.39733740779,False,False
30,0.2,0.003,0.001,zero_drift,0,2026093820,0.026965025258932674,162,160,extended,True,omega,0.9690140487693678,1357.7339684126596,True,2,84,0.38922793700114194,,"[1.0500318633219003, -6.06834840560264, 6.760581309605061, -3.1403442713610423, 0.9690140487693678, -5.8077895183793595, -3.662358048763295, 0.001140598863371675, -6.071333072474661, 0.001676796877376854]",1,1047.986739457413,False,False
30,0.2,0.003,0.001,zero_drift,0,2026093820,0.026965025258932674,162,160,extended,True,omega,0.9699140487693678,309.8578558150119,True,2,26,0.01992551369906977,,"[1.0504789013260647, -5.782490158192928, 6.738211647470844, -5.917000118618681, 0.9699140487693678, -5.808565511706308, -3.7697718163628005, -0.00048532883112056716, -5.783341525271939, -0.0591912583207933]",1,0.11062685976531839,True,False
30,0.2,0.003,0.001,zero_drift,0,2026093820,0.026965025258932674,162,160,extended,True,omega,0.9700040487693679,309.82604295593757,True,2,11,0.0002436465688377272,,"[1.0504898446944817, -5.782713448536993, 6.737636807552429, -5.903873003474225, 0.9700040487693679, -5.808573182133662, -3.7844038753813507, -0.0005459097170773599, -5.783536670330767, -0.06722001429606338]",2,0.07881400069101119,True,False
30,0.2,0.003,0.001,zero_drift,0,2026093820,0.026965025258932674,162,160,extended,True,omega,0.9700140487693678,309.8230848501736,True,2,3,0.002389357948002952,,"[1.0504909892245886, -5.78273419106834, 6.737576694965133, -5.90266499389634, 0.9700140487693678, -5.808573937098015, -3.7859282353569066, -0.0005522047101210843, -5.783554551398409, -0.06805310265827956]",1,0.07585589492703093,True,False
30,0.2,0.003,0.001,zero_drift,0,2026093820,0.026965025258932674,162,160,extended,True,omega,0.9700240487693678,309.8202207547177,True,2,11,0.00019317522252623352,,"[1.050492122425543, -5.782754406219804, 6.737517178802587, -5.901489495557614, 0.9700240487693678, -5.808574668921376, -3.7874350873799445, -0.0005584247985462312, -5.783571959260593, -0.06887600383396332]",1,0.07299179947113998,True,False
30,0.2,0.003,0.001,zero_drift,0,2026093820,0.026965025258932674,162,160,extended,True,omega,0.9701140487693678,309.798035350326,True,2,14,0.0004672261235055493,,"[1.0505018201288636, -5.782910247089496, 6.737007910954415, -5.892493373041324, 0.9701140487693678, -5.808580720098009, -3.8003043592946715, -0.0006114034502081698, -5.7837041541863154, -0.07587901158029982]",1,0.05080639507946216,True,False
30,0.2,0.003,0.001,zero_drift,0,2026093820,0.026965025258932674,162,160,extended,True,omega,0.9710140487693678,1098.3026294115891,True,2,23,0.04312749274929702,link_l,"[1.052815292891088, -5.8495028229655155, 6.617941203930062, -4.370811059207625, 0.9710140487693678, -5.808438303311894, -3.848405330299696, -0.0018248474862072263, -5.851462747176238, -0.09999999999999999]",1,788.5554004563426,False,False
30,0.2,0.003,0.001,zero_drift,0,2026093820,0.026965025258932674,162,160,extended,True,omega,0.9750140487693678,60090.971972828,True,2,70,0.53309613814701,log_gr;link_l,"[1.0709218696921479, -6.484622005099525, 5.829509251064246, -2.813410716760037, 0.9750140487693678, -5.901032323985944, -3.8761789751117615, -0.009803525013885466, -6.328241157214298, -0.09999999999999999]",2,59781.22474387276,False,False
30,0.2,0.003,0.001,zero_drift,0,2026093820,0.026965025258932674,162,160,extended,True,omega,0.9900140487693678,1142473.951809014,True,2,75,434.51378170764843,log_gr;link_l,"[1.1174429946555016, -8.618110826403734, 4.545348593795268, -2.8134107167600533, 0.9900140487693678, -6.808903815669645, -4.003167145477361, -0.04111966493293336, -6.10213143072236, -0.09999999999999999]",1,1142164.2045800588,False,False
30,0.2,0.003,0.001,zero_drift,0,2026093820,0.026965025258932674,162,160,extended,True,omega,1.0500140487693679,18856436.216439225,True,2,94,362.0878926510027,remote_sq;log_gr;drift_u;log_gb_signal;link_l,"[1.1492699767293946, -5.767861472648803, 4.000000000000027, -9.210340371879003, 1.0500140487693679, -4.0374489531065265, -3.539608832963871, -0.04999999999999675, -9.210340371976157, -0.09999999999983594]",2,18856126.46921027,False,False
30,0.2,0.003,0.001,zero_drift,0,2026093820,0.026965025258932674,162,160,extended,True,omega,1.1,17864415.038833167,True,2,87,3.4323041429988654,remote_sq;log_gr;omega_d;drift_u;log_gb_signal;link_l,"[1.1492786499172039, -5.767865997717067, 4.000000000000001, -9.21034037194555, 1.1, -4.422208010844391, -2.5413492619411606, 0.049999999999999996, -9.21034037197618, -0.09999999999999999]",1,17864105.291604213,False,False
30,0.2,0.003,0.001,zero_drift,0,2026093820,0.026965025258932674,162,160,extended,True,gamma,0.00010000000000000009,25227.7232659069,False,0,100,2974.5503537120585,log_gr;log_gd,"[1.0501663077643533, -5.766588259398914, 6.754681114870993, -9.21034037197618, 0.9703483708832229, -9.210340371976182, -3.8311817569403415, -0.000761323792984806, -5.09986188292976, -0.0919382159593631]",0,24917.976036951655,False,False
30,0.2,0.003,0.001,zero_drift,0,2026093820,0.026965025258932674,162,160,extended,True,gamma,0.0004062370081928659,20234.81417779379,True,2,72,9.059581877587526,log_gr;link_l,"[1.0501497875753663, -5.766588077596901, 6.755553859881669, -9.21034037197618, 0.9704990687559636, -7.808573804664638, -3.846218618755511, -0.0008485299773000882, -5.152637620743182, -0.09999996670656992]",1,19925.066948838543,False,False
30,0.2,0.003,0.001,zero_drift,0,2026093820,0.026965025258932674,162,160,extended,True,gamma,0.0014906041004256944,7052.746104014523,True,2,80,0.02510308561461321,log_gr;link_l,"[1.0500976871418868, -5.766587504204571, 6.758307990457376, -9.21034037197618, 0.970489979767857, -6.508573804664638, -3.845805613168156, -0.000821923999886206, -5.365529970973842, -0.09999999367747849]",1,6742.9988750592765,False,False
30,0.2,0.003,0.001,zero_drift,0,2026093820,0.026965025258932674,162,160,extended,True,gamma,0.0024575906865646722,1184.3129139222076,False,0,100,3058.5389751574194,,"[1.0503008974531702, -5.777043950806499, 6.747578497628777, -6.31144668853927, 0.9703623797227215, -6.008573804664638, -3.83145844713259, -0.0007487070349138526, -5.6124001479223224, -0.09253234794594803]",0,874.565684966961,False,False
30,0.2,0.003,0.001,zero_drift,0,2026093820,0.026965025258932674,162,160,extended,True,gamma,0.0028553130142609483,373.04718900807,False,0,100,744.8022028448172,,"[1.0504541097420284, -5.781534004187039, 6.739514574386368, -5.975745365818669, 0.9703203050868052, -5.858573804664638, -3.8263721954094887, -0.000720942193925149, -5.7348405524966, -0.0898947522914618]",0,63.29996005282345,False,False
30,0.2,0.003,0.001,zero_drift,0,2026093820,0.026965025258932674,162,160,extended,True,gamma,0.002971840548934539,312.37969262989503,False,0,100,3499.338866380636,,"[1.0505143579585332, -5.782909620342422, 6.736349744970014, -5.892757159716207, 0.9704009700337961, -5.818573804664638, -3.83550330134099, -0.0007555558841160488, -5.773783148706367, -0.09480017439184614]",0,2.632463674648477,True,False
30,0.2,0.003,0.001,zero_drift,0,2026093820,0.026965025258932674,162,160,extended,True,gamma,0.0030017080429988368,309.7639811680562,False,0,100,825.4337966645177,,"[1.0505216431492495, -5.783157266131813, 6.735967237356167, -5.8784875086495525, 0.9703212093244806, -5.808573804664638, -3.82639394875113, -0.0007179915962550917, -5.7839229386154605, -0.08993966357050386]",0,0.016752212809649336,True,False
30,0.2,0.003,0.001,zero_drift,0,2026093820,0.026965025258932674,162,160,extended,True,gamma,0.003031875710368865,312.46540662605156,False,0,100,797.4933329954376,,"[1.0505343453433178, -5.783469241324005, 6.735300498556285, -5.8608701727723815, 0.970300433619417, -5.798573804664638, -3.8239330281144097, -0.0007073427993583835, -5.794323318528963, -0.08862821617057752]",0,2.718177670805005,True,False
30,0.2,0.003,0.001,zero_drift,0,2026093820,0.026965025258932674,162,160,extended,True,gamma,0.003155608905364116,379.80954638987623,True,2,74,0.032541186523027274,,"[1.0505759324929351, -5.784814468938759, 6.733118431723747, -5.788176143776332, 0.9700867915334044, -5.758573804664638, -3.796405450674803, -0.0005923579195248973, -5.838242571277621, -0.07380849062221437]",1,70.06231743462968,False,False
30,0.2,0.003,0.001,zero_drift,0,2026093820,0.026965025258932674,162,160,extended,True,gamma,0.0036662944829103455,1611.3656041086822,False,0,100,3728.694576905096,,"[1.0508270947542464, -5.838970184984971, 6.7198998010260675, -4.46444451880107, 0.9696695773138236, -5.608573804664638, -3.7103673509598014, -0.0002287744080468219, -6.10611930286304, -0.026359952838021]",0,1301.6183751534356,False,False
30,0.2,0.003,0.001,zero_drift,0,2026093820,0.026965025258932674,162,160,extended,True,gamma,0.006044697698624814,30144.230724544217,True,2,34,0.01266198779380014,log_gr;log_gb_signal;link_l,"[1.0428583334660713, -5.766509660011621, 7.16814688047958, -9.21034037197618, 0.9704105657866513, -5.108573804664638, -3.8304870091622125, -0.0005566027987792898, -9.21034037197618, -0.09999999999999999]",1,29834.48349558897,False,False
30,0.2,0.003,0.001,zero_drift,0,2026093820,0.026965025258932674,162,160,extended,True,gamma,0.02217978912232974,15467203.462793885,False,0,100,84823.26050954271,drift_u;log_gb_signal,"[1.0421767861144682, -5.7667146867989345, 7.208844031268138, -8.863057983523516, 0.9973713385154606, -3.808573804664638, -3.8800478257536817, -0.049999130876841144, -9.210332124048739, -0.09295548149125928]",0,15466893.715564929,False,False
30,0.2,0.003,0.001,zero_drift,0,2026093820,0.026965025258932674,162,160,extended,True,gamma,0.029999999999999995,19827983.348145444,False,0,100,489159.01122157776,log_gd;drift_u,"[1.0462768544759367, -5.767207499880085, 6.9662187017160155, -8.423205510278667, 1.0002856431397202, -3.506557897319982, -3.8070907946369283, -0.04999231198127605, -9.208696604584189, -0.07530032769133417]",0,19827673.60091649,False,False
32,0.2,0.003,0.001,allowed_drift,0,2026093894,0.026965025258932674,162,160,unchanged,False,omega,0.85,18124534.519849315,True,2,85,4.658333455778947,remote_sq;log_gr;omega_d,"[1.1492695886962456, -5.76860880856945, 4.000000000000001, -9.210340371877551, 0.85, -4.47600038585695, -2.7110682717053884]",2,18040699.345749684,False,False
32,0.2,0.003,0.001,allowed_drift,0,2026093894,0.026965025258932674,162,160,unchanged,False,omega,0.8936328309479618,21230491.75899082,False,0,100,5381418.560397551,log_gr,"[1.1417327260005894, -5.776591913203649, 4.114402832812518, -9.210125958949517, 0.8936328309479618, -4.083683896999978, -2.933174194934969]",1,21146656.58489119,False,False
32,0.2,0.003,0.001,allowed_drift,0,2026093894,0.026965025258932674,162,160,unchanged,False,omega,0.9536328309479617,19034734.455317073,True,2,96,3139.414960753318,remote_sq;log_gr,"[0.9980657951561527, -5.766388677785153, 11.999999992604922, -9.21034037197618, 0.9536328309479617, -3.6979113986238876, -3.565713735911828]",1,18950899.28121744,False,False
32,0.2,0.003,0.001,allowed_drift,0,2026093894,0.026965025258932674,162,160,unchanged,False,omega,0.9686328309479617,4343293.758171967,False,0,100,6360079.946076837,log_gr,"[0.9984460791400435, -5.86784196961294, 11.959275224908701, -2.813410716760037, 0.9686328309479617, -4.980033956337161, -3.6954369795599082]",0,4259458.584072335,False,False
32,0.2,0.003,0.001,allowed_drift,0,2026093894,0.026965025258932674,162,160,unchanged,False,omega,0.9726328309479617,288402.06211845385,True,2,95,308.43053425420953,log_gr,"[1.0231519810591456, -5.765118054480019, 8.654230302792131, -9.21034037197618, 0.9726328309479617, -5.272579978339974, -3.6745078541554403]",1,204566.88801882142,False,False
32,0.2,0.003,0.001,allowed_drift,0,2026093894,0.026965025258932674,162,160,unchanged,False,omega,0.9735328309479617,85896.88847312373,True,2,23,0.8935619823387976,log_gr,"[1.0523030120959254, -5.7658062895521045, 6.6448456002096865, -9.21034037197618, 0.9735328309479617, -5.293930632060268, -3.662513813893034]",1,2061.714373491326,False,False
32,0.2,0.003,0.001,allowed_drift,0,2026093894,0.026965025258932674,162,160,unchanged,False,omega,0.9736228309479618,83855.78916118319,True,2,6,10.502838572828518,log_gr,"[1.0556473469107284, -5.765869578485742, 6.479361464483814, -9.21034037197618, 0.9736228309479618, -5.295084758758949, -3.6610377677111203]",2,20.6150615507795,False,False
32,0.2,0.003,0.001,allowed_drift,0,2026093894,0.026965025258932674,162,160,unchanged,False,omega,0.9736328309479617,83835.17409965105,True,2,4,0.07442870530736805,log_gr,"[1.0560233199831766, -5.765876544034755, 6.461356479879962, -9.210340371194672, 0.9736328309479617, -5.295201946302168, -3.660870313165427]",1,1.8641003407537937e-08,True,False
32,0.2,0.003,0.001,allowed_drift,0,2026093894,0.026965025258932674,162,160,unchanged,False,omega,0.9736428309479617,83855.78568242789,True,2,82,10.332035767995267,log_gr,"[1.0564000430526248, -5.765883497444561, 6.443432683376902, -9.21034037197618, 0.9736428309479617, -5.295316869996877, -3.660702200522005]",2,20.61158279547817,False,False
32,0.2,0.003,0.001,allowed_drift,0,2026093894,0.026965025258932674,162,160,unchanged,False,omega,0.9737328309479617,85895.66592163988,True,2,20,0.8226407129192798,log_gr,"[1.0598283672768232, -5.765945481097048, 6.285518386672991, -9.21034037197618, 0.9737328309479617, -5.296251676288607, -3.659157754236794]",2,2060.491822007476,False,False
32,0.2,0.003,0.001,allowed_drift,0,2026093894,0.026965025258932674,162,160,unchanged,False,omega,0.9746328309479617,287011.44382912165,True,2,42,57.97976625104896,log_gr,"[1.096849571509451, -5.766505230084121, 5.021245555377416, -9.210340369454693, 0.9746328309479617, -5.295729340090251, -3.640620491413481]",2,203176.26972948923,False,False
32,0.2,0.003,0.001,allowed_drift,0,2026093894,0.026965025258932674,162,160,unchanged,False,omega,0.9786328309479617,4057218.655122064,True,2,80,140.14631036175365,remote_sq,"[1.148935764446483, -7.02881387957205, 4.000000000000001, -3.4150000826870244, 0.9786328309479617, -5.016814321796305, -3.587643138695817]",1,3973383.4810224315,False,False
32,0.2,0.003,0.001,allowed_drift,0,2026093894,0.026965025258932674,162,160,unchanged,False,omega,0.9936328309479617,14296087.621119857,True,2,70,3318.728133992241,log_gb;remote_sq,"[1.1490289285767954, -9.210340371974814, 4.000000000044571, -3.120356031493423, 0.9936328309479617, -4.341900660341623, -3.4095145746749984]",1,14212252.447020225,False,False
32,0.2,0.003,0.001,allowed_drift,0,2026093894,0.026965025258932674,162,160,unchanged,False,omega,1.0536328309479617,15797609.4724581,True,2,66,28.90713400747029,log_gb;remote_sq,"[1.149103788200321, -9.210340371747105, 4.000000000000001, -3.120422668003598, 1.0536328309479617, -4.269680350865327, -2.9244378918373033]",1,15713774.298358468,False,False
32,0.2,0.003,0.001,allowed_drift,0,2026093894,0.026965025258932674,162,160,unchanged,False,omega,1.1,15127257.548368922,False,0,100,32181.667384677756,remote_sq;omega_d,"[1.1491180697253092, -8.924803913281549, 4.000000000000001, -3.126273964126035, 1.1, -4.1627054271341715, -2.6564197680847736]",0,15043422.37426929,False,False
32,0.2,0.003,0.001,allowed_drift,0,2026093894,0.026965025258932674,162,160,unchanged,False,gamma,0.00010000000000000009,10720984.614090597,True,2,67,5083.657952796267,remote_sq;log_gr;log_gd,"[1.1492513608505286, -5.425642494190636, 4.000000000000001, -9.21034037197618, 0.9736201438801326, -9.210340371976182, -3.6245099202785105]",1,10637149.439990966,False,False
32,0.2,0.003,0.001,allowed_drift,0,2026093894,0.026965025258932674,162,160,unchanged,False,gamma,0.0006787878351375423,7908501.696225709,True,2,59,5341.249878773187,remote_sq;log_gr,"[1.1492628682745873, -5.51468333102769, 4.000000000000001, -9.21034037197618, 0.9737004876852686, -7.295201945893925, -3.6228699047699666]",1,7824666.522126077,False,False
32,0.2,0.003,0.001,allowed_drift,0,2026093894,0.026965025258932674,162,160,unchanged,False,gamma,0.002490673941490664,2059598.658898089,True,2,91,1274.7602880585873,remote_sq;log_gr,"[1.149282151026715, -5.690875201985786, 4.000000000000014, -9.2103403719745, 0.973849157073844, -5.995201945893925, -3.6179104949310354]",1,1975763.4847984568,False,False
32,0.2,0.003,0.001,allowed_drift,0,2026093894,0.026965025258932674,162,160,unchanged,False,gamma,0.004106427105714185,276535.584924243,True,2,61,281.5425345176167,log_gr,"[1.1003965068477313, -5.750277736891868, 4.933091537412196, -9.21034037197618, 0.9737058817103678, -5.495201945893925, -3.642955666910208]",1,192700.41082461056,False,False
32,0.2,0.003,0.001,allowed_drift,0,2026093894,0.026965025258932674,162,160,unchanged,False,gamma,0.0047709876266863365,96340.57463717772,True,3,48,56.39303321613927,log_gr,"[1.0686060288430643, -5.762395407656928, 5.920787372169588, -9.21034037197618, 0.9736482328533996, -5.345201945893924, -3.6563600965636756]",1,12505.400537545313,False,False
32,0.2,0.003,0.001,allowed_drift,0,2026093894,0.026965025258932674,162,160,unchanged,False,gamma,0.004965695325393711,84339.73142570342,True,2,15,12.548737260417182,log_gr,"[1.0586433314066133, -5.765202520379971, 6.339337840240222, -9.21034037197618, 0.9736357250837281, -5.305201945893924, -3.6599690336123665]",1,504.557326071008,False,False
32,0.2,0.003,0.001,allowed_drift,0,2026093894,0.026965025258932674,162,160,unchanged,False,gamma,0.005015601393102989,83835.17409965144,True,2,4,0.08896773573470905,log_gr,"[1.056023319998156, -5.7658765440673365, 6.461356479206208, -9.210340371190078, 0.9736328309383577, -5.295201945893925, -3.660870313197194]",1,1.9033905118703842e-08,True,False
32,0.2,0.003,0.001,allowed_drift,0,2026093894,0.026965025258932674,162,160,unchanged,False,gamma,0.005066009025131259,84341.82735872419,True,2,15,1.7331723609436347,log_gr,"[1.0533454436439524, -5.7665395075624435, 6.591904307634937, -9.21034037197618, 0.973630035357759, -5.285201945893925, -3.661770830502053]",1,506.6532590917777,False,False
32,0.2,0.003,0.001,allowed_drift,0,2026093894,0.026965025258932674,162,160,unchanged,False,gamma,0.005272756775512492,96600.37195861392,True,2,51,6.0254548380967075,log_gr,"[1.041975693636027, -5.769081361124771, 7.222614092506871, -9.21034037197618, 0.9736199007461003, -5.245201945893925, -3.6653606197748787]",1,12765.197858981512,False,False
32,0.2,0.003,0.001,allowed_drift,0,2026093894,0.026965025258932674,162,160,unchanged,False,gamma,0.006126069375367982,294206.1900993464,False,0,100,585191.4337633076,log_gr,"[1.0052823289770512, -5.777473020956763, 10.75874734748131, -9.21034037197618, 0.9736074732826898, -5.095201945893924, -3.6740622326524384]",0,210371.01599971397,False,False
32,0.2,0.003,0.001,allowed_drift,0,2026093894,0.026965025258932674,162,160,unchanged,False,gamma,0.01010018088495384,2811441.0989069366,False,0,100,791928.5751733532,log_gr,"[1.0002826573280874, -5.9083896284385045, 11.571959766204554, -2.8134131117900023, 0.9737256542905031, -4.595201945893924, -3.6697188435010135]",0,2727605.924807304,False,False
32,0.2,0.003,0.001,allowed_drift,0,2026093894,0.026965025258932674,162,160,unchanged,False,gamma,0.029999999999999995,14229408.79552237,False,0,100,177008.13049805147,log_gd,"[1.052703562397958, -5.778625186980008, 6.623408204307216, -9.073649101876203, 0.9754231777958917, -3.506557897319982, -3.593015776459448]",1,14145573.621422738,False,False
32,0.2,0.003,0.001,allowed_drift,0,2026093894,0.026965025258932674,162,160,drift_aware,True,omega,0.85,17772648.16585801,True,2,99,258.90111046594836,log_gr;omega_d;log_t;log_gb_signal,"[1.1282140710344108, -5.767434020307758, 4.342499994759209, -9.21034037197618, 0.85, -4.214520665034963, -2.525728644308256, -0.03738820457251576, -9.21034037197618]",2,17772330.306423094,False,False
32,0.2,0.003,0.001,allowed_drift,0,2026093894,0.026965025258932674,162,160,drift_aware,True,omega,0.8895825624854057,18644533.662067913,True,2,79,1759.1121577381682,log_gr;drift_u;log_gb_signal,"[1.1340008315783277, -5.767512877289488, 4.24122246364488, -9.21034037197618, 0.8895825624854057, -3.713346021303312, -3.246245220578102, 0.049999999999999996, -9.21034037197618]",2,18644215.802632995,False,False
32,0.2,0.003,0.001,allowed_drift,0,2026093894,0.026965025258932674,162,160,drift_aware,True,omega,0.9495825624854056,981228.3597332955,True,2,45,367.55941150339504,log_gr,"[1.037583262515116, -6.1006457945922055, 7.503069542782567, -2.813410716760037, 0.9495825624854056, -7.609999778208393, -3.742513085066504, 0.0466278967851988, -4.981784301302326]",2,980910.5002983793,False,False
32,0.2,0.003,0.001,allowed_drift,0,2026093894,0.026965025258932674,162,160,drift_aware,True,omega,0.9645825624854056,64880.29777237304,True,2,50,0.09230221832205905,log_gr,"[1.048809581947422, -6.2025663433386145, 6.824950411322506, -2.813410716760037, 0.9645825624854056, -6.407455792493351, -3.6732730115489725, 0.017766481997847534, -5.224898945547235]",2,64562.438337456835,False,False
32,0.2,0.003,0.001,allowed_drift,0,2026093894,0.026965025258932674,162,160,drift_aware,True,omega,0.9685825624854056,2725.3070724388112,True,2,56,0.003780105487071741,log_gr,"[1.0494067391796837, -6.208619520351617, 6.7927795815030345, -2.8134107167601323, 0.9685825624854056, -5.837123059632669, -3.6662548828204793, 0.009960128505952225, -5.498513002126616]",1,2407.447637522609,False,False
32,0.2,0.003,0.001,allowed_drift,0,2026093894,0.026965025258932674,162,160,drift_aware,True,omega,0.9694825624854057,341.62654771607873,True,2,42,0.00045264095840649867,,"[1.0499206770538874, -5.831649924752325, 6.767624616927751, -4.548252891057556, 0.9694825624854057, -5.810192249451105, -3.665261934976978, 0.008205199283918926, -5.310328721568356]",1,23.767112799876486,False,False
32,0.2,0.003,0.001,allowed_drift,0,2026093894,0.026965025258932674,162,160,drift_aware,True,omega,0.9695725624854057,318.0970507460199,True,2,7,0.000584942281868231,,"[1.0500397289025138, -5.792613436800497, 6.761374762087706, -5.430491254610654, 0.9695725624854057, -5.809796228700784, -3.6651621684499034, 0.008029749377758461, -5.287080213192092]",2,0.23761582981762785,True,False
32,0.2,0.003,0.001,allowed_drift,0,2026093894,0.026965025258932674,162,160,drift_aware,True,omega,0.9695825624854056,317.85943491532015,True,2,3,0.00046922055552739634,,"[1.050053184313804, -5.788369506521184, 6.760666066940957, -5.6012347966287015, 0.9695825624854056, -5.809754124794734, -3.6651512240932904, 0.008010252756079772, -5.284529584164969]",1,-8.820961738820188e-10,True,False
32,0.2,0.003,0.001,allowed_drift,0,2026093894,0.026965025258932674,162,160,drift_aware,True,omega,0.9695925624854056,318.09710645935587,True,2,9,0.05992790748071533,,"[1.0500666844664612, -5.784143839597986, 6.759954566583423, -5.807130331467467, 0.9695925624854056, -5.809712371562155, -3.6651403080370466, 0.00799075569475319, -5.281985453649647]",1,0.23767154315362404,True,False
32,0.2,0.003,0.001,allowed_drift,0,2026093894,0.026965025258932674,162,160,drift_aware,True,omega,0.9696825624854056,343.80751697976757,True,2,47,0.0005621480799977847,log_gr,"[1.0502006322529582, -5.766448897416268, 6.75288090562846, -9.210340371976113, 0.9696825624854056, -5.804883024432845, -3.665027570380339, 0.00781555764289765, -5.273990868847824]",1,25.948082063565323,False,False
32,0.2,0.003,0.001,allowed_drift,0,2026093894,0.026965025258932674,162,160,drift_aware,True,omega,0.9705825624854056,3695.9436277775385,True,3,26,0.010183297097045414,log_gr,"[1.0516340363903691, -5.766464644005544, 6.678186236206868, -9.210340371885, 0.9705825624854056, -5.751856100626774, -3.663973665295902, 0.0060636188558688, -5.305542380908932]",1,3378.0841928613363,False,False
32,0.2,0.003,0.001,allowed_drift,0,2026093894,0.026965025258932674,162,160,drift_aware,True,omega,0.9745825624854056,78712.5906408551,True,2,25,1.3215308121691909,log_gr,"[1.0575823564167461, -5.766531382822097, 6.387694298773706, -9.21034037197618, 0.9745825624854056, -6.650132676379525, -3.664220079133119, -0.0018416940361665678, -4.974778108171498]",1,78394.7312059389,False,False
32,0.2,0.003,0.001,allowed_drift,0,2026093894,0.026965025258932674,162,160,drift_aware,True,omega,0.9895825624854057,956250.2587347402,True,2,59,6.451645076602679,log_gr;log_gd,"[1.0854711126643288, -5.766869477698838, 5.3427243033772145, -9.210340361205821, 0.9895825624854057, -9.21034037197618, -3.7011592160495006, -0.031978519662025924, -4.798992935087158]",2,955932.399299824,False,False
32,0.2,0.003,0.001,allowed_drift,0,2026093894,0.026965025258932674,162,160,drift_aware,True,omega,1.0495825624854056,14746145.346655002,True,2,72,366.09190641787893,remote_sq;log_gr;drift_u;log_gb_signal,"[1.1492707524982777, -5.767712755085771, 4.000000000002364, -9.210340371842227, 1.0495825624854056, -3.6684326876833904, -3.2992571014825995, -0.049999999999999996, -9.21034037197618]",2,14745827.487220086,False,False
32,0.2,0.003,0.001,allowed_drift,0,2026093894,0.026965025258932674,162,160,drift_aware,True,omega,1.1,14769237.291355424,True,2,81,13.073902378918788,remote_sq;log_gr;omega_d;log_t;log_gb_signal,"[1.1492739215511736, -5.76771468866535, 4.000000000000001, -9.210340371186549, 1.1, -3.9333200654680027, -2.525728644308256, 0.022624264982763174, -9.210340371976072]",2,14768919.431920508,False,False
32,0.2,0.003,0.001,allowed_drift,0,2026093894,0.026965025258932674,162,160,drift_aware,True,gamma,0.00010000000000000009,24223.440808141906,True,4,28,0.011560272701096998,log_gr;log_gd,"[1.0497215759134666, -5.766443664848955, 6.778280014039816, -9.210340371440175, 0.9695437443272749, -9.210340371976182, -3.6666232499111326, 0.008053905545244974, -4.816218018631204]",2,23905.581373225705,False,False
32,0.2,0.003,0.001,allowed_drift,0,2026093894,0.026965025258932674,162,160,drift_aware,True,gamma,0.0004057578208133913,19380.64757507281,True,3,33,0.1719205520092796,log_gr,"[1.0495635414508477, -5.766441942041365, 6.78670761275643, -9.210340371194524, 0.9694557185561016, -7.809754076799347, -3.6667092924715985, 0.008227591267240925, -4.855747976998476]",1,19062.78814015661,False,False
32,0.2,0.003,0.001,allowed_drift,0,2026093894,0.026965025258932674,162,160,drift_aware,True,gamma,0.0014888458197710227,6588.338662485298,True,2,27,0.0040888654835535,log_gr,"[1.0494171704610638, -5.766440347839169, 6.7945349606909655, -9.210340371976166, 0.9693495710791373, -6.509754076799347, -3.6665233750797106, 0.008443587240813871, -5.009495007598038]",1,6270.479227569096,False,False
32,0.2,0.003,0.001,allowed_drift,0,2026093894,0.026965025258932674,162,160,drift_aware,True,gamma,0.0024546917718494547,1086.0631574676204,True,2,39,0.001356528427608917,log_gr,"[1.0497460960185054, -5.766443932304047, 6.7769745926125635, -9.210340371975223, 0.9694772737258478, -6.009754076799347, -3.6657616296338924, 0.008206362324327107, -5.169101289319556]",1,768.2037225514182,False,False
32,0.2,0.003,0.001,allowed_drift,0,2026093894,0.026965025258932674,162,160,drift_aware,True,gamma,0.00285194495587806,368.62073510924574,True,2,57,0.0011139338677577252,log_gr,"[1.0499757439258792, -5.766446439148884, 6.764776689576974, -9.210340371975594, 0.9695649274147743, -5.859754076799347, -3.665315273269147, 0.00804193185958725, -5.242711999773584]",1,50.761300193043496,False,False
32,0.2,0.003,0.001,allowed_drift,0,2026093894,0.026965025258932674,162,160,drift_aware,True,gamma,0.00296833503748152,319.8916871699913,True,2,26,0.060192039715513054,,"[1.0500402982320503, -5.779697537253453, 6.761353659750668, -6.082784931387459, 0.9695822042955365, -5.819754076799347, -3.6651821415483234, 0.00801038124536264, -5.27334612733043]",1,2.0322522537890677,True,False
32,0.2,0.003,0.001,allowed_drift,0,2026093894,0.026965025258932674,162,160,drift_aware,True,gamma,0.002998167300569999,317.85943491584567,True,2,7,0.00044302081670701053,,"[1.0500531845309542, -5.788369465228005, 6.76066605547919, -5.601236613018822, 0.9695825626828948, -5.809754076799347, -3.665151223768975, 0.008010252373214337, -5.284529587778559]",1,-3.565787665138487e-10,True,False
32,0.2,0.003,0.001,allowed_drift,0,2026093894,0.026965025258932674,162,160,drift_aware,True,gamma,0.003028299382887016,319.9323713119306,True,2,16,0.024806869116267234,,"[1.0500665763923902, -5.797199332817585, 6.759949198595824, -5.27513848084938, 0.9695829307391531, -5.799754076799347, -3.665119655377417, 0.00801011618419978, -5.29594981994469]",1,2.072936395728334,True,False
32,0.2,0.003,0.001,allowed_drift,0,2026093894,0.026965025258932674,162,160,drift_aware,True,gamma,0.0031518866251889666,371.7850017925231,True,2,51,0.006363927824758425,,"[1.0501254435922485, -5.834169338928354, 6.756775348712301, -4.515653830385126, 0.9695845142023889, -5.759754076799347, -3.664986597693282, 0.008009474650456164, -5.344149810816819]",1,53.92556687632083,False,False
32,0.2,0.003,0.001,allowed_drift,0,2026093894,0.026965025258932674,162,160,drift_aware,True,gamma,0.003661969810341828,1321.6383361314072,True,2,59,0.03706426953649141,,"[1.0504344447660319, -6.001238914579744, 6.739790897086575, -3.3658197538931676, 0.9695922858384434, -5.609754076799347, -3.6643765917711777, 0.00800546134900023, -5.570789358945607]",1,1003.778901215205,False,False
32,0.2,0.003,0.001,allowed_drift,0,2026093894,0.026965025258932674,162,160,drift_aware,True,gamma,0.006037567518972286,21668.145088464706,True,2,75,0.19113744601308258,log_gr,"[1.0546915981473073, -6.265385078241129, 6.52267455610057, -2.813410717509075, 0.9700085540652355, -5.109754076799347, -3.6592886799464295, 0.007283315833628663, -7.101740005415669]",1,21350.285653548504,False,False
32,0.2,0.003,0.001,allowed_drift,0,2026093894,0.026965025258932674,162,160,drift_aware,True,gamma,0.022153626377891193,9012418.294831626,False,0,100,100781.74931712945,,"[1.0429766391843087, -5.76698080391446, 7.160986175567411, -8.443973670690728, 0.9879574949104579, -3.809754076799347, -3.6584233273303575, -0.02593989960343364, -9.204824646571126]",0,9012100.43539671,False,False
32,0.2,0.003,0.001,allowed_drift,0,2026093894,0.026965025258932674,162,160,drift_aware,True,gamma,0.029999999999999995,12287001.080364387,False,0,100,5542742.038513143,log_gd,"[1.0485095368982476, -5.769620791083973, 6.8431993321634295, -7.351520962800921, 0.9989262694269688, -3.506557897319982, -3.6737691835559416, -0.04345806118451068, -9.059776110858103]",0,12286683.220929472,False,False
32,0.2,0.003,0.001,allowed_drift,0,2026093894,0.026965025258932674,162,160,extended,True,omega,0.85,17697639.68201205,True,2,79,1187.9046759428352,log_gr;omega_d;log_t;drift_u;log_gb_signal,"[1.1422196375074156, -5.767620182949284, 4.106740827998404, -9.21034037197613, 0.85, -4.281976505027553, -2.5257286443149165, -0.049999999999999996, -9.210340371976176, -0.03563741783155963]",1,17697322.932597023,False,False
32,0.2,0.003,0.001,allowed_drift,0,2026093894,0.026965025258932674,162,160,extended,True,omega,0.8895824647576772,18632186.276292842,False,0,100,2987393.5128515605,log_gr;drift_u;log_gb_signal,"[1.1355976705174584, -5.7675409875520485, 4.214165116982098, -9.210340371967778, 0.8895824647576772, -3.7125971189438856, -3.4261364722113, 0.049999999999999996, -9.21034037197618, -0.06836748154343948]",0,18631869.526877813,False,False
32,0.2,0.003,0.001,allowed_drift,0,2026093894,0.026965025258932674,162,160,extended,True,omega,0.9495824647576772,981125.6378270154,False,0,100,95.48268698367235,log_gr,"[1.0380376084585354, -6.1043597940770065, 7.4726078636445745, -2.8134343570583584, 0.9495824647576772, -7.578807003959105, -3.7363929276670835, 0.04665856631751258, -4.98541745190437, 0.0037890304343650865]",0,980808.8884119865,False,False
32,0.2,0.003,0.001,allowed_drift,0,2026093894,0.026965025258932674,162,160,extended,True,omega,0.9645824647576772,63949.23797795797,True,2,70,7.363763976745729,log_gr,"[1.0498327298485775, -6.212980578051293, 6.770043942768396, -2.8134107167602695, 0.9645824647576772, -6.282308468947411, -3.6409074286592618, 0.01797636643788218, -5.271923907636238, 0.018733848061284433]",1,63632.48856292912,False,False
32,0.2,0.003,0.001,allowed_drift,0,2026093894,0.026965025258932674,162,160,extended,True,omega,0.9685824647576772,2693.5235030553586,True,2,69,0.4852339019369126,log_gr,"[1.0489451042422087, -6.203933968682644, 6.817618427198717, -2.813410716761507, 0.9685824647576772, -5.817684615581709, -3.658111741127275, 0.0099994172944746, -5.510304937918069, 0.004855311011936761]",1,2376.774088026503,False,False
32,0.2,0.003,0.001,allowed_drift,0,2026093894,0.026965025258932674,162,160,extended,True,omega,0.9694824647576772,341.6523197490422,True,2,42,0.03898599302932964,,"[1.049919553734894, -5.830364051501136, 6.76768692725745, -4.56732984799219, 0.9694824647576772, -5.810165273187931, -3.664099315954844, 0.008210600270173948, -5.309581094822552, 0.0006773932083798547]",1,24.90290472018654,False,False
32,0.2,0.003,0.001,allowed_drift,0,2026093894,0.026965025258932674,162,160,extended,True,omega,0.9695724647576772,318.0887000203945,True,2,11,0.7456966477282633,,"[1.0500374080155355, -5.792197019391872, 6.761498016546239, -5.445919662108683, 0.9695724647576772, -5.809781884796572, -3.662248706052773, 0.008043279469409624, -5.2868396899197725, 0.0016965267917891567]",1,1.3392849915388751,True,False
32,0.2,0.003,0.001,allowed_drift,0,2026093894,0.026965025258932674,162,160,extended,True,omega,0.9695824647576772,317.8016590060608,True,2,17,0.9237527283749191,,"[1.0500431828743049, -5.788578210722069, 6.761195326895015, -5.591934295381944, 0.9695824647576772, -5.809732316368693, -3.6554811964264404, 0.008058635581588284, -5.284679079605788, 0.005640927136369854]",1,1.052243977205137,True,False
32,0.2,0.003,0.001,allowed_drift,0,2026093894,0.026965025258932674,162,160,extended,True,omega,0.9695924647576771,317.7122377253209,True,3,29,0.6821074149254502,,"[1.050039104018549, -5.78744310071977, 6.761412132615338, -5.642513738682794, 0.9695924647576771, -5.809706961367066, -3.645789297080968, 0.008098737467919975, -5.28401335484825, 0.011318597119071324]",1,0.9628226964652526,True,False
32,0.2,0.003,0.001,allowed_drift,0,2026093894,0.026965025258932674,162,160,extended,True,omega,0.9696824647576772,317.433946409111,True,2,40,0.0015070389843457727,,"[1.0500169756452211, -5.785959802909368, 6.762584985971524, -5.712518005039573, 0.9696824647576772, -5.809660867482976, -3.6081118017654794, 0.008265676179202418, -5.283171821436217, 0.033652367550649]",1,0.6845313802553505,True,False
32,0.2,0.003,0.001,allowed_drift,0,2026093894,0.026965025258932674,162,160,extended,True,omega,0.9705824647576772,345.94997431213426,True,2,44,0.0019993154651298892,link_l,"[1.0504550838292475, -5.776400402543694, 6.739477858876502, -6.360476907239195, 0.9705824647576772, -5.809257912466805, -3.4991694225009784, 0.008558222790921157, -5.277590909976707, 0.09999999999999999]",1,29.200559283278608,False,False
32,0.2,0.003,0.001,allowed_drift,0,2026093894,0.026965025258932674,162,160,extended,True,omega,0.9745824647576772,38031.821089317964,False,0,100,120013.30093705816,log_gr;link_l,"[1.0682878077744822, -6.44324839999237, 5.930080319565696, -2.8134152632949716, 0.9745824647576772, -5.8321786575500445, -3.8688999602088123, -0.000780617640027094, -5.611109932467388, -0.09999999999999999]",1,37715.07167428911,False,False
32,0.2,0.003,0.001,allowed_drift,0,2026093894,0.026965025258932674,162,160,extended,True,omega,0.9895824647576772,825224.5582195979,True,2,72,38.54058608306526,log_gr;link_l,"[1.1144319464980874, -8.178197369941056, 4.607741944264006, -2.8134107167612825, 0.9895824647576772, -7.002153786703568, -3.9775123420542458, -0.03128633207442634, -5.390365797419649, -0.09999999999999999]",2,824907.8088045691,False,False
32,0.2,0.003,0.001,allowed_drift,0,2026093894,0.026965025258932674,162,160,extended,True,omega,1.0495824647576772,14691161.835550424,True,2,96,236.30657930191012,remote_sq;log_gr;drift_u;log_gb_signal;link_l,"[1.1492699583470132, -5.76771219850045, 4.000000000000011, -9.210340371519912, 1.0495824647576772, -3.6774189615574917, -3.588173748129089, -0.049999999999999996, -9.210340371975827, -0.09999999999999999]",2,14690845.086135395,False,False
32,0.2,0.003,0.001,allowed_drift,0,2026093894,0.026965025258932674,162,160,extended,True,omega,1.1,14416682.05684252,True,2,91,16.319986067262793,remote_sq;log_gr;omega_d;drift_u;log_gb_signal;link_l,"[1.1492781024697225, -5.767716545903175, 4.000000000000001, -9.210340370615944, 1.1, -4.090333057306527, -2.5700265177591883, 0.049999999999999996, -9.210340371976132, -0.09999999999999999]",2,14416365.307427492,False,False
32,0.2,0.003,0.001,allowed_drift,0,2026093894,0.026965025258932674,162,160,extended,True,gamma,0.00010000000000000009,19468.074206138273,True,2,81,0.29440689423417243,log_gd;link_l,"[1.0498695506185354, -6.033979577893007, 6.769423085160646, -3.241046551596995, 0.9704678942380879, -9.210340371976182, -3.8458403318769427, 0.0072286207429255464, -4.9146010323442475, -0.09999999985835155]",1,19151.32479110942,False,False
32,0.2,0.003,0.001,allowed_drift,0,2026093894,0.026965025258932674,162,160,extended,True,gamma,0.00040575671702169935,15627.01888179234,True,2,81,0.011897642016467237,link_l,"[1.0498193425482563, -6.004427497173358, 6.772272872262848, -3.3427209925825934, 0.9704678168249331, -7.809756797124469, -3.845745230849336, 0.007227565347683163, -4.947647909763166, -0.09999999999999999]",1,15310.269466763486,False,False
32,0.2,0.003,0.001,allowed_drift,0,2026093894,0.026965025258932674,162,160,extended,True,gamma,0.001488841769631846,6410.264956585245,True,2,69,0.01036046228281182,log_gr;link_l,"[1.0496095933151943, -5.7664424438945545, 6.784249266183514, -9.21034037197618, 0.9702541908701274, -6.509756797124469, -3.5017880631531306, 0.009152011364960022, -5.009557187400265, 0.09999999999000807]",1,6093.5155415563895,False,False
32,0.2,0.003,0.001,allowed_drift,0,2026093894,0.026965025258932674,162,160,extended,True,gamma,0.0024546850942988446,1019.5472814029989,True,2,79,0.00213596469843011,log_gr;link_l,"[1.049769161941155, -5.766444183936411, 6.775747122943043, -9.21034037197618, 0.9704100648206306, -6.009756797124469, -3.50088585352192, 0.008863161987063608, -5.169113927759618, 0.09999999999999622]",1,702.7978663741433,False,False
32,0.2,0.003,0.001,allowed_drift,0,2026093894,0.026965025258932674,162,160,extended,True,gamma,0.002851937197671103,366.25307278695885,False,0,100,11573.867725590206,,"[1.0499506636026896, -5.7700432568681475, 6.766106060739345, -7.269207989544207, 0.969737171184828, -5.859756797124469, -3.5946370239392427, 0.00832410070557716, -5.2448751170892765, 0.041848187823534506]",0,49.5036577581032,False,False
32,0.2,0.003,0.001,allowed_drift,0,2026093894,0.026965025258932674,162,160,extended,True,gamma,0.0029683269626561313,319.53476409686743,False,0,100,7592.150764224981,,"[1.050008452003377, -5.782125726188734, 6.763038889144658, -5.921912711940935, 0.969664774753808, -5.819756797124469, -3.6134240135401043, 0.008240583865303188, -5.274847153019845, 0.03049911933429925]",0,2.785349068011783,True,False
32,0.2,0.003,0.001,allowed_drift,0,2026093894,0.026965025258932674,162,160,extended,True,gamma,0.002998159144591266,317.12662779961596,False,0,100,95.46731342959816,,"[1.0499893386660804, -5.785238006546688, 6.764049631761852, -5.748197057666939, 0.9699158873888242, -5.809756797124469, -3.562354347298975, 0.008473847840720838, -5.282713313390512, 0.06133735925131464]",0,0.377212770760309,True,False
32,0.2,0.003,0.001,allowed_drift,0,2026093894,0.026965025258932674,162,160,extended,True,gamma,0.0030282911449393338,319.4442032067989,False,0,100,31314.607829148856,,"[1.0500273642466729, -5.789270967701437, 6.762032326024933, -5.561957768076585, 0.9697001477884944, -5.799756797124469, -3.603417147174555, 0.008286388297975188, -5.291182846395717, 0.03644062873595747]",0,2.6947881779432237,True,False
32,0.2,0.003,0.001,allowed_drift,0,2026093894,0.026965025258932674,162,160,extended,True,gamma,0.0031518780510442616,370.8709800252395,False,0,100,71.11012916690271,,"[1.0500754170555624, -5.802006164179765, 6.759475938305323, -5.135060822448054, 0.9697432957587593, -5.759756797124469, -3.5931868805795384, 0.008334177193518423, -5.324374373538112, 0.04249293142753119]",0,54.121564996383825,False,False
32,0.2,0.003,0.001,allowed_drift,0,2026093894,0.026965025258932674,162,160,extended,True,gamma,0.003661959848606908,1317.0587951213136,True,2,96,2.395148443737951,,"[1.050350553694089, -5.873087667213262, 6.7447952703933405, -4.0881108557133805, 0.9696752005843714, -5.609756797124469, -3.6104742907882175, 0.008260937338292416, -5.485621309168807, 0.03169619484892309]",1,1000.3093800924579,False,False
32,0.2,0.003,0.001,allowed_drift,0,2026093894,0.026965025258932674,162,160,extended,True,gamma,0.00603755109484803,21106.873623692343,True,2,61,0.19339007036581207,log_gr,"[1.0524269042697372, -6.240334382577951, 6.6353106601840235, -2.813410716902187, 0.9697141321904917, -5.109756797124469, -3.6029311247891607, 0.008312914318061223, -7.045970583511341, 0.03318611404850922]",1,20790.12420866349,False,False
32,0.2,0.003,0.001,allowed_drift,0,2026093894,0.026965025258932674,162,160,extended,True,gamma,0.022153566112906795,9004520.388153087,False,0,100,426112.59077973693,,"[1.0416139153604227, -5.766485688566272, 7.244488344437116, -8.987947772624587, 0.9879898841994064, -3.809756797124469, -3.6995255606647564, -0.025974075075054944, -9.20946971250932, -0.02592175194415084]",0,9004203.638738059,False,False
32,0.2,0.003,0.001,allowed_drift,0,2026093894,0.026965025258932674,162,160,extended,True,gamma,0.029999999999999995,12276536.589813475,False,0,100,3051491.668374123,log_gd,"[1.0483049599374665, -5.769259020816137, 6.854400697253498, -7.447922623322522, 0.9989679573419379, -3.506557897319982, -3.735104663332174, -0.043777765203493135, -9.082162069173723, -0.030757072158455044]",0,12276219.840398446,False,False
34,0.2,0.003,0.001,extra_link,0,2026093968,0.026965025258932674,162,160,unchanged,False,omega,0.85,18312534.006689075,False,0,100,90922.46595283478,remote_sq;omega_d,"[1.1492624649597216, -5.932767382436678, 4.000013030075776, -4.956149686946092, 0.85, -4.461836854581822, -2.7614304202870916]",1,18231665.46200255,False,False
34,0.2,0.003,0.001,extra_link,0,2026093968,0.026965025258932674,162,160,unchanged,False,omega,0.8933179908662772,21330438.491538037,True,2,95,1362.2399672789372,remote_sq;log_gr,"[1.1492847497633503, -5.7769936968207745, 4.000000003593124, -9.21034037197618, 0.8933179908662772, -4.07827066346706, -2.981755494721954]",1,21249569.94685151,False,False
34,0.2,0.003,0.001,extra_link,0,2026093968,0.026965025258932674,162,160,unchanged,False,omega,0.9533179908662771,19144269.612868477,True,2,95,3556.865175068203,remote_sq;log_gr,"[0.9980641882574417, -5.767051355114651, 11.999999999866535, -9.21034037197618, 0.9533179908662771, -3.715829677695231, -3.6148171214657667]",1,19063401.06818195,False,False
34,0.2,0.003,0.001,extra_link,0,2026093968,0.026965025258932674,162,160,unchanged,False,omega,0.9683179908662771,4476724.806861887,False,0,100,1739.723806101037,remote_sq;log_gr,"[0.9982392611222227, -5.867124757778339, 11.999997001926708, -2.813410716760037, 0.9683179908662771, -4.978979705233631, -3.7649477406098013]",0,4395856.262175361,False,False
34,0.2,0.003,0.001,extra_link,0,2026093968,0.026965025258932674,162,160,unchanged,False,omega,0.9723179908662771,299139.4307424175,True,2,84,152.68307765142737,log_gr,"[1.023154042986745, -5.765261850466227, 8.654393110854828, -9.21034037197618, 0.9723179908662771, -5.273740081053432, -3.744339096563503]",1,218270.88605589114,False,False
34,0.2,0.003,0.001,extra_link,0,2026093968,0.026965025258932674,162,160,unchanged,False,omega,0.9732179908662771,83041.1313155964,True,2,19,6.508667710709785,log_gr,"[1.051204645989891, -5.765950902711472, 6.70118075694859, -9.21034037197618, 0.9732179908662771, -5.294157071534924, -3.732851982450063]",1,2172.5866290700214,False,False
34,0.2,0.003,0.001,extra_link,0,2026093968,0.026965025258932674,162,160,unchanged,False,omega,0.9733079908662772,80890.23088072319,True,2,6,8.382878702903113,log_gr,"[1.0541734968486587, -5.766009721813672, 6.550848539416355, -9.21034037197618, 0.9733079908662772, -5.294907998589298, -3.7315009915517807]",1,21.686194196809083,False,False
34,0.2,0.003,0.001,extra_link,0,2026093968,0.026965025258932674,162,160,unchanged,False,omega,0.9733179908662771,80868.54468652749,True,2,2,0.0746648560621041,log_gr,"[1.0545047502926028, -5.766016146444774, 6.534560461699841, -9.21034037197618, 0.9733179908662771, -5.294977285617715, -3.7313485481319733]",1,1.1059455573558807e-09,True,False
34,0.2,0.003,0.001,extra_link,0,2026093968,0.026965025258932674,162,160,unchanged,False,omega,0.9733279908662771,80890.22207106397,True,2,8,8.35459422797908,log_gr,"[1.0548363154387563, -5.766022551550085, 6.518351555846938, -9.21034037197618, 0.9733279908662771, -5.295043766211368, -3.731195620559548]",1,21.677384537586477,False,False
34,0.2,0.003,0.001,extra_link,0,2026093968,0.026965025258932674,162,160,unchanged,False,omega,0.9734179908662771,83031.70760512819,True,2,19,4.900452199679499,log_gr,"[1.0578313171812084, -5.766079220100736, 6.376088009519053, -9.21034037197618, 0.9734179908662771, -5.295515915980211, -3.729798474713946]",2,2163.162918601811,False,False
34,0.2,0.003,0.001,extra_link,0,2026093968,0.026965025258932674,162,160,unchanged,False,omega,0.9743179908662771,290235.6319039375,True,2,64,30.051540142991737,log_gr,"[1.0885461131621927, -5.766567053866483, 5.249294982617464, -9.21034037197618, 0.9743179908662771, -5.288617842147721, -3.713786359821392]",2,209367.0872174111,False,False
34,0.2,0.003,0.001,extra_link,0,2026093968,0.026965025258932674,162,160,unchanged,False,omega,0.9783179908662771,4062089.8353700424,True,2,97,1080.955066378979,remote_sq,"[1.1489522091032278, -6.723666891686461, 4.000000000000001, -3.5668738879265245, 0.9783179908662771, -5.021717913048995, -3.6566552395149863]",1,3981221.290683516,False,False
34,0.2,0.003,0.001,extra_link,0,2026093968,0.026965025258932674,162,160,unchanged,False,omega,0.9933179908662771,14349641.500846209,True,2,73,13302.377188737604,log_gb;remote_sq,"[1.149026294883303, -9.21034037197617, 4.0000000095023465, -3.120799480566902, 0.9933179908662771, -4.349337460616658, -3.4723212707406073]",1,14268772.956159683,False,False
34,0.2,0.003,0.001,extra_link,0,2026093968,0.026965025258932674,162,160,unchanged,False,omega,1.053317990866277,15852662.437536445,True,2,70,868.0763230877102,log_gb;remote_sq,"[1.1491019170748957, -9.210340371735123, 4.000000000000001, -3.1207157724580785, 1.053317990866277, -4.268161545650878, -2.976114192155428]",2,15771793.892849918,False,False
34,0.2,0.003,0.001,extra_link,0,2026093968,0.026965025258932674,162,160,unchanged,False,omega,1.1,15248244.20476994,True,2,93,5.006787257275621,log_gb;remote_sq;omega_d,"[1.149112930254823, -9.210340368236071, 4.000000000000001, -3.115733150806426, 1.1, -4.1478023911331965, -2.702161938853301]",1,15167375.660083413,False,False
34,0.2,0.003,0.001,extra_link,0,2026093968,0.026965025258932674,162,160,unchanged,False,gamma,0.00010000000000000009,12135745.260902904,True,2,76,22155.32080908873,remote_sq;log_gr;log_gd,"[1.1492314933470693, -5.330920025743717, 4.000000000122897, -9.21034037197618, 0.9738245148396146, -9.210340371976182, -3.687201633059366]",1,12054876.716216378,False,False
34,0.2,0.003,0.001,extra_link,0,2026093968,0.026965025258932674,162,160,unchanged,False,gamma,0.0006789403510311902,9048502.14332973,True,2,71,20553.704076625927,remote_sq;log_gr,"[1.1492511639280705, -5.441663414659889, 4.000000000000001, -9.21034037197618, 0.9737482691072004, -7.29497728252486, -3.6872288126337858]",1,8967633.598643204,False,False
34,0.2,0.003,0.001,extra_link,0,2026093968,0.026965025258932674,162,160,unchanged,False,gamma,0.0024912335675509856,2286539.882309706,True,2,77,5987.842485322499,remote_sq;log_gr,"[1.1492825650456404, -5.677358828010765, 4.000000000000043, -9.21034037197618, 0.9735176194569763, -5.99497728252486, -3.6872600346813713]",1,2205671.3376231794,False,False
34,0.2,0.003,0.001,extra_link,0,2026093968,0.026965025258932674,162,160,unchanged,False,gamma,0.004107349773103474,286710.8676862304,True,2,91,143.90053343416682,log_gr,"[1.1014722813247673, -5.749224543322105, 4.906449922674497, -9.21034037197618, 0.9733699414055906, -5.49497728252486, -3.712560310792333]",1,205842.32299970402,False,False
34,0.2,0.003,0.001,extra_link,0,2026093968,0.026965025258932674,162,160,unchanged,False,gamma,0.004772059613253862,94071.56906759719,True,2,41,15.042232311892107,log_gr,"[1.0678312535788226, -5.762343699086772, 5.9509381467370055, -9.21034037197618, 0.9733275861319175, -5.34497728252486, -3.7266652336052353]",1,13203.024381070805,False,False
34,0.2,0.003,0.001,extra_link,0,2026093968,0.026965025258932674,162,160,unchanged,False,gamma,0.0049668110605629815,81399.734806857,True,2,14,13.53491213314836,log_gr,"[1.0572820797112976, -5.765308366137236, 6.401980414593478, -9.21034037197618, 0.9733197072688805, -5.30497728252486, -3.7304151604850575]",1,531.1901203306188,False,False
34,0.2,0.003,0.001,extra_link,0,2026093968,0.026965025258932674,162,160,unchanged,False,gamma,0.005016728341597132,80868.54468652724,True,2,2,0.07000519748826399,log_gr,"[1.0545047496796227, -5.766016146670045, 6.534560491631973, -9.21034037197618, 0.973317990875064, -5.29497728252486, -3.7313485482936106]",1,8.585629984736443e-10,True,False
34,0.2,0.003,0.001,extra_link,0,2026093968,0.026965025258932674,162,160,unchanged,False,gamma,0.005067147299646064,81401.18392786435,True,2,14,2.3284661143720524,log_gr,"[1.0516643121508389, -5.766710790824528, 6.6769806284068896, -9.21034037197618, 0.9733163796768893, -5.28497728252486, -3.732279872690296]",1,532.6392413379654,False,False
34,0.2,0.003,0.001,extra_link,0,2026093968,0.026965025258932674,162,160,unchanged,False,gamma,0.005273941503891489,94252.77263903119,True,4,47,0.433583476239978,log_gr,"[1.039574728250461, -5.769360214194078, 7.3741321615982045, -9.21034037197618, 0.9733110311668439, -5.24497728252486, -3.7359801620131]",1,13384.227952504807,False,False
34,0.2,0.003,0.001,extra_link,0,2026093968,0.026965025258932674,162,160,unchanged,False,gamma,0.006127445833367033,299738.37445076177,False,0,100,545499.2980765005,log_gr,"[1.0018375692602182, -5.778005296827357, 11.306237318347534, -9.21034037197618, 0.9733157927911438, -5.09497728252486, -3.7444006991132124]",0,218869.8297642354,False,False
34,0.2,0.003,0.001,extra_link,0,2026093968,0.026965025258932674,162,160,unchanged,False,gamma,0.010102450280535101,2870648.7003968838,False,0,100,368083.80311374215,log_gr,"[0.9997718923792294, -5.906701932691454, 11.662730624497812, -2.8139475616122542, 0.9734589183656153, -4.59497728252486, -3.73868491250548]",1,2789780.1557103572,False,False
34,0.2,0.003,0.001,extra_link,0,2026093968,0.026965025258932674,162,160,unchanged,False,gamma,0.029999999999999995,14375400.441596732,False,0,100,206653.81101125188,log_gd,"[1.05247508352748, -5.778795209147857, 6.634865717422895, -9.12724074942755, 0.9752460247906068, -3.506557897319982, -3.6575369409525313]",1,14294531.896910205,False,False
34,0.2,0.003,0.001,extra_link,0,2026093968,0.026965025258932674,162,160,drift_aware,False,omega,0.85,17875901.627611853,True,2,87,23.46179665992137,log_gr;omega_d;log_t;log_gb_signal,"[1.1237789822121576, -5.767548151405952, 4.424606587335486, -9.21034037197618, 0.85, -4.246504596346361, -2.525728644308256, -0.047051480626875496, -9.21034037197618]",2,17875576.124763522,False,False
34,0.2,0.003,0.001,extra_link,0,2026093968,0.026965025258932674,162,160,drift_aware,False,omega,0.8894836077374866,18670460.85722352,True,2,80,191.0260262797221,log_gr;drift_u;log_gb_signal,"[1.1389609802445693, -5.767753342951635, 4.1588522771000695, -9.21034037197618, 0.8894836077374866, -3.695431867393081, -3.308312884310536, 0.049999999999999996, -9.21034037197618]",2,18670135.354375187,False,False
34,0.2,0.003,0.001,extra_link,0,2026093968,0.026965025258932674,162,160,drift_aware,False,omega,0.9494836077374865,983707.6636790804,True,2,42,295.64449796796026,log_gr,"[1.0528519991633396, -6.245250853138345, 6.613735685999921, -2.813410716760037, 0.9494836077374865, -7.8094326826631555, -3.813219607500786, 0.04666129635466232, -5.018219064929837]",2,983382.1608307482,False,False
34,0.2,0.003,0.001,extra_link,0,2026093968,0.026965025258932674,162,160,drift_aware,False,omega,0.9644836077374865,67343.52266338005,True,2,34,0.06600260613967869,log_gr,"[1.0505640755518464, -6.220844520597209, 6.731328475024657, -2.813410716760037, 0.9644836077374865, -6.474562899823022, -3.743126767641418, 0.017433269245757457, -5.211543818621075]",2,67018.01981504778,False,False
34,0.2,0.003,0.001,extra_link,0,2026093968,0.026965025258932674,162,160,drift_aware,False,omega,0.9684836077374865,2903.6936967470974,True,2,58,0.007134260138042984,log_gr,"[1.0497822856164025, -6.212752002151302, 6.772634283208031, -2.8134107167600373, 0.9684836077374865, -5.859261859689395, -3.7362279593593803, 0.009582581347891065, -5.485179936027366]",1,2578.190848414837,False,False
34,0.2,0.003,0.001,extra_link,0,2026093968,0.026965025258932674,162,160,drift_aware,False,omega,0.9693836077374866,350.08968975764344,True,2,14,0.0021599702434055732,,"[1.049428539536381, -5.893818529569116, 6.793572899961682, -3.9062447471521833, 0.9693836077374866, -5.810127954485318, -3.7354620752649463, 0.007816316734173167, -5.347008694866598]",1,24.586841425382943,False,False
34,0.2,0.003,0.001,extra_link,0,2026093968,0.026965025258932674,162,160,drift_aware,False,omega,0.9694736077374866,325.7487020339913,True,2,5,0.002624697966530511,,"[1.0495135224096537, -5.848645670635321, 6.789173572416234, -4.321709514486972, 0.9694736077374866, -5.8097907377908635, -3.7353728861084274, 0.0076399436937239764, -5.320690201358848]",1,0.2458537017308231,True,False
34,0.2,0.003,0.001,extra_link,0,2026093968,0.026965025258932674,162,160,drift_aware,False,omega,0.9694836077374865,325.5028483322605,True,3,6,0.011722503648467032,,"[1.0495232523708933, -5.843750520624872, 6.788666112629942, -4.380541282033181, 0.9694836077374865, -5.809755585546469, -3.7353631278032053, 0.007620344454210333, -5.3178071447741075]",2,0.0,True,False
34,0.2,0.003,0.001,extra_link,0,2026093968,0.026965025258932674,162,160,drift_aware,False,omega,0.9694936077374865,325.7487209012012,True,3,99,0.10364928651174583,,"[1.0495330394681501, -5.8388791879150705, 6.788154950390541, -4.443030684230333, 0.9694936077374865, -5.809720927041449, -3.7353533999903243, 0.007600744763916847, -5.3149320803874005]",2,0.24587256894068332,True,False
34,0.2,0.003,0.001,extra_link,0,2026093968,0.026965025258932674,162,160,drift_aware,False,omega,0.9695836077374865,350.0886209793451,True,2,35,0.01222651073039826,,"[1.0496237093794867, -5.796079454741992, 6.783387433865739, -5.308771404926406, 0.9695836077374865, -5.809429700790843, -3.7352672113070557, 0.007424327346100924, -5.289414281764902]",1,24.585772647084582,False,False
34,0.2,0.003,0.001,extra_link,0,2026093968,0.026965025258932674,162,160,drift_aware,False,omega,0.9704836077374865,3683.5091655661868,True,2,33,0.004064923706378043,log_gr,"[1.0507683470636375, -5.766629247377358, 6.722974846274825, -9.210340371976153, 0.9704836077374865, -5.762160833162501, -3.7343439879592393, 0.005662550018254957, -5.298848217323041]",1,3358.0063172339264,False,False
34,0.2,0.003,0.001,extra_link,0,2026093968,0.026965025258932674,162,160,drift_aware,False,omega,0.9744836077374865,80626.07033323437,True,2,26,22.542302243451076,log_gr,"[1.0559045196148062, -5.766686444201163, 6.466528388157305, -9.210340371902207, 0.9744836077374865, -6.7337741250672645, -3.735379012737366, -0.002284662253854775, -4.958254506236437]",1,80300.5674849021,False,False
34,0.2,0.003,0.001,extra_link,0,2026093968,0.026965025258932674,162,160,drift_aware,False,omega,0.9894836077374866,993979.1229846462,True,2,49,351.1691146253549,log_gr;log_gd,"[1.0847875268746174, -5.767034726728743, 5.363468265509998, -9.210340371976152, 0.9894836077374866, -9.21034037197618, -3.778548784053873, -0.03274520468791774, -4.799039288006397]",2,993653.620136314,False,False
34,0.2,0.003,0.001,extra_link,0,2026093968,0.026965025258932674,162,160,drift_aware,False,omega,1.0494836077374865,14821239.219657118,True,2,82,185.98997589316102,remote_sq;log_gr;drift_u;log_gb_signal,"[1.1492696606820125, -5.767886629484828, 4.000000000000006, -9.2103403683098, 1.0494836077374865, -3.646890831542532, -3.363527058046905, -0.049999999999999996, -9.210340371975807]",2,14820913.716808785,False,False
34,0.2,0.003,0.001,extra_link,0,2026093968,0.026965025258932674,162,160,drift_aware,False,omega,1.1,14786821.827805908,True,2,51,1112.120848468602,remote_sq;log_gr;omega_d;log_t;log_gb_signal,"[1.1492721388811398, -5.767888109879672, 4.000000000581478, -9.21034037197597, 1.1, -3.9668030844986544, -2.525728644308257, 0.03043416312969748, -9.210340371975791]",1,14786496.324957576,False,False
34,0.2,0.003,0.001,extra_link,0,2026093968,0.026965025258932674,162,160,drift_aware,False,gamma,0.00010000000000000009,24053.713285941012,True,2,33,0.007170843319941782,log_gr;log_gd,"[1.04923777110521, -5.766612531719372, 6.804063576111103, -9.210340371976176, 0.9694487677761187, -9.210340371976182, -3.736922880839731, 0.007657678809463843, -4.814653533737769]",1,23728.21043760875,False,False
34,0.2,0.003,0.001,extra_link,0,2026093968,0.026965025258932674,162,160,drift_aware,False,gamma,0.00040575720862790876,19210.871764259868,True,2,35,0.011127369643441824,log_gr,"[1.049096166433047, -5.766610993081752, 6.811680767811843, -9.2103403719759, 0.969365976584525, -7.809755585546469, -3.736995915225602, 0.007821704690798008, -4.854289400143344]",1,18885.368915927607,False,False
34,0.2,0.003,0.001,extra_link,0,2026093968,0.026965025258932674,162,160,drift_aware,False,gamma,0.0014888435734808718,6471.016625980157,True,2,41,0.0031949910744849593,log_gr,"[1.0489676906097016, -5.766609598258305, 6.818608876597042, -9.210340371972823, 0.9692800635825712, -6.509755585546469, -3.7367624736422194, 0.007998413140630798, -5.0085681152764305]",1,6145.513777647897,False,False
34,0.2,0.003,0.001,extra_link,0,2026093968,0.026965025258932674,162,160,drift_aware,False,gamma,0.0024546880683431025,1055.7563944328003,True,2,58,0.002015397977214765,log_gr,"[1.0492650464400013, -5.766612828237687, 6.802598652207286, -9.21034037197618, 0.9694189162289287, -6.009755585546469, -3.7359618698133334, 0.007737859497302949, -5.168867222545647]",1,730.2535461005398,False,False
34,0.2,0.003,0.001,extra_link,0,2026093968,0.026965025258932674,162,160,drift_aware,False,gamma,0.0028519406530175618,375.9904281868517,True,2,38,0.009405540254111208,,"[1.0494562350904992, -5.799447783375344, 6.792331150323644, -5.2011835358206975, 0.9694821978946615, -5.859755585546469, -3.7355215900592076, 0.007620377596602376, -5.262164125060745]",1,50.48757985459122,False,False
34,0.2,0.003,0.001,extra_link,0,2026093968,0.026965025258932674,162,160,drift_aware,False,gamma,0.002968330559017954,327.60385787745724,True,2,16,0.00139113543710349,,"[1.0495088228506155, -5.83456086122556, 6.7894590398510335, -4.501549578173348, 0.9694833100579571, -5.819755585546469, -3.7353961553824186, 0.007620359932480382, -5.3062068391827]",1,2.101009545196746,True,False
34,0.2,0.003,0.001,extra_link,0,2026093968,0.026965025258932674,162,160,drift_aware,False,gamma,0.0029981627770971253,325.50284833209224,True,2,3,0.0006314516487941302,,"[1.049523252155439, -5.843750704108914, 6.788666123685199, -4.380539009411781, 0.9694836076032295, -5.809755585546469, -3.7353631279682347, 0.0076203447169270935, -5.317807253233914]",1,-1.6825651982799172e-10,True,False
34,0.2,0.003,0.001,extra_link,0,2026093968,0.026965025258932674,162,160,drift_aware,False,gamma,0.0030282948139524844,327.64608199462936,True,2,11,0.0010417224205762341,,"[1.0495382184697766, -5.853114349675901, 6.787841866125808, -4.271695240824353, 0.9694839131421991, -5.799755585546469, -3.7353294058022835, 0.007620325252908239, -5.329659251814071]",1,2.143233662368857,True,False
34,0.2,0.003,0.001,extra_link,0,2026093968,0.026965025258932674,162,160,drift_aware,False,gamma,0.0031518818697926793,381.2675896433484,True,2,24,0.00576130308431883,,"[1.0496037052367921, -5.892408299411209, 6.7842170030992905, -3.919850994340892, 0.9694852170873296, -5.759755585546469, -3.735187283629752, 0.00762020598631554, -5.379760089590744]",1,55.7647413110879,False,False
34,0.2,0.003,0.001,extra_link,0,2026093968,0.026965025258932674,162,160,drift_aware,False,gamma,0.0036619642853595842,1364.314165799054,True,2,56,0.0038873813533163255,,"[1.0499429037730639, -6.071884315049317, 6.765188522202033, -3.1289396170815285, 0.9694914673980491, -5.609755585546469, -3.734535939340646, 0.007619037288111913, -5.617186022796944]",1,1038.8113174667935,False,False
34,0.2,0.003,0.001,extra_link,0,2026093968,0.026965025258932674,162,160,drift_aware,False,gamma,0.00603755840981654,22601.11311443049,True,2,68,0.05417220343918563,log_gr,"[1.0543179902257214, -6.26147913288232, 6.540863128417912, -2.8134107167602487, 0.9699278318142069, -5.109755585546469, -3.7291481150299792, 0.006853103210998168, -7.112058129923293]",1,22275.61026609823,False,False
34,0.2,0.003,0.001,extra_link,0,2026093968,0.026965025258932674,162,160,drift_aware,False,gamma,0.02215359295369637,9123961.386237575,False,0,100,971232.962085739,,"[1.044217854574441, -5.769345887055635, 7.086728352710062, -7.395621945651093, 0.9876814236116946, -3.809755585546469, -3.723700990275278, -0.025575262904097753, -9.180993285777932]",1,9123635.883389242,False,False
34,0.2,0.003,0.001,extra_link,0,2026093968,0.026965025258932674,162,160,drift_aware,False,gamma,0.029999999999999995,12279419.477225289,False,0,100,193442.33816259057,log_gd;log_gb_signal,"[1.039679096032752, -5.767276905827171, 7.366640744531696, -8.276306759405434, 1.0022434013801687, -3.506557897319982, -3.7800310215523933, -0.04994729766327768, -9.210329780699826]",1,12279093.974376956,False,False
34,0.2,0.003,0.001,extra_link,0,2026093968,0.026965025258932674,162,160,extended,True,omega,0.85,17853542.28669709,True,3,92,1.072505217373071,log_gr;omega_d;log_t;drift_u;log_gb_signal,"[1.1434425057990085, -5.767809803239708, 4.087672435429256, -9.210340348242285, 0.85, -4.27092613170579, -2.525728644308256, -0.049999999999999996, -9.210340371975953, -0.012403457292311437]",1,17853217.24026681,False,False
34,0.2,0.003,0.001,extra_link,0,2026093968,0.026965025258932674,162,160,extended,True,omega,0.8895407706352937,18659626.7391615,True,2,92,658.5255689198381,log_gr;drift_u;log_gb_signal,"[1.1459460779415418, -5.767846958400392, 4.049636652871215, -9.21034037197618, 0.8895407706352937, -3.7011416599452347, -3.4780265951919245, 0.049999999999999996, -9.21034037197618, -0.060894822638002014]",1,18659301.69273122,False,False
34,0.2,0.003,0.001,extra_link,0,2026093968,0.026965025258932674,162,160,extended,True,omega,0.9495407706352936,978021.6341618857,False,0,100,18518.995181613984,log_gr,"[1.052344902867719, -6.239741443122274, 6.63938443923427, -2.8134176405549747, 0.9495407706352936, -7.761476619186469, -3.8050875238059003, 0.046575322372707985, -5.0197480746936805, 0.004215647704162744]",0,977696.5877316073,False,False
34,0.2,0.003,0.001,extra_link,0,2026093968,0.026965025258932674,162,160,extended,True,omega,0.9645407706352936,64759.27402032702,True,2,61,0.1994629675319149,log_gr,"[1.0518289044143607, -6.234201363337616, 6.665724879898502, -2.813410716762429, 0.9645407706352936, -6.3195264463564245, -3.706381404001672, 0.017553995868531798, -5.266791814381828, 0.02010486412857411]",1,64434.22759004859,False,False
34,0.2,0.003,0.001,extra_link,0,2026093968,0.026965025258932674,162,160,extended,True,omega,0.9685407706352936,2516.211411176527,True,2,52,1.670789808106162,log_gr,"[1.0489524332879352, -6.204295193073641, 6.817128313345218, -2.813410716760061, 0.9685407706352936, -5.821376896853133, -3.7229881594373873, 0.009533360568588093, -5.50791458032662, 0.007605882800216589]",1,2191.164980898094,False,False
34,0.2,0.003,0.001,extra_link,0,2026093968,0.026965025258932674,162,160,extended,True,omega,0.9694407706352937,329.98844142154655,True,2,37,0.0004549906910021148,,"[1.0494799776230739, -5.860988519074345, 6.79093242051694, -4.187960335092374, 0.9694407706352937, -5.809878658732231, -3.733495123752632, 0.0077123475553423325, -5.327943227408397, 0.0010789737291745562]",1,4.942011143113973,False,False
34,0.2,0.003,0.001,extra_link,0,2026093968,0.026965025258932674,162,160,extended,True,omega,0.9695307706352937,325.4122782488051,True,3,11,0.028486440986904137,,"[1.0494953212600706, -5.812233994476529, 6.790223209517775, -4.884372598441412, 0.9695307706352937, -5.809714680658369, -3.694457165064209, 0.0077909908274483505, -5.299099025343863, 0.02332352938145389]",1,0.3658479703724993,True,False
34,0.2,0.003,0.001,extra_link,0,2026093968,0.026965025258932674,162,160,extended,True,omega,0.9695407706352936,325.4057491386851,True,3,8,0.25135065686317387,,"[1.0494929259020425, -5.810807004519484, 6.790353476680621, -4.914983655940076, 0.9695407706352936, -5.809720420078778, -3.69044172983726, 0.00780773121761787, -5.298244644701632, 0.025638423289229197]",1,0.3593188602525288,True,False
34,0.2,0.003,0.001,extra_link,0,2026093968,0.026965025258932674,162,160,extended,True,omega,0.9695507706352936,325.39926624612986,True,2,6,0.013354779391584607,,"[1.0494907506435127, -5.809618370475875, 6.790471565886895, -4.941250710866606, 0.9695507706352936, -5.809725855039082, -3.6867674443787295, 0.0078230713585748, -5.297532659344323, 0.027760651380201017]",1,0.3528359676972741,True,False
34,0.2,0.003,0.001,extra_link,0,2026093968,0.026965025258932674,162,160,extended,True,omega,0.9696407706352936,325.3436025385773,True,2,16,0.0005677320939366936,,"[1.0494761962705434, -5.803626735494877, 6.791258198602864, -5.085837178302976, 0.9696407706352936, -5.8097634143984545, -3.6617458853263902, 0.007928163653834936, -5.293941345618558, 0.042315171847908735]",1,0.29717226014469134,True,False
34,0.2,0.003,0.001,extra_link,0,2026093968,0.026965025258932674,162,160,extended,True,omega,0.9705407706352936,396.93028896917275,True,2,28,0.0008660356247944684,link_l,"[1.0501742961090148, -5.780303951635687, 6.754175898923412, -6.054906045534886, 0.9705407706352936, -5.809400423651476, -3.5640343808492965, 0.008021326891483401, -5.280021781030704, 0.09999999999999999]",1,71.88385869074017,False,False
34,0.2,0.003,0.001,extra_link,0,2026093968,0.026965025258932674,162,160,extended,True,omega,0.9745407706352937,40685.60319683432,True,2,95,0.5163550362267354,log_gr;link_l,"[1.0680276402645263, -6.439701911469498, 5.940176716267279, -2.8134107167609566, 0.9745407706352937, -5.846817192905119, -3.946920533907121, -0.0012982866881056966, -5.5978639541438735, -0.09999999999999999]",2,40360.55676655589,False,False
34,0.2,0.003,0.001,extra_link,0,2026093968,0.026965025258932674,162,160,extended,True,omega,0.9895407706352937,865259.3845966117,True,2,76,16.992930390539716,log_gr;link_l,"[1.1145499063165056, -8.194226644212469, 4.605220140821873, -2.8134107167608646, 0.9895407706352937, -7.014788814502472, -4.066972267183213, -0.032127743978044014, -5.388404017000461, -0.09999999999999999]",2,864934.3381663333,False,False
34,0.2,0.003,0.001,extra_link,0,2026093968,0.026965025258932674,162,160,extended,True,omega,1.0495407706352937,14763235.265896875,True,2,86,139.75111100336397,remote_sq;log_gr;drift_u;log_gb_signal;link_l,"[1.149268868780205, -5.7678860992109655, 4.000000000000001, -9.210340371950752, 1.0495407706352937, -3.6558199069867454, -3.6625175266306402, -0.049999999999999996, -9.210340371976168, -0.09999999999999999]",2,14762910.219466597,False,False
34,0.2,0.003,0.001,extra_link,0,2026093968,0.026965025258932674,162,160,extended,True,omega,1.1,14521814.109945873,True,2,99,20.409370964483465,remote_sq;log_gr;omega_d;drift_u;log_gb_signal;link_l,"[1.149276388076333, -5.767889990129871, 4.000000000000001, -9.210340371688654, 1.1, -4.081508760914737, -2.6116602054587017, 0.049999999999999996, -9.210340371975997, -0.09999999999999999]",2,14521489.063515594,False,False
34,0.2,0.003,0.001,extra_link,0,2026093968,0.026965025258932674,162,160,extended,True,gamma,0.00010000000000000009,20101.92720593559,True,2,80,0.3431554213512524,log_gd;link_l,"[1.0493384217682102, -5.997071637289006, 6.797890523239645, -3.3625868408870176, 0.9703622545907232, -9.210340371976182, -3.9219324565308997, 0.006875846764604426, -4.9007391899441135, -0.09999999969968196]",1,19776.88077565716,False,False
34,0.2,0.003,0.001,extra_link,0,2026093968,0.026965025258932674,162,160,extended,True,gamma,0.0004057721405434956,19137.115233289947,True,2,79,0.03289025070672116,log_gr;link_l,"[1.049120991187314, -5.766611262721208, 6.810343965528252, -9.21034037197618, 0.9702467337343481, -7.809718786099588, -3.5674106467636553, 0.008535831324140134, -4.854316742828422, 0.09999999999932457]",1,18812.068803011516,False,False
34,0.2,0.003,0.001,extra_link,0,2026093968,0.026965025258932674,162,160,extended,True,gamma,0.0014888983631089758,6319.615315481101,True,2,64,0.006585134360768554,log_gr;link_l,"[1.0491220624093498, -5.766611274358656, 6.8102862943833955, -9.21034037197618, 0.9701810656833992, -6.509718786099588, -3.567145925161826, 0.008673275256804574, -5.008657565960272, 0.09999999999999999]",1,5994.568885202669,False,False
34,0.2,0.003,0.001,extra_link,0,2026093968,0.026965025258932674,162,160,extended,True,gamma,0.0024547784011683714,1024.5984419500783,True,4,99,0.00023715978345883695,log_gr;link_l,"[1.0492247801095347, -5.766612390505739, 6.804761563569922, -9.21034037197618, 0.9703480467818784, -6.009718786099588, -3.56629396611287, 0.008359178040167668, -5.168924726850133, 0.09999999999998697]",1,699.5520116716457,False,False
34,0.2,0.003,0.001,extra_link,0,2026093968,0.026965025258932674,162,160,extended,True,gamma,0.0028520456047872013,375.53238509582536,False,0,100,330.7367124945457,,"[1.0493936468627658, -5.78701208931244, 6.795693734169873, -5.659054314455746, 0.9698462533893173, -5.859718786099588, -3.6248276077687143, 0.008083400446185144, -5.2549740868539905, 0.0642441731538064]",0,50.48595481739278,False,False
34,0.2,0.003,0.001,extra_link,0,2026093968,0.026965025258932674,162,160,extended,True,gamma,0.0029684397939505652,327.33007778266074,False,0,100,174.6372582710152,,"[1.0494474943239467, -5.796994644723548, 6.79280160088455, -5.276016902601704, 0.9697880751030067, -5.819718786099588, -3.633762194152462, 0.008046545290256205, -5.283986945212954, 0.05883116995197231]",0,2.2836475042281563,True,False
34,0.2,0.003,0.001,extra_link,0,2026093968,0.026965025258932674,162,160,extended,True,gamma,0.002998273109859061,325.2891426551781,False,0,100,226.4094009318323,,"[1.049465181786055, -5.800528721817167, 6.7918512167864895, -5.170061538875409, 0.969739669720401, -5.809718786099588, -3.64196188540464, 0.008011901686543022, -5.292129366724589, 0.05395002450040599]",0,0.24271237674554413,True,False
34,0.2,0.003,0.001,extra_link,0,2026093968,0.026965025258932674,162,160,extended,True,gamma,0.0030284062555771124,327.4536139434398,False,0,100,2020.0450339093256,,"[1.0494764177027907, -5.802669644750782, 6.7912475680361375, -5.111140487388055, 0.9697613114774148, -5.7997187860995885, -3.6381696904400225, 0.008028494153992158, -5.299564363570536, 0.05616726125775462]",0,2.40718366500721,True,False
34,0.2,0.003,0.001,extra_link,0,2026093968,0.026965025258932674,162,160,extended,True,gamma,0.0031519978594362857,381.0346799532667,True,2,72,0.12570129789273005,,"[1.0495778020184174, -5.847739196461405, 6.785742302831584, -4.333467789830661, 0.9695027957031851, -5.759718786099588, -3.709184423750436, 0.007730943705397476, -5.352782584293618, 0.014763485347786378]",1,55.988249674834094,False,False
34,0.2,0.003,0.001,extra_link,0,2026093968,0.026965025258932674,162,160,extended,True,gamma,0.0036620990460993277,1361.9252704381072,True,2,67,0.010929575088365907,,"[1.049869665753737, -5.9469065312206135, 6.769823444602698, -3.5927878689758566, 0.9695063916213855, -5.609718786099588, -3.707622925296369, 0.007742797734501228, -5.5360553757444135, 0.015249548917240716]",1,1036.8788401596746,False,False
34,0.2,0.003,0.001,extra_link,0,2026093968,0.026965025258932674,162,160,extended,True,gamma,0.006037780592714611,21967.991386545487,True,2,73,0.03304606350970124,log_gr,"[1.0521150618290753, -6.2372694723553845, 6.651088001254033, -2.813410716760468, 0.9696264467276999, -5.109718786099588, -3.6663986382949205, 0.007941840028062148, -7.0570852074469865, 0.03576399754642511]",1,21642.944956267056,False,False
34,0.2,0.003,0.001,extra_link,0,2026093968,0.026965025258932674,162,160,extended,True,gamma,0.022154408208663864,9104600.329846136,False,0,100,116500.18902932551,log_gb_signal,"[1.03911235933893, -5.766929713276033, 7.403630991030959, -8.586958501538595, 0.9878410301721996, -3.8097187860995883, -3.7520902055410663, -0.026071121299539948, -9.210246996066855, -0.015195757959037636]",0,9104275.283415858,False,False
34,0.2,0.003,0.001,extra_link,0,2026093968,0.026965025258932674,162,160,extended,True,gamma,0.029999999999999995,12278344.360167181,False,0,100,883345.3209718382,log_gd,"[1.044219202979209, -5.767889691366469, 7.086448418701684, -7.970017377072601, 1.0022632404994292, -3.506557897319982, -3.8570484476421734, -0.04967139037455936, -9.209563247455872, -0.046970052039458365]",0,12278019.313736903,False,False
