h,q,q0,B,eta,halfwidth,true_zero,pp_exact,pp_fit_real,pp_fit_imag,full_fit_real,full_fit_imag,pp_bias,full_error,fit_rms,holdout_rms,condition
0.0,0.7105694150420949,0.7905694150420949,0.025,0.003,0.1,0.9237402395547234,0.923797412450326,0.9237956980853499,-0.0029969748642985727,0.923738635992346,-0.0029970067828830153,5.7172895602586316e-05,3.3956974258241036e-06,2.0142244645099004e-05,1.8205550890475743e-05,543.7242285331331
0.0,0.7105694150420949,0.7905694150420949,0.025,0.003,0.18,0.9237402395547234,0.923797412450326,0.9237812920720753,-0.002965315996051347,0.923724495258975,-0.0029653065606720696,5.7172895602586316e-05,3.809878713308925e-05,0.00013296222693254947,0.0001329502080505561,575.498793492151
0.0,0.7105694150420949,0.7905694150420949,0.025,0.003,0.28,0.9237402395547234,0.923797412450326,0.9236948540589942,-0.002797094244817959,0.9236406743255344,-0.002796888784049323,5.7172895602586316e-05,0.00022620212401393278,0.0007829773718417269,0.0007811956717965976,561.8062612707081
0.0,0.7105694150420949,0.7905694150420949,0.025,0.01,0.1,0.9237402395547234,0.923797412450326,0.9237917718951902,-0.009989176831227643,0.923734731038706,-0.009989286166561839,5.7172895602586316e-05,1.2046990315221359e-05,1.3973316950131649e-05,1.3463796085744925e-05,664.4991472851061
0.0,0.7105694150420949,0.7905694150420949,0.025,0.01,0.18,0.9237402395547234,0.923797412450326,0.9237553742748393,-0.009873330708609528,0.9236986438538666,-0.009873260470908222,5.7172895602586316e-05,0.00013339081889011668,0.0001225220114267287,0.000122499581881505,667.865482830788
0.0,0.7105694150420949,0.7905694150420949,0.025,0.01,0.28,0.9237402395547234,0.923797412450326,0.923539611136644,-0.009282232259148395,0.9234857009405629,-0.00928140782681026,5.7172895602586316e-05,0.0007623415359720915,0.0007393093922339213,0.0007393187063340748,624.8064986218466
0.0,0.7105694150420949,0.7905694150420949,0.05,0.003,0.1,0.9237402395547234,0.9239690716903016,0.9239675858621398,-0.0029991898370048072,0.9237391351299568,-0.002999343830327558,0.00022883213557822746,1.2846449720453697e-06,2.04514985015333e-05,1.8502633744888694e-05,241.5047003128864
0.0,0.7105694150420949,0.7905694150420949,0.05,0.003,0.18,0.9237402395547234,0.9239690716903016,0.9239565038580331,-0.0029912028288886193,0.9237271927635203,-0.0029912926016105556,0.00022883213557822746,1.56855840633637e-05,0.00012980816620916216,0.00012979663675723966,235.6626487044048
0.0,0.7105694150420949,0.7905694150420949,0.05,0.003,0.28,0.9237402395547234,0.9239690716903016,0.9238893688694064,-0.002949094101732638,0.9236607166975602,-0.0029489742328498883,0.00022883213557822746,9.4485521243478e-05,0.0007569392722822663,0.0007566036380021919,177.49731581076153
0.0,0.7105694150420949,0.7905694150420949,0.05,0.01,0.1,0.9237402395547234,0.9239690716903016,0.9239666291345093,-0.009997000989754657,0.9237381875731769,-0.009997542256531898,0.00022883213557822746,3.2017387810381395e-06,1.3882806022835525e-05,1.3319603565699538e-05,211.7759913669744
0.0,0.7105694150420949,0.7905694150420949,0.05,0.01,0.18,0.9237402395547234,0.9239690716903016,0.9239505517734361,-0.009967995399870144,0.9237212168495786,-0.009968266627471136,0.00022883213557822746,3.699824648655662e-05,0.00011975816173550148,0.00011973148297686282,185.67178058877505
0.0,0.7105694150420949,0.7905694150420949,0.05,0.01,0.28,0.9237402395547234,0.9239690716903016,0.9238531379397584,-0.009820183482729691,0.9236246129779727,-0.009819642596585593,0.00022883213557822746,0.00021423888119916182,0.0007151409107974993,0.0007151474027361868,163.0381702968502
0.0,0.7105694150420949,0.7905694150420949,0.1,0.003,0.1,0.9237402395547234,0.9246578261214257,0.92465406009165,-0.0029991661171712113,0.9237395112593416,-0.002999922290122772,0.0009175865667022665,7.32429510697681e-07,1.8714773456664673e-05,1.850328905911255e-05,134.7989424595801
0.0,0.7105694150420949,0.7905694150420949,0.1,0.003,0.18,0.9237402395547234,0.9246578261214257,0.9246490486408158,-0.0029973038208964916,0.9237278117925931,-0.00299778945766816,0.0009175865667022665,1.2622827296917216e-05,0.00012003009956960198,0.00012001324946622185,216.49997529885795
0.0,0.7105694150420949,0.7905694150420949,0.1,0.003,0.28,0.9237402395547234,0.9246578261214257,0.924593665708171,-0.0029867525463000157,0.923665191818447,-0.0029869967839454012,0.0009175865667022665,7.616591329445334e-05,0.0006922666481985374,0.0006913935907482276,157.59471777366386
0.0,0.7105694150420949,0.7905694150420949,0.1,0.01,0.1,0.9237402395547234,0.9246578261214257,0.9246541496265652,-0.009997094546859993,0.9237392212892963,-0.009999626416454072,0.0009175865667022665,1.0846331849026492e-06,1.2691737563329094e-05,1.2364688896066605e-05,138.96060569539085
0.0,0.7105694150420949,0.7905694150420949,0.1,0.01,0.18,0.9237402395547234,0.9246578261214257,0.9246484179862935,-0.009990385387439992,0.9237268222758028,-0.00999202553479099,0.0009175865667022665,1.5608185961285504e-05,0.00011126477071286522,0.00011121885456249002,130.0612952628506
0.0,0.7105694150420949,0.7905694150420949,0.1,0.01,0.28,0.9237402395547234,0.9246578261214257,0.9245871945583902,-0.00995352506680179,0.9236582811917777,-0.00995421995968424,0.0009175865667022665,9.387750182043735e-05,0.0006560144958157497,0.000656011094280905,92.64361843348433
0.0,0.7105694150420949,0.7905694150420949,0.15,0.003,0.1,0.9237402395547234,0.9258133511126984,0.9258013584375562,-0.002998038439240853,0.9237397211632419,-0.0030000130321715265,0.0020731115579749604,5.185552676484205e-07,1.2515511530817546e-05,1.2462696931095644e-05,159.7919878457274
0.0,0.7105694150420949,0.7905694150420949,0.15,0.003,0.18,0.9237402395547234,0.9258133511126984,0.92580898113325,-0.0029978537097001086,0.9237278466977278,-0.0029989933562769877,0.0020731115579749604,1.243367347563874e-05,0.00010909529823569806,0.00010907193322646265,204.24077486676015
0.0,0.7105694150420949,0.7905694150420949,0.15,0.003,0.28,0.9237402395547234,0.9258133511126984,0.9257671760166495,-0.002993189674701563,0.9236654170226007,-0.002994034065927953,0.0020731115579749604,7.506000055021019e-05,0.0006181528445374634,0.0006149732058996841,147.2978505190946
0.0,0.7105694150420949,0.7905694150420949,0.15,0.01,0.1,0.9237402395547234,0.9258133511126984,0.9258024353830975,-0.009993481134944918,0.923739562120848,-0.009999987455021004,0.0020731115579749604,6.775500218373266e-07,1.0064781210661953e-05,9.94500854853699e-06,123.4951539816012
0.0,0.7105694150420949,0.7905694150420949,0.15,0.01,0.18,0.9237402395547234,0.9258133511126984,0.9258097729431751,-0.009992515963078114,0.9237278326661299,-0.009996438733682198,0.0020731115579749604,1.2907885278300055e-05,0.00010158704398362875,0.00010149687259696332,121.09837491381771
0.0,0.7105694150420949,0.7905694150420949,0.15,0.01,0.28,0.9237402395547234,0.9258133511126984,0.9257670674995478,-0.009976396953027862,0.9236639546991209,-0.009979134689254657,0.0020731115579749604,7.908691666006664e-05,0.0005873246026288484,0.0005873015655098536,85.51805851425854
0.0,0.7105694150420949,0.7905694150420949,0.2,0.003,0.1,0.9237402395547234,0.9274473129849222,0.9274166986584007,-0.002996075747554917,0.9237398497514331,-0.003000037563174981,0.003707073430198826,3.916089851538835e-07,7.746294278617753e-06,7.726194301817872e-06,305.8758534182961
0.0,0.7105694150420949,0.7905694150420949,0.2,0.003,0.18,0.9237402395547234,0.9274473129849222,0.9274469615037378,-0.0029973717804993995,0.9237277734926087,-0.0029994165114456133,0.003707073430198826,1.2479710074374142e-05,0.00010025203811152419,0.00010018455254482695,195.9765216389529
0.0,0.7105694150420949,0.7905694150420949,0.2,0.003,0.28,0.9237402395547234,0.9274473129849222,0.9274238433965777,-0.002994827603283213,0.9236647711069841,-0.0029964924778040514,0.003707073430198826,7.554991274737844e-05,0.000547660461970504,0.0005480879174852187,140.52631656104438
0.0,0.7105694150420949,0.7905694150420949,0.2,0.01,0.1,0.9237402395547234,0.9274473129849222,0.9274193190115818,-0.00998716306806744,0.9237397462935134,-0.01000008953532918,0.003707073430198826,5.01321450219941e-07,7.101161860472422e-06,7.047990401797278e-06,184.73290041748697
0.0,0.7105694150420949,0.7905694150420949,0.2,0.01,0.18,0.9237402395547234,0.9274473129849222,0.9274484897303683,-0.009990862432277994,0.9237281833316133,-0.009998007701097584,0.003707073430198826,1.221972874479288e-05,9.353728829199813e-05,9.333730605300479e-05,115.07087547639875
0.0,0.7105694150420949,0.7905694150420949,0.2,0.01,0.28,0.9237402395547234,0.9274473129849222,0.9274269417257307,-0.009982307238523332,0.9236653081486982,-0.009987845724595464,0.003707073430198826,7.591075035543224e-05,0.0005235225302411507,0.000523468692307847,81.24007397920269
0.0,0.7905694150420949,0.7905694150420949,0.025,0.003,0.1,1.0277402395547235,1.027786306355505,1.0277852413218445,-0.0030000043499691415,1.0277390762683505,-0.0030000003683412126,4.6066800781563444e-05,1.1632864313226075e-06,6.447515499707401e-05,6.44794109804774e-05,211.32164117448824
0.0,0.7905694150420949,0.7905694150420949,0.025,0.003,0.18,1.0277402395547235,1.027786306355505,1.0277742020042833,-0.0030000777612949744,1.027727818925476,-0.003000041532553577,4.6066800781563444e-05,1.2420698686396372e-05,0.0006928542736184733,0.0006928191388029505,153.42687636485402
0.0,0.7905694150420949,0.7905694150420949,0.025,0.003,0.28,1.0277402395547235,1.027786306355505,1.0277130135044608,-0.0030007358889074486,1.027666168215679,-0.0030005313727764302,4.6066800781563444e-05,7.407324500036782e-05,0.004136450736593789,0.004151878989925226,121.72666080979404
0.0,0.7905694150420949,0.7905694150420949,0.025,0.01,0.1,1.0277402395547235,1.027786306355505,1.0277827583235952,-0.009999994084018507,1.0277365717723421,-0.00999997400331808,4.6066800781563444e-05,3.6678745104673675e-06,3.568973268051725e-05,3.569406364566598e-05,189.60642828641954
0.0,0.7905694150420949,0.7905694150420949,0.025,0.01,0.18,1.0277402395547235,1.027786306355505,1.0277509008945596,-0.010000392612105252,1.0277044889531914,-0.010000237773236286,4.6066800781563444e-05,3.5751392224850875e-05,0.00040255970478886375,0.0004025967174487947,148.13334204021322
0.0,0.7905694150420949,0.7905694150420949,0.025,0.01,0.28,1.0277402395547235,1.027786306355505,1.0275813293632452,-0.010005614040640085,1.0275344345309247,-0.010004807878963287,4.6066800781563444e-05,0.0002058611753607932,0.0024627952935925798,0.0024629544801484876,143.8355569517044
0.0,0.7905694150420949,0.7905694150420949,0.05,0.003,0.1,1.0277402395547235,1.0279245935468702,1.0279239652725445,-0.0030000033097007358,1.0277392310364037,-0.0029999980236916912,0.0001843539921466686,1.0085202561455344e-06,3.465107422268848e-05,3.4652550701508246e-05,204.77083412224673
0.0,0.7905694150420949,0.7905694150420949,0.05,0.003,0.18,1.0277402395547235,1.0279245935468702,1.0279149956647853,-0.0030000264803076836,1.0277293915591816,-0.002999986515941137,0.0001843539921466686,1.0848003922191272e-05,0.000370449653812533,0.0003704754295335093,148.7375402449164
0.0,0.7905694150420949,0.7905694150420949,0.05,0.003,0.28,1.0277402395547235,1.0279245935468702,1.0278627809322771,-0.003000196662397627,1.027675351074423,-0.0029999830769531556,0.0001843539921466686,6.488848250728913e-05,0.002213057260941404,0.002212961682958071,117.9200104648437
0.0,0.7905694150420949,0.7905694150420949,0.05,0.01,0.1,1.0277402395547235,1.0279245935468702,1.0279234609354384,-0.010000013882850841,1.027738641474184,-0.009999988442786049,0.0001843539921466686,1.598122329416876e-06,2.5919564742291055e-05,2.5921573616243705e-05,144.17525304262725
0.0,0.7905694150420949,0.7905694150420949,0.05,0.01,0.18,1.0277402395547235,1.0279245935468702,1.0279096458988297,-0.010000163168459628,1.0277239289889124,-0.009999994913557124,0.0001843539921466686,1.6310566604186517e-05,0.0002897244920372162,0.0002897545661466658,97.03582434627377
0.0,0.7905694150420949,0.7905694150420949,0.05,0.01,0.28,1.0277402395547235,1.0279245935468702,1.027831731417466,-0.010001604001475253,1.0276441381417922,-0.010000766904323197,0.0001843539921466686,9.610447289083612e-05,0.0017658812380536505,0.0017660192685504037,74.6957842408676
0.0,0.7905694150420949,0.7905694150420949,0.1,0.003,0.1,1.0277402395547235,1.0284790485662474,1.028479395690575,-0.0030000107410757793,1.0277392695780248,-0.0029999973978465278,0.0007388090115238999,9.699801891274493e-07,1.819238892806369e-05,1.8190584932734414e-05,203.45939444883356
0.0,0.7905694150420949,0.7905694150420949,0.1,0.003,0.18,1.0277402395547235,1.0284790485662474,1.0284733714799201,-0.0030000302963869917,1.0277297511353989,-0.0029999725170813257,0.0007388090115238999,1.048845533143858e-05,0.00019057703230840578,0.0001905917639490647,147.78119709226607
0.0,0.7905694150420949,0.7905694150420949,0.1,0.003,0.28,1.0277402395547235,1.0284790485662474,1.0284283350756054,-0.0030000972483905123,1.0276774071616814,-0.0029998441907784015,0.0007388090115238999,6.283258622645533e-05,0.0011312839279276038,0.0011344346202140734,117.1814844017515
0.0,0.7905694150420949,0.7905694150420949,0.1,0.01,0.1,1.0277402395547235,1.0284790485662474,1.0284796123286912,-0.010000048689075761,1.0277391661523179,-0.009999991758977759,0.0007388090115238999,1.0734340402899684e-06,1.558173467524996e-05,1.5576038625150856e-05,133.5675810221061
0.0,0.7905694150420949,0.7905694150420949,0.1,0.01,0.18,1.0277402395547235,1.0284790485662474,1.0284728280489122,-0.0100001650445236,1.0277287695006898,-0.009999933270656973,0.0007388090115238999,1.1470248137715072e-05,0.00017075647617470672,0.0001707661164763386,90.26124902365808
0.0,0.7905694150420949,0.7905694150420949,0.1,0.01,0.28,1.0277402395547235,1.0284790485662474,1.0284228657837649,-0.010000724567024843,1.027671340158253,-0.009999751818736035,0.0007388090115238999,6.889984345375029e-05,0.0010344080683352718,0.0010344841381660027,69.45696741076696
0.0,0.7905694150420949,0.7905694150420949,0.15,0.003,0.1,1.0277402395547235,1.0294078193940612,1.0294090388585326,-0.0030000344587522883,1.027739278427869,-0.0029999971712986254,0.0016675798393377406,9.611310171280444e-07,1.29456696865991e-05,1.2938946313878926e-05,204.58687357370496
0.0,0.7905694150420949,0.7905694150420949,0.15,0.003,0.18,1.0277402395547235,1.0294078193940612,1.029407460277724,-0.0030000673588533263,1.0277297649978392,-0.0029999695112672593,0.0016675798393377406,1.047460125662259e-05,0.0001299429195025381,0.0001299302864122776,148.2039922832881
0.0,0.7905694150420949,0.7905694150420949,0.15,0.003,0.28,1.0277402395547235,1.0294078193940612,1.0293716668261825,-0.003000145652439759,1.027677424340475,-0.0029998158958878343,0.0016675798393377406,6.281548404188459e-05,0.0007655191232978224,0.0007653790300782208,117.44382880980837
0.0,0.7905694150420949,0.7905694150420949,0.15,0.01,0.1,1.0277402395547235,1.0294078193940612,1.0294096654807217,-0.010000139991790334,1.0277392802971965,-0.009999991439582698,0.0016675798393377406,9.59295722802326e-07,1.1326393274867224e-05,1.1306565570103733e-05,131.64493106239445
0.0,0.7905694150420949,0.7905694150420949,0.15,0.01,0.18,1.0277402395547235,1.0294078193940612,1.029408276415445,-0.010000293590684505,1.0277296380961691,-0.009999920225020196,0.0016675798393377406,1.0601758699726106e-05,0.00011995893528618537,0.00011995079217482417,89.08746108212897
0.0,0.7905694150420949,0.7905694150420949,0.15,0.01,0.28,1.0277402395547235,1.0294078193940612,1.0293716018032304,-0.010000792229458438,1.0276760588319094,-0.00999955624794492,0.0016675798393377406,6.41822568692326e-05,0.000720642282389807,0.0007206760038897356,68.56888515771601
0.0,0.7905694150420949,0.7905694150420949,0.2,0.003,0.1,1.0277402395547235,1.0307180514811876,1.0307189363830067,-0.003000093278353825,1.0277392921484791,-0.002999996625410663,0.002977811926464069,9.474122543417042e-07,1.101569278881476e-05,1.0989206460781e-05,208.73686554253172
0.0,0.7905694150420949,0.7905694150420949,0.2,0.003,0.18,1.0277402395547235,1.0307180514811876,1.0307236905370585,-0.003000144318412716,1.0277297087792285,-0.0029999679232276606,0.002977811926464069,1.0530824347811549e-05,0.00010041392806970521,0.00010039704315983116,149.29814674712802
0.0,0.7905694150420949,0.7905694150420949,0.2,0.003,0.28,1.0277402395547235,1.0307180514811876,1.0307006790788564,-0.0030002635468714895,1.027676991374667,-0.0029998028913584473,0.002977811926464069,6.324848719350653e-05,0.0005834176219982165,0.0005828452615284029,118.11078498448707
0.0,0.7905694150420949,0.7905694150420949,0.2,0.01,0.1,1.0277402395547235,1.0307180514811876,1.0307197746217627,-0.010000378988651264,1.0277393621542272,-0.009999987454607215,0.002977811926464069,8.774901809781465e-07,9.46260161170422e-06,9.3908263109569e-06,131.67217714487893
0.0,0.7905694150420949,0.7905694150420949,0.2,0.01,0.18,1.0277402395547235,1.0307180514811876,1.0307254572275883,-0.010000563087335617,1.027729915121227,-0.00999991328596029,0.002977811926464069,1.0324797642082102e-05,9.357125499580343e-05,9.354333339358028e-05,89.17379211456822
0.0,0.7905694150420949,0.7905694150420949,0.2,0.01,0.28,1.0277402395547235,1.0307180514811876,1.030703260665151,-0.010001162810091705,1.0276773337226202,-0.009999478470909063,0.002977811926464069,6.290799396901299e-05,0.0005550741995293979,0.0005550750670505458,68.55916942690803
0.0,0.8705694150420948,0.7905694150420949,0.025,0.003,0.1,1.1317402395547234,1.1317779366050316,1.1317767585600282,-0.0030029891268204744,1.131739044010129,-0.003002968411246661,3.769705030820525e-05,3.200123779884706e-06,1.3385535806710853e-05,1.2299392254865725e-05,754.0447865690662
0.0,0.8705694150420948,0.7905694150420949,0.025,0.003,0.18,1.1317402395547234,1.1317779366050316,1.1317685622494384,-0.0030341608342894025,1.1317302850055875,-0.003034114381439,3.769705030820525e-05,3.5537080204544986e-05,8.99219653852215e-05,8.99140962780254e-05,775.5153663833421
0.0,0.8705694150420948,0.7905694150420949,0.025,0.003,0.28,1.1317402395547234,1.1317779366050316,1.1317261489640529,-0.0032000672849395928,1.1316854338382132,-0.0031998736899322873,3.769705030820525e-05,0.0002072514378462592,0.0005188261687168755,0.0005197447447638621,769.3644585110784
0.0,0.8705694150420948,0.7905694150420949,0.025,0.01,0.1,1.1317402395547234,1.1317779366050316,1.1317727851498525,-0.010010399552480065,1.1317350702726467,-0.010010318530979232,3.769705030820525e-05,1.1540951380061216e-05,9.396894558561288e-06,9.05346454537591e-06,894.402059949234
0.0,0.8705694150420948,0.7905694150420949,0.025,0.01,0.18,1.1317402395547234,1.1317779366050316,1.131743917047902,-0.010124444946758812,1.1317055642372598,-0.010124257255229351,3.769705030820525e-05,0.00012900481819813202,8.262984890851019e-05,8.261329723043864e-05,903.4249200796285
0.0,0.8705694150420948,0.7905694150420949,0.025,0.01,0.28,1.1317402395547234,1.1317779366050316,1.1316027576789756,-0.010711830910543816,1.1315617911011404,-0.010711069429500083,3.769705030820525e-05,0.0007331190791104257,0.0004880831299524942,0.0004880892210525585,858.314161320433
0.0,0.8705694150420948,0.7905694150420949,0.05,0.003,0.1,1.1317402395547234,1.131891083389596,1.1318901596712505,-0.0030007400464661365,1.131739410278039,-0.0030006651135214258,0.00015084383487273811,1.0630502413939316e-06,1.3835206364838457e-05,1.2240527785439137e-05,263.45720448480444
0.0,0.8705694150420948,0.7905694150420949,0.05,0.003,0.18,1.1317402395547234,1.131891083389596,1.1318830212988598,-0.0030086057273017073,1.1317311640082908,-0.003008509961943398,0.00015084383487273811,1.2441261806111013e-05,8.793182798934986e-05,8.793392973396583e-05,236.78530812230795
0.0,0.8705694150420948,0.7905694150420949,0.05,0.003,0.28,1.1317402395547234,1.131891083389596,1.1318424433753569,-0.003050116336036174,1.1316871773781325,-0.003049873629436164,0.00015084383487273811,7.282151809522987e-05,0.0005089282196992815,0.0005095424912108409,198.0594822091587
0.0,0.8705694150420948,0.7905694150420949,0.05,0.01,0.1,1.1317402395547234,1.131891083389596,1.1318891993156397,-0.010002660454368576,1.1317384556779866,-0.010002388577818214,0.00015084383487273811,2.981194426007802e-06,9.323846414294046e-06,8.933130135653924e-06,239.90953450144266
0.0,0.8705694150420948,0.7905694150420949,0.05,0.01,0.18,1.1317402395547234,1.131891083389596,1.131877324247187,-0.01003133344197575,1.1317253544696915,-0.010030976396424047,0.00015084383487273811,3.436717753651438e-05,8.094764374157713e-05,8.092850293696724e-05,234.1189411925765
0.0,0.8705694150420948,0.7905694150420949,0.05,0.01,0.28,1.1317402395547234,1.131891083389596,1.131813890293431,-0.010178405227237142,1.1316583099975108,-0.010177482332782128,0.00015084383487273811,0.00019548000100989347,0.00047983023247046355,0.0004798353386320596,217.10953464170754
0.0,0.8705694150420948,0.7905694150420949,0.1,0.003,0.1,1.1317402395547234,1.1323445072900395,1.1323427041761436,-0.0030004211256915944,1.1317396931374686,-0.0030000895699684362,0.0006042677353161885,5.537098478111786e-07,1.2858017569058904e-05,1.266156474287027e-05,139.06076526018384
0.0,0.8705694150420948,0.7905694150420949,0.1,0.003,0.18,1.1317402395547234,1.1323445072900395,1.132338242676286,-0.003002404166471147,1.1317313640186168,-0.0030021081770498026,0.0006042677353161885,9.122475083622273e-06,8.117553219202669e-05,8.116696613516584e-05,221.63014447863134
0.0,0.8705694150420948,0.7905694150420949,0.1,0.003,0.28,1.1317402395547234,1.1323445072900395,1.1323014954660453,-0.0030128306783708246,1.131687306394269,-0.003012373531468069,0.0006042677353161885,5.436013021216054e-05,0.0004650651772155671,0.00046713046667778735,161.18271773463064
0.0,0.8705694150420948,0.7905694150420949,0.1,0.01,0.1,1.1317402395547234,1.1323445072900395,1.1323425621423124,-0.010001516721225153,1.131739423200738,-0.010000390822302797,0.0006042677353161885,9.050833672532585e-07,8.564574531073354e-06,8.303262316049438e-06,143.64893749571013
0.0,0.8705694150420948,0.7905694150420949,0.1,0.01,0.18,1.1317402395547234,1.1323445072900395,1.1323374156489632,-0.010008696675172638,1.131730291313757,-0.010007649428694147,0.0006042677353161885,1.2549153663542087e-05,7.506118704789793e-05,7.502975518313416e-05,132.76211654887192
0.0,0.8705694150420948,0.7905694150420949,0.1,0.01,0.28,1.1317402395547234,1.1323445072900395,1.1322964511136424,-0.010045715489771553,1.1316816999116943,-0.010044065429157784,0.0006042677353161885,7.327108469804038e-05,0.00044110423545314634,0.0004411025580521887,94.25539461747982
0.0,0.8705694150420948,0.7905694150420949,0.15,0.003,0.1,1.1317402395547234,1.133103206628558,1.1330977691754236,-0.003000837130260627,1.1317398597299198,-0.0030000016772627246,0.0013629670738346533,3.7982850689085474e-07,9.984532639866727e-06,9.946144291470864e-06,125.02797109464653
0.0,0.8705694150420948,0.7905694150420949,0.15,0.003,0.18,1.1317402395547234,1.133103206628558,1.1330991250981597,-0.0030015603046253414,1.1317313768766397,-0.003000921404042652,0.0013629670738346533,8.910446017125293e-06,7.35430431079464e-05,7.352601312802602e-05,215.22014569172853
0.0,0.8705694150420948,0.7905694150420949,0.15,0.003,0.28,1.1317402395547234,1.133103206628558,1.1330687298173963,-0.0030062522718313856,1.1316871015218906,-0.0030054275381694415,0.0013629670738346533,5.3414499004675614e-05,0.00041394711363714875,0.0004150322894655735,154.58861251787866
0.0,0.8705694150420948,0.7905694150420949,0.15,0.01,0.1,1.1317402395547234,1.133103206628558,1.1330980411973046,-0.010002837889757208,1.1317397205849202,-0.010000048071993756,0.0013629670738346533,5.211914937391764e-07,7.226322428916689e-06,7.129205541314038e-06,117.87206241231262
0.0,0.8705694150420948,0.7905694150420949,0.15,0.01,0.18,1.1317402395547234,1.133103206628558,1.1330993687782693,-0.010005553407374197,1.1317312152323313,-0.010003317572534339,0.0013629670738346533,9.614815762968191e-06,6.829091743626488e-05,6.823099528171536e-05,127.25073851446534
0.0,0.8705694150420948,0.7905694150420949,0.15,0.01,0.28,1.1317402395547234,1.133103206628558,1.1330684017649313,-0.010022249224416538,1.1316858209955745,-0.010019349597547226,0.0013629670738346533,5.7756268102096974e-05,0.000393934795834241,0.0003939199649210499,89.46747327772984
0.0,0.8705694150420948,0.7905694150420949,0.2,0.003,0.1,1.1317402395547234,1.1341717351164156,1.1341577188331249,-0.003001624120347467,1.1317399632355207,-0.0029999789575231544,0.0024314955616921985,2.7711926597388377e-07,6.4990206805797725e-06,6.482810968695731e-06,194.93740369717534
0.0,0.8705694150420948,0.7905694150420949,0.2,0.003,0.18,1.1317402395547234,1.1341717351164156,1.1341695994094594,-0.0030016433877040134,1.131731360430406,-0.0030005038726938333,0.0024314955616921985,8.893409713634665e-06,6.736107840133537e-05,6.731203477056042e-05,212.89123914789874
0.0,0.8705694150420948,0.7905694150420949,0.2,0.003,0.28,1.1317402395547234,1.1341717351164156,1.1341482315613274,-0.0030043521810415278,1.1316867573999296,-0.0030029940285868357,0.0024314955616921985,5.356589482645616e-05,0.00036710154844884916,0.00036598567033615376,150.9467084894452
0.0,0.8705694150420948,0.7905694150420949,0.2,0.01,0.1,1.1317402395547234,1.1341717351164156,1.134158491091145,-0.010005409547517052,1.131739878018921,-0.00999995353309778,0.0024314955616921985,3.6450968358028876e-07,5.500607543269858e-06,5.458804252113892e-06,132.58571582642034
0.0,0.8705694150420948,0.7905694150420949,0.2,0.01,0.18,1.1317402395547234,1.1341717351164156,1.1341702647831189,-0.010005771735309789,1.1317315731340554,-0.01000178045424364,0.0024314955616921985,8.84742134795631e-06,6.268615554900112e-05,6.255340716771889e-05,124.71567531175097
0.0,0.8705694150420948,0.7905694150420949,0.2,0.01,0.28,1.1317402395547234,1.1341717351164156,1.1341499698089954,-0.010015403723282048,1.131687048186022,-0.010010688302212432,0.0024314955616921985,5.4254598961873256e-05,0.0003497179803843134,0.000349682673896791,87.14788188787755
0.4,0.6994599520973827,0.7794599520973826,0.025,0.003,0.1,0.9092979377265975,0.9093576883715752,0.9093559013649357,-0.0029969112295887704,0.9092962700392659,-0.0029969457313240096,5.975064497765192e-05,3.4799049097632083e-06,2.1169372247340696e-05,1.9104852062850163e-05,533.1456495173427
0.4,0.6994599520973827,0.7794599520973826,0.025,0.003,0.18,0.9092979377265975,0.9093576883715752,0.9093408587958246,-0.002964544040309095,0.9092815073995868,-0.0029645342953199113,5.975064497765192e-05,3.9086722222950205e-05,0.0001395105284877334,0.00013950005846633166,565.9100721930572
0.4,0.6994599520973827,0.7794599520973826,0.025,0.003,0.28,0.9092979377265975,0.9093576883715752,0.909250559425153,-0.0027924971060013077,0.9091940009619383,-0.002792277993605344,5.975064497765192e-05,0.00023227415480086067,0.0008221559293666345,0.0008200191976809454,551.7214602417729
0.4,0.6994599520973827,0.7794599520973826,0.025,0.01,0.1,0.9092979377265975,0.9093576883715752,0.9093518899621122,-0.009988943075588027,0.9092922812959309,-0.009989061342549262,5.975064497765192e-05,1.2314602499107652e-05,1.4662600871389348e-05,1.4126204326283359e-05,652.9075509666076
0.4,0.6994599520973827,0.7794599520973826,0.025,0.01,0.18,0.9092979377265975,0.9093576883715752,0.9093143769578639,-0.009870511264144188,0.9092550961961816,-0.009870437410924145,5.975064497765192e-05,0.00013646194054173103,0.0001285601933835511,0.00012853658542054353,656.5028950914525
0.4,0.6994599520973827,0.7794599520973826,0.025,0.01,0.28,0.9092979377265975,0.9093576883715752,0.9090916358584793,-0.009265966655786346,0.9090353650851948,-0.009265087331974158,5.975064497765192e-05,0.0007804108031274718,0.0007762704371842161,0.0007762802120336338,613.4555965628774
0.4,0.6994599520973827,0.7794599520973826,0.05,0.003,0.1,0.9092979377265975,0.9095370951848426,0.909535528066088,-0.0029991670131625982,0.9092967870295399,-0.002999333580741567,0.00023915745824509838,1.32974371458177e-06,2.1443592552497566e-05,1.9448861070853953e-05,240.67513304413805
0.4,0.6994599520973827,0.7794599520973826,0.05,0.003,0.18,0.9092979377265975,0.9095370951848426,0.9095239522846407,-0.0029910002510130838,0.9092842733035907,-0.002991097419421759,0.00023915745824509838,1.6308660185922305e-05,0.00013613678934680268,0.0001361276953682422,237.413297487558
0.4,0.6994599520973827,0.7794599520973826,0.05,0.003,0.28,0.9092979377265975,0.9095370951848426,0.9094536309772728,-0.0029479325297996728,0.909214632600678,-0.002947805441240278,0.00023915745824509838,9.830572703856905e-05,0.0007940851829591642,0.0007938974806741374,178.24419913263947
0.4,0.6994599520973827,0.7794599520973826,0.05,0.01,0.1,0.9092979377265975,0.9095370951848426,0.9095345511830261,-0.009996912408342017,0.9092958178149646,-0.009997497204293165,0.00023915745824509838,3.279940804567954e-06,1.4561166133380654e-05,1.396993534081786e-05,211.385999040541
0.4,0.6994599520973827,0.7794599520973826,0.05,0.01,0.18,0.9092979377265975,0.9095370951848426,0.9095178868691736,-0.009967263006323623,0.9092781812503022,-0.009967557157178305,0.00023915745824509838,3.798494972957696e-05,0.00012560404228761937,0.00012557585469473578,183.9482545136822
0.4,0.6994599520973827,0.7794599520973826,0.05,0.01,0.28,0.9092979377265975,0.9095370951848426,0.9094165999716185,-0.00981609188496838,0.9091777356604883,-0.00981551730481842,0.00023915745824509838,0.000220187196535987,0.0007503675305522096,0.0007503742665988888,160.58216351217993
0.4,0.6994599520973827,0.7794599520973826,0.1,0.003,0.1,0.9092979377265975,0.9102570563011324,0.9102529706027351,-0.0029991041055649876,0.9092971811477074,-0.00299992319196146,0.0009591185745349007,7.604676796018283e-07,1.952362644860329e-05,1.9312735488278395e-05,135.1548765224826
0.4,0.6994599520973827,0.7794599520973826,0.1,0.003,0.18,0.9092979377265975,0.9102570563011324,0.9102479525558997,-0.002997214805162664,0.9092849031303832,-0.0029977385525153284,0.0009591185745349007,1.3229317563462009e-05,0.00012573044096152975,0.0001257057807014691,218.14323706749573
0.4,0.6994599520973827,0.7794599520973826,0.1,0.003,0.28,0.9092979377265975,0.9102570563011324,0.9101900853901516,-0.0029864244094441102,0.9092191951145299,-0.0029866891272028197,0.0009591185745349007,7.985974135856848e-05,0.00072377997834911,0.0007260520631757313,158.72454401299623
0.4,0.6994599520973827,0.7794599520973826,0.1,0.01,0.1,0.9092979377265975,0.9102570563011324,0.9102530884867392,-0.009996885801036226,0.9092968827962677,-0.009999626301017951,0.0009591185745349007,1.1191643890992116e-06,1.3267892716623182e-05,1.2933428649142251e-05,139.2274964863513
0.4,0.6994599520973827,0.7794599520973826,0.1,0.01,0.18,0.9092979377265975,0.9102570563011324,0.9102473468159797,-0.009990075439372229,0.909283910172838,-0.009991844966254113,0.0009591185745349007,1.622580783415586e-05,0.00011655910113627048,0.00011651010146418784,130.9788059467144
0.4,0.6994599520973827,0.7794599520973826,0.1,0.01,0.28,0.9092979377265975,0.9102570563011324,0.9101835569526135,-0.009952389024702727,0.9092121893185,-0.009953144307785291,0.0009591185745349007,9.771512362052474e-05,0.0006873058503702993,0.0006873018962835331,93.2602453886902
0.4,0.6994599520973827,0.7794599520973826,0.15,0.003,0.1,0.9092979377265975,0.9114653737940438,0.9114522548876267,-0.0029978745190203247,0.9092974000771865,-0.0030000153447751273,0.0021674360674462934,5.37868340083202e-07,1.2878580487563734e-05,1.2825370678075769e-05,165.13028790649977
0.4,0.6994599520973827,0.7794599520973826,0.15,0.003,0.18,0.9092979377265975,0.9114653737940438,0.9114609738981386,-0.002997740846630546,0.9092849307189013,-0.002998969205318921,0.0021674360674462934,1.3047788582155825e-05,0.00011418516126008109,0.00011414510413856947,205.72085303195396
0.4,0.6994599520973827,0.7794599520973826,0.15,0.003,0.28,0.9092979377265975,0.9114653737940438,0.9114177055085001,-0.0029929750733778326,0.9092193601990775,-0.002993885324605502,0.0021674360674462934,7.88150815919426e-05,0.0006451546022123039,0.0006452718960139473,148.28184081999206
0.4,0.6994599520973827,0.7794599520973826,0.15,0.01,0.1,0.9092979377265975,0.9114653737940438,0.9114534381470948,-0.009992942998045361,0.9092972363743714,-0.009999993663745807,0.0021674360674462934,7.013808474255831e-07,1.0435424304191343e-05,1.0314103023650884e-05,125.4232782336183
0.4,0.6994599520973827,0.7794599520973826,0.15,0.01,0.18,0.9092979377265975,0.9114653737940438,0.9114618465065553,-0.009992127206419297,0.9092849385596345,-0.009996357149020934,0.0021674360674462934,1.3499952036452546e-05,0.00010633210350811477,0.00010623479311010735,121.93594002889839
0.4,0.6994599520973827,0.7794599520973826,0.15,0.01,0.28,0.9092979377265975,0.9114653737940438,0.9114177540787048,-0.009975669679786008,0.9092179454634737,-0.009978622502659594,0.0021674360674462934,8.279951420274762e-05,0.0006144955009249043,0.000614470310728883,86.10132971533355
0.4,0.6994599520973827,0.7794599520973826,0.2,0.003,0.1,0.9092979377265975,0.9131749303115304,0.9131413605089043,-0.002995741193108032,0.9092975336938225,-0.003000040114286553,0.0038769925849329034,4.0601925972968526e-07,7.953537259383143e-06,7.933216612568292e-06,320.019253573899
0.4,0.6994599520973827,0.7794599520973826,0.2,0.003,0.18,0.9092979377265975,0.9131749303115304,0.9131747477661779,-0.0029971985909945224,0.9092848448524927,-0.002999401874952259,0.0038769925849329034,1.3106529132320915e-05,0.00010496251405910585,0.0001049022531372089,197.37114578971224
0.4,0.6994599520973827,0.7794599520973826,0.2,0.003,0.28,0.9092979377265975,0.9131749303115304,0.9131516526887502,-0.0029946064946895002,0.9092186138003083,-0.002996398469791195,0.0038769925849329034,7.940564401713296e-05,0.000573065205367646,0.0005719814285693256,141.4986088092756
0.4,0.6994599520973827,0.7794599520973826,0.2,0.01,0.1,0.9092979377265975,0.9131749303115304,0.9131442282507144,-0.009986079164058881,0.9092974271575037,-0.010000096805259743,0.0038769925849329034,5.196653325346615e-07,7.319987398424609e-06,7.265857326226282e-06,192.10538719871155
0.4,0.6994599520973827,0.7794599520973826,0.2,0.01,0.18,0.9092979377265975,0.9131749303115304,0.9131763790315436,-0.009990257116925095,0.909285293304106,-0.009997963043246289,0.0038769925849329034,1.2807443654369425e-05,9.793498720963834e-05,9.771542890883862e-05,115.82649621589601
0.4,0.6994599520973827,0.7794599520973826,0.2,0.01,0.28,0.9092979377265975,0.9131749303115304,0.9131550581096523,-0.00998156595616634,0.9092192543100039,-0.009987529150133697,0.0038769925849329034,7.966556435012419e-05,0.0005472861749409644,0.0005472276456617523,81.80488418549209
0.4,0.7794599520973826,0.7794599520973826,0.025,0.003,0.1,1.0132979377265974,1.0133459360007078,1.0133448273962684,-0.0030000046024815084,1.0132967237464086,-0.0030000003471940748,4.799827411039459e-05,1.213980238467051e-06,6.690475569247055e-05,6.690916792896646e-05,213.10327490812438
0.4,0.7794599520973826,0.7794599520973826,0.025,0.003,0.18,1.0132979377265974,1.0133459360007078,1.013333308563928,-0.003000080988724154,1.01328497094791,-0.0030000423077794357,4.799827411039459e-05,1.2966847707809875e-05,0.0007190702744491244,0.0007190247851557429,154.72244954794877
0.4,0.7794599520973826,0.7794599520973826,0.025,0.003,0.28,1.0132979377265974,1.0133459360007078,1.0132694112296632,-0.003000762927757388,1.0132205773565326,-0.0030005445036514703,4.799827411039459e-05,7.736228629498113e-05,0.004297561673937735,0.0043072179954974765,122.74121222259966
0.4,0.7794599520973826,0.7794599520973826,0.025,0.01,0.1,1.0132979377265974,1.0133459360007078,1.0133422879542096,-0.009999994672880146,1.01329416124471,-0.00999997322329121,4.799827411039459e-05,3.7765768148176836e-06,3.726482855700103e-05,3.726935376639726e-05,189.19049454405
0.4,0.7794599520973826,0.7794599520973826,0.025,0.01,0.18,1.0132979377265974,1.0133459360007078,1.0133094652396564,-0.010000408989233016,1.0132610966634008,-0.010000243685820595,4.799827411039459e-05,3.6841869119694957e-05,0.0004203608878484132,0.0004203996888666854,146.71777827682794
0.4,0.7794599520973826,0.7794599520973826,0.025,0.01,0.28,1.0132979377265974,1.0133459360007078,1.0131345765508935,-0.010005800671878864,1.01308568967005,-0.010004939641663579,4.799827411039459e-05,0.00021230552882088236,0.0025726394455071644,0.002572806619350119,141.9257632270287
0.4,0.7794599520973826,0.7794599520973826,0.05,0.003,0.1,1.0132979377265974,1.0134900257429502,1.0134893776467189,-0.0030000036151123727,1.0132968821342203,-0.002999997934253442,0.00019208801635284267,1.0555943983482495e-06,3.5915145111228275e-05,3.5916643759071935e-05,206.6364089261191
0.4,0.7794599520973826,0.7794599520973826,0.05,0.003,0.18,1.0132979377265974,1.0134900257429502,1.0134800093762175,-0.0030000284480911407,1.0132865803308047,-0.002999985690709854,0.00019208801635284267,1.135740480692282e-05,0.0003839727819421328,0.0003840120212222008,150.09367033775925
0.4,0.7794599520973826,0.7794599520973826,0.05,0.003,0.28,1.0132979377265974,1.0134900257429502,1.0134253606876085,-0.0030002083943161317,1.0132299709717512,-0.002999980067680276,0.00019208801635284267,6.7966757768949e-05,0.00229754136550561,0.002291719400483365,118.98723007592898
0.4,0.7794599520973826,0.7794599520973826,0.05,0.01,0.1,1.0132979377265974,1.0134900257429502,1.0134888667660868,-0.010000015370688732,1.013296279865492,-0.009999988080065539,0.00019208801635284267,1.6579039565846698e-06,2.6962580667743384e-05,2.696460891401576e-05,145.2296417568652
0.4,0.7794599520973826,0.7794599520973826,0.05,0.01,0.18,1.0132979377265974,1.0134900257429502,1.0134745495173583,-0.010000173820617981,1.0132809994449556,-0.009999993893985003,0.00019208801635284267,1.6938282742298547e-05,0.0003013788339367272,0.0003014101239138451,97.74942402036837
0.4,0.7794599520973826,0.7794599520973826,0.05,0.01,0.28,1.0132979377265974,1.0134900257429502,1.0133936213018784,-0.010001676149225381,1.0131980562334972,-0.010000781355168149,0.00019208801635284267,9.988454925468773e-05,0.0018375154203723368,0.0018376595717881775,75.23536574208043
0.4,0.7794599520973826,0.7794599520973826,0.1,0.003,0.1,1.0132979377265974,1.0140678136000625,1.0140682034956632,-0.003000011831742354,1.0132969214849763,-0.0029999972866724335,0.000769875873465109,1.0162452433125317e-06,1.886498898958362e-05,1.8863014584804707e-05,205.3907953504703
0.4,0.7794599520973826,0.7794599520973826,0.1,0.003,0.18,1.0132979377265974,1.0140678136000625,1.01406197833384,-0.003000033525636287,1.0132869455086035,-0.002999971262910089,0.000769875873465109,1.0992255557631242e-05,0.00019753649917146428,0.00019752124973969638,149.1792122971318
0.4,0.7794599520973826,0.7794599520973826,0.1,0.003,0.28,1.0132979377265974,1.0140678136000625,1.0140149449531413,-0.003000107328074917,1.0132320629805829,-0.0029998358160800167,0.000769875873465109,6.58749506173146e-05,0.0011737026740384908,0.0011752250999447792,118.26968076955241
0.4,0.7794599520973826,0.7794599520973826,0.1,0.01,0.1,1.0132979377265974,1.0140678136000625,1.0140684418847927,-0.010000053325550413,1.0132968172530212,-0.009999991466828088,0.000769875873465109,1.1205060686401946e-06,1.617583614222865e-05,1.6169631623760358e-05,134.73769185673163
0.4,0.7794599520973826,0.7794599520973826,0.1,0.01,0.18,1.0132979377265974,1.0140678136000625,1.0140614559678771,-0.010000179811819856,1.013285953212307,-0.009999930411786187,0.000769875873465109,1.1984716320958354e-05,0.00017719625556076487,0.00017720591242589932,91.05705053384044
0.4,0.7794599520973826,0.7794599520973826,0.1,0.01,0.28,1.0132979377265974,1.0140678136000625,1.0140094253305616,-0.010000779505019451,1.0132259014884615,-0.00999973639635031,0.000769875873465109,7.203672043934158e-05,0.001073672444752442,0.00107375110343546,70.07112393682777
0.4,0.7794599520973826,0.7794599520973826,0.15,0.003,0.1,1.0132979377265974,1.015035913806334,1.0150372098863227,-0.0030000380930229934,1.0132969305591435,-0.0029999970416159706,0.0017379760797366917,1.0071717987483685e-06,1.345106712868701e-05,1.3443723712289076e-05,206.65997178225572
0.4,0.7794599520973826,0.7794599520973826,0.15,0.003,0.18,1.0132979377265974,1.015035913806334,1.0150357552539127,-0.003000074469073631,1.01328695483385,-0.0029999681283894774,0.0017379760797366917,1.0982938992009423e-05,0.0001347394326749751,0.00013474430927205852,149.65340252436596
0.4,0.7794599520973826,0.7794599520973826,0.15,0.003,0.28,1.0132979377265974,1.015035913806334,1.014998624410422,-0.003000162561031981,1.0132320439181597,-0.0029998069164644194,0.0017379760797366917,6.589409132596485e-05,0.0007936081058955459,0.0007938173763250311,118.59640055907488
0.4,0.7794599520973826,0.7794599520973826,0.15,0.01,0.1,1.0132979377265974,1.015035913806334,1.0150378797836181,-0.01000015431843246,1.013296935144485,-0.009999991039136989,0.0017379760797366917,1.0026221567737445e-06,1.1768884161427996e-05,1.1747255322510717e-05,132.90640430605112
0.4,0.7794599520973826,0.7794599520973826,0.15,0.01,0.18,1.0132979377265974,1.015035913806334,1.0150366498410432,-0.010000321872464654,1.013286839204934,-0.009999916835292881,0.0017379760797366917,1.1098833248733237e-05,0.00012445964664207118,0.00012445044976935318,89.93017889233019
0.4,0.7794599520973826,0.7794599520973826,0.15,0.01,0.28,1.0132979377265974,1.015035913806334,1.01499868175525,-0.01000086617666699,1.0132307054441771,-0.009999534394194112,0.0017379760797366917,6.72338946380438e-05,0.0007477062674292958,0.0007477403952112848,69.21558282272136
0.4,0.7794599520973826,0.7794599520973826,0.2,0.003,0.1,1.0132979377265974,1.0164021532227823,1.016403002374363,-0.0030001037928404123,1.0132969457744794,-0.0029999964031824796,0.0031042154961848922,9.919586390084659e-07,1.1519132884018155e-05,1.1488683493202148e-05,211.2252882863467
0.4,0.7794599520973826,0.7794599520973826,0.2,0.003,0.18,1.0132979377265974,1.0164021532227823,1.0164083577713303,-0.00300015954748972,1.0132868904986019,-0.0029999664321111643,0.0031042154961848922,1.1047278994741975e-05,0.00010421264608571066,0.00010421326247112372,150.8434816207006
0.4,0.7794599520973826,0.7794599520973826,0.2,0.003,0.28,1.0132979377265974,1.0164021532227823,1.0163849576117792,-0.003000293217963384,1.0132315552175037,-0.0029997935354750226,0.0031042154961848922,6.638283016839685e-05,0.000604444010377411,0.0006059067347423911,119.29610509462411
0.4,0.7794599520973826,0.7794599520973826,0.2,0.01,0.1,1.0132979377265974,1.0164021532227823,1.016403877060615,-0.010000423052544628,1.0132970231132579,-0.009999986356017178,0.0031042154961848922,9.14715102682098e-07,9.869573320424599e-06,9.78804673920077e-06,132.96776310374736
0.4,0.7794599520973826,0.7794599520973826,0.2,0.01,0.18,1.0132979377265974,1.0164021532227823,1.0164102538012025,-0.0100006197451857,1.013287118716754,-0.009999909423154742,0.0031042154961848922,1.0819388991771341e-05,9.713868768033296e-05,9.710825576849034e-05,90.07840053639052
0.4,0.7794599520973826,0.7794599520973826,0.2,0.01,0.28,1.0132979377265974,1.0164021532227823,1.016387773750938,-0.010001278442301711,1.01323196982736,-0.009999453247515439,0.0031042154961848922,6.597016498445369e-05,0.0005760425340032638,0.0005760419550989374,69.2418793262438
0.4,0.8594599520973826,0.7794599520973826,0.025,0.003,0.1,1.1172979377265975,1.1173371145901856,1.1173358880880297,-0.0030030660990326727,1.1172966928311097,-0.0030030439364098385,3.917686358811956e-05,3.288664416248762e-06,1.4043909952364168e-05,1.2885506898485415e-05,742.6888571782706
0.4,0.8594599520973826,0.7794599520973826,0.025,0.003,0.18,1.1172979377265975,1.1173371145901856,1.1173273185476817,-0.003035079360022867,1.1172875222327119,-0.003035029720717987,3.917686358811956e-05,3.654536696300657e-05,9.417054782546318e-05,9.416132883247482e-05,765.6421965949384
0.4,0.8594599520973826,0.7794599520973826,0.025,0.003,0.28,1.1172979377265975,1.1173371145901856,1.1172828406920128,-0.0032055230068731896,1.1172404400549598,-0.003205315970468104,3.917686358811956e-05,0.00021321498533876697,0.0005434250401988548,0.0005443731235223406,758.7755317653468
0.4,0.8594599520973826,0.7794599520973826,0.025,0.01,0.1,1.1172979377265975,1.1173371145901856,1.1173318101806138,-0.01001067007586352,1.1172926145687156,-0.01001058344206914,3.917686358811956e-05,1.1846740305485813e-05,9.843916567119009e-06,9.482970126285892e-06,882.3035823867515
0.4,0.8594599520973826,0.7794599520973826,0.025,0.01,0.18,1.1172979377265975,1.1173371145901856,1.1173020258859168,-0.010127793213956482,1.1172621489024528,-0.010127592675544644,3.917686358811956e-05,0.0001325169075488084,8.653474192261249e-05,8.651737358712932e-05,891.8374952036038
0.4,0.8594599520973826,0.7794599520973826,0.025,0.01,0.28,1.1172979377265975,1.1173371145901856,1.1171560510513148,-0.010731274097235016,1.1171133818374919,-0.010730459656819579,3.917686358811956e-05,0.0007534136887822882,0.0005112020163142776,0.0005112084236339935,846.4626521503849
0.4,0.8594599520973826,0.7794599520973826,0.05,0.003,0.1,1.1172979377265975,1.1174547056353572,1.117453737039948,-0.003000759677214321,1.1172970727234832,-0.0030006793799429903,0.00015676790875973623,1.0999034023929175e-06,1.4480311232441268e-05,1.2829955773551846e-05,262.79494521890405
0.4,0.8594599520973826,0.7794599520973826,0.05,0.003,0.18,1.1172979377265975,1.1174547056353572,1.1174462769082625,-0.0030088408237691653,1.1172884266375753,-0.003008738402438951,0.00015676790875973623,1.2915900726319776e-05,9.20428359508615e-05,9.204444610488237e-05,238.10120371218036
0.4,0.8594599520973826,0.7794599520973826,0.05,0.003,0.28,1.1172979377265975,1.1174547056353572,1.1174037634526595,-0.003051491820321488,1.1172422700025895,-0.003051232247357988,0.00015676790875973623,7.565473326620813e-05,0.0005329988027610981,0.0005332586817422845,195.86240793821602
0.4,0.8594599520973826,0.7794599520973826,0.05,0.01,0.1,1.1172979377265975,1.1174547056353572,1.117452751601263,-0.010002735889254674,1.1172960926351247,-0.010002444893938513,0.00015676790875973623,3.062983661933919e-06,9.763288235337595e-06,9.353091953601888e-06,238.28485783576636
0.4,0.8594599520973826,0.7794599520973826,0.05,0.01,0.18,1.1172979377265975,1.1174547056353572,1.1174404423917967,-0.010032189523566859,1.117282472018092,-0.010031807730106706,0.00015676790875973623,3.536834508590224e-05,8.473632915038594e-05,8.471618241701004e-05,231.54583830714148
0.4,0.8594599520973826,0.7794599520973826,0.05,0.01,0.28,1.1172979377265975,1.1174547056353572,1.1173744826716752,-0.010183312654150786,1.1172126534040197,-0.010182325707343476,0.00015676790875973623,0.00020128606319329696,0.0005023905494578734,0.0005023959005873824,214.23004892607975
0.4,0.8594599520973826,0.7794599520973826,0.1,0.003,0.1,1.1172979377265975,1.117925979207034,1.117924043681476,-0.0030004457662616037,1.1172973700810167,-0.003000089989175255,0.000628041480436492,5.747343360389838e-07,1.344272016050845e-05,1.324826879368954e-05,139.07093561848527
0.4,0.8594599520973826,0.7794599520973826,0.1,0.003,0.18,1.1172979377265975,1.117925979207034,1.1179194582849497,-0.0030024816781227155,1.1172886310905987,-0.0030021648410982803,0.000628041480436492,9.555103902828765e-06,8.485035232230417e-05,8.483823129079049e-05,223.5629347383625
0.4,0.8594599520973826,0.7794599520973826,0.1,0.003,0.28,1.1172979377265975,1.117925979207034,1.117881054262788,-0.003013201278474988,1.1172424079229322,-0.0030127117867587145,0.000628041480436492,5.6966205926897994e-05,0.00048640560750095945,0.00048777084565241517,162.5801721987816
0.4,0.8594599520973826,0.7794599520973826,0.1,0.01,0.1,1.1172979377265975,1.117925979207034,1.1179239045499718,-0.010001602431854363,1.1172970916564537,-0.010000395081678045,0.000628041480436492,9.337688260089164e-07,8.946646983371627e-06,8.678935315788982e-06,143.92058839171074
0.4,0.8594599520973826,0.7794599520973826,0.1,0.01,0.18,1.1172979377265975,1.117925979207034,1.1179186302522939,-0.010008975146340951,1.1172875411204581,-0.010007854220834004,0.000628041480436492,1.3029896550841524e-05,7.846691764991701e-05,7.843353176685452e-05,133.8200475700174
0.4,0.8594599520973826,0.7794599520973826,0.1,0.01,0.28,1.1172979377265975,1.117925979207034,1.1178759339124673,-0.010047038167515395,1.1172366867750876,-0.010045271622279814,0.000628041480436492,7.616560145309863e-05,0.0004611161007135427,0.0004611141561392143,94.95712955034783
0.4,0.8594599520973826,0.7794599520973826,0.15,0.003,0.1,1.1172979377265975,1.1187146887258352,1.118708791626048,-0.0030008976703673096,1.1172975441881383,-0.0030000004159530078,0.0014167509992377703,3.935386789756183e-07,1.0335507897836874e-05,1.0296855834903412e-05,127.04042748852717
0.4,0.8594599520973826,0.7794599520973826,0.15,0.003,0.18,1.1172979377265975,1.1187146887258352,1.1187104790768818,-0.0030016305388291505,1.11728864225986,-0.003000946143266495,0.0014167509992377703,9.343494471968855e-06,7.67877369919818e-05,7.676480763880746e-05,217.1993379139842
0.4,0.8594599520973826,0.7794599520973826,0.15,0.003,0.28,1.1172979377265975,1.1187146887258352,1.1186788702289499,-0.003006460230403938,1.1172421802656316,-0.003005576238826505,0.0014167509992377703,5.6035603796250047e-05,0.0004316466414127272,0.00043352546698404543,155.95068299374313
0.4,0.8594599520973826,0.7794599520973826,0.15,0.01,0.1,1.1172979377265975,1.1187146887258352,1.118709091071089,-0.010003040249135467,1.1172974007663743,-0.010000044956046497,0.0014167509992377703,5.388388695963416e-07,7.5174607203727464e-06,7.419166037073679e-06,118.66950725260001
0.4,0.8594599520973826,0.7794599520973826,0.15,0.01,0.18,1.1172979377265975,1.1187146887258352,1.1187107562452396,-0.010005800464381872,1.1172884898135917,-0.010003405287676832,0.0014167509992377703,1.004286036573642e-05,7.13107551767284e-05,7.124638404693878e-05,128.37666921350257
0.4,0.8594599520973826,0.7794599520973826,0.15,0.01,0.28,1.1172979377265975,1.1187146887258352,1.1186786149011319,-0.010022988968963848,1.1172409071447928,-0.010019881449698027,0.0014167509992377703,6.039668288133361e-05,0.0004111307934493686,0.0004111146952723239,90.23024735764409
0.4,0.8594599520973826,0.7794599520973826,0.2,0.003,0.1,1.1172979377265975,1.119825788126822,1.1198105383439882,-0.00300174582444763,1.117297651990893,-0.0029999774290708882,0.0025278504002246294,2.8662578325651516e-07,6.689535590489377e-06,6.6731733225995624e-06,201.43023136826497
0.4,0.8594599520973826,0.7794599520973826,0.2,0.003,0.18,1.1172979377265975,1.119825788126822,1.1198235995104568,-0.0030017390090894204,1.1172886232185237,-0.0030005172169939084,0.0025278504002246294,9.328857061527456e-06,7.033877786025793e-05,7.029950977969068e-05,215.04051827548975
0.4,0.8594599520973826,0.7794599520973826,0.2,0.003,0.28,1.1172979377265975,1.119825788126822,1.1198016545343268,-0.0030045337036876617,1.1172418003623765,-0.003003076566377283,0.0025278504002246294,5.6221605476441367e-05,0.00038156201320369736,0.00038305418399919974,152.322368402106
0.4,0.8594599520973826,0.7794599520973826,0.2,0.01,0.1,1.1172979377265975,1.119825788126822,1.119811373728315,-0.010005812442084795,1.1172975642210188,-0.00999994908048003,0.0025278504002246294,3.7696049504563353e-07,5.689873165573891e-06,5.647532462346828e-06,135.65495916263828
0.4,0.8594599520973826,0.7794599520973826,0.2,0.01,0.18,1.1172979377265975,1.119825788126822,1.119824303988945,-0.010006105939029817,1.117288859533553,-0.010001825089602654,0.0025278504002246294,9.259834826241775e-06,6.546590823661364e-05,6.53205870204468e-05,125.89720297395387
0.4,0.8594599520973826,0.7794599520973826,0.2,0.01,0.28,1.1172979377265975,1.119825788126822,1.1198035454310715,-0.01001604167712078,1.1172421474249075,-0.010010983100880132,0.0025278504002246294,5.686111384421754e-05,0.0003645507341633764,0.0003645125635462647,87.9568819976635
0.8,0.6658353261772513,0.7458353261772512,0.025,0.003,0.1,0.8655859240304267,0.8656544338234597,0.865652404702467,-0.002996717965386445,0.8655840447606151,-0.00299676188724272,6.850979303307803e-05,3.74393232490149e-06,2.463516316346944e-05,2.2134956985881377e-05,501.94987487804957
0.8,0.6658353261772513,0.7458353261772512,0.025,0.003,0.18,0.8655859240304267,0.8656544338234597,0.8656352290841274,-0.0029621911429297217,0.8655671964188032,-0.0029621806748272176,6.850979303307803e-05,4.2202189441357167e-05,0.00016158024797615755,0.0001615769537939699,537.1164501888228
0.8,0.6658353261772513,0.7458353261772512,0.025,0.003,0.28,0.8655859240304267,0.8656544338234597,0.8655319265560426,-0.002778449693219643,0.8654672945128756,-0.002778183406510959,6.850979303307803e-05,0.0002515463447984778,0.0009544812329316246,0.0009511685152086947,521.4032402022341
0.8,0.6658353261772513,0.7458353261772512,0.025,0.01,0.1,0.8655859240304267,0.8656544338234597,0.8656481352983906,-0.009988228897157907,0.8655798029280656,-0.009988379811548242,6.850979303307803e-05,1.3133798908514948e-05,1.6986773762217865e-05,1.6359475935962577e-05,618.2136269634223
0.8,0.6658353261772513,0.7458353261772512,0.025,0.01,0.18,0.8655859240304267,0.8656544338234597,0.86560702973924,-0.009861916583656174,0.8655390821373655,-0.009861831394316437,6.850979303307803e-05,0.00014589285980503547,0.00014891699841159385,0.00014888941960250165,622.2805853580294
0.8,0.6658353261772513,0.7458353261772512,0.025,0.01,0.28,0.8655859240304267,0.8656544338234597,0.8653615289063021,-0.009216283199397497,0.8652972471529111,-0.009215214049337048,6.850979303307803e-05,0.0008361957474001412,0.0009011657073243254,0.0009011770915385577,579.313618320919
0.8,0.6658353261772513,0.7458353261772512,0.05,0.003,0.1,0.8655859240304267,0.8658601733659954,0.8658583234145861,-0.002999091805097638,0.8655846206534298,-0.002999304267309179,0.00027424933556874365,1.4774422401871135e-06,2.4781291192690266e-05,2.2659591803502333e-05,238.38528041930059
0.8,0.6658353261772513,0.7458353261772512,0.05,0.003,0.18,0.8655859240304267,0.8658601733659954,0.8658451109307531,-0.002990376753629267,0.8655701813133804,-0.0029905010255719413,0.00027424933556874365,1.8386507422147052e-05,0.0001574312063574038,0.0001574295879649352,243.36547988459017
0.8,0.6658353261772513,0.7458353261772512,0.05,0.003,0.28,0.8655859240304267,0.8658601733659954,0.8657640762711987,-0.0029443742500164156,0.8654898770275588,-0.0029442231149494407,0.00027424933556874365,0.00011106794166568855,0.0009192936813415499,0.0009199075020268491,181.35531039034933
0.8,0.6658353261772513,0.7458353261772512,0.05,0.01,0.1,0.8655859240304267,0.8658601733659954,0.8658572867907749,-0.00999662099931341,0.8655835846547578,-0.009997364282141853,0.00027424933556874365,3.5241576508081414e-06,1.6844395741920997e-05,1.6159932057346284e-05,210.91928809749544
0.8,0.6658353261772513,0.7458353261772512,0.05,0.01,0.18,0.8655859240304267,0.8658601733659954,0.8658387109447718,-0.009965011743073928,0.8655637435745128,-0.009965390403821342,0.00027424933556874365,4.1107137728085784e-05,0.00014528135620518645,0.00014524800738493655,179.49978744836423
0.8,0.6658353261772513,0.7458353261772512,0.05,0.01,0.28,0.8655859240304267,0.8658601733659954,0.8657245739056738,-0.009803566999268494,0.8654505304328026,-0.009802878791067962,0.00027424933556874365,0.00023914053878088093,0.0008691281540623233,0.0008691357268397274,153.46806042750504
0.8,0.6658353261772513,0.7458353261772512,0.1,0.003,0.1,0.8655859240304267,0.8666863012779906,0.8666810294474545,-0.0029988775705340285,0.8655850748953123,-0.0029999272206838287,0.001100377247563955,8.522483624253553e-07,2.214927523600893e-05,2.1940288181141026e-05,136.83955769375308
0.8,0.6658353261772513,0.7458353261772512,0.1,0.003,0.18,0.8655859240304267,0.8666863012779906,0.8666761606974368,-0.0029969197025760137,0.8655708413165919,-0.0029975814583853874,0.001100377247563955,1.527539198067059e-05,0.00014481876649676342,0.0001448003189428934,223.5761443609333
0.8,0.6658353261772513,0.7458353261772512,0.1,0.003,0.28,0.8655859240304267,0.8666863012779906,0.8666100709265236,-0.0029853962083621795,0.8654946932824369,-0.00298573650852001,0.001100377247563955,9.233903057740156e-05,0.0008360227031923147,0.0008338319577672941,162.6373296756148
0.8,0.6658353261772513,0.7458353261772512,0.1,0.01,0.1,0.8655859240304267,0.8666863012779906,0.8666812581482461,-0.009996125933810964,0.8655847500189067,-0.009999630002088639,0.001100377247563955,1.2309352149906374e-06,1.5178970363308153e-05,1.4822805166477087e-05,140.2801695120398
0.8,0.6658353261772513,0.7458353261772512,0.1,0.01,0.18,0.8655859240304267,0.8666863012779906,0.8666756583435574,-0.009989051202352944,0.8655698485623535,-0.009991289790752676,0.001100377247563955,1.828355596985242e-05,0.0001343132490279927,0.00013425333865478483,134.02894496834276
0.8,0.6658353261772513,0.7458353261772512,0.1,0.01,0.28,0.8655859240304267,0.8666863012779906,0.8666034161047282,-0.009948836632154744,0.8654874201900574,-0.009949816453949116,0.001100377247563955,0.00011055041773657446,0.000792280748203864,0.000792274741171431,95.32378881186709
0.8,0.6658353261772513,0.7458353261772512,0.15,0.003,0.1,0.8655859240304267,0.8680745877156212,0.8680572376440364,-0.0029972712474694045,0.8655853235593003,-0.0030000234619014495,0.0024886636851945143,6.009293090144342e-07,1.4005113347538306e-05,1.3951010320293103e-05,184.41559403549792
0.8,0.6658353261772513,0.7458353261772512,0.15,0.003,0.18,0.8655859240304267,0.8680745877156212,0.868070187175392,-0.0029973445452591667,0.8655708375542602,-0.0029988935630348235,0.0024886636851945143,1.5126994608261876e-05,0.00013119700686504043,0.0001311650387662866,210.62384508827782
0.8,0.6658353261772513,0.7458353261772512,0.15,0.003,0.28,0.8655859240304267,0.8680745877156212,0.8680224022396439,-0.002992267695531924,0.8654946258980484,-0.002993416368119923,0.0024886636851945143,9.15352018870149e-05,0.0007410994733614157,0.0007388782952586043,151.75653760702565
0.8,0.6658353261772513,0.7458353261772512,0.15,0.01,0.1,0.8655859240304267,0.8680745877156212,0.8680588201312004,-0.00999096581708007,0.865585145014874,-0.010000015894307174,0.0024886636851945143,7.791776820636196e-07,1.1617853518936127e-05,1.1492216990037142e-05,132.92566568359354
0.8,0.6658353261772513,0.7458353261772512,0.15,0.01,0.18,0.8655859240304267,0.8680745877156212,0.8680713509675313,-0.009990762353399723,0.8655709263195542,-0.009996104187865845,0.0024886636851945143,1.549544073583353e-05,0.00012222735008499326,0.00012210386309832798,124.71023113216722
0.8,0.6658353261772513,0.7458353261772512,0.15,0.01,0.28,0.8655859240304267,0.8680745877156212,0.8680230226279299,-0.009973280837207528,0.865493380911018,-0.009977013379956857,0.0024886636851945143,9.535519729354811e-05,0.0007053294360456674,0.0007052963643328751,88.0426384804108
0.8,0.6658353261772513,0.7458353261772512,0.2,0.003,0.1,0.8655859240304267,0.8700426459336952,0.8699979167889489,-0.0029945058991682825,0.8655854734841839,-0.003000048847851036,0.004456721903268512,4.531865282800724e-07,8.615969417078114e-06,8.594851122442106e-06,370.4933897439376
0.8,0.6658353261772513,0.7458353261772512,0.2,0.003,0.18,0.8655859240304267,0.8700426459336952,0.87004308516988,-0.0029965792561861045,0.8655707009332255,-0.0029993553039832327,0.004456721903268512,1.523674247828369e-05,0.00012086584903467448,0.00012076653899878644,201.9886675774043
0.8,0.6658353261772513,0.7458353261772512,0.2,0.003,0.28,0.8655859240304267,0.8700426459336952,0.8700209001981141,-0.00299384697289713,0.8654934867162669,-0.0029960962630159716,0.004456721903268512,9.251970715209613e-05,0.0006566370086395924,0.0006543713853498045,144.79669341837078
0.8,0.6658353261772513,0.7458353261772512,0.2,0.01,0.1,0.8655859240304267,0.8700426459336952,0.8700017206267121,-0.009982086450676043,0.8655853570611318,-0.01000012170256459,0.004456721903268512,5.798842087229977e-07,8.018467248627608e-06,7.96099413349234e-06,218.48042596344982
0.8,0.6658353261772513,0.7458353261772512,0.2,0.01,0.18,0.8655859240304267,0.8700426459336952,0.8700450666044871,-0.009988086359821421,0.8655712885833194,-0.009997824605506234,0.004456721903268512,1.4796237806682253e-05,0.00011274731901265216,0.0001124516194684575,118.31371966432064
0.8,0.6658353261772513,0.7458353261772512,0.2,0.01,0.28,0.8655859240304267,0.8700426459336952,0.8700253905337713,-0.009979021979074442,0.8654944706790787,-0.009986514789976638,0.004456721903268512,9.244223256796324e-05,0.0006266906133149394,0.0006266149022275004,83.69116954469774
0.8,0.7458353261772512,0.7458353261772512,0.025,0.003,0.1,0.9695859240304266,0.9696404166815052,0.9696391672824144,-0.0030000054181973513,0.9695845440775434,-0.0030000002181511274,5.449265107859702e-05,1.3799529005391542e-06,7.464295112572539e-05,7.464785526956798e-05,219.04350740284283
0.8,0.7458353261772512,0.7458353261772512,0.025,0.003,0.18,0.9695859240304266,0.9696404166815052,0.9696260809276099,-0.0030000915587773077,0.9695711672922414,-0.0030000444576127588,5.449265107859702e-05,1.475680515384971e-05,0.0008025639102994852,0.0008025916405031404,159.0426447420944
0.8,0.7458353261772512,0.7458353261772512,0.025,0.003,0.28,0.9695859240304266,0.9696404166815052,0.9695532825081462,-0.003000853443594435,0.969497751714793,-0.003000587255448666,5.449265107859702e-05,8.817427126525104e-05,0.004815620934040055,0.004800768937798441,126.13244047496401
0.8,0.7458353261772512,0.7458353261772512,0.025,0.01,0.1,0.9695859240304266,0.9696404166815052,0.9696364614864722,-0.009999996449396779,0.9695818097003805,-0.009999970278608132,5.449265107859702e-05,4.114437396459521e-06,4.239372199355514e-05,4.2398878394211205e-05,188.61794033954087
0.8,0.7458353261772512,0.7458353261772512,0.025,0.01,0.18,0.9695859240304266,0.9696404166815052,0.9696006306806199,-0.010000463839117572,0.9695456786496537,-0.01000026261394572,5.449265107859702e-05,4.02462375837204e-05,0.00047834178172807525,0.0004783864900133712,142.7925119890273
0.8,0.7458353261772512,0.7458353261772512,0.025,0.01,0.28,0.9695859240304266,0.9696404166815052,0.9694090830646054,-0.010006443734790465,0.9693534867824976,-0.010005394243774068,5.449265107859702e-05,0.000232499832453157,0.00293092573008055,0.0029311194865210767,136.2732537775313
0.8,0.7458353261772512,0.7458353261772512,0.05,0.003,0.1,0.9695859240304266,0.9698040203792205,0.9698033131052801,-0.0030000046414476334,0.9695847131890919,-0.0029999975639498676,0.00021809634879388362,1.21084378525371e-06,3.9930219689557337e-05,3.993176749214063e-05,212.83726811104432
0.8,0.7458353261772512,0.7458353261772512,0.05,0.003,0.18,0.9695859240304266,0.9698040203792205,0.9697926442694862,-0.003000034636913451,0.9695728852927545,-0.0029999821971997314,0.00021809634879388362,1.3038749825877466e-05,0.0004269690494180923,0.00042696203889701497,154.60126647179754
0.8,0.7458353261772512,0.7458353261772512,0.05,0.003,0.28,0.9695859240304266,0.9698040203792205,0.9697299698277241,-0.0030002419020367004,0.9695077713263696,-0.0029999626981800248,0.00021809634879388362,7.815271295905611e-05,0.002556894026183385,0.0025517225108584894,122.6024812937374
0.8,0.7458353261772512,0.7458353261772512,0.05,0.01,0.1,0.9695859240304266,0.9698040203792205,0.9698027869836333,-0.010000020423465318,0.9695840739122118,-0.009999986606978234,0.00021809634879388362,1.8501666903174266e-06,3.0312945672035133e-05,3.031498873982012e-05,148.76972727733556
0.8,0.7458353261772512,0.7458353261772512,0.05,0.01,0.18,0.9695859240304266,0.9698040203792205,0.969786868711755,-0.010000208649330159,0.9695669596047489,-0.009999988315497478,0.00021809634879388362,1.8964429277296303e-05,0.0003388095207769253,0.0003388446887467346,100.14821903504692
0.8,0.7458353261772512,0.7458353261772512,0.05,0.01,0.28,0.9695859240304266,0.9698040203792205,0.969696225039787,-0.010001914294750251,0.9694738085308807,-0.010000820532241769,0.00021809634879388362,0.000112118502093066,0.0020678974324247986,0.0020680615019924445,77.05886133257663
0.8,0.7458353261772512,0.7458353261772512,0.1,0.003,0.1,0.9695859240304266,0.9704603292756067,0.9704608755644537,-0.0030000158444776935,0.9695847547949786,-0.00299999683824388,0.00087440524518001,1.1692397228979403e-06,2.1011098473703983e-05,2.1008503861910253e-05,211.8182789841113
0.8,0.7458353261772512,0.7458353261772512,0.1,0.003,0.18,0.9695859240304266,0.9704603292756067,0.9704540453894707,-0.0030000445072941697,0.9695732639233897,-0.0029999662344639666,0.00087440524518001,1.2660152064569072e-05,0.00021962570549719944,0.0002196116256097845,153.82534620241944
0.8,0.7458353261772512,0.7458353261772512,0.1,0.003,0.28,0.9695859240304266,0.9704603292756067,0.9704005020830142,-0.003000141151177281,0.9695099461084802,-0.0029998049388230367,0.00087440524518001,7.597817234026108e-05,0.0013053376405471736,0.0013076965149681498,121.98896484974269
0.8,0.7458353261772512,0.7458353261772512,0.1,0.01,0.1,0.9695859240304266,0.9704603292756067,0.9704611918983518,-0.010000070335284607,0.9695846493422553,-0.00999999023540846,0.00087440524518001,1.2747255710247865e-06,1.8076298147134007e-05,1.806824716307499e-05,138.64505046238517
0.8,0.7458353261772512,0.7458353261772512,0.1,0.01,0.18,0.9695859240304266,0.9704603292756067,0.9704536117513142,-0.010000230445050448,0.9695722482799352,-0.009999918298353696,0.00087440524518001,1.3675994540236604e-05,0.00019774473490738955,0.00019775419818472017,93.71238554185454
0.8,0.7458353261772512,0.7458353261772512,0.1,0.01,0.28,0.9695859240304266,0.9704603292756067,0.9703949099032433,-0.010000958929159745,0.9695035562875688,-0.009999669545256705,0.00087440524518001,8.236840573809629e-05,0.0011990706451641,0.0011991573305340834,72.11992816873209
0.8,0.7458353261772512,0.7458353261772512,0.15,0.003,0.1,0.9695859240304266,0.9715609744545736,0.971562521681991,-0.0030000519238063557,0.9695847645068049,-0.0029999965208993154,0.001975050424146918,1.1595288412195261e-06,1.5086289695614983e-05,1.5076599781029334e-05,213.62058197414865
0.8,0.7458353261772512,0.7458353261772512,0.15,0.003,0.18,0.9695859240304266,0.9715609744545736,0.9715616155145822,-0.0030001001929630066,0.9695732541511686,-0.002999962627301645,0.001975050424146918,1.266993437760454e-05,0.0001500779582138809,0.00015007858586109146,154.4905741640669
0.8,0.7458353261772512,0.7458353261772512,0.15,0.003,0.28,0.9695859240304266,0.9715609744545736,0.9715203331394808,-0.0030002201277966782,0.9695098033962349,-0.002999771742521325,0.001975050424146918,7.612097642059649e-05,0.0008827877350727034,0.0008856943476964655,122.39064491065578
0.8,0.7458353261772512,0.7458353261772512,0.15,0.01,0.1,0.9695859240304266,0.9715609744545736,0.9715633406841173,-0.010000208917447826,0.9695847793812494,-0.009999989371793843,0.001975050424146918,1.1446985182473118e-06,1.3197217429682737e-05,1.3168803735035107e-05,137.1372046657352
0.8,0.7458353261772512,0.7458353261772512,0.15,0.01,0.18,0.9695859240304266,0.9715609744545736,0.9715627900042723,-0.010000423948718985,0.9695731820447245,-0.009999902778491407,0.001975050424146918,1.274235659737265e-05,0.00013884603833214386,0.00013883293336566097,92.74617487160259
0.8,0.7458353261772512,0.7458353261772512,0.15,0.01,0.28,0.9695859240304266,0.9715609744545736,0.971520844915795,-0.010001118326622201,0.9695085818609795,-0.009999444363637117,0.001975050424146918,7.734416530386886e-05,0.0008341882031591843,0.0008342230294257916,71.37441171408607
0.8,0.7458353261772512,0.7458353261772512,0.2,0.003,0.1,0.9695859240304266,0.9731163805233043,0.973117001402437,-0.003000145292687587,0.9695847861626522,-0.0029999954483943877,0.0035304564928776427,1.1378768778916445e-06,1.3239658745185783e-05,1.3190299927173405e-05,219.65903276340612
0.8,0.7458353261772512,0.7458353261772512,0.2,0.003,0.18,0.9695859240304266,0.9731163805233043,0.9731246169537263,-0.0030002164501528442,0.9695731578953306,-0.002999960510584519,0.0035304564928776427,1.2766196172092613e-05,0.00011645048904140199,0.00011643331464469355,156.03588913120774
0.8,0.7458353261772512,0.7458353261772512,0.2,0.003,0.28,0.9695859240304266,0.9731163805233043,0.9731004397932512,-0.00300039807720972,0.969509095499974,-0.0029997554264867927,0.0035304564928776427,7.682891973546097e-05,0.0006749309546444814,0.0006753619140389668,123.28580336622674
0.8,0.7458353261772512,0.7458353261772512,0.2,0.01,0.1,0.9695859240304266,0.9731163805233043,0.9731179739284375,-0.010000600453299402,0.9695848912166853,-0.009999981577455963,0.0035304564928776427,1.0329780318885883e-06,1.1219255308272174e-05,1.1094519152049863e-05,137.1013315075178
0.8,0.7458353261772512,0.7458353261772512,0.2,0.01,0.18,0.9695859240304266,0.9731163805233043,0.9731269653653862,-0.010000830993637608,0.969573463834373,-0.009999893565599449,0.0035304564928776427,1.2460650624105135e-05,0.00010860283528416874,0.0001085631926694813,93.1188914063816
0.8,0.7458353261772512,0.7458353261772512,0.2,0.01,0.28,0.9695859240304266,0.9731163805233043,0.973104089669174,-0.010001689640808626,0.9695097674809442,-0.009999350680567804,0.0035304564928776427,7.615931751794001e-05,0.0006432465767271393,0.0006432403126552576,71.52876970416938
0.8,0.8258353261772512,0.7458353261772512,0.025,0.003,0.1,1.0735859240304266,1.0736300295657033,1.0736286518325147,-0.0030032867749562307,1.073584525188737,-0.00300325963409666,4.4105535276672825e-05,3.547107626877264e-06,1.6173880266423514e-05,1.4773443603435866e-05,708.4589810203229
0.8,0.8258353261772512,0.7458353261772512,0.025,0.003,0.18,1.0735859240304266,1.0736300295657033,1.0736189147673354,-0.0030377338933198273,1.0735740569931018,-0.003037673419109159,4.4105535276672825e-05,3.949826682580835e-05,0.00010786188756120161,0.00010784832632930367,735.6370988610872
0.8,0.8258353261772512,0.7458353261772512,0.025,0.003,0.28,1.0735859240304266,1.0736300295657033,1.0735680155684864,-0.003221315806773127,1.0735199919391794,-0.0032210632750036368,4.4105535276672825e-05,0.00023068596015269965,0.0006227912683727875,0.0006236889148481325,726.6101659672306
0.8,0.8258353261772512,0.7458353261772512,0.025,0.01,0.1,1.0735859240304266,1.0736300295657033,1.0736242721986404,-0.010011444873117165,1.0735801451671512,-0.010011338991727023,4.4105535276672825e-05,1.272666469040461e-05,1.1283506755103936e-05,1.0865520767203669e-05,845.7634184174948
0.8,0.8258353261772512,0.7458353261772512,0.025,0.01,0.18,1.0735859240304266,1.0736300295657033,1.0735917704196638,-0.010137466138848465,1.0735468148111342,-0.010137221968700512,4.4105535276672825e-05,0.00014268636840183884,9.911730080079292e-05,9.909724817703669e-05,856.6100971720817
0.8,0.8258353261772512,0.7458353261772512,0.025,0.01,0.28,1.0735859240304266,1.0736300295657033,1.073431664036761,-0.010787607954181473,1.073383313899593,-0.010786614235056082,4.4105535276672825e-05,0.0008122886309122524,0.0005857430436198033,0.000585750452903724,810.4365732463003
0.8,0.8258353261772512,0.7458353261772512,0.05,0.003,0.1,1.0735859240304266,1.0737624246270512,1.073761310203513,-0.0030008170063310223,1.0735849467421537,-0.0030007181218811383,0.00017650059662455142,1.2127618911650998e-06,1.654464048658319e-05,1.4738579022053146e-05,260.98794733255255
0.8,0.8258353261772512,0.7458353261772512,0.05,0.003,0.18,1.0735859240304266,1.0737624246270512,1.0737528345052725,-0.003009522675716165,1.0735750160324198,-0.003009397404306062,0.00017650059662455142,1.4397764694875409e-05,0.00010526360527333415,0.000105255899212907,243.21563323375275
0.8,0.8258353261772512,0.7458353261772512,0.05,0.003,0.28,1.0735859240304266,1.0737624246270512,1.0737041615017162,-0.0030554762371687865,1.0735219016811406,-0.0030551592516422674,0.00017650059662455142,8.450682960470626e-05,0.0006105857467252492,0.0006092377926952639,190.0992440597498
0.8,0.8258353261772512,0.7458353261772512,0.05,0.01,0.1,1.0735859240304266,1.0737624246270512,1.073760252473511,-0.01000295821812191,1.0735838925557926,-0.01000260123709784,0.00017650059662455142,3.300503541588139e-06,1.1174619887015557e-05,1.0701547564419857e-05,234.12021965004945
0.8,0.8258353261772512,0.7458353261772512,0.05,0.01,0.18,1.0735859240304266,1.0737624246270512,1.0737466172858532,-0.010034671596869897,1.0735686529322919,-0.010034204950409775,0.00017650059662455142,3.831800442762872e-05,9.691753380308021e-05,9.689403716557856e-05,223.911658921354
0.8,0.8258353261772512,0.7458353261772512,0.05,0.01,0.28,1.0735859240304266,1.0737624246270512,1.073672900854737,-0.010197544181669689,1.073490232137221,-0.010196339348158117,0.00017650059662455142,0.00021841721099863287,0.0005749618553426652,0.0005749679482684895,205.51847636646966
0.8,0.8258353261772512,0.7458353261772512,0.1,0.003,0.1,1.0735859240304266,1.0742931855984927,1.0742907827617416,-0.0030005298073466956,1.0735852908385541,-0.00300008983862083,0.0007072615680661087,6.395333651812169e-07,1.529041493297971e-05,1.5103757262930165e-05,139.4316625451298
0.8,0.8258353261772512,0.7458353261772512,0.1,0.003,0.18,1.0735859240304266,1.0742931855984927,1.0742858737608372,-0.003002716407761621,1.0735752269126506,-0.0030023274718868074,0.0007072615680661087,1.094739485438508e-05,9.65828266153537e-05,9.657412173091025e-05,229.98961005119963
0.8,0.8258353261772512,0.7458353261772512,0.1,0.003,0.28,1.0735859240304266,1.0742931855984927,1.0742422172275898,-0.003014285178339268,1.0735219983323132,-0.0030136843312087544,0.0007072615680661087,6.537396882490063e-05,0.0005552527543388879,0.0005534064303570197,167.09443042821792
0.8,0.8258353261772512,0.7458353261772512,0.1,0.01,0.1,1.0735859240304266,1.0742931855984927,1.074290658286352,-0.010001892868549482,1.0735849872413288,-0.010000402696691977,0.0007072615680661087,1.019675654107117e-06,1.0157527117738721e-05,9.872215144628336e-06,144.94782705583822
0.8,0.8258353261772512,0.7458353261772512,0.1,0.01,0.18,1.0735859240304266,1.0742931855984927,1.074285060619168,-0.010009817195798588,1.073574096877248,-0.010008441559330186,0.0007072615680661087,1.4530708043145571e-05,8.935018154051494e-05,8.931007284713796e-05,137.37220667738995
0.8,0.8258353261772512,0.7458353261772512,0.1,0.01,0.28,1.0735859240304266,1.0742931855984927,1.0742369684040378,-0.010050914501744513,1.0735160165986337,-0.010048747281326466,0.0007072615680661087,8.522526888548159e-05,0.0005250143401465156,0.0005250113228212076,97.3405741128808
0.8,0.8258353261772512,0.7458353261772512,0.15,0.003,0.1,1.0735859240304266,1.0751820158996868,1.0751744610565095,-0.0030011083689266247,1.073585488778022,-0.0029999958710583982,0.00159609186926013,4.352719883431858e-07,1.1376610256337823e-05,1.1337297133954643e-05,134.46027734769544
0.8,0.8258353261772512,0.7458353261772512,0.15,0.003,0.18,1.0735859240304266,1.0751820158996868,1.0751774412302113,-0.0030018588471538874,1.073575229593362,-0.00300101644179193,0.00159609186926013,1.074263180253053e-05,8.711531622228114e-05,8.708264276323998e-05,223.81135047252616
0.8,0.8258353261772512,0.7458353261772512,0.15,0.003,0.28,1.0735859240304266,1.0751820158996868,1.0751421013881308,-0.003007089934028144,1.0735216633439826,-0.0030060004225990066,0.00159609186926013,6.454022694124415e-05,0.0004898371144218915,0.000489411946376806,160.41836241457764
0.8,0.8258353261772512,0.7458353261772512,0.15,0.01,0.1,1.0735859240304266,1.0751820158996868,1.0751748576445297,-0.01000374352872307,1.073585332836535,-0.010000032809240701,0.00159609186926013,5.921035920877742e-07,8.413206931286306e-06,8.312108522473313e-06,121.59100863954001
0.8,0.8258353261772512,0.7458353261772512,0.15,0.01,0.18,1.0735859240304266,1.0751820158996868,1.0751778361385793,-0.010006602391629234,1.073575115383888,-0.010003653661869009,0.00159609186926013,1.1409473478266589e-05,8.092878953854096e-05,8.084850427689612e-05,132.1367867002298
0.8,0.8258353261772512,0.7458353261772512,0.15,0.01,0.28,1.0735859240304266,1.0751820158996868,1.0751421643789814,-0.010025230762419592,1.0735204857506397,-0.010021402661239076,0.00159609186926013,6.884941807729256e-05,0.00046566741125905807,0.0004656466955750641,92.78010514474664
0.8,0.8258353261772512,0.7458353261772512,0.2,0.003,0.1,1.0735859240304266,1.0764353702046956,1.0764156371547993,-0.0030021708182877303,1.073585609986274,-0.002999972364004253,0.002849446174268966,3.1525779624803764e-07,7.240232584568636e-06,7.22352111311453e-06,224.15709316119242
0.8,0.8258353261772512,0.7458353261772512,0.2,0.003,0.18,1.0735859240304266,1.0764353702046956,1.0764330262704462,-0.0030020632715656846,1.0735751999657885,-0.0030005543611124554,0.002849446174268966,1.0738383426053417e-05,7.991093485030926e-05,7.984802570573333e-05,222.24265979049414
0.8,0.8258353261772512,0.7458353261772512,0.2,0.003,0.28,1.0735859240304266,1.0764353702046956,1.0764095780786578,-0.0030051106186816034,1.0735211585318267,-0.003003308130665284,0.002849446174268966,6.484993089736478e-05,0.0004303724060530948,0.00043204963069146454,157.11180363790515
0.8,0.8258353261772512,0.7458353261772512,0.2,0.01,0.1,1.0735859240304266,1.0764353702046956,1.076416693126001,-0.010007218714749518,1.0735855148161362,-0.009999934011504097,0.002849446174268966,4.1450068408001026e-07,6.252484410487413e-06,6.208767337088223e-06,146.70821624742504
0.8,0.8258353261772512,0.7458353261772512,0.2,0.01,0.18,1.0735859240304266,1.0764353702046956,1.0764338511670555,-0.010007239702645209,1.073575521251679,-0.010001946890900724,0.002849446174268966,1.058339217119974e-05,7.437235015328611e-05,7.41788164320852e-05,129.83635487543356
0.8,0.8258353261772512,0.7458353261772512,0.2,0.01,0.28,1.0735859240304266,1.0764353702046956,1.0764120239059505,-0.010018071636074988,1.0735217302049362,-0.010011816399778299,0.002849446174268966,6.52723106287116e-05,0.00041141757067809557,0.0004113690638081481,90.66961959207417
1.2,0.6084531980548484,0.6884531980548484,0.025,0.003,0.1,0.7909891574713029,0.791076920059716,0.7910743715950632,-0.002996371750224874,0.7909868347894045,-0.002996439860157859,8.776258841303175e-05,4.2508172034482895e-06,3.22120563286861e-05,2.8751267512039562e-05,452.869858529658
1.2,0.6084531980548484,0.6884531980548484,0.025,0.003,0.18,0.7909891574713029,0.791076920059716,0.7910526017001361,-0.0029579561637771176,0.7909654833806476,-0.0029579458162492787,8.776258841303175e-05,4.82598895491311e-05,0.00020978043832760678,0.00020979107050520595,489.09533188464917
1.2,0.6084531980548484,0.6884531980548484,0.025,0.003,0.28,0.7909891574713029,0.791076920059716,0.7909210442170956,-0.0027530086639472617,0.7908387207520705,-0.002752634005361848,8.776258841303175e-05,0.0002895188107821985,0.0012445345556485682,0.0012396741386735439,470.5971644523002
1.2,0.6084531980548484,0.6884531980548484,0.025,0.01,0.1,0.7909891574713029,0.791076920059716,0.7910696439110079,-0.0099869342893714,0.7909821458181713,-0.009987169362345777,8.776258841303175e-05,1.4621509575030092e-05,2.206397377216691e-05,2.1236788306297665e-05,560.5486863915329
1.2,0.6084531980548484,0.6884531980548484,0.025,0.01,0.18,0.7909891574713029,0.791076920059716,0.7910213228120951,-0.009846444881939758,0.7909343214344071,-0.00984633960400719,8.776258841303175e-05,0.000163151795083925,0.00019339644189448615,0.00019336016104462586,564.6450835063143
1.2,0.6084531980548484,0.6884531980548484,0.025,0.01,0.28,0.7909891574713029,0.791076920059716,0.7907291233024792,-0.009126352187970707,0.7906472933776804,-0.009124846192229046,8.776258841303175e-05,0.0009395558768718272,0.0011755588757204492,0.0011755740135524768,522.0133092661106
1.2,0.6084531980548484,0.6884531980548484,0.05,0.003,0.1,0.7909891574713029,0.7913405774561688,0.7913380599947603,-0.00299892812143447,0.7909875351568129,-0.0029992587628370777,0.000351419984865875,1.783630240946621e-06,3.205630437980935e-05,2.9761258583381953e-05,235.18496490433373
1.2,0.6084531980548484,0.6884531980548484,0.05,0.003,0.18,0.7909891574713029,0.7913405774561688,0.7913214173304843,-0.0029892269675279226,0.7909688918917427,-0.002989421416697779,0.000351419984865875,2.2860449243069355e-05,0.00020379021978939304,0.00020376576672518387,255.86182722942797
1.2,0.6084531980548484,0.6884531980548484,0.05,0.003,0.28,0.7909891574713029,0.7913405774561688,0.7912170300608498,-0.0029378950438896977,0.7908652158967078,-0.0029376932284628484,0.000351419984865875,0.00013872147523909842,0.0011941186046750105,0.0011944861708964507,189.22996783141858
1.2,0.6084531980548484,0.6884531980548484,0.05,0.01,0.1,0.7909891574713029,0.7913405774561688,0.7913369255081111,-0.009995993649262177,0.7909863750762505,-0.009997142887978826,0.000351419984865875,3.988083666316894e-06,2.181059088954268e-05,2.092997216259492e-05,212.42789091979242
1.2,0.6084531980548484,0.6884531980548484,0.05,0.01,0.18,0.7909891574713029,0.7913405774561688,0.7913144628192772,-0.009960873226210459,0.7909618667911354,-0.009961473142757676,0.000351419984865875,4.7213345072921304e-05,0.00018813242895662408,0.0001880873901529278,175.3403694576015
1.2,0.6084531980548484,0.6884531980548484,0.05,0.01,0.28,0.7909891574713029,0.7913405774561688,0.7911730814227124,-0.00978077656377702,0.790821463118908,-0.009779841435777752,0.000351419984865875,0.0002767511322931871,0.0011287483558638325,0.0011287577780859973,143.01314172847208
1.2,0.6084531980548484,0.6884531980548484,0.1,0.003,0.1,0.7909891574713029,0.7924007936288482,0.7923923444465699,-0.002998290681033547,0.7909881179586588,-0.0029999393893082233,0.0014116361575452485,1.0412781537028636e-06,2.735386345721362e-05,2.7146588365979405e-05,142.72372583487677
1.2,0.6084531980548484,0.6884531980548484,0.1,0.003,0.18,0.7909891574713029,0.7924007936288482,0.7923886985098175,-0.0029962793896359807,0.7909695852035483,-0.002997290497316332,0.0014116361575452485,1.9758923802963654e-05,0.0001860550167106475,0.00018602125409413484,234.53662466358995
1.2,0.6084531980548484,0.6884531980548484,0.1,0.003,0.28,0.7909891574713029,0.7924007936288482,0.7923053564992476,-0.0029834143042344456,0.790870397719991,-0.002983952245877001,0.0014116361575452485,0.00011983909605826725,0.0010745418219557708,0.0010729258696351505,170.32851841912242
1.2,0.6084531980548484,0.6884531980548484,0.1,0.01,0.1,0.7909891574713029,0.7924007936288482,0.7923928921127109,-0.00999416965528788,0.7909877417255641,-0.009999652349530246,0.0014116361575452485,1.457805489848412e-06,1.9187398071934547e-05,1.879617551511576e-05,143.13936897084878
1.2,0.6084531980548484,0.6884531980548484,0.1,0.01,0.18,0.7909891574713029,0.7924007936288482,0.7923885045010107,-0.009986841357378791,0.7909686375143067,-0.009990270232400556,0.0014116361575452485,2.2709843959556685e-05,0.00017269759810235858,0.00017261111329456262,140.2430866136479
1.2,0.6084531980548484,0.6884531980548484,0.1,0.01,0.28,0.7909891574713029,0.7924007936288482,0.7922987551887143,-0.009942035492645196,0.790862804248142,-0.009943611332360996,0.0014116361575452485,0.0001383648034770794,0.001019507719342441,0.001019496191093978,99.57055960608028
1.2,0.6084531980548484,0.6884531980548484,0.15,0.003,0.1,0.7909891574713029,0.7941880180621719,0.794159061856712,-0.002995688455704064,0.7909884282146421,-0.003000042263078171,0.003198860590868935,7.304802838890605e-07,1.6093011038958413e-05,1.6038231142703693e-05,231.71683664052725
1.2,0.6084531980548484,0.6884531980548484,0.15,0.003,0.18,0.7909891574713029,0.7941880180621719,0.7941840824545566,-0.002996390765171275,0.7909694763666671,-0.0029987487426972868,0.003198860590868935,1.972083985337976e-05,0.00016796891388868172,0.00016792069918687748,220.56406284746976
1.2,0.6084531980548484,0.6884531980548484,0.15,0.003,0.28,0.7909891574713029,0.7941880180621719,0.7941284799525897,-0.0029907533265723244,0.7908696132002404,-0.0029925041200328873,0.003198860590868935,0.00011977905059046704,0.0009433067363857273,0.0009457604956075751,158.78580347717136
1.2,0.6084531980548484,0.6884531980548484,0.15,0.01,0.1,0.7909891574713029,0.7941880180621719,0.794161734232764,-0.00998579655601912,0.7909882205236846,-0.010000068722973305,0.003198860590868935,9.394645744503007e-07,1.390372954813702e-05,1.3771444812511945e-05,154.05271597836824
1.2,0.6084531980548484,0.6884531980548484,0.15,0.01,0.18,0.7909891574713029,0.7941880180621719,0.7941859652317065,-0.0099874743114817,0.790969772127303,-0.009995630840479127,0.003198860590868935,1.9871615860673385e-05,0.00015659248589919745,0.00015639989501917118,130.325058425366
1.2,0.6084531980548484,0.6884531980548484,0.15,0.01,0.28,0.7909891574713029,0.7941880180621719,0.794130623231804,-0.00996819867168638,0.790868852012533,-0.009973906223381545,0.003198860590868935,0.00012310275621635306,0.0009008366265393493,0.0009007830298175825,92.01783995208538
1.2,0.6084531980548484,0.6884531980548484,0.2,0.003,0.1,0.7909891574713029,0.7967337919184656,0.7966581097259425,-0.0029912409799103183,0.7909886107595855,-0.003000068385905159,0.0057446344471626665,5.509721717334611e-07,9.961709915146288e-06,9.937911540814056e-06,493.4301035320252
1.2,0.6084531980548484,0.6884531980548484,0.2,0.003,0.18,0.7909891574713029,0.7967337919184656,0.7967356921072981,-0.0029950429783551355,0.7909691831886477,-0.0029992632097103882,0.0057446344471626665,1.9987867007790462e-05,0.00015589038881792252,0.0001557342760530921,211.30160067174052
1.2,0.6084531980548484,0.6884531980548484,0.2,0.003,0.28,0.7909891574713029,0.7967337919184656,0.7967197013758825,-0.0029920894353501004,0.7908672440502781,-0.002995479674634953,0.0057446344471626665,0.0001219971949160696,0.0008354072291530528,0.0008326477342810715,151.63605917605585
1.2,0.6084531980548484,0.6884531980548484,0.2,0.01,0.1,0.7909891574713029,0.7967337919184656,0.7966645388188915,-0.009971596566190583,0.7909884745728429,-0.010000176940793594,0.0057446344471626665,7.054490421791625e-07,9.415308483731802e-06,9.34818478113625e-06,282.5021507955527
1.2,0.6084531980548484,0.6884531980548484,0.2,0.01,0.18,0.7909891574713029,0.7967337919184656,0.7967384087909748,-0.009982659137000423,0.7909701212960892,-0.009997567934784384,0.0057446344471626665,1.9190906908738704e-05,0.00014530409651353725,0.00014477531952389867,123.23793024276797
1.2,0.6084531980548484,0.6884531980548484,0.2,0.01,0.28,0.7909891574713029,0.7967337919184656,0.7967269548326932,-0.009973152782815879,0.790869088695539,-0.00998446808634717,0.0057446344471626665,0.00012106920027480274,0.0007978680774939537,0.0007977474839377746,87.58438052989328
1.2,0.6884531980548484,0.6884531980548484,0.025,0.003,0.1,0.8949891574713029,0.8950576070184365,0.8950560732389553,-0.003000007093771286,0.8949874323616348,-0.0029999997180877717,6.844954713358664e-05,1.7251096911505221e-06,8.984532408818502e-05,8.985116588562101e-05,231.27740712526403
1.2,0.6884531980548484,0.6884531980548484,0.025,0.003,0.18,0.8949891574713029,0.8950576070184365,0.8950397382164772,-0.00300011304899742,0.8949706699745575,-0.003000046776518511,6.844954713358664e-05,1.8487555921566964e-05,0.0009669030044803591,0.0009669578176846979,167.93854065483086
1.2,0.6884531980548484,0.6884531980548484,0.025,0.003,0.28,0.8949891574713029,0.8950576070184365,0.8949482869380551,-0.003001035682775458,0.8948783069266164,-0.003000660599441515,6.844954713358664e-05,0.00011085251304737714,0.005818684179430037,0.005801191839597859,133.2144089875309
1.2,0.6884531980548484,0.6884531980548484,0.025,0.01,0.1,0.8949891574713029,0.8950576070184365,0.8950530853108456,-0.0100000001517455,0.8949844025146726,-0.009999963137005994,6.844954713358664e-05,4.755099519106863e-06,5.2887856374338546e-05,5.2894291342516144e-05,190.22601995599618
1.2,0.6884531980548484,0.6884531980548484,0.025,0.01,0.18,0.8949891574713029,0.8950576070184365,0.8950115232032958,-0.010000579545385779,0.8949423985263145,-0.01000029658823308,6.844954713358664e-05,4.6759885596612696e-05,0.0005970802766711206,0.0005971374159026478,137.87770017204494
1.2,0.6884531980548484,0.6884531980548484,0.025,0.01,0.28,0.8949891574713029,0.8950576070184365,0.8947878526708332,-0.010007826773828523,0.8947177761668675,-0.010006347607636834,6.844954713358664e-05,0.0002714555295435332,0.003667305252291936,0.003667555912039342,127.25213929307675
1.2,0.6884531980548484,0.6884531980548484,0.05,0.003,0.1,0.8949891574713029,0.89526316682923,0.8952623632547841,-0.0030000069974642205,0.8949876198327319,-0.002999996532050196,0.00027400935792709635,1.5376424817819456e-06,4.7790625936514624e-05,4.779217570055538e-05,225.54594419728036
1.2,0.6884531980548484,0.6884531980548484,0.05,0.003,0.18,0.8949891574713029,0.89526316682923,0.8952490224254179,-0.0030000469958131235,0.8949725727493573,-0.0029999720465857956,0.00027400935792709635,1.6584745503265703e-05,0.0005111139500447417,0.0005111164988130518,163.8391944605824
1.2,0.6884531980548484,0.6884531980548484,0.05,0.003,0.28,0.8949891574713029,0.89526316682923,0.8951695750642923,-0.0030003084624245055,0.8948895179329852,-0.0029999121492967863,0.00027400935792709635,9.963957704603198e-05,0.0030664182311142215,0.003063678595156035,129.89865927078526
1.2,0.6884531980548484,0.6884531980548484,0.05,0.01,0.1,0.8949891574713029,0.89526316682923,0.8952618284503695,-0.010000032210848771,0.8949869194160318,-0.00999998268889825,0.00027400935792709635,2.238122219804253e-06,3.6994802362791874e-05,3.699665375899032e-05,156.14492313796583
1.2,0.6884531980548484,0.6884531980548484,0.05,0.01,0.18,0.8949891574713029,0.89526316682923,0.8952427460554251,-0.010000282390309584,0.8949660757851393,-0.009999968416817294,0.00027400935792709635,2.308170777158059e-05,0.00041346266369393024,0.0004135053964746089,105.15431488308187
1.2,0.6884531980548484,0.6884531980548484,0.05,0.01,0.28,0.8949891574713029,0.89526316682923,0.8951324157104708,-0.010002408733385119,0.8948520364521892,-0.010000857340577556,0.00027400935792709635,0.00013712369932159129,0.0025289972059576865,0.002529201979016116,80.89175543722274
1.2,0.6884531980548484,0.6884531980548484,0.1,0.003,0.1,0.8949891574713029,0.8960885916433056,0.8960895316678301,-0.003000026581716524,0.8949876645447358,-0.002999995622111479,0.0010994341720026446,1.4929329860394647e-06,2.5259954522834464e-05,2.525577317642008e-05,225.0523226721569
1.2,0.6884531980548484,0.6884531980548484,0.1,0.003,0.18,0.8949891574713029,0.8960885916433056,0.8960816997516179,-0.003000070556947267,0.8949729585373857,-0.00299995262846002,0.0010994341720026446,1.6199003182851798e-05,0.000263031771428205,0.00026303220330121713,163.36747552781142
1.2,0.6884531980548484,0.6884531980548484,0.1,0.003,0.28,0.8949891574713029,0.8960885916433056,0.8960149209958969,-0.003000209664609693,0.8948916992998054,-0.002999719173175184,0.0010994341720026446,9.745857609953119e-05,0.0015639654403141621,0.001571507066885402,129.50442499440604
1.2,0.6884531980548484,0.6884531980548484,0.1,0.01,0.1,0.8949891574713029,0.8960885916433056,0.896090038563762,-0.010000115365672847,0.8949875617415932,-0.009999986772149909,0.0010994341720026446,1.5957845350939816e-06,2.185043186594705e-05,2.1837673038697573e-05,146.73556634764526
1.2,0.6884531980548484,0.6884531980548484,0.1,0.01,0.18,0.8949891574713029,0.8960885916433056,0.8960815282088014,-0.010000350216354347,0.8949719347221198,-0.00999988375024051,0.0010994341720026446,1.722314150879703e-05,0.00023833198196140004,0.00023833995289504004,99.19920619073686
1.2,0.6884531980548484,0.6884531980548484,0.1,0.01,0.28,0.8949891574713029,0.8960885916433056,0.8960094234557693,-0.010001345108064096,0.8948850243422911,-0.00999947060738582,0.0010994341720026446,0.00010413447466775684,0.0014473677923104715,0.0014474692401643167,76.35123311161949
1.2,0.6884531980548484,0.6884531980548484,0.15,0.003,0.1,0.8949891574713029,0.8974757684651752,0.8974777985528011,-0.00300009114559909,0.8949876752628186,-0.0029999950850507023,0.0024866109938722625,1.4822166331564324e-06,1.8436626799599997e-05,1.8420196073189755e-05,228.32231721059733
1.2,0.6884531980548484,0.6884531980548484,0.15,0.003,0.18,0.8949891574713029,0.8974757684651752,0.8974787090046353,-0.003000167562018466,0.8949728881995158,-0.002999947809049832,0.0024866109938722625,1.6269355499773292e-05,0.0001804951131000929,0.000180498041022622,164.51339478456612
1.2,0.6884531980548484,0.6884531980548484,0.15,0.003,0.28,0.8949891574713029,0.8974757684651752,0.8974298923664451,-0.0030003559937577615,0.8948911321547469,-0.0029996762210701146,0.0024866109938722625,9.802585127761181e-05,0.0010610327532307735,0.0010654362080808131,130.25770337343695
1.2,0.6884531980548484,0.6884531980548484,0.15,0.01,0.1,0.8949891574713029,0.8974757684651752,0.897478952851369,-0.010000364275924347,0.8949877177689887,-0.009999984470450562,0.0024866109938722625,1.4397860676416024e-06,1.610152810651503e-05,1.6053866787995075e-05,146.01367302428415
1.2,0.6884531980548484,0.6884531980548484,0.15,0.01,0.18,0.8949891574713029,0.8974757684651752,0.8974805632965973,-0.01000068833971478,0.8949729311103011,-0.009999863376888329,0.0024866109938722625,1.6226936162964447e-05,0.0001674235806874922,0.0001674002183153643,98.60023394110328
1.2,0.6884531980548484,0.6884531980548484,0.15,0.01,0.28,0.8949891574713029,0.8974757684651752,0.8974315877005457,-0.010001714136538949,0.8948902741349631,-0.009999191036162586,0.0024866109938722625,9.888664534797898e-05,0.0010059350865113433,0.0010059685882600293,75.84976000436903
1.2,0.6884531980548484,0.6884531980548484,0.2,0.003,0.1,0.8949891574713029,0.8994424264147156,0.8994418584437934,-0.0030002789770782186,0.8949877254642477,-0.0029999917060806115,0.0044532689434126915,1.432031073489026e-06,1.7476649833083177e-05,1.730033837252219e-05,236.27748280686157
1.2,0.6884531980548484,0.6884531980548484,0.2,0.003,0.18,0.8949891574713029,0.8994424264147156,0.8994556152184131,-0.0030003733413008597,0.894972698030201,-0.00299994449969238,0.0044532689434126915,1.645953467364543e-05,0.0001410759287044781,0.0001410670070460202,166.99866511031888
1.2,0.6884531980548484,0.6884531980548484,0.2,0.003,0.28,0.8949891574713029,0.8994424264147156,0.8994322092124699,-0.003000667796964062,0.8948897768878384,-0.002999652460861623,0.0044532689434126915,9.938119114396555e-05,0.0008151904815861608,0.0008147057046170827,131.6582855130275
1.2,0.6884531980548484,0.6884531980548484,0.2,0.01,0.1,0.8949891574713029,0.8994424264147156,0.8994428455452794,-0.010001194341063464,0.894987907698519,-0.009999963586757206,0.0044532689434126915,1.2503031375231364e-06,1.4110234861307964e-05,1.3796719758293791e-05,143.35261738833248
1.2,0.6884531980548484,0.6884531980548484,0.2,0.01,0.18,0.8949891574713029,0.8994424264147156,0.8994590247788735,-0.010001409777861445,0.8949731909355234,-0.00999984909542365,0.0044532689434126915,1.5967248886065005e-05,0.0001316794650302768,0.0001316156084280888,99.54704457935458
1.2,0.6884531980548484,0.6884531980548484,0.2,0.01,0.28,0.8949891574713029,0.8994424264147156,0.8994378883413802,-0.010002736609386725,0.8948910854525922,-0.009999064796823677,0.0044532689434126915,9.807647760280613e-05,0.0007777404295490866,0.0007777179419216614,76.31798763226566
1.2,0.7684531980548484,0.6884531980548484,0.025,0.003,0.1,0.9989891574713029,0.9990436473975779,0.9990419780228854,-0.0030036476272647075,0.9989874624023416,-0.003003609037716698,5.448992627499205e-05,3.987281282293233e-06,2.052170644680369e-05,1.859761704070484e-05,650.6600678575775
1.2,0.7684531980548484,0.6884531980548484,0.025,0.003,0.18,0.9989891574713029,0.9990436473975779,0.9990299675951192,-0.0030421422379906266,0.9989744304032682,-0.0030420574357967866,5.448992627499205e-05,4.456135588938676e-05,0.00013564533185979712,0.0001356265045679547,684.299461883607
1.2,0.7684531980548484,0.6884531980548484,0.025,0.003,0.28,0.9989891574713029,0.9990436473975779,0.9989665836019682,-0.0032476718073615597,0.998906638041766,-0.0032473180064718156,5.448992627499205e-05,0.000260721407974644,0.000784406586729398,0.0007845449836012624,671.6934733610714
1.2,0.7684531980548484,0.6884531980548484,0.025,0.01,0.1,0.9989891574713029,0.9990436473975779,0.9990370997694556,-0.010012711495697862,0.9989825839133201,-0.0100125616197385,5.448992627499205e-05,1.4177656894154736e-05,1.4200872817454635e-05,1.3665102066646893e-05,783.8192735128924
1.2,0.7684531980548484,0.6884531980548484,0.025,0.01,0.18,0.9989891574713029,0.9990436473975779,0.998999807830644,-0.010153522337053772,0.9989441350387551,-0.010153180453779885,5.448992627499205e-05,0.00015965985986693968,0.00012464841928817912,0.00012462273761331763,796.2724252584889
1.2,0.7684531980548484,0.6884531980548484,0.025,0.01,0.28,0.9989891574713029,0.9990436473975779,0.9988150018627779,-0.010881788878689135,0.9987546011793282,-0.010880395985579798,5.448992627499205e-05,0.0009111057817454165,0.0007373031851843312,0.0007373125913563367,748.8531434127964
1.2,0.7684531980548484,0.6884531980548484,0.05,0.003,0.1,0.9989891574713029,0.9992072438846079,0.9992058250648371,-0.0030009162482297377,0.9989879629633995,-0.003000773990929265,0.00021808641330500755,1.423345035398366e-06,2.0676418506777007e-05,1.8649935644038047e-05,258.4861807955044
1.2,0.7684531980548484,0.6884531980548484,0.05,0.003,0.18,0.9989891574713029,0.9992072438846079,0.9991953654474403,-0.003010665296242753,0.9989754270685847,-0.003010487693007173,0.00021808641330500755,1.727760583581185e-05,0.0001319585195821975,0.00013193968037109014,255.3887366373829
1.2,0.7684531980548484,0.6884531980548484,0.05,0.003,0.28,0.9989891574713029,0.9992072438846079,0.999134408582289,-0.0030621408773515726,0.9989082303611785,-0.0030616945617641628,0.00021808641330500755,0.00010176156496615883,0.0007668393770190583,0.0007638440347829597,189.09396404021186
1.2,0.7684531980548484,0.6884531980548484,0.05,0.01,0.1,0.9989891574713029,0.9992072438846079,0.9992046485008044,-0.01000334860213981,0.9989867837295897,-0.010002838780858819,0.00021808641330500755,3.700449497741553e-06,1.4017204135016216e-05,1.341753215472989e-05,230.0337664774772
1.2,0.7684531980548484,0.6884531980548484,0.05,0.01,0.18,0.9989891574713029,0.9992072438846079,0.9991885634544231,-0.010038829110491927,0.9989684217673267,-0.0100381686525488,0.00021808641330500755,4.343748907084494e-05,0.00012151971143073012,0.00012148898943521684,211.809502683947
1.2,0.7684531980548484,0.6884531980548484,0.05,0.01,0.28,0.9989891574713029,0.9992072438846079,0.9991002200281068,-0.010221397021366773,0.9988734693736018,-0.010219702127018069,0.00021808641330500755,0.00024829973935944655,0.000721803290503532,0.000721810717496737,190.82485132098387
1.2,0.7684531980548484,0.6884531980548484,0.1,0.003,0.1,0.9989891574713029,0.999863538796406,0.9998599939348198,-0.0030007228769428117,0.9989884017930193,-0.0030000850704329307,0.0008743813251030907,7.604516071954625e-07,1.8862662259312175e-05,1.8692628568897442e-05,141.37754749557456
1.2,0.7684531980548484,0.6884531980548484,0.1,0.003,0.18,0.9989891574713029,0.999863538796406,0.999854760641812,-0.003003150423683009,0.998975627415138,-0.0030025938210510835,0.0008743813251030907,1.3776441030618845e-05,0.00011998693078025544,0.00011996657379705097,243.16128986285437
1.2,0.7684531980548484,0.6884531980548484,0.1,0.003,0.28,0.9989891574713029,0.999863538796406,0.9998008297398656,-0.0030161443989152885,0.9989080792880087,-0.003015286687424548,0.0008743813251030907,8.250669438717584e-05,0.0006883856003219058,0.0006882070999812677,176.36875695340092
1.2,0.7684531980548484,0.6884531980548484,0.1,0.01,0.1,0.9989891574713029,0.999863538796406,0.9998599201161428,-0.010002553149531435,0.9989880545003735,-0.010000399552529772,0.0008743813251030907,1.173110009793151e-06,1.2530810901373986e-05,1.2220491419820037e-05,147.48822565422623
1.2,0.7684531980548484,0.6884531980548484,0.1,0.01,0.18,0.9989891574713029,0.999863538796406,0.9998540381818876,-0.010011369413089211,0.998974466254584,-0.01000940193833462,0.0008743813251030907,1.7442141300041143e-05,0.00011106484988167668,0.00011100919969607708,144.77131307736994
1.2,0.7684531980548484,0.6884531980548484,0.1,0.01,0.28,0.9989891574713029,0.999863538796406,0.9997956371599888,-0.010057585366386861,0.9989018536148979,-0.010054495910751245,0.0008743813251030907,0.00010291631373008851,0.0006523801367499437,0.0006523740362968246,102.37655838759055
1.2,0.7684531980548484,0.6884531980548484,0.15,0.003,0.1,0.9989891574713029,1.0009642166990174,1.000952454941068,-0.0030016061820392313,0.9989886464603989,-0.0029999853519095637,0.0019750592277144596,5.112208041515879e-07,1.3153180098172796e-05,1.3113010287739874e-05,153.1686791812134
1.2,0.7684531980548484,0.6884531980548484,0.15,0.003,0.18,0.9989891574713029,1.0009642166990174,1.0009590750770763,-0.0030023424539432314,0.9989756009416945,-0.0030011291255069615,0.0019750592277144596,1.360347085985545e-05,0.00010761718734871178,0.00010757930873493487,237.53357604007212
1.2,0.7684531980548484,0.6884531980548484,0.15,0.003,0.28,0.9989891574713029,1.0009642166990174,1.0009170470395876,-0.003008258131341504,0.9989074683874037,-0.003006687304699055,0.0019750592277144596,8.196234789476334e-05,0.0006015508137752683,0.0006022599151001174,169.7927356312511
1.2,0.7684531980548484,0.6884531980548484,0.15,0.01,0.1,0.9989891574713029,1.0009642166990174,1.0009530864633411,-0.010005401609310663,0.9989884693313237,-0.010000002316243857,0.0019750592277144596,6.881438773892844e-07,1.0058859942328007e-05,9.954765653811955e-06,128.9082475360359
1.2,0.7684531980548484,0.6884531980548484,0.15,0.01,0.18,0.9989891574713029,1.0009642166990174,1.0009597394132934,-0.010008297030789077,0.9989755943656472,-0.010004048083448805,0.0019750592277144596,1.4154321412070057e-05,0.00010003266869844459,9.99122133128942e-05,139.9329896671089
1.2,0.7684531980548484,0.6884531980548484,0.15,0.01,0.28,0.9989891574713029,1.0009642166990174,1.0009179217963164,-0.010029394870385951,0.9989065958368835,-0.010023881334645896,0.0019750592277144596,8.594615536764242e-05,0.000573016211673672,0.0005729837546452022,98.0750019277746
1.2,0.7684531980548484,0.6884531980548484,0.2,0.003,0.1,0.9989891574713029,1.00251979825443,1.0024885142483104,-0.0030031810996369625,0.998988793108711,-0.002999961823645917,0.003530640783127148,3.6635711043952837e-07,8.153768000569518e-06,8.136680499314426e-06,276.68986787508317
1.2,0.7684531980548484,0.6884531980548484,0.2,0.003,0.18,0.9989891574713029,1.00251979825443,1.0025171028123683,-0.0030028012387171487,0.9989755411409363,-0.003000610834946384,0.003530640783127148,1.3630024650860656e-05,9.93452322022428e-05,9.923901852823891e-05,237.3190209381099
1.2,0.7684531980548484,0.6884531980548484,0.2,0.003,0.28,0.9989891574713029,1.00251979825443,1.0024922181323808,-0.0030062937155280836,0.9989065893605464,-0.003003672322241323,0.003530640783127148,8.264973602217932e-05,0.0005271526895539589,0.0005265758185720923,167.13587808609452
1.2,0.7684531980548484,0.6884531980548484,0.2,0.01,0.1,0.9989891574713029,1.00251979825443,1.0024900961942105,-0.010010558803426653,0.998988685609721,-0.009999901843701857,0.003530640783127148,4.81962665935978e-07,7.22583938848285e-06,7.180160668190585e-06,173.43652114409332
1.2,0.7684531980548484,0.6884531980548484,0.2,0.01,0.18,0.9989891574713029,1.00251979825443,1.0025181160595171,-0.010009824328993227,0.9989760727550999,-0.010002120577609241,0.003530640783127148,1.3255438412568787e-05,9.241652019794183e-05,9.207802877636922e-05,137.9506921907457
1.2,0.7684531980548484,0.6884531980548484,0.2,0.01,0.28,0.9989891574713029,1.00251979825443,1.0024959481409927,-0.010022231401202293,0.9989077033076686,-0.010013140088916437,0.003530640783127148,8.250722822933533e-05,0.0005031704952308308,0.0005030958820583404,96.35627562210756
